TransactionID,Date,StoreID,CustomerID,ProductID,Channel,PaymentMethod,Promotion,Quantity,UnitPrice,DiscountPct,GrossSales,TaxAmount,NetSales,UnitCost,ReturnFlag
2025-000001,2025-05-30 13:20:53,S1035,C00333,P2067,Tienda,Tarjeta,Promo 10%,2,582.45,0.0,1164.9,174.74,990.16,420.88,0
2025-000002,2025-07-01 03:05:06,S1022,C00151,P2101,Marketplace,Billetera Digital,Promo 15%,1,319.7,0.05,319.7,47.95,271.75,262.94,0
2025-000003,2025-04-26 06:06:03,S1029,C00469,P2130,Tienda,Financiamiento,Cyber Week,2,666.23,0.05,1332.46,199.87,1132.59,404.15,1
2025-000004,2025-11-15 08:33:03,S1026,,P2117,Marketplace,Billetera Digital,2x1,1,75.78,0.1,75.78,11.37,64.41,41.82,0
2025-000005,2025-04-03 17:44:24,S1010,C00184,P2122,Marketplace,Financiamiento,Sin Promo,4,579.38,0.15,2317.52,278.1,2039.42,324.38,0
2025-000006,2025-07-14 23:44:53,S1041,C00554,P2129,Web,Financiamiento,2x1,1,504.95,0.0,504.95,65.64,439.31,401.84,0
2025-000007,2025-02-22 02:54:01,S1017,C00069,P2056,Web,Financiamiento,Promo 15%,4,753.9,0.15,3015.6,361.87,2653.73,417.23,0
2025-000008,2025-04-16 02:30:29,S1021,C00362,P2103,Marketplace,Tarjeta,2x1,2,403.65,0.05,807.3,121.09,686.21,274.37,0
2025-000009,2025-02-22 12:42:55,S1025,C00775,P2159,Web,Billetera Digital,Sin Promo,1,608.84,0.05,608.84,91.33,517.51,434.27,0
2025-000010,2025-07-05 12:14:51,S1007,C00236,P2036,Marketplace,Transferencia,2x1,1,288.63,0.0,288.63,37.52,251.11,143.03,1
2025-000011,2025-02-20 18:08:02,S1010,C00694,P2006,Tienda,Transferencia,Promo 10%,1,381.91,0.05,381.91,45.83,336.08,287.52,0
2025-000012,2025-01-21 16:00:39,S1039,C00768,P2002,Web,Financiamiento,Promo 10%,2,232.13,0.2,464.26,60.35,403.91,134.76,0
2025-000013,2025-08-25 05:31:44,S1029,C00249,P2120,Call Center,Tarjeta,Promo 15%,1,199.5,0.0,199.5,29.92,169.58,113.2,0
2025-000014,2025-05-10 06:20:00,S1029,C00192,P2054,Web,Financiamiento,Promo 10%,1,393.79,0.15,393.79,59.07,334.72,220.6,0
2025-000015,2025-11-20 22:26:04,S1011,C00537,P2149,Tienda,Financiamiento,Sin Promo,4,179.85,0.2,719.4,86.33,633.07,173.08,1
2025-000016,2025-09-23 23:32:15,S1014,C00678,P2109,Marketplace,Tarjeta,Promo 10%,1,187.45,0.1,187.45,22.49,164.96,141.94,0
2025-000017,2025-01-20 08:10:50,S1029,C00123,P2126,Web,Billetera Digital,Promo 10%,1,684.14,0.0,684.14,102.62,581.52,413.19,0
2025-000018,2025-07-13 04:17:37,S1018,C00775,P2119,Tienda,Billetera Digital,Promo 10%,1,610.46,0.2,610.46,73.26,537.2,363.73,0
2025-000019,2025-03-25 05:51:28,S1002,C00603,P2089,Call Center,Billetera Digital,2x1,1,589.23,0.2,589.23,76.6,512.63,351.93,0
2025-000020,2025-05-17 07:22:27,S1043,C00172,P2119,Tienda,Efectivo,Sin Promo,2,648.62,0.15,1297.24,168.64,1128.6,363.73,1
2025-000021,2025-10-28 23:29:44,S1029,C00571,P2077,Web,Financiamiento,Sin Promo,5,794.69,0.0,3973.45,596.02,3377.43,400.81,0
2025-000022,2025-01-25 07:58:11,S1001,C00546,P2075,Tienda,Financiamiento,Sin Promo,1,522.04,0.1,522.04,67.87,454.17,301.87,0
2025-000023,2025-11-16 21:35:31,S1029,C00548,P2155,Call Center,Transferencia,Sin Promo,1,141.6,0.1,141.6,21.24,120.36,71.96,0
2025-000024,2025-07-16 01:03:15,S1013,C00078,P2149,Tienda,Tarjeta,Promo 15%,1,191.09,0.15,191.09,22.93,168.16,173.08,1
2025-000025,2025-12-02 07:58:48,S1002,C00217,P2035,Web,Billetera Digital,2x1,2,770.61,0.15,1541.22,200.36,1340.86,418.3,0
2025-000026,2025-02-14 09:39:52,S1004,C00630,P2080,Web,Financiamiento,Sin Promo,1,301.79,0.0,301.79,39.23,262.56,221.89,0
2025-000027,2025-05-06 21:47:27,S1008,C00556,P2130,Web,Tarjeta,Promo 10%,1,631.16,0.1,631.16,82.05,549.11,404.15,0
2025-000028,2025-04-17 03:45:55,S1012,C00204,P2049,Web,Billetera Digital,2x1,1,142.44,0.1,142.44,17.09,125.35,89.45,0
2025-000029,2025-10-13 03:14:56,S1019,C00657,P2087,Marketplace,Financiamiento,Promo 15%,4,323.78,0.0,1295.12,194.27,1100.85,166.63,1
2025-000030,2025-07-19 07:23:12,S1035,C00017,P2113,Web,Billetera Digital,Promo 10%,1,282.77,0.05,282.77,42.42,240.35,139.53,1
2025-000031,2025-02-06 06:40:08,S1032,C00750,P2089,Call Center,Billetera Digital,Black Friday,4,736.54,0.0,2946.16,441.92,2504.24,351.93,0
2025-000032,2025-11-15 17:35:07,S1022,C00656,P2066,Call Center,Billetera Digital,Black Friday,2,524.71,0.0,1049.42,157.41,892.01,297.19,0
2025-000033,2025-07-24 10:21:12,S1001,C00472,P2117,Marketplace,Billetera Digital,Promo 15%,2,84.2,0.0,168.4,21.89,146.51,41.82,0
2025-000034,2025-08-13 10:12:01,S1005,C00024,P2078,Web,Efectivo,,3,149.09,0.1,447.27,58.15,389.12,125.47,0
2025-000035,2025-01-13 03:19:40,S1005,C00552,P2089,Marketplace,Efectivo,Promo 15%,2,589.23,0.2,1178.46,153.2,1025.26,351.93,0
2025-000036,2025-04-18 18:00:06,S1007,C00696,P2090,Tienda,Transferencia,Black Friday,2,105.3,0.15,210.6,27.38,183.22,72.93,0
2025-000037,2025-01-01 16:17:10,S1021,C00323,P2044,Web,Tarjeta,Cyber Week,2,454.08,0.0,908.16,136.22,771.94,214.81,0
2025-000038,2025-03-20 18:15:36,S1039,C00440,P2019,Web,Transferencia,Sin Promo,3,424.14,0.1,1272.42,165.41,1107.01,283.84,0
2025-000039,2025-01-03 23:28:45,S1042,C00103,P2057,Web,Transferencia,2x1,1,356.83,0.15,356.83,46.39,310.44,314.68,0
2025-000040,2025-06-04 10:59:32,S1043,C00065,P2055,Web,Tarjeta,Cyber Week,1,140.77,0.0,140.77,18.3,122.47,77.43,0
2025-000041,2025-12-27 21:17:55,S1012,,P2079,Call Center,Billetera Digital,Promo 10%,1,249.59,0.0,249.59,29.95,219.64,156.92,0
2025-000042,2025-12-08 14:12:31,S1017,C00297,P2156,Tienda,Financiamiento,Cyber Week,6,69.22,0.15,415.32,49.84,365.48,55.02,1
2025-000043,2025-10-06 05:35:15,S1040,C00398,P2157,Tienda,Tarjeta,Cyber Week,2,178.7,0.2,357.4,46.46,310.94,118.28,0
2025-000044,2025-07-21 06:18:20,S1023,C00264,P2036,Call Center,Efectivo,Sin Promo,1,259.77,0.1,259.77,38.97,220.8,143.03,0
2025-000045,2025-11-04 06:34:12,S1011,C00489,P2155,Marketplace,Efectivo,Promo 15%,1,157.33,0.0,157.33,18.88,138.45,71.96,0
2025-000046,2025-11-05 10:31:04,S1014,C00414,P2114,Call Center,Transferencia,2x1,2,526.3,0.05,1052.6,126.31,926.29,274.57,1
2025-000047,2025-12-14 19:39:07,S1003,C00234,P2100,Web,Efectivo,Sin Promo,1,571.97,0.0,571.97,74.36,497.61,422.9,0
2025-000048,2025-12-24 09:04:07,S1008,C00530,P2071,Web,Transferencia,2x1,1,386.86,0.2,386.86,50.29,336.57,243.78,0
2025-000049,2025-01-15 22:09:14,S1012,C00441,P2038,Call Center,Efectivo,Promo 10%,5,139.95,0.0,699.75,83.97,615.78,104.22,0
2025-000050,2025-03-25 02:10:01,S1033,C00345,P2045,Marketplace,Transferencia,Cyber Week,2,68.91,0.0,137.82,20.67,117.15,46.07,0
2025-000051,2025-08-12 18:09:40,S1004,C00079,P2003,Tienda,Tarjeta,Cyber Week,1,508.72,0.0,508.72,66.13,442.59,261.5,0
2025-000052,2025-08-02 01:24:58,S1005,C00153,P2019,Tienda,Transferencia,Promo 15%,1,471.27,0.0,471.27,61.27,410.0,283.84,1
2025-000053,2025-07-25 11:36:40,S1012,C00681,P2160,Call Center,Billetera Digital,Sin Promo,1,731.0,0.1,731.0,87.72,643.28,418.28,1
2025-000054,2025-07-20 12:25:40,S1043,C00719,P2101,Web,Tarjeta,Promo 15%,1,319.7,0.05,319.7,41.56,278.14,262.94,0
2025-000055,2025-09-26 02:46:55,S1002,C00676,P2134,Web,Tarjeta,Promo 15%,5,241.56,0.0,1207.8,157.01,1050.79,153.79,0
2025-000056,2025-06-21 15:18:54,S1043,C00743,P2125,Marketplace,Financiamiento,Cyber Week,1,344.65,0.0,344.65,44.8,299.85,235.01,0
2025-000057,2025-03-18 01:46:31,S1039,C00085,P2042,Marketplace,Tarjeta,Cyber Week,1,401.39,0.0,401.39,52.18,349.21,233.31,0
2025-000058,2025-01-23 09:28:55,S1009,C00005,P2042,Marketplace,Transferencia,Promo 10%,1,361.25,0.1,361.25,46.96,314.29,233.31,0
2025-000059,2025-06-21 06:38:14,S1028,C00314,P2143,Web,Efectivo,Promo 10%,1,175.44,0.0,175.44,26.32,149.12,101.86,0
2025-000060,2025-03-25 20:02:50,S1044,C00378,P2073,Web,Billetera Digital,2x1,1,156.33,0.05,156.33,20.32,136.01,131.1,0
2025-000061,2025-07-23 02:20:17,S1013,C00053,P2143,Tienda,Tarjeta,2x1,1,175.44,0.0,175.44,21.05,154.39,101.86,0
2025-000062,2025-06-09 12:31:57,S1040,C00070,P2085,Marketplace,Transferencia,Black Friday,5,27.92,0.1,139.6,18.15,121.45,20.07,0
2025-000063,2025-02-15 13:05:28,S1045,C00744,P2093,Marketplace,Financiamiento,Sin Promo,4,133.16,0.1,532.64,69.24,463.4,75.0,0
2025-000064,2025-06-15 17:07:26,S1022,C00589,P2045,Call Center,Billetera Digital,Black Friday,1,55.13,0.2,55.13,8.27,46.86,46.07,0
2025-000065,2025-01-03 05:40:06,S1040,C00530,P2089,Call Center,Financiamiento,Cyber Week,3,626.06,0.15,1878.18,244.16,1634.02,351.93,0
2025-000066,2025-06-10 10:07:41,S1020,C00775,P2016,Marketplace,Efectivo,Black Friday,1,155.33,0.1,155.33,23.3,132.03,121.18,0
2025-000067,2025-06-15 07:18:56,S1038,C00132,P2104,Web,Efectivo,2x1,3,702.23,0.0,2106.69,273.87,1832.82,405.18,0
2025-000068,2025-11-28 18:22:55,S1015,C00480,P2029,Call Center,Billetera Digital,Black Friday,2,466.92,0.05,933.84,112.06,821.78,271.13,0
2025-000069,2025-06-29 00:27:58,S1001,C00502,P2148,Marketplace,Tarjeta,Sin Promo,3,607.33,0.1,1821.99,236.86,1585.13,390.62,0
2025-000070,2025-11-04 22:35:05,S1039,C00229,P2040,Call Center,Financiamiento,2x1,6,59.49,0.0,356.94,46.4,310.54,35.66,0
2025-000071,2025-10-04 05:03:53,S1006,C00365,P2031,Call Center,Efectivo,2x1,4,203.6,0.0,814.4,105.87,708.53,111.43,0
2025-000072,2025-07-10 19:48:25,S1017,C00766,P2107,Web,Billetera Digital,Sin Promo,2,322.0,0.0,644.0,77.28,566.72,196.36,1
2025-000073,2025-06-23 19:01:18,S1012,C00404,P2135,Tienda,Transferencia,Sin Promo,2,137.64,0.1,275.28,33.03,242.25,71.27,0
2025-000074,2025-01-02 20:41:15,S1029,C00523,P2034,Web,Financiamiento,Sin Promo,3,223.51,0.15,670.53,100.58,569.95,122.22,1
2025-000075,2025-03-27 19:25:56,S1009,C00428,P2044,Tienda,Tarjeta,Sin Promo,1,408.67,0.1,408.67,53.13,355.54,214.81,0
2025-000076,2025-09-08 06:51:51,S1022,C00294,P2114,Web,Financiamiento,Cyber Week,3,526.3,0.05,1578.9,236.84,1342.06,274.57,0
2025-000077,2025-04-24 12:27:27,S1006,C00202,P2048,Marketplace,Transferencia,Cyber Week,2,256.13,0.2,512.26,66.59,445.67,183.57,0
2025-000078,2025-05-13 08:44:15,S1002,C00482,P2090,Marketplace,Billetera Digital,Promo 15%,2,123.88,0.0,247.76,32.21,215.55,72.93,1
2025-000079,2025-02-25 21:35:14,S1033,C00560,P2027,Web,Billetera Digital,Cyber Week,1,265.38,0.2,265.38,39.81,225.57,230.42,0
2025-000080,2025-01-17 06:22:04,S1045,C00115,P2100,Marketplace,Tarjeta,2x1,5,571.97,0.0,2859.85,371.78,2488.07,422.9,1
2025-000081,2025-01-17 14:17:04,S1006,C00785,P2001,Web,Financiamiento,Sin Promo,2,76.66,0.2,153.32,19.93,133.39,59.67,0
2025-000082,2025-11-13 07:12:42,S1028,C00366,P2113,Call Center,Financiamiento,2x1,3,282.77,0.05,848.31,127.25,721.06,139.53,0
2025-000083,2025-03-31 05:19:48,S1039,C00518,P2051,Web,Efectivo,Sin Promo,1,855.46,0.0,855.46,111.21,744.25,394.02,0
2025-000084,2025-11-23 02:00:40,S1033,C00698,P2029,Tienda,Transferencia,Cyber Week,2,491.5,0.0,983.0,147.45,835.55,271.13,0
2025-000085,2025-01-29 04:53:16,S1021,C00445,P2118,Call Center,Tarjeta,2x1,4,52.12,0.2,208.48,31.27,177.21,45.65,0
2025-000086,2025-01-19 06:16:04,S1030,C00035,P2050,Call Center,Billetera Digital,Sin Promo,2,273.95,0.0,547.9,82.18,465.72,192.16,0
2025-000087,2025-12-08 02:54:27,S1036,C00754,P2089,Marketplace,Billetera Digital,Sin Promo,1,589.23,0.2,589.23,88.38,500.85,351.93,0
2025-000088,2025-10-15 23:36:37,S1041,C00481,P2158,Call Center,Transferencia,Sin Promo,3,542.39,0.0,1627.17,211.53,1415.64,274.83,0
2025-000089,2025-04-28 22:44:37,S1017,C00667,P2084,Marketplace,Financiamiento,Black Friday,2,10.89,0.0,21.78,2.61,19.17,8.31,0
2025-000090,2025-06-08 07:29:27,S1017,C00201,P2095,Tienda,Tarjeta,Promo 10%,1,693.43,0.05,693.43,83.21,610.22,368.2,0
2025-000091,2025-12-01 03:56:51,S1026,C00392,P2135,Web,Financiamiento,Cyber Week,1,152.93,0.0,152.93,22.94,129.99,71.27,0
2025-000092,2025-07-16 19:57:03,S1036,C00501,P2038,Tienda,Efectivo,2x1,1,139.95,0.0,139.95,20.99,118.96,104.22,0
2025-000093,2025-09-15 07:51:20,S1044,C00443,P2122,Marketplace,Financiamiento,Sin Promo,2,681.62,0.0,1363.24,177.22,1186.02,324.38,0
2025-000094,2025-01-11 14:43:41,S1023,C00516,P2039,Marketplace,Financiamiento,Sin Promo,2,381.6,0.2,763.2,114.48,648.72,251.05,0
2025-000095,2025-03-15 09:00:38,S1004,C00059,P2075,Web,Transferencia,Black Friday,1,551.05,0.05,551.05,71.64,479.41,301.87,0
2025-000096,2025-09-09 05:37:32,S1007,C00743,P2143,Marketplace,Billetera Digital,Promo 10%,1,140.35,0.2,140.35,18.25,122.1,101.86,0
2025-000097,2025-07-18 23:30:14,S1038,C00097,P2021,Web,Tarjeta,Sin Promo,4,439.47,0.0,1757.88,228.52,1529.36,239.98,0
2025-000098,2025-07-09 23:14:38,S1006,C00719,P2120,Marketplace,Billetera Digital,Black Friday,1,199.5,0.0,199.5,25.94,173.56,113.2,0
2025-000099,2025-09-10 14:24:26,S1026,C00380,P2022,Marketplace,Tarjeta,2x1,1,382.44,0.15,382.44,57.37,325.07,325.44,0
2025-000100,2025-08-14 13:26:54,S1001,C00303,P2090,Tienda,Financiamiento,Promo 15%,2,123.88,0.0,247.76,32.21,215.55,72.93,0
2025-000101,2025-08-03 09:49:16,S1044,C00765,P2128,Web,Financiamiento,Sin Promo,2,557.39,0.0,1114.78,144.92,969.86,269.57,0
2025-000102,2025-08-09 19:55:56,S1029,C00627,P2085,Call Center,Transferencia,Promo 10%,1,31.02,0.0,31.02,4.65,26.37,20.07,0
2025-000103,2025-10-26 23:22:44,S1016,C00561,P2105,Call Center,Billetera Digital,Sin Promo,4,540.92,0.2,2163.68,259.64,1904.04,320.12,0
2025-000104,2025-05-28 23:35:57,S1041,C00013,P2025,Marketplace,Transferencia,Sin Promo,2,664.27,0.0,1328.54,172.71,1155.83,394.63,0
2025-000105,2025-05-06 01:39:09,S1039,C00598,P2126,Call Center,Efectivo,2x1,1,581.52,0.15,581.52,75.6,505.92,413.19,0
2025-000106,2025-03-26 13:38:18,S1022,C00244,P2104,Web,Billetera Digital,Sin Promo,1,596.9,0.15,596.9,89.53,507.37,405.18,1
2025-000107,2025-06-05 15:50:11,S1016,C00687,P2122,Marketplace,Tarjeta,Promo 10%,4,647.54,0.05,2590.16,310.82,2279.34,324.38,0
2025-000108,2025-09-06 08:14:17,S1030,C00481,P2005,Call Center,Billetera Digital,Cyber Week,2,464.04,0.15,928.08,139.21,788.87,390.45,0
2025-000109,2025-12-08 08:22:04,S1001,C00515,P2149,Call Center,Transferencia,Sin Promo,2,224.81,0.0,449.62,58.45,391.17,173.08,1
2025-000110,2025-03-22 13:15:50,S1023,C00568,P2128,Marketplace,Tarjeta,Cyber Week,2,557.39,0.0,1114.78,167.22,947.56,269.57,0
2025-000111,2025-04-24 23:00:04,S1013,C00468,P2020,Marketplace,Transferencia,Promo 15%,1,49.36,0.0,49.36,5.92,43.44,32.33,0
2025-000112,2025-07-29 18:13:43,S1036,C00541,P2096,Web,Efectivo,Promo 15%,2,540.6,0.15,1081.2,162.18,919.02,369.96,0
2025-000113,2025-07-20 14:26:56,S1026,C00579,P2004,Web,Billetera Digital,2x1,1,516.47,0.05,516.47,77.47,439.0,298.92,0
2025-000114,2025-08-21 06:58:12,S1007,C00326,P2076,Call Center,Billetera Digital,Cyber Week,3,87.77,0.1,263.31,34.23,229.08,50.2,0
2025-000115,2025-08-20 03:50:51,S1021,C00541,P2023,Call Center,Tarjeta,Cyber Week,2,450.29,0.15,900.58,135.09,765.49,346.8,0
2025-000116,2025-04-05 00:25:52,S1030,C00041,P2102,Web,Efectivo,Cyber Week,2,500.87,0.0,1001.74,150.26,851.48,270.07,0
2025-000117,2025-09-08 17:14:38,S1011,C00104,P2148,Web,Financiamiento,Cyber Week,4,674.81,0.0,2699.24,323.91,2375.33,390.62,0
2025-000118,2025-09-12 05:23:59,S1019,C00740,P2012,Web,Billetera Digital,Cyber Week,1,788.33,0.0,788.33,118.25,670.08,363.05,0
2025-000119,2025-08-25 12:16:49,S1020,C00534,P2080,Tienda,Billetera Digital,Black Friday,2,286.7,0.05,573.4,86.01,487.39,221.89,0
2025-000120,2025-10-19 12:54:21,S1038,C00156,P2021,Call Center,Transferencia,Promo 15%,1,417.5,0.05,417.5,54.27,363.23,239.98,0
2025-000121,2025-07-17 21:59:26,S1026,C00507,P2151,Tienda,Tarjeta,2x1,1,209.24,0.15,209.24,31.39,177.85,116.51,0
2025-000122,2025-03-31 02:46:21,S1024,C00597,P2155,Web,Tarjeta,Black Friday,1,133.73,0.15,133.73,20.06,113.67,71.96,0
2025-000123,2025-05-29 12:59:21,S1032,C00475,P2047,Marketplace,Billetera Digital,2x1,1,456.79,0.0,456.79,68.52,388.27,295.44,0
2025-000124,2025-09-06 23:24:18,S1044,C00782,P2047,Web,Financiamiento,Cyber Week,3,411.11,0.1,1233.33,160.33,1073.0,295.44,0
2025-000125,2025-07-21 04:33:44,S1006,C00674,P2150,Tienda,Tarjeta,Cyber Week,1,222.37,0.05,222.37,28.91,193.46,154.53,0
2025-000126,2025-07-26 03:21:47,S1034,C00607,P2117,Marketplace,Efectivo,Promo 15%,2,75.78,0.1,151.56,22.73,128.83,41.82,0
2025-000127,2025-04-03 22:39:24,S1021,C00483,P2143,Call Center,Transferencia,2x1,1,149.12,0.15,149.12,22.37,126.75,101.86,0
2025-000128,2025-01-15 03:18:40,S1009,C00375,P2109,Marketplace,Tarjeta,2x1,4,166.62,0.2,666.48,86.64,579.84,141.94,0
2025-000129,2025-01-04 17:15:53,S1016,C00200,P2016,Call Center,Transferencia,Black Friday,1,155.33,0.1,155.33,18.64,136.69,121.18,0
2025-000130,2025-01-25 21:27:32,S1044,C00678,P2070,Call Center,Financiamiento,Cyber Week,2,614.79,0.0,1229.58,159.85,1069.73,281.04,0
2025-000131,2025-02-17 15:06:48,S1018,C00214,P2014,Call Center,Financiamiento,Promo 15%,1,344.15,0.2,344.15,41.3,302.85,296.33,0
2025-000132,2025-09-04 08:41:45,S1031,C00552,P2017,Marketplace,Financiamiento,Promo 15%,2,224.24,0.2,448.48,67.27,381.21,182.13,0
2025-000133,2025-08-17 03:15:11,S1017,C00230,P2103,Web,Efectivo,Promo 15%,5,424.9,0.0,2124.5,254.94,1869.56,274.37,0
2025-000134,2025-05-18 21:28:03,S1023,C00704,P2102,Tienda,Billetera Digital,Sin Promo,1,425.74,0.15,425.74,63.86,361.88,270.07,1
2025-000135,2025-06-15 07:44:06,S1027,C00377,P2028,Marketplace,Tarjeta,Sin Promo,2,598.19,0.0,1196.38,179.46,1016.92,344.08,0
2025-000136,2025-05-29 09:28:56,S1007,C00347,P2125,Tienda,Financiamiento,2x1,1,310.19,0.1,310.19,40.32,269.87,235.01,0
2025-000137,2025-04-28 12:30:16,S1031,C00029,P2014,Web,Financiamiento,Cyber Week,1,344.15,0.2,344.15,51.62,292.53,296.33,0
2025-000138,2025-01-25 14:13:39,S1026,,P2152,Web,Efectivo,Cyber Week,1,474.53,0.05,474.53,71.18,403.35,338.06,0
2025-000139,2025-09-06 21:58:22,S1042,C00250,P2142,Web,Billetera Digital,Sin Promo,1,469.2,0.05,469.2,61.0,408.2,331.65,0
2025-000140,2025-07-21 21:17:59,S1017,C00613,P2078,Web,Billetera Digital,Sin Promo,1,157.38,0.05,157.38,18.89,138.49,125.47,0
2025-000141,2025-07-12 09:50:32,S1015,C00367,P2039,Marketplace,Efectivo,Black Friday,1,405.45,0.15,405.45,48.65,356.8,251.05,0
2025-000142,2025-05-08 21:35:49,S1023,C00473,P2158,Tienda,Financiamiento,Cyber Week,3,542.39,0.0,1627.17,244.08,1383.09,274.83,0
2025-000143,2025-10-04 18:31:13,S1026,C00392,P2080,Call Center,Tarjeta,Promo 15%,4,271.61,0.1,1086.44,162.97,923.47,221.89,0
2025-000144,2025-09-02 14:29:51,S1034,C00784,P2138,Web,Transferencia,Promo 15%,2,684.1,0.05,1368.2,205.23,1162.97,375.47,0
2025-000145,2025-11-28 14:10:34,S1020,C00608,P2005,Tienda,Transferencia,Promo 10%,1,436.74,0.2,436.74,65.51,371.23,390.45,0
2025-000146,2025-06-18 11:13:21,S1032,C00412,P2121,Marketplace,Transferencia,Cyber Week,1,355.11,0.15,355.11,53.27,301.84,207.12,0
2025-000147,2025-10-27 05:36:08,S1003,C00262,P2106,Marketplace,Efectivo,Promo 10%,3,369.14,0.2,1107.42,143.96,963.46,310.34,1
2025-000148,2025-10-13 18:03:55,S1013,C00441,P2084,Call Center,Transferencia,Black Friday,1,9.26,0.15,9.26,1.11,8.15,8.31,0
2025-000149,2025-05-12 01:02:04,S1016,C00372,P2148,Tienda,Transferencia,Black Friday,2,674.81,0.0,1349.62,161.95,1187.67,390.62,1
2025-000150,2025-06-25 20:28:28,S1007,C00313,P2100,Call Center,Financiamiento,Sin Promo,1,571.97,0.0,571.97,74.36,497.61,422.9,0
2025-000151,2025-07-08 23:03:30,S1026,C00587,P2142,Web,Billetera Digital,Sin Promo,1,419.81,0.15,419.81,62.97,356.84,331.65,0
2025-000152,2025-10-19 12:59:33,S1015,C00327,P2155,Tienda,Financiamiento,Promo 10%,1,149.46,0.05,149.46,17.94,131.52,71.96,0
2025-000153,2025-09-15 13:32:59,S1006,C00368,P2057,Web,Billetera Digital,Sin Promo,1,419.8,0.0,419.8,54.57,365.23,314.68,0
2025-000154,2025-09-02 19:06:01,S1003,C00098,P2037,Marketplace,Efectivo,Black Friday,2,530.23,0.15,1060.46,137.86,922.6,405.23,0
2025-000155,2025-04-02 10:20:18,S1013,C00591,P2151,Call Center,Efectivo,2x1,2,196.94,0.2,393.88,47.27,346.61,116.51,0
2025-000156,2025-07-16 03:14:47,S1040,C00774,P2121,Web,Efectivo,Black Friday,2,417.78,0.0,835.56,108.62,726.94,207.12,0
2025-000157,2025-06-20 01:39:51,S1015,C00699,P2151,Web,Efectivo,Promo 15%,2,209.24,0.15,418.48,50.22,368.26,116.51,0
2025-000158,2025-06-09 06:03:22,S1040,C00340,P2136,Marketplace,Efectivo,Cyber Week,1,123.84,0.2,123.84,16.1,107.74,99.42,1
2025-000159,2025-10-11 14:25:40,S1024,C00276,P2048,Tienda,Tarjeta,Black Friday,2,320.16,0.0,640.32,96.05,544.27,183.57,0
2025-000160,2025-04-15 23:52:37,S1043,C00266,P2142,Web,Financiamiento,Cyber Week,1,395.11,0.2,395.11,51.36,343.75,331.65,0
2025-000161,2025-07-25 08:37:50,S1022,C00002,P2001,Call Center,Billetera Digital,Promo 15%,2,95.82,0.0,191.64,28.75,162.89,59.67,0
2025-000162,2025-12-14 03:11:41,S1024,C00479,P2065,Web,Transferencia,Promo 15%,3,367.46,0.1,1102.38,165.36,937.02,269.16,1
2025-000163,2025-08-07 23:50:52,S1006,C00248,P2031,Web,Billetera Digital,Promo 10%,1,162.88,0.2,162.88,21.17,141.71,111.43,0
2025-000164,2025-12-03 16:30:53,S1004,C00731,P2020,Call Center,Billetera Digital,Sin Promo,2,49.36,0.0,98.72,12.83,85.89,32.33,0
2025-000165,2025-02-10 09:53:04,S1038,C00041,P2041,Tienda,Transferencia,Promo 10%,1,46.52,0.0,46.52,6.05,40.47,34.06,0
2025-000166,2025-11-12 08:11:36,S1021,C00137,P2046,Call Center,Financiamiento,Black Friday,6,326.31,0.1,1957.86,293.68,1664.18,192.92,0
2025-000167,2025-12-10 18:47:23,S1030,C00613,P2114,Tienda,Tarjeta,2x1,1,554.0,0.0,554.0,83.1,470.9,274.57,1
2025-000168,2025-01-22 23:00:09,S1001,C00614,P2157,Web,Billetera Digital,2x1,3,223.38,0.0,670.14,87.12,583.02,118.28,0
2025-000169,2025-10-14 22:22:58,S1029,C00067,P2044,Tienda,Transferencia,Promo 15%,1,363.26,0.2,363.26,54.49,308.77,214.81,0
2025-000170,2025-12-23 15:36:29,S1007,C00382,P2091,Web,Transferencia,Sin Promo,1,541.5,0.0,541.5,70.39,471.11,397.11,1
2025-000171,2025-07-15 11:01:16,S1012,C00729,P2100,Marketplace,Efectivo,Cyber Week,3,486.17,0.15,1458.51,175.02,1283.49,422.9,0
2025-000172,2025-02-14 22:21:44,S1041,C00620,P2132,Marketplace,Transferencia,Sin Promo,4,289.45,0.1,1157.8,150.51,1007.29,220.13,0
2025-000173,2025-08-17 16:26:55,S1040,C00554,P2004,Tienda,Transferencia,Promo 10%,3,543.65,0.0,1630.95,212.02,1418.93,298.92,1
2025-000174,2025-06-10 15:01:27,S1031,C00490,P2064,Marketplace,Efectivo,Promo 15%,1,82.18,0.1,82.18,12.33,69.85,57.47,0
2025-000175,2025-01-24 06:27:23,S1026,C00124,P2141,Call Center,Efectivo,Black Friday,4,790.87,0.05,3163.48,474.52,2688.96,384.64,0
2025-000176,2025-06-05 16:21:56,S1027,C00088,P2142,Call Center,Billetera Digital,Cyber Week,1,395.11,0.2,395.11,59.27,335.84,331.65,0
2025-000177,2025-11-08 01:59:31,S1004,C00311,P2021,Marketplace,Transferencia,Sin Promo,1,439.47,0.0,439.47,57.13,382.34,239.98,0
2025-000178,2025-12-20 22:41:59,S1007,C00746,P2022,Web,Transferencia,Black Friday,1,449.93,0.0,449.93,58.49,391.44,325.44,0
2025-000179,2025-04-06 06:32:01,S1033,C00081,P2076,Marketplace,Billetera Digital,Sin Promo,3,97.52,0.0,292.56,43.88,248.68,50.2,1
2025-000180,2025-07-27 02:26:56,S1043,C00567,P2087,Call Center,Efectivo,Promo 10%,3,291.4,0.1,874.2,113.65,760.55,166.63,0
2025-000181,2025-11-24 23:02:01,S1044,C00184,P2060,Tienda,Efectivo,Promo 10%,1,383.25,0.0,383.25,49.82,333.43,245.82,0
2025-000182,2025-09-04 21:06:09,S1021,C00784,P2122,Tienda,Financiamiento,2x1,2,681.62,0.0,1363.24,204.49,1158.75,324.38,0
2025-000183,2025-03-08 13:59:34,S1044,C00562,P2116,Tienda,Tarjeta,Cyber Week,3,669.51,0.1,2008.53,261.11,1747.42,358.01,1
2025-000184,2025-09-30 06:40:28,S1032,C00528,P2151,Web,Efectivo,Black Friday,2,221.55,0.1,443.1,66.47,376.63,116.51,1
2025-000185,2025-12-14 07:41:20,S1030,C00741,P2134,Call Center,Transferencia,Promo 15%,1,241.56,0.0,241.56,36.23,205.33,153.79,0
2025-000186,2025-06-21 22:54:00,S1032,C00017,P2127,Marketplace,Billetera Digital,Promo 10%,1,732.66,0.0,732.66,109.9,622.76,361.43,0
2025-000187,2025-05-09 02:49:50,S1022,C00512,P2026,Web,Financiamiento,2x1,1,459.92,0.0,459.92,68.99,390.93,230.43,0
2025-000188,2025-10-09 16:32:06,S1006,C00630,P2108,Call Center,Financiamiento,Sin Promo,4,255.04,0.1,1020.16,132.62,887.54,144.01,0
2025-000189,2025-05-02 00:04:18,S1033,C00679,P2094,Marketplace,Transferencia,Promo 15%,1,700.79,0.0,700.79,105.12,595.67,392.99,0
2025-000190,2025-01-25 11:09:54,S1031,C00256,P2016,Call Center,Billetera Digital,Black Friday,5,146.7,0.15,733.5,110.02,623.48,121.18,0
2025-000191,2025-08-07 08:04:50,S1038,C00283,P2094,Call Center,Tarjeta,Cyber Week,2,665.75,0.05,1331.5,173.09,1158.41,392.99,0
2025-000192,2025-05-11 19:19:18,S1038,C00705,P2154,Marketplace,Billetera Digital,Promo 10%,2,696.55,0.05,1393.1,181.1,1212.0,427.53,0
2025-000193,2025-11-15 08:13:42,S1010,C00195,P2130,Web,Tarjeta,Sin Promo,3,701.29,0.0,2103.87,252.46,1851.41,404.15,0
2025-000194,2025-08-24 03:56:48,S1038,C00094,P2087,Marketplace,Efectivo,Black Friday,2,291.4,0.1,582.8,75.76,507.04,166.63,0
2025-000195,2025-12-30 19:09:06,S1001,C00111,P2157,Call Center,Billetera Digital,2x1,3,223.38,0.0,670.14,87.12,583.02,118.28,0
2025-000196,2025-06-03 23:42:57,S1012,C00649,P2155,Call Center,Transferencia,Black Friday,2,157.33,0.0,314.66,37.76,276.9,71.96,0
2025-000197,2025-03-16 03:24:19,S1026,C00263,P2018,Marketplace,Tarjeta,Cyber Week,2,391.86,0.0,783.72,117.56,666.16,224.11,0
2025-000198,2025-06-12 17:40:39,S1039,C00591,P2143,Web,Transferencia,Promo 15%,1,175.44,0.0,175.44,22.81,152.63,101.86,0
2025-000199,2025-06-26 05:35:35,S1028,C00184,P2144,Tienda,Efectivo,Sin Promo,2,218.0,0.2,436.0,65.4,370.6,177.43,1
2025-000200,2025-06-29 22:15:59,S1001,C00291,P2134,Tienda,Billetera Digital,Cyber Week,3,229.48,0.05,688.44,89.5,598.94,153.79,1
2025-000201,2025-01-20 04:10:59,S1042,C00224,P2049,Tienda,Efectivo,Promo 10%,1,158.27,0.0,158.27,20.58,137.69,89.45,0
2025-000202,2025-02-20 06:10:36,S1042,C00578,P2075,Tienda,Transferencia,Sin Promo,1,493.04,0.15,493.04,64.1,428.94,301.87,1
2025-000203,2025-04-17 09:01:25,S1017,C00269,P2080,Call Center,Financiamiento,Cyber Week,2,256.52,0.15,513.04,61.56,451.48,221.89,1
2025-000204,2025-05-11 17:04:37,S1032,C00100,P2128,Call Center,Financiamiento,Promo 10%,4,557.39,0.0,2229.56,334.43,1895.13,269.57,1
2025-000205,2025-09-23 22:05:22,S1010,C00280,P2031,Tienda,Tarjeta,Promo 10%,1,203.6,0.0,203.6,24.43,179.17,111.43,0
2025-000206,2025-01-17 13:40:13,S1018,C00516,P2006,Tienda,Financiamiento,Cyber Week,1,402.01,0.0,402.01,48.24,353.77,287.52,0
2025-000207,2025-02-28 04:49:40,S1007,C00780,P2128,Tienda,Transferencia,Cyber Week,3,445.91,0.2,1337.73,173.9,1163.83,269.57,0
2025-000208,2025-03-06 10:11:08,S1003,C00630,P2058,Call Center,Financiamiento,Sin Promo,3,465.91,0.0,1397.73,181.7,1216.03,324.41,0
2025-000209,2025-03-29 21:43:20,S1034,C00546,P2052,Marketplace,Transferencia,Promo 10%,3,85.22,0.1,255.66,38.35,217.31,47.67,0
2025-000210,2025-06-18 17:47:30,S1030,C00236,P2038,Web,Transferencia,Black Friday,1,125.95,0.1,125.95,18.89,107.06,104.22,0
2025-000211,2025-11-28 05:11:35,S1022,C00331,P2003,Web,Transferencia,Black Friday,2,406.98,0.2,813.96,122.09,691.87,261.5,0
2025-000212,2025-11-23 08:19:34,S1009,C00452,P2123,Web,Financiamiento,Promo 10%,1,175.11,0.0,175.11,22.76,152.35,112.82,0
2025-000213,2025-09-18 20:50:32,S1031,C00146,P2004,Tienda,Tarjeta,Sin Promo,6,434.92,0.2,2609.52,391.43,2218.09,298.92,0
2025-000214,2025-01-15 20:59:38,S1031,C00776,P2073,Call Center,Financiamiento,Cyber Week,5,148.1,0.1,740.5,111.08,629.42,131.1,1
2025-000215,2025-11-29 03:03:04,S1043,C00387,P2008,Marketplace,Financiamiento,Promo 10%,2,699.38,0.2,1398.76,181.84,1216.92,421.75,0
2025-000216,2025-04-04 04:34:13,S1019,C00329,P2076,Web,Efectivo,Black Friday,1,92.64,0.05,92.64,13.9,78.74,50.2,0
2025-000217,2025-07-11 08:14:23,S1028,C00081,P2121,Web,Transferencia,Cyber Week,1,417.78,0.0,417.78,62.67,355.11,207.12,0
2025-000218,2025-06-28 12:34:03,S1041,C00047,P2153,Marketplace,Efectivo,Sin Promo,1,407.91,0.0,407.91,53.03,354.88,293.96,1
2025-000219,2025-09-06 23:43:26,S1042,C00458,P2013,Tienda,Tarjeta,Promo 10%,2,160.16,0.2,320.32,41.64,278.68,98.1,0
2025-000220,2025-10-31 00:07:33,S1024,C00393,P2018,Call Center,Efectivo,2x1,1,372.27,0.05,372.27,55.84,316.43,224.11,1
2025-000221,2025-12-04 15:47:09,S1039,C00657,P2116,Tienda,Transferencia,Promo 15%,1,743.9,0.0,743.9,96.71,647.19,358.01,1
2025-000222,2025-07-21 06:44:16,S1008,C00092,P2122,Tienda,Efectivo,2x1,1,545.3,0.2,545.3,70.89,474.41,324.38,0
2025-000223,2025-11-04 21:32:39,S1033,C00519,P2048,Marketplace,Efectivo,Black Friday,1,272.14,0.15,272.14,40.82,231.32,183.57,0
2025-000224,2025-11-25 06:30:51,S1023,C00767,P2145,Tienda,Efectivo,Cyber Week,2,94.41,0.2,188.82,28.32,160.5,77.61,0
2025-000225,2025-03-08 18:59:57,S1005,C00381,P2111,Tienda,Efectivo,Promo 10%,4,292.12,0.0,1168.48,151.9,1016.58,191.52,1
2025-000226,2025-07-26 09:58:55,S1014,C00272,P2070,Tienda,Financiamiento,2x1,3,614.79,0.0,1844.37,221.32,1623.05,281.04,0
2025-000227,2025-09-21 22:30:00,S1002,C00672,P2145,Web,Tarjeta,Black Friday,3,112.11,0.05,336.33,43.72,292.61,77.61,0
2025-000228,2025-12-13 13:00:52,S1042,C00688,P2131,Tienda,Financiamiento,Black Friday,5,196.93,0.0,984.65,128.0,856.65,119.6,0
2025-000229,2025-02-19 09:03:03,S1004,C00592,P2157,Marketplace,Billetera Digital,Cyber Week,2,201.04,0.1,402.08,52.27,349.81,118.28,1
2025-000230,2025-07-04 00:44:45,S1036,C00295,P2118,Call Center,Financiamiento,Cyber Week,2,65.15,0.0,130.3,19.55,110.75,45.65,0
2025-000231,2025-03-29 01:11:33,S1043,C00091,P2060,Tienda,Financiamiento,Promo 10%,2,344.93,0.1,689.86,89.68,600.18,245.82,0
2025-000232,2025-10-07 00:04:13,S1019,C00646,P2096,Tienda,Billetera Digital,Promo 15%,4,540.6,0.15,2162.4,324.36,1838.04,369.96,0
2025-000233,2025-06-24 20:33:40,S1009,C00292,P2093,Tienda,Billetera Digital,Black Friday,1,147.96,0.0,147.96,19.23,128.73,75.0,0
2025-000234,2025-06-06 15:52:18,S1016,C00356,P2021,Marketplace,Efectivo,Promo 15%,2,439.47,0.0,878.94,105.47,773.47,239.98,0
2025-000235,2025-05-02 09:37:52,S1016,C00388,P2145,Web,Transferencia,Promo 15%,2,106.21,0.1,212.42,25.49,186.93,77.61,0
2025-000236,2025-10-28 12:54:56,S1031,C00182,P2078,Web,Billetera Digital,Black Friday,6,165.66,0.0,993.96,149.09,844.87,125.47,0
2025-000237,2025-02-16 15:38:51,S1042,C00389,P2051,Web,Efectivo,Promo 15%,3,855.46,0.0,2566.38,333.63,2232.75,394.02,0
2025-000238,2025-04-02 19:56:19,S1039,C00349,P2013,Marketplace,Financiamiento,Promo 10%,2,170.17,0.15,340.34,44.24,296.1,98.1,0
2025-000239,2025-05-03 23:16:54,S1004,C00085,P2130,Marketplace,Efectivo,Promo 10%,3,701.29,0.0,2103.87,273.5,1830.37,404.15,0
2025-000240,2025-07-15 13:59:44,S1037,C00685,P2098,Call Center,Financiamiento,2x1,2,516.06,0.2,1032.12,134.18,897.94,389.5,1
2025-000241,2025-02-07 07:52:36,S1037,C00065,P2029,Web,Financiamiento,Black Friday,1,466.92,0.05,466.92,60.7,406.22,271.13,1
2025-000242,2025-07-29 12:16:19,S1023,C00677,P2001,Web,Transferencia,2x1,1,81.45,0.15,81.45,12.22,69.23,59.67,0
2025-000243,2025-08-23 10:53:16,S1026,C00452,P2106,Tienda,Efectivo,Black Friday,3,415.28,0.1,1245.84,186.88,1058.96,310.34,1
2025-000244,2025-04-13 00:37:09,S1035,C00634,P2112,Tienda,Efectivo,Sin Promo,1,361.76,0.0,361.76,54.26,307.5,257.82,0
2025-000245,2025-03-16 02:36:59,S1006,C00359,P2080,Marketplace,Tarjeta,Sin Promo,3,301.79,0.0,905.37,117.7,787.67,221.89,0
2025-000246,2025-08-31 23:00:47,S1003,C00367,P2024,Web,Efectivo,Promo 15%,3,253.02,0.2,759.06,98.68,660.38,197.91,1
2025-000247,2025-08-08 15:04:29,S1006,C00430,P2121,Tienda,Billetera Digital,2x1,2,417.78,0.0,835.56,108.62,726.94,207.12,0
2025-000248,2025-03-19 21:58:11,S1013,C00127,P2074,Tienda,Financiamiento,Promo 15%,1,225.02,0.2,225.02,27.0,198.02,138.92,1
2025-000249,2025-12-13 01:41:20,S1034,C00222,P2119,Marketplace,Billetera Digital,Sin Promo,1,610.46,0.2,610.46,91.57,518.89,363.73,1
2025-000250,2025-11-19 13:57:16,S1031,C00289,P2059,Marketplace,Efectivo,Promo 15%,3,117.64,0.1,352.92,52.94,299.98,101.09,1
2025-000251,2025-10-28 13:11:20,S1037,C00204,P2117,Marketplace,Billetera Digital,Promo 10%,2,79.99,0.05,159.98,20.8,139.18,41.82,1
2025-000252,2025-05-04 05:28:07,S1017,C00253,P2149,Tienda,Tarjeta,Promo 15%,3,213.57,0.05,640.71,76.89,563.82,173.08,0
2025-000253,2025-03-06 22:58:17,S1021,C00448,P2123,Call Center,Efectivo,Sin Promo,3,166.35,0.05,499.05,74.86,424.19,112.82,0
2025-000254,2025-12-11 01:50:47,S1043,C00089,P2051,Marketplace,Billetera Digital,Promo 10%,2,769.91,0.1,1539.82,200.18,1339.64,394.02,0
2025-000255,2025-07-09 07:02:22,S1039,C00373,P2133,Tienda,Financiamiento,2x1,6,52.59,0.0,315.54,41.02,274.52,38.56,0
2025-000256,2025-02-14 06:27:26,S1002,C00274,P2136,Call Center,Transferencia,Sin Promo,2,154.8,0.0,309.6,40.25,269.35,99.42,0
2025-000257,2025-04-05 00:59:22,S1040,C00382,P2008,Call Center,Efectivo,Cyber Week,2,743.1,0.15,1486.2,193.21,1292.99,421.75,0
2025-000258,2025-10-06 16:36:38,S1008,,P2093,Web,Tarjeta,Promo 10%,5,133.16,0.1,665.8,86.55,579.25,75.0,0
2025-000259,2025-06-18 22:22:35,S1022,C00085,P2073,Tienda,Efectivo,Black Friday,1,156.33,0.05,156.33,23.45,132.88,131.1,0
2025-000260,2025-10-08 21:38:30,S1014,C00251,P2014,Tienda,Transferencia,Cyber Week,2,387.17,0.1,774.34,92.92,681.42,296.33,0
2025-000261,2025-02-21 12:18:13,S1027,C00313,P2101,Call Center,Transferencia,Sin Promo,6,336.53,0.0,2019.18,302.88,1716.3,262.94,0
2025-000262,2025-04-04 05:28:45,S1034,C00382,P2151,Tienda,Transferencia,,4,196.94,0.2,787.76,118.16,669.6,116.51,0
2025-000263,2025-11-17 15:47:39,S1024,C00272,P2057,Call Center,Billetera Digital,2x1,1,419.8,0.0,419.8,62.97,356.83,314.68,0
2025-000264,2025-10-13 04:49:11,S1006,C00679,P2143,Web,Transferencia,Cyber Week,5,166.67,0.05,833.35,108.34,725.01,101.86,0
2025-000265,2025-04-02 07:27:08,S1040,C00318,P2159,Tienda,Tarjeta,Promo 10%,1,640.88,0.0,640.88,83.31,557.57,434.27,0
2025-000266,2025-01-17 07:18:46,S1012,C00357,P2099,Marketplace,Efectivo,Promo 15%,1,294.57,0.0,294.57,35.35,259.22,231.19,1
2025-000267,2025-02-26 02:03:45,S1042,C00630,P2047,Tienda,Tarjeta,Black Friday,3,456.79,0.0,1370.37,178.15,1192.22,295.44,0
2025-000268,2025-01-02 13:16:53,S1011,C00119,P2123,Tienda,Billetera Digital,Black Friday,1,166.35,0.05,166.35,19.96,146.39,112.82,1
2025-000269,2025-07-15 23:56:02,S1041,C00188,P2085,Web,Billetera Digital,Promo 10%,1,29.47,0.05,29.47,3.83,25.64,20.07,0
2025-000270,2025-09-22 07:47:12,S1044,C00105,P2133,Web,Financiamiento,Promo 15%,1,44.7,0.15,44.7,5.81,38.89,38.56,0
2025-000271,2025-02-09 06:15:41,S1002,C00647,P2127,Tienda,Financiamiento,Promo 10%,1,696.03,0.05,696.03,90.48,605.55,361.43,0
2025-000272,2025-11-15 17:47:23,S1020,C00374,P2077,Call Center,Financiamiento,Promo 10%,1,794.69,0.0,794.69,119.2,675.49,400.81,0
2025-000273,2025-04-21 15:59:33,S1037,C00279,P2132,Call Center,Transferencia,2x1,2,305.53,0.05,611.06,79.44,531.62,220.13,0
2025-000274,2025-04-23 16:32:50,S1029,C00343,P2034,Call Center,Efectivo,Promo 10%,1,223.51,0.15,223.51,33.53,189.98,122.22,0
2025-000275,2025-05-10 16:55:38,S1011,C00047,P2068,Marketplace,Tarjeta,Sin Promo,1,209.44,0.15,209.44,25.13,184.31,122.46,0
2025-000276,2025-11-03 02:25:25,S1038,C00350,P2059,Tienda,Tarjeta,Black Friday,1,111.1,0.15,111.1,14.44,96.66,101.09,1
2025-000277,2025-06-22 15:08:13,S1012,C00205,P2148,Call Center,Tarjeta,Promo 15%,3,573.59,0.15,1720.77,206.49,1514.28,390.62,0
2025-000278,2025-07-09 07:02:14,S1040,C00588,P2008,Web,Transferencia,Cyber Week,1,874.23,0.0,874.23,113.65,760.58,421.75,1
2025-000279,2025-10-20 05:58:00,S1039,C00653,P2050,Call Center,Financiamiento,2x1,4,273.95,0.0,1095.8,142.45,953.35,192.16,0
2025-000280,2025-11-01 18:56:35,S1008,C00612,P2071,Call Center,Billetera Digital,Promo 15%,2,435.21,0.1,870.42,113.15,757.27,243.78,0
2025-000281,2025-09-11 11:58:08,S1011,C00392,P2015,Marketplace,Financiamiento,2x1,3,156.39,0.1,469.17,56.3,412.87,122.14,1
2025-000282,2025-03-07 07:10:36,S1021,C00097,P2108,Call Center,Efectivo,Promo 10%,1,255.04,0.1,255.04,38.26,216.78,144.01,0
2025-000283,2025-10-06 17:09:02,S1001,C00378,P2008,Call Center,Tarjeta,Promo 15%,1,874.23,0.0,874.23,113.65,760.58,421.75,0
2025-000284,2025-01-16 19:06:23,S1025,C00506,P2038,Tienda,Efectivo,Promo 15%,4,139.95,0.0,559.8,83.97,475.83,104.22,0
2025-000285,2025-06-05 05:12:38,S1009,C00614,P2093,Marketplace,Efectivo,Sin Promo,2,140.56,0.05,281.12,36.55,244.57,75.0,0
2025-000286,2025-03-01 18:19:13,S1009,C00585,P2137,Tienda,Billetera Digital,Promo 10%,2,428.74,0.0,857.48,111.47,746.01,246.0,0
2025-000287,2025-12-03 14:42:11,S1041,C00098,P2035,Tienda,Tarjeta,Sin Promo,1,906.6,0.0,906.6,117.86,788.74,418.3,0
2025-000288,2025-01-01 21:24:47,S1033,C00413,P2005,Call Center,Billetera Digital,2x1,2,464.04,0.15,928.08,139.21,788.87,390.45,0
2025-000289,2025-10-03 00:08:34,S1019,C00724,P2034,Marketplace,Financiamiento,Black Friday,2,236.66,0.1,473.32,71.0,402.32,122.22,1
2025-000290,2025-02-28 00:46:27,S1017,C00642,P2002,Web,Transferencia,Promo 10%,1,290.16,0.0,290.16,34.82,255.34,134.76,0
2025-000291,2025-05-15 19:10:07,S1008,C00101,P2045,Call Center,Efectivo,Black Friday,1,65.46,0.05,65.46,8.51,56.95,46.07,0
2025-000292,2025-03-05 14:43:40,S1017,C00566,P2108,Tienda,Billetera Digital,2x1,1,255.04,0.1,255.04,30.6,224.44,144.01,0
2025-000293,2025-03-14 05:07:36,S1004,C00152,P2092,Tienda,Efectivo,Black Friday,1,802.49,0.0,802.49,104.32,698.17,416.32,0
2025-000294,2025-04-10 22:52:09,S1044,C00028,P2053,Tienda,Efectivo,Promo 10%,2,794.32,0.15,1588.64,206.52,1382.12,436.17,0
2025-000295,2025-03-24 20:43:42,S1035,C00688,P2075,Call Center,Financiamiento,Promo 10%,1,522.04,0.1,522.04,78.31,443.73,301.87,0
2025-000296,2025-02-14 01:30:28,S1022,C00025,P2112,Call Center,Efectivo,Sin Promo,1,361.76,0.0,361.76,54.26,307.5,257.82,0
2025-000297,2025-10-26 23:48:39,S1016,C00513,P2050,Tienda,Transferencia,Black Friday,2,219.16,0.2,438.32,52.6,385.72,192.16,0
2025-000298,2025-12-31 21:23:32,S1044,C00662,P2112,Marketplace,Financiamiento,Promo 10%,1,325.58,0.1,325.58,42.33,283.25,257.82,0
2025-000299,2025-04-13 23:09:06,S1025,C00233,P2122,Call Center,Transferencia,Sin Promo,3,579.38,0.15,1738.14,260.72,1477.42,324.38,0
2025-000300,2025-01-18 09:20:55,S1019,C00769,P2083,Call Center,Billetera Digital,Sin Promo,3,471.08,0.1,1413.24,211.99,1201.25,334.59,0
2025-000301,2025-11-10 01:53:00,S1032,C00615,P2101,Web,Billetera Digital,Promo 10%,2,286.05,0.15,572.1,85.81,486.29,262.94,0
2025-000302,2025-02-20 08:04:36,S1037,C00139,P2092,Tienda,Financiamiento,Sin Promo,1,722.24,0.1,722.24,93.89,628.35,416.32,0
2025-000303,2025-07-27 12:35:46,S1009,C00692,P2004,Marketplace,Billetera Digital,Promo 10%,2,543.65,0.0,1087.3,141.35,945.95,298.92,1
2025-000304,2025-11-03 06:03:27,S1022,C00772,P2026,Call Center,Billetera Digital,Promo 10%,2,459.92,0.0,919.84,137.98,781.86,230.43,0
2025-000305,2025-01-05 03:49:55,S1020,C00229,P2153,Web,Billetera Digital,Cyber Week,1,367.12,0.1,367.12,55.07,312.05,293.96,0
2025-000306,2025-04-14 23:35:23,S1032,C00755,P2020,Tienda,Financiamiento,Promo 10%,2,49.36,0.0,98.72,14.81,83.91,32.33,0
2025-000307,2025-08-05 23:30:11,S1040,C00535,P2073,Call Center,Tarjeta,2x1,2,139.88,0.15,279.76,36.37,243.39,131.1,0
2025-000308,2025-12-10 11:27:45,S1039,C00023,P2133,Call Center,Transferencia,2x1,1,49.96,0.05,49.96,6.49,43.47,38.56,0
2025-000309,2025-02-22 14:03:36,S1001,C00603,P2060,Marketplace,Transferencia,Black Friday,1,306.6,0.2,306.6,39.86,266.74,245.82,0
2025-000310,2025-03-16 18:18:27,S1033,C00710,P2145,Marketplace,Tarjeta,Cyber Week,2,94.41,0.2,188.82,28.32,160.5,77.61,1
2025-000311,2025-03-12 03:41:44,S1037,C00105,P2041,Web,Efectivo,Cyber Week,1,41.87,0.1,41.87,5.44,36.43,34.06,0
2025-000312,2025-01-25 05:28:42,S1044,C00002,P2148,Tienda,Billetera Digital,Sin Promo,4,641.07,0.05,2564.28,333.36,2230.92,390.62,0
2025-000313,2025-09-07 06:10:02,S1012,C00238,P2148,Tienda,Efectivo,2x1,1,674.81,0.0,674.81,80.98,593.83,390.62,0
2025-000314,2025-12-16 05:49:38,S1029,C00051,P2050,Marketplace,Efectivo,Promo 15%,3,273.95,0.0,821.85,123.28,698.57,192.16,0
2025-000315,2025-11-27 19:43:58,S1009,C00754,P2015,Tienda,Tarjeta,2x1,2,147.7,0.15,295.4,38.4,257.0,122.14,1
2025-000316,2025-06-26 19:37:27,S1021,C00427,P2037,Marketplace,Efectivo,Promo 15%,1,623.8,0.0,623.8,93.57,530.23,405.23,0
2025-000317,2025-12-01 04:16:00,S1021,C00457,P2114,Tienda,Billetera Digital,Black Friday,1,498.6,0.1,498.6,74.79,423.81,274.57,1
2025-000318,2025-03-15 10:42:53,S1039,C00490,P2006,Call Center,Transferencia,Cyber Week,1,381.91,0.05,381.91,49.65,332.26,287.52,1
2025-000319,2025-10-12 01:16:10,S1024,C00328,P2050,Call Center,Efectivo,Promo 10%,1,260.25,0.05,260.25,39.04,221.21,192.16,0
2025-000320,2025-09-11 03:07:32,S1004,C00747,P2133,Tienda,Efectivo,Sin Promo,2,52.59,0.0,105.18,13.67,91.51,38.56,1
2025-000321,2025-09-08 11:04:37,S1029,C00055,P2012,Tienda,Tarjeta,Promo 15%,1,788.33,0.0,788.33,118.25,670.08,363.05,0
2025-000322,2025-11-11 01:08:41,S1043,C00010,P2033,Call Center,Tarjeta,,4,80.36,0.0,321.44,41.79,279.65,61.26,0
2025-000323,2025-07-09 09:54:30,S1042,C00061,P2009,Web,Transferencia,Sin Promo,1,523.01,0.0,523.01,67.99,455.02,287.2,0
2025-000324,2025-04-20 18:48:35,S1007,C00750,P2067,Call Center,Transferencia,Sin Promo,2,582.45,0.0,1164.9,151.44,1013.46,420.88,1
2025-000325,2025-04-06 05:12:22,S1026,C00268,P2098,Web,Tarjeta,Sin Promo,2,580.57,0.1,1161.14,174.17,986.97,389.5,0
2025-000326,2025-10-22 12:25:44,S1010,C00035,P2070,Web,Billetera Digital,Promo 10%,1,614.79,0.0,614.79,73.77,541.02,281.04,1
2025-000327,2025-03-29 02:00:13,S1041,C00094,P2095,Web,Transferencia,Sin Promo,2,729.93,0.0,1459.86,189.78,1270.08,368.2,1
2025-000328,2025-01-15 16:27:45,S1007,C00301,P2124,Tienda,Efectivo,Sin Promo,1,380.55,0.2,380.55,49.47,331.08,351.18,0
2025-000329,2025-08-20 20:00:17,S1019,C00694,P2026,Marketplace,Transferencia,Cyber Week,6,390.93,0.15,2345.58,351.84,1993.74,230.43,0
2025-000330,2025-09-02 00:02:16,S1044,C00709,P2148,Marketplace,Transferencia,Promo 15%,1,607.33,0.1,607.33,78.95,528.38,390.62,0
2025-000331,2025-05-10 15:27:44,S1017,C00662,P2066,Tienda,Transferencia,Promo 10%,1,472.24,0.1,472.24,56.67,415.57,297.19,1
2025-000332,2025-04-26 04:07:06,S1006,C00359,P2134,Web,Tarjeta,2x1,2,217.4,0.1,434.8,56.52,378.28,153.79,0
2025-000333,2025-09-25 13:25:01,S1034,C00674,P2138,Marketplace,Efectivo,Promo 10%,1,684.1,0.05,684.1,102.61,581.49,375.47,1
2025-000334,2025-01-20 14:15:29,S1034,C00456,P2046,Web,Transferencia,Sin Promo,2,290.06,0.2,580.12,87.02,493.1,192.92,0
2025-000335,2025-03-26 16:39:50,S1031,C00438,P2082,Call Center,Transferencia,Promo 15%,1,281.42,0.0,281.42,42.21,239.21,152.77,0
2025-000336,2025-03-25 04:17:29,S1033,C00518,P2118,Web,Tarjeta,Sin Promo,4,65.15,0.0,260.6,39.09,221.51,45.65,0
2025-000337,2025-10-18 17:14:44,S1019,,P2098,Call Center,Financiamiento,Promo 15%,1,612.83,0.05,612.83,91.92,520.91,389.5,0
2025-000338,2025-11-10 03:49:56,S1043,C00048,P2093,Call Center,Tarjeta,Promo 15%,1,118.37,0.2,118.37,15.39,102.98,75.0,0
2025-000339,2025-06-22 02:01:32,S1027,C00430,P2021,Marketplace,Tarjeta,Black Friday,2,439.47,0.0,878.94,131.84,747.1,239.98,0
2025-000340,2025-06-04 12:41:34,S1002,C00184,P2099,Tienda,Billetera Digital,Promo 15%,1,265.11,0.1,265.11,34.46,230.65,231.19,0
2025-000341,2025-11-24 17:11:42,S1040,C00325,P2029,Web,Financiamiento,Promo 10%,1,491.5,0.0,491.5,63.9,427.6,271.13,0
2025-000342,2025-11-26 06:42:13,S1006,C00508,P2110,Web,Transferencia,Black Friday,2,416.72,0.0,833.44,108.35,725.09,314.95,0
2025-000343,2025-04-21 20:59:05,S1038,C00665,P2096,Tienda,Efectivo,Black Friday,1,636.0,0.0,636.0,82.68,553.32,369.96,0
2025-000344,2025-09-29 07:51:02,S1013,C00583,P2120,Marketplace,Transferencia,2x1,2,169.57,0.15,339.14,40.7,298.44,113.2,0
2025-000345,2025-11-19 19:12:05,S1003,C00774,P2157,Marketplace,Financiamiento,2x1,4,212.21,0.05,848.84,110.35,738.49,118.28,0
2025-000346,2025-03-12 19:07:35,S1029,C00289,P2079,Marketplace,Efectivo,Promo 10%,1,249.59,0.0,249.59,37.44,212.15,156.92,0
2025-000347,2025-09-03 23:19:38,S1030,C00291,P2142,Tienda,Transferencia,Promo 10%,3,493.89,0.0,1481.67,222.25,1259.42,331.65,0
2025-000348,2025-04-24 18:36:26,S1029,C00346,P2013,Tienda,Financiamiento,Black Friday,1,200.2,0.0,200.2,30.03,170.17,98.1,0
2025-000349,2025-09-03 23:52:57,S1005,C00527,P2038,Marketplace,Financiamiento,Black Friday,1,118.96,0.15,118.96,15.46,103.5,104.22,1
2025-000350,2025-08-23 04:30:44,S1029,C00136,P2076,Tienda,Billetera Digital,Cyber Week,2,87.77,0.1,175.54,26.33,149.21,50.2,0
2025-000351,2025-06-11 05:45:43,S1014,C00285,P2107,Tienda,Financiamiento,Sin Promo,2,257.6,0.2,515.2,61.82,453.38,196.36,0
2025-000352,2025-11-14 15:22:07,S1016,C00691,P2045,Web,Tarjeta,2x1,3,68.91,0.0,206.73,24.81,181.92,46.07,1
2025-000353,2025-01-02 21:27:57,S1017,C00241,P2098,Call Center,Billetera Digital,2x1,1,612.83,0.05,612.83,73.54,539.29,389.5,1
2025-000354,2025-12-10 10:30:49,S1012,C00582,P2081,Call Center,Transferencia,Cyber Week,2,339.41,0.15,678.82,81.46,597.36,192.91,0
2025-000355,2025-06-16 19:00:20,S1034,C00281,P2093,Marketplace,Billetera Digital,Promo 10%,2,133.16,0.1,266.32,39.95,226.37,75.0,0
2025-000356,2025-12-11 11:21:27,S1038,C00660,P2094,Marketplace,Financiamiento,Sin Promo,2,630.71,0.1,1261.42,163.98,1097.44,392.99,1
2025-000357,2025-05-09 01:02:58,S1032,C00060,P2092,Web,Financiamiento,Promo 15%,2,722.24,0.1,1444.48,216.67,1227.81,416.32,1
2025-000358,2025-04-18 14:30:14,S1033,C00226,P2082,Web,Transferencia,Black Friday,2,281.42,0.0,562.84,84.43,478.41,152.77,0
2025-000359,2025-06-18 06:34:43,S1018,C00301,P2001,Tienda,Efectivo,Black Friday,1,91.03,0.05,91.03,10.92,80.11,59.67,0
2025-000360,2025-05-25 01:01:21,S1012,C00573,P2078,Marketplace,Transferencia,Black Friday,1,149.09,0.1,149.09,17.89,131.2,125.47,0
2025-000361,2025-11-24 22:03:39,S1017,C00040,P2035,Web,Financiamiento,Sin Promo,2,906.6,0.0,1813.2,217.58,1595.62,418.3,0
2025-000362,2025-05-28 02:29:32,S1023,C00360,P2031,Web,Transferencia,Black Friday,1,203.6,0.0,203.6,30.54,173.06,111.43,0
2025-000363,2025-05-05 07:21:47,S1039,C00090,P2059,Web,Financiamiento,Promo 15%,1,104.57,0.2,104.57,13.59,90.98,101.09,0
2025-000364,2025-09-13 06:22:57,S1014,C00460,P2025,Tienda,Transferencia,2x1,6,631.06,0.05,3786.36,454.36,3332.0,394.63,0
2025-000365,2025-10-09 01:03:05,S1045,C00564,P2106,Web,Tarjeta,Sin Promo,2,461.42,0.0,922.84,119.97,802.87,310.34,0
2025-000366,2025-10-14 03:58:52,S1023,C00239,P2057,Call Center,Tarjeta,Promo 15%,3,356.83,0.15,1070.49,160.57,909.92,314.68,0
2025-000367,2025-10-23 06:57:24,S1022,C00127,P2109,Tienda,Efectivo,Cyber Week,1,177.04,0.15,177.04,26.56,150.48,141.94,0
2025-000368,2025-03-21 15:32:19,S1009,C00689,P2025,Web,Financiamiento,Promo 10%,2,531.42,0.2,1062.84,138.17,924.67,394.63,0
2025-000369,2025-07-23 02:36:07,S1024,C00515,P2035,Marketplace,Financiamiento,2x1,4,815.94,0.1,3263.76,489.56,2774.2,418.3,1
2025-000370,2025-01-06 13:52:54,S1016,C00365,P2088,Web,Financiamiento,Sin Promo,2,486.13,0.15,972.26,116.67,855.59,308.2,1
2025-000371,2025-12-08 06:09:10,S1020,C00717,P2052,Marketplace,Efectivo,Black Friday,1,94.69,0.0,94.69,14.2,80.49,47.67,0
2025-000372,2025-02-28 06:20:15,S1011,C00692,P2079,Tienda,Financiamiento,Cyber Week,2,249.59,0.0,499.18,59.9,439.28,156.92,0
2025-000373,2025-10-15 03:25:00,S1043,C00265,P2152,Tienda,Transferencia,Black Friday,3,499.51,0.0,1498.53,194.81,1303.72,338.06,1
2025-000374,2025-08-09 07:51:07,S1009,C00330,P2008,Web,Financiamiento,Sin Promo,2,874.23,0.0,1748.46,227.3,1521.16,421.75,0
2025-000375,2025-11-20 06:21:35,S1045,C00430,P2002,Tienda,Tarjeta,Cyber Week,1,232.13,0.2,232.13,30.18,201.95,134.76,0
2025-000376,2025-10-09 01:05:59,S1045,C00162,P2066,Web,Financiamiento,Cyber Week,2,419.77,0.2,839.54,109.14,730.4,297.19,0
2025-000377,2025-08-08 14:49:30,S1016,C00085,P2017,Tienda,Transferencia,Promo 10%,3,266.29,0.05,798.87,95.86,703.01,182.13,0
2025-000378,2025-07-03 00:27:13,S1029,C00298,P2115,Marketplace,Efectivo,2x1,1,335.31,0.1,335.31,50.3,285.01,201.2,0
2025-000379,2025-02-06 16:36:09,S1035,C00430,P2136,Marketplace,Financiamiento,Promo 10%,1,154.8,0.0,154.8,23.22,131.58,99.42,0
2025-000380,2025-05-05 13:16:09,S1025,C00014,P2155,Marketplace,Tarjeta,Black Friday,1,157.33,0.0,157.33,23.6,133.73,71.96,1
2025-000381,2025-01-17 23:53:02,S1022,C00492,P2121,Call Center,Tarjeta,Black Friday,3,355.11,0.15,1065.33,159.8,905.53,207.12,0
2025-000382,2025-04-28 00:53:14,S1008,C00615,P2013,Tienda,Tarjeta,Sin Promo,5,200.2,0.0,1001.0,130.13,870.87,98.1,0
2025-000383,2025-03-27 16:51:18,S1036,C00094,P2084,Marketplace,Transferencia,Sin Promo,1,10.89,0.0,10.89,1.63,9.26,8.31,1
2025-000384,2025-11-05 19:10:24,S1007,C00400,P2083,Call Center,Financiamiento,Sin Promo,1,444.91,0.15,444.91,57.84,387.07,334.59,0
2025-000385,2025-04-06 03:04:06,S1041,C00083,P2087,Call Center,Transferencia,2x1,1,323.78,0.0,323.78,42.09,281.69,166.63,0
2025-000386,2025-08-27 14:32:54,S1026,C00607,P2103,Call Center,Transferencia,Promo 10%,1,424.9,0.0,424.9,63.73,361.17,274.37,0
2025-000387,2025-08-12 14:54:16,S1006,C00673,P2063,Tienda,Efectivo,Black Friday,5,70.41,0.0,352.05,45.77,306.28,34.56,0
2025-000388,2025-06-15 03:09:56,S1036,C00452,P2056,Tienda,Billetera Digital,Promo 15%,2,709.55,0.2,1419.1,212.86,1206.24,417.23,0
2025-000389,2025-09-21 02:26:55,S1021,C00302,P2015,Web,Billetera Digital,Cyber Week,2,173.77,0.0,347.54,52.13,295.41,122.14,0
2025-000390,2025-02-14 03:48:02,S1017,C00648,P2122,Tienda,Billetera Digital,Cyber Week,1,681.62,0.0,681.62,81.79,599.83,324.38,0
2025-000391,2025-08-27 19:18:17,S1039,C00024,P2124,Marketplace,Tarjeta,Cyber Week,1,428.12,0.1,428.12,55.66,372.46,351.18,1
2025-000392,2025-11-14 21:59:56,S1042,C00215,P2051,Web,Tarjeta,Cyber Week,2,855.46,0.0,1710.92,222.42,1488.5,394.02,0
2025-000393,2025-09-26 05:57:52,S1028,C00588,P2086,Tienda,Transferencia,Promo 15%,2,109.2,0.0,218.4,32.76,185.64,70.05,0
2025-000394,2025-04-08 21:29:22,S1034,C00669,P2115,Tienda,Tarjeta,Sin Promo,2,316.68,0.15,633.36,95.0,538.36,201.2,0
2025-000395,2025-10-12 05:20:56,S1019,C00646,P2004,Marketplace,Tarjeta,2x1,1,516.47,0.05,516.47,77.47,439.0,298.92,1
2025-000396,2025-05-12 20:42:21,S1035,C00453,P2044,Tienda,Financiamiento,Promo 10%,1,454.08,0.0,454.08,68.11,385.97,214.81,0
2025-000397,2025-12-04 23:00:19,S1004,C00497,P2093,Tienda,Efectivo,Cyber Week,1,147.96,0.0,147.96,19.23,128.73,75.0,1
2025-000398,2025-03-06 21:19:36,S1028,C00370,P2117,Marketplace,Tarjeta,Promo 10%,1,84.2,0.0,84.2,12.63,71.57,41.82,1
2025-000399,2025-02-06 21:49:46,S1020,C00128,P2070,Marketplace,Billetera Digital,Promo 15%,5,491.83,0.2,2459.15,368.87,2090.28,281.04,0
2025-000400,2025-11-18 01:31:51,S1028,,P2104,Call Center,Efectivo,Sin Promo,3,702.23,0.0,2106.69,316.0,1790.69,405.18,1
2025-000401,2025-04-04 03:07:42,S1038,C00496,P2032,Tienda,Tarjeta,Promo 10%,1,396.58,0.15,396.58,51.56,345.02,330.43,1
2025-000402,2025-10-28 21:29:20,S1008,C00318,P2117,Call Center,Financiamiento,Promo 15%,1,67.36,0.2,67.36,8.76,58.6,41.82,0
2025-000403,2025-09-18 10:08:27,S1038,C00397,P2153,Web,Tarjeta,Cyber Week,1,387.51,0.05,387.51,50.38,337.13,293.96,1
2025-000404,2025-01-23 23:47:49,S1006,C00314,P2068,Call Center,Billetera Digital,Sin Promo,1,246.4,0.0,246.4,32.03,214.37,122.46,0
2025-000405,2025-12-31 15:14:36,S1042,C00011,P2160,Tienda,Efectivo,Black Friday,2,771.61,0.05,1543.22,200.62,1342.6,418.28,0
2025-000406,2025-05-05 23:45:13,S1025,C00548,P2073,Call Center,Tarjeta,Cyber Week,1,164.56,0.0,164.56,24.68,139.88,131.1,0
2025-000407,2025-01-11 04:33:07,S1012,C00794,P2004,Marketplace,Financiamiento,2x1,3,543.65,0.0,1630.95,195.71,1435.24,298.92,1
2025-000408,2025-01-26 10:12:52,S1032,C00236,P2046,Tienda,Efectivo,Promo 10%,2,362.57,0.0,725.14,108.77,616.37,192.92,0
2025-000409,2025-10-05 03:31:19,S1018,C00729,P2125,Web,Financiamiento,Promo 10%,2,310.19,0.1,620.38,74.45,545.93,235.01,0
2025-000410,2025-11-04 19:49:02,S1027,C00119,P2094,Call Center,Efectivo,Promo 10%,1,665.75,0.05,665.75,99.86,565.89,392.99,0
2025-000411,2025-12-01 03:40:44,S1006,C00578,P2112,Tienda,Transferencia,Promo 15%,4,325.58,0.1,1302.32,169.3,1133.02,257.82,0
2025-000412,2025-11-01 07:47:24,S1027,,P2082,Marketplace,Billetera Digital,Promo 10%,4,267.35,0.05,1069.4,160.41,908.99,152.77,0
2025-000413,2025-03-08 02:58:13,S1035,C00013,P2007,Marketplace,Financiamiento,Promo 10%,1,190.83,0.1,190.83,28.62,162.21,162.45,0
2025-000414,2025-07-23 06:22:41,S1043,C00230,P2013,Tienda,Transferencia,Promo 10%,2,190.19,0.05,380.38,49.45,330.93,98.1,0
2025-000415,2025-06-04 14:04:15,S1007,C00404,P2153,Web,Efectivo,Sin Promo,2,326.33,0.2,652.66,84.85,567.81,293.96,0
2025-000416,2025-03-06 17:09:37,S1025,C00410,P2012,Web,Transferencia,2x1,2,788.33,0.0,1576.66,236.5,1340.16,363.05,0
2025-000417,2025-07-19 14:01:45,S1002,C00419,P2005,Call Center,Billetera Digital,Promo 15%,1,545.93,0.0,545.93,70.97,474.96,390.45,0
2025-000418,2025-02-26 09:23:09,S1006,C00562,P2093,Call Center,Financiamiento,Cyber Week,5,125.77,0.15,628.85,81.75,547.1,75.0,1
2025-000419,2025-11-21 23:24:44,S1034,,P2127,Web,Efectivo,Cyber Week,1,732.66,0.0,732.66,109.9,622.76,361.43,0
2025-000420,2025-03-29 00:18:37,S1038,C00592,P2030,Tienda,Tarjeta,Black Friday,1,460.22,0.15,460.22,59.83,400.39,418.38,0
2025-000421,2025-11-01 19:31:17,S1010,C00155,P2136,Call Center,Tarjeta,Promo 15%,2,139.32,0.1,278.64,33.44,245.2,99.42,0
2025-000422,2025-06-09 10:32:22,S1035,C00377,P2122,Web,Billetera Digital,Black Friday,1,681.62,0.0,681.62,102.24,579.38,324.38,0
2025-000423,2025-11-27 04:28:49,S1011,C00524,P2032,Web,Billetera Digital,Black Friday,2,443.24,0.05,886.48,106.38,780.1,330.43,1
2025-000424,2025-12-01 06:22:11,S1045,C00261,P2086,Call Center,Efectivo,Promo 10%,1,109.2,0.0,109.2,14.2,95.0,70.05,1
2025-000425,2025-10-02 16:56:37,S1041,C00756,P2083,Tienda,Financiamiento,Promo 15%,1,418.74,0.2,418.74,54.44,364.3,334.59,0
2025-000426,2025-09-22 23:51:08,S1032,C00394,P2020,Web,Efectivo,Cyber Week,3,44.42,0.1,133.26,19.99,113.27,32.33,0
2025-000427,2025-04-27 06:37:27,S1034,C00476,P2098,Marketplace,Efectivo,Promo 15%,1,645.08,0.0,645.08,96.76,548.32,389.5,0
2025-000428,2025-11-11 15:06:10,S1019,C00217,P2142,Marketplace,Tarjeta,Promo 10%,1,419.81,0.15,419.81,62.97,356.84,331.65,1
2025-000429,2025-08-28 19:24:31,S1027,C00251,P2094,Marketplace,Financiamiento,Sin Promo,1,560.63,0.2,560.63,84.09,476.54,392.99,0
2025-000430,2025-05-22 02:41:30,S1010,C00167,P2078,Tienda,Tarjeta,Promo 10%,1,132.53,0.2,132.53,15.9,116.63,125.47,0
2025-000431,2025-07-29 20:30:38,S1029,C00402,P2048,Marketplace,Transferencia,Promo 10%,2,320.16,0.0,640.32,96.05,544.27,183.57,0
2025-000432,2025-10-21 08:20:01,S1017,C00213,P2065,Call Center,Transferencia,Cyber Week,3,347.05,0.15,1041.15,124.94,916.21,269.16,0
2025-000433,2025-11-19 00:28:27,S1034,C00056,P2071,Marketplace,Financiamiento,Cyber Week,3,435.21,0.1,1305.63,195.84,1109.79,243.78,0
2025-000434,2025-05-13 20:21:07,S1008,C00231,P2079,Tienda,Billetera Digital,Promo 10%,3,249.59,0.0,748.77,97.34,651.43,156.92,0
2025-000435,2025-05-21 07:23:14,S1031,C00018,P2082,Call Center,Tarjeta,Promo 10%,1,281.42,0.0,281.42,42.21,239.21,152.77,0
2025-000436,2025-06-03 08:48:11,S1011,C00185,P2005,Web,Financiamiento,2x1,2,545.93,0.0,1091.86,131.02,960.84,390.45,0
2025-000437,2025-04-30 12:52:25,S1040,C00421,P2095,Marketplace,Transferencia,2x1,2,693.43,0.05,1386.86,180.29,1206.57,368.2,0
2025-000438,2025-04-04 15:37:10,S1033,C00792,P2069,Tienda,Efectivo,Promo 10%,3,153.24,0.2,459.72,68.96,390.76,145.02,0
2025-000439,2025-12-09 17:33:06,S1013,C00609,P2134,Tienda,Efectivo,Sin Promo,3,229.48,0.05,688.44,82.61,605.83,153.79,0
2025-000440,2025-03-01 11:45:43,S1019,C00581,P2035,Web,Tarjeta,Sin Promo,1,815.94,0.1,815.94,122.39,693.55,418.3,1
2025-000441,2025-11-04 03:30:59,S1032,C00686,P2139,Call Center,Transferencia,2x1,2,16.22,0.2,32.44,4.87,27.57,12.71,0
2025-000442,2025-03-05 06:42:25,S1034,C00650,P2141,Web,Efectivo,Cyber Week,1,832.49,0.0,832.49,124.87,707.62,384.64,0
2025-000443,2025-01-01 22:18:21,S1017,C00603,P2086,Call Center,Billetera Digital,Promo 10%,6,109.2,0.0,655.2,78.62,576.58,70.05,0
2025-000444,2025-06-10 04:13:58,S1007,C00461,P2021,Marketplace,Billetera Digital,Sin Promo,1,373.55,0.15,373.55,48.56,324.99,239.98,0
2025-000445,2025-04-02 23:03:11,S1019,C00137,P2062,Tienda,Tarjeta,Cyber Week,5,111.89,0.0,559.45,83.92,475.53,74.21,0
2025-000446,2025-10-26 02:26:07,S1012,C00157,P2089,Marketplace,Efectivo,Sin Promo,1,736.54,0.0,736.54,88.38,648.16,351.93,0
2025-000447,2025-03-18 21:25:23,S1020,C00472,P2056,Marketplace,Financiamiento,Cyber Week,3,753.9,0.15,2261.7,339.25,1922.45,417.23,0
2025-000448,2025-08-26 00:28:08,S1035,C00126,P2075,Tienda,Billetera Digital,Promo 15%,1,493.04,0.15,493.04,73.96,419.08,301.87,0
2025-000449,2025-04-09 06:14:21,S1016,C00075,P2033,Marketplace,Efectivo,Sin Promo,1,80.36,0.0,80.36,9.64,70.72,61.26,0
2025-000450,2025-05-13 14:41:09,S1004,C00094,P2111,Marketplace,Transferencia,Cyber Week,1,292.12,0.0,292.12,37.98,254.14,191.52,0
2025-000451,2025-04-02 10:16:41,S1043,C00131,P2025,Tienda,Transferencia,Sin Promo,1,631.06,0.05,631.06,82.04,549.02,394.63,0
2025-000452,2025-01-18 08:55:25,S1031,C00544,P2091,Marketplace,Tarjeta,Black Friday,2,460.27,0.15,920.54,138.08,782.46,397.11,0
2025-000453,2025-01-26 01:46:04,S1038,C00363,P2027,Marketplace,Tarjeta,Promo 10%,1,265.38,0.2,265.38,34.5,230.88,230.42,0
2025-000454,2025-12-29 15:22:26,S1014,C00453,P2071,Marketplace,Transferencia,Cyber Week,1,459.39,0.05,459.39,55.13,404.26,243.78,0
2025-000455,2025-09-05 13:58:33,S1009,C00373,P2017,Web,Transferencia,Black Friday,3,280.3,0.0,840.9,109.32,731.58,182.13,0
2025-000456,2025-05-27 13:33:24,S1022,C00081,P2150,Call Center,Billetera Digital,Cyber Week,1,187.26,0.2,187.26,28.09,159.17,154.53,1
2025-000457,2025-02-25 09:47:29,S1032,C00676,P2127,Web,Transferencia,Sin Promo,2,732.66,0.0,1465.32,219.8,1245.52,361.43,0
2025-000458,2025-09-07 21:35:30,S1007,C00689,P2059,Web,Billetera Digital,Sin Promo,1,104.57,0.2,104.57,13.59,90.98,101.09,0
2025-000459,2025-08-05 20:15:15,S1043,C00119,P2019,Tienda,Financiamiento,Cyber Week,1,400.58,0.15,400.58,52.08,348.5,283.84,0
2025-000460,2025-02-23 02:40:53,S1038,C00154,P2033,Marketplace,Tarjeta,Black Friday,1,76.34,0.05,76.34,9.92,66.42,61.26,0
2025-000461,2025-11-25 03:46:30,S1018,C00557,P2031,Web,Billetera Digital,Black Friday,2,203.6,0.0,407.2,48.86,358.34,111.43,0
2025-000462,2025-10-26 05:43:19,S1034,C00409,P2114,Tienda,Financiamiento,2x1,2,443.2,0.2,886.4,132.96,753.44,274.57,0
2025-000463,2025-04-11 09:21:15,S1014,C00785,P2109,Marketplace,Efectivo,Promo 10%,1,197.87,0.05,197.87,23.74,174.13,141.94,0
2025-000464,2025-04-13 13:30:27,S1020,C00779,P2043,Tienda,Efectivo,Promo 15%,2,297.93,0.05,595.86,89.38,506.48,244.5,0
2025-000465,2025-08-09 22:03:15,S1006,C00468,P2145,Marketplace,Financiamiento,Promo 10%,1,118.01,0.0,118.01,15.34,102.67,77.61,0
2025-000466,2025-08-03 05:11:46,S1023,C00491,P2031,Tienda,Financiamiento,Black Friday,1,162.88,0.2,162.88,24.43,138.45,111.43,0
2025-000467,2025-05-28 03:33:27,S1044,C00431,P2133,Web,Efectivo,Promo 10%,2,52.59,0.0,105.18,13.67,91.51,38.56,0
2025-000468,2025-05-23 01:11:42,S1010,C00159,P2140,Marketplace,Efectivo,Promo 10%,2,14.41,0.0,28.82,3.46,25.36,6.63,0
2025-000469,2025-01-16 07:38:48,S1042,C00175,P2113,Marketplace,Financiamiento,Promo 15%,1,282.77,0.05,282.77,36.76,246.01,139.53,0
2025-000470,2025-10-04 04:31:42,S1026,C00057,P2131,Web,Tarjeta,Black Friday,1,196.93,0.0,196.93,29.54,167.39,119.6,0
2025-000471,2025-08-20 01:29:17,S1004,C00616,P2091,Call Center,Billetera Digital,Black Friday,2,460.27,0.15,920.54,119.67,800.87,397.11,0
2025-000472,2025-01-23 00:22:36,S1032,C00106,P2075,Web,Billetera Digital,Promo 10%,2,551.05,0.05,1102.1,165.31,936.79,301.87,0
2025-000473,2025-03-10 21:03:51,S1010,C00668,P2108,Tienda,Financiamiento,Promo 10%,2,240.87,0.15,481.74,57.81,423.93,144.01,1
2025-000474,2025-10-20 15:16:32,S1019,C00361,P2148,Web,Efectivo,Cyber Week,2,674.81,0.0,1349.62,202.44,1147.18,390.62,0
2025-000475,2025-11-24 12:09:44,S1040,C00774,P2122,Call Center,Billetera Digital,Cyber Week,1,681.62,0.0,681.62,88.61,593.01,324.38,0
2025-000476,2025-05-04 03:22:14,S1016,C00681,P2067,Marketplace,Efectivo,Sin Promo,4,465.96,0.2,1863.84,223.66,1640.18,420.88,0
2025-000477,2025-09-07 02:39:14,S1039,C00532,P2076,Tienda,Tarjeta,2x1,3,78.02,0.2,234.06,30.43,203.63,50.2,0
2025-000478,2025-02-02 17:06:09,S1026,C00365,P2038,Marketplace,Billetera Digital,Sin Promo,3,139.95,0.0,419.85,62.98,356.87,104.22,0
2025-000479,2025-11-08 17:07:58,S1024,C00513,P2072,Call Center,Transferencia,Cyber Week,1,604.62,0.0,604.62,90.69,513.93,420.23,0
2025-000480,2025-03-31 16:20:45,S1042,C00469,P2082,Marketplace,Billetera Digital,Promo 10%,1,281.42,0.0,281.42,36.58,244.84,152.77,0
2025-000481,2025-11-11 10:26:47,S1030,C00230,P2144,Tienda,Efectivo,Sin Promo,6,258.88,0.05,1553.28,232.99,1320.29,177.43,0
2025-000482,2025-02-18 06:30:49,S1007,C00526,P2154,Call Center,Billetera Digital,Promo 15%,2,733.21,0.0,1466.42,190.63,1275.79,427.53,0
2025-000483,2025-11-11 00:12:18,S1009,C00598,P2132,Call Center,Financiamiento,Black Friday,1,321.61,0.0,321.61,41.81,279.8,220.13,0
2025-000484,2025-08-14 07:27:11,S1024,C00444,P2042,Web,Efectivo,Black Friday,2,381.32,0.05,762.64,114.4,648.24,233.31,0
2025-000485,2025-03-27 17:05:26,S1011,C00284,P2119,Call Center,Billetera Digital,Promo 15%,3,610.46,0.2,1831.38,219.77,1611.61,363.73,0
2025-000486,2025-02-27 14:30:10,S1008,C00606,P2103,Call Center,Efectivo,Cyber Week,3,382.41,0.1,1147.23,149.14,998.09,274.37,0
2025-000487,2025-06-08 19:34:42,S1004,C00468,P2140,Web,Financiamiento,2x1,1,14.41,0.0,14.41,1.87,12.54,6.63,0
2025-000488,2025-07-30 06:24:52,S1041,C00358,P2080,Marketplace,Transferencia,Black Friday,2,301.79,0.0,603.58,78.47,525.11,221.89,0
2025-000489,2025-07-20 04:46:55,S1033,C00721,P2151,Web,Tarjeta,Sin Promo,1,209.24,0.15,209.24,31.39,177.85,116.51,1
2025-000490,2025-03-19 03:38:12,S1034,C00116,P2143,Marketplace,Billetera Digital,Cyber Week,2,157.9,0.1,315.8,47.37,268.43,101.86,0
2025-000491,2025-12-08 03:37:33,S1029,C00621,P2131,Tienda,Efectivo,Promo 15%,1,187.08,0.05,187.08,28.06,159.02,119.6,0
2025-000492,2025-03-22 09:47:35,S1016,,P2101,Tienda,Transferencia,Black Friday,6,336.53,0.0,2019.18,242.3,1776.88,262.94,0
2025-000493,2025-03-03 09:17:36,S1004,C00133,P2091,Web,Financiamiento,Promo 15%,2,541.5,0.0,1083.0,140.79,942.21,397.11,0
2025-000494,2025-07-13 10:04:39,S1038,C00236,P2037,Web,Efectivo,Cyber Week,3,499.04,0.2,1497.12,194.63,1302.49,405.23,0
2025-000495,2025-11-07 13:40:34,S1018,C00392,P2085,Web,Transferencia,2x1,1,24.82,0.2,24.82,2.98,21.84,20.07,0
2025-000496,2025-04-03 14:51:30,S1027,C00336,P2046,Web,Efectivo,Black Friday,3,362.57,0.0,1087.71,163.16,924.55,192.92,0
2025-000497,2025-02-11 02:42:19,S1043,C00497,P2111,Call Center,Billetera Digital,2x1,1,233.7,0.2,233.7,30.38,203.32,191.52,0
2025-000498,2025-11-24 22:16:34,S1007,C00165,P2019,Tienda,Billetera Digital,Promo 15%,5,400.58,0.15,2002.9,260.38,1742.52,283.84,0
2025-000499,2025-06-28 02:46:53,S1008,C00283,P2008,Tienda,Transferencia,Sin Promo,2,743.1,0.15,1486.2,193.21,1292.99,421.75,0
2025-000500,2025-01-21 22:19:34,S1040,C00747,P2024,Call Center,Financiamiento,Promo 10%,1,316.27,0.0,316.27,41.12,275.15,197.91,0
2025-000501,2025-07-20 15:51:36,S1009,C00165,P2128,Marketplace,Transferencia,Cyber Week,1,445.91,0.2,445.91,57.97,387.94,269.57,0
2025-000502,2025-01-17 00:20:14,S1004,C00533,P2157,Tienda,Efectivo,Sin Promo,3,212.21,0.05,636.63,82.76,553.87,118.28,1
2025-000503,2025-10-20 10:17:03,S1019,C00529,P2037,Call Center,Transferencia,Cyber Week,2,623.8,0.0,1247.6,187.14,1060.46,405.23,1
2025-000504,2025-05-20 09:27:50,S1008,C00677,P2075,Marketplace,Billetera Digital,Promo 15%,5,580.05,0.0,2900.25,377.03,2523.22,301.87,0
2025-000505,2025-06-04 15:41:11,S1013,C00647,P2001,Marketplace,Transferencia,Sin Promo,2,95.82,0.0,191.64,23.0,168.64,59.67,0
2025-000506,2025-05-02 17:46:36,S1019,C00194,P2069,Tienda,Efectivo,Promo 15%,3,181.97,0.05,545.91,81.89,464.02,145.02,0
2025-000507,2025-10-22 19:51:16,S1026,C00719,P2070,Marketplace,Financiamiento,Cyber Week,1,614.79,0.0,614.79,92.22,522.57,281.04,0
2025-000508,2025-10-03 12:19:31,S1014,C00153,P2158,Tienda,Billetera Digital,Promo 10%,4,542.39,0.0,2169.56,260.35,1909.21,274.83,0
2025-000509,2025-12-23 15:07:24,S1016,C00590,P2010,Call Center,Tarjeta,Sin Promo,3,323.27,0.2,969.81,116.38,853.43,210.17,0
2025-000510,2025-09-15 20:25:12,S1038,C00390,P2096,Marketplace,Transferencia,Promo 10%,1,508.8,0.2,508.8,66.14,442.66,369.96,0
2025-000511,2025-02-10 19:26:39,S1012,C00651,P2157,Web,Financiamiento,Promo 15%,4,223.38,0.0,893.52,107.22,786.3,118.28,0
2025-000512,2025-06-27 01:34:23,S1015,C00357,P2158,Marketplace,Financiamiento,2x1,4,488.15,0.1,1952.6,234.31,1718.29,274.83,0
2025-000513,2025-11-21 23:07:38,S1023,C00306,P2132,Tienda,Efectivo,Sin Promo,2,289.45,0.1,578.9,86.83,492.07,220.13,0
2025-000514,2025-04-26 11:59:39,S1014,C00264,P2049,Web,Efectivo,Black Friday,2,158.27,0.0,316.54,37.98,278.56,89.45,0
2025-000515,2025-03-15 13:54:58,S1008,C00585,P2015,Call Center,Tarjeta,Black Friday,3,156.39,0.1,469.17,60.99,408.18,122.14,1
2025-000516,2025-06-14 22:47:30,S1016,C00711,P2077,Marketplace,Billetera Digital,2x1,1,794.69,0.0,794.69,95.36,699.33,400.81,0
2025-000517,2025-09-17 03:37:51,S1023,C00262,P2132,Web,Financiamiento,2x1,1,321.61,0.0,321.61,48.24,273.37,220.13,0
2025-000518,2025-10-23 06:12:44,S1045,C00579,P2119,Tienda,Transferencia,Promo 15%,2,686.77,0.1,1373.54,178.56,1194.98,363.73,0
2025-000519,2025-04-19 06:49:39,S1005,C00656,P2060,Marketplace,Financiamiento,Promo 10%,1,344.93,0.1,344.93,44.84,300.09,245.82,0
2025-000520,2025-09-28 08:47:29,S1030,C00688,P2133,Web,Financiamiento,Black Friday,2,44.7,0.15,89.4,13.41,75.99,38.56,0
2025-000521,2025-06-25 00:02:51,S1013,C00694,P2127,Marketplace,Transferencia,Cyber Week,2,732.66,0.0,1465.32,175.84,1289.48,361.43,0
2025-000522,2025-03-14 00:54:16,S1014,C00018,P2144,Call Center,Efectivo,Black Friday,1,272.5,0.0,272.5,32.7,239.8,177.43,0
2025-000523,2025-04-03 09:19:31,S1044,C00045,P2134,Call Center,Efectivo,Cyber Week,6,229.48,0.05,1376.88,178.99,1197.89,153.79,0
2025-000524,2025-02-13 14:11:59,S1029,C00164,P2117,Tienda,Billetera Digital,Sin Promo,1,75.78,0.1,75.78,11.37,64.41,41.82,0
2025-000525,2025-04-22 14:19:58,S1028,C00745,P2074,Tienda,Tarjeta,Promo 10%,2,281.27,0.0,562.54,84.38,478.16,138.92,0
2025-000526,2025-03-23 16:44:11,S1034,C00490,P2123,Call Center,Transferencia,Sin Promo,4,175.11,0.0,700.44,105.07,595.37,112.82,0
2025-000527,2025-06-06 19:04:19,S1019,C00702,P2157,Tienda,Billetera Digital,Black Friday,1,178.7,0.2,178.7,26.8,151.9,118.28,0
2025-000528,2025-12-23 20:38:26,S1016,C00239,P2110,Tienda,Transferencia,Promo 10%,2,416.72,0.0,833.44,100.01,733.43,314.95,0
2025-000529,2025-05-08 13:13:06,S1031,C00621,P2048,Tienda,Tarjeta,Promo 10%,2,320.16,0.0,640.32,96.05,544.27,183.57,0
2025-000530,2025-08-08 08:13:31,S1026,C00787,P2145,Tienda,Tarjeta,Sin Promo,5,94.41,0.2,472.05,70.81,401.24,77.61,0
2025-000531,2025-03-26 21:29:22,S1024,C00092,P2082,Tienda,Billetera Digital,Promo 10%,3,239.21,0.15,717.63,107.64,609.99,152.77,0
2025-000532,2025-09-20 04:43:29,S1030,C00381,P2006,Marketplace,Tarjeta,Black Friday,1,402.01,0.0,402.01,60.3,341.71,287.52,0
2025-000533,2025-07-22 22:20:08,S1012,C00187,P2067,Marketplace,Billetera Digital,Cyber Week,1,553.33,0.05,553.33,66.4,486.93,420.88,0
2025-000534,2025-07-13 06:46:46,S1032,C00782,P2151,Web,Efectivo,Sin Promo,1,246.17,0.0,246.17,36.93,209.24,116.51,0
2025-000535,2025-09-28 06:36:27,S1026,C00381,P2086,Tienda,Financiamiento,Promo 10%,2,92.82,0.15,185.64,27.85,157.79,70.05,0
2025-000536,2025-08-30 08:44:36,S1018,C00004,P2023,Web,Financiamiento,Sin Promo,3,529.75,0.0,1589.25,190.71,1398.54,346.8,0
2025-000537,2025-05-27 15:55:17,S1029,C00260,P2006,Web,Billetera Digital,Promo 15%,1,402.01,0.0,402.01,60.3,341.71,287.52,0
2025-000538,2025-04-23 15:46:39,S1001,C00583,P2099,Web,Tarjeta,Promo 15%,2,235.66,0.2,471.32,61.27,410.05,231.19,0
2025-000539,2025-01-03 06:25:42,S1041,C00136,P2133,Tienda,Efectivo,Promo 10%,1,47.33,0.1,47.33,6.15,41.18,38.56,0
2025-000540,2025-11-22 16:36:15,S1001,C00420,P2131,Marketplace,Tarjeta,Sin Promo,3,167.39,0.15,502.17,65.28,436.89,119.6,0
2025-000541,2025-08-27 06:14:50,S1007,C00411,P2148,Marketplace,Tarjeta,2x1,3,674.81,0.0,2024.43,263.18,1761.25,390.62,0
2025-000542,2025-12-27 23:35:58,S1037,C00522,P2053,Tienda,Transferencia,Promo 10%,2,794.32,0.15,1588.64,206.52,1382.12,436.17,0
2025-000543,2025-03-31 05:30:20,S1021,C00752,P2150,Tienda,Billetera Digital,Black Friday,1,187.26,0.2,187.26,28.09,159.17,154.53,0
2025-000544,2025-07-23 10:21:49,S1023,C00731,P2053,Web,Financiamiento,Promo 10%,3,934.5,0.0,2803.5,420.52,2382.98,436.17,0
2025-000545,2025-05-22 23:59:59,S1019,C00531,P2046,Web,Billetera Digital,Cyber Week,3,344.44,0.05,1033.32,155.0,878.32,192.92,0
2025-000546,2025-12-30 15:58:10,S1019,,P2043,Marketplace,Financiamiento,Promo 15%,2,313.61,0.0,627.22,94.08,533.14,244.5,0
2025-000547,2025-02-01 01:39:13,S1033,C00370,P2127,Tienda,Efectivo,Promo 15%,4,732.66,0.0,2930.64,439.6,2491.04,361.43,0
2025-000548,2025-08-29 05:26:09,S1040,C00347,P2021,Marketplace,Tarjeta,Black Friday,1,439.47,0.0,439.47,57.13,382.34,239.98,0
2025-000549,2025-12-28 19:28:41,S1027,C00016,P2014,Web,Financiamiento,Promo 15%,1,430.19,0.0,430.19,64.53,365.66,296.33,0
2025-000550,2025-02-11 16:25:21,S1032,C00418,P2134,Call Center,Billetera Digital,Cyber Week,1,241.56,0.0,241.56,36.23,205.33,153.79,0
2025-000551,2025-09-08 04:47:37,S1005,C00621,P2115,Tienda,Transferencia,Sin Promo,3,353.94,0.05,1061.82,138.04,923.78,201.2,0
2025-000552,2025-06-14 14:38:09,S1002,C00395,P2063,Call Center,Billetera Digital,Sin Promo,1,70.41,0.0,70.41,9.15,61.26,34.56,0
2025-000553,2025-11-07 07:23:39,S1026,C00142,P2047,Web,Transferencia,2x1,1,433.95,0.05,433.95,65.09,368.86,295.44,1
2025-000554,2025-05-05 17:51:54,S1035,C00722,P2063,Web,Transferencia,Sin Promo,3,70.41,0.0,211.23,31.68,179.55,34.56,0
2025-000555,2025-04-10 19:22:06,S1030,C00447,P2009,Call Center,Efectivo,2x1,3,444.56,0.15,1333.68,200.05,1133.63,287.2,1
2025-000556,2025-04-14 23:47:22,S1006,C00551,P2044,Web,Billetera Digital,Promo 15%,1,454.08,0.0,454.08,59.03,395.05,214.81,0
2025-000557,2025-08-25 16:14:25,S1015,C00314,P2078,Call Center,Efectivo,Promo 10%,1,140.81,0.15,140.81,16.9,123.91,125.47,0
2025-000558,2025-04-02 22:46:43,S1030,C00411,P2079,Web,Billetera Digital,Black Friday,1,212.15,0.15,212.15,31.82,180.33,156.92,0
2025-000559,2025-08-06 00:00:19,S1037,C00727,P2134,Marketplace,Efectivo,Promo 10%,1,229.48,0.05,229.48,29.83,199.65,153.79,0
2025-000560,2025-12-15 12:56:51,S1023,C00263,P2068,Web,Billetera Digital,Promo 10%,3,234.08,0.05,702.24,105.34,596.9,122.46,0
2025-000561,2025-01-11 16:24:39,S1043,C00144,P2096,Web,Financiamiento,Promo 15%,2,540.6,0.15,1081.2,140.56,940.64,369.96,0
2025-000562,2025-09-17 21:44:21,S1003,C00214,P2055,Marketplace,Transferencia,Sin Promo,4,126.69,0.1,506.76,65.88,440.88,77.43,0
2025-000563,2025-10-26 05:53:18,S1024,C00452,P2117,Call Center,Efectivo,Promo 10%,2,84.2,0.0,168.4,25.26,143.14,41.82,0
2025-000564,2025-01-31 14:05:24,S1030,C00412,P2024,Call Center,Billetera Digital,Sin Promo,2,253.02,0.2,506.04,75.91,430.13,197.91,0
2025-000565,2025-05-21 04:55:38,S1008,C00245,P2028,Marketplace,Financiamiento,Black Friday,2,598.19,0.0,1196.38,155.53,1040.85,344.08,0
2025-000566,2025-09-03 07:18:23,S1033,C00622,P2147,Tienda,Financiamiento,Promo 10%,3,548.18,0.0,1644.54,246.68,1397.86,299.7,0
2025-000567,2025-04-02 07:44:09,S1038,C00036,P2037,Tienda,Efectivo,Promo 15%,1,561.42,0.1,561.42,72.98,488.44,405.23,0
2025-000568,2025-11-12 20:11:13,S1039,C00780,P2148,Marketplace,Efectivo,Sin Promo,2,674.81,0.0,1349.62,175.45,1174.17,390.62,0
2025-000569,2025-03-28 08:28:26,S1034,C00791,P2148,Call Center,Transferencia,2x1,3,539.85,0.2,1619.55,242.93,1376.62,390.62,0
2025-000570,2025-07-24 02:06:54,S1041,C00728,P2120,Marketplace,Transferencia,Promo 10%,1,199.5,0.0,199.5,25.94,173.56,113.2,0
2025-000571,2025-10-07 09:45:50,S1007,C00598,P2142,Web,Transferencia,2x1,3,419.81,0.15,1259.43,163.73,1095.7,331.65,0
2025-000572,2025-12-25 19:12:37,S1020,C00745,P2011,Tienda,Transferencia,Cyber Week,1,314.18,0.2,314.18,47.13,267.05,309.34,0
2025-000573,2025-02-27 13:06:15,S1007,C00479,P2154,Marketplace,Transferencia,Sin Promo,2,733.21,0.0,1466.42,190.63,1275.79,427.53,0
2025-000574,2025-06-06 12:45:54,S1038,C00624,P2022,Marketplace,Efectivo,Promo 10%,1,449.93,0.0,449.93,58.49,391.44,325.44,1
2025-000575,2025-06-11 15:52:31,S1002,C00389,P2045,Call Center,Efectivo,2x1,2,68.91,0.0,137.82,17.92,119.9,46.07,1
2025-000576,2025-04-06 12:53:50,S1013,C00116,P2135,Call Center,Transferencia,Black Friday,3,152.93,0.0,458.79,55.05,403.74,71.27,0
2025-000577,2025-10-20 14:08:28,S1039,C00309,P2068,Marketplace,Financiamiento,Cyber Week,3,209.44,0.15,628.32,81.68,546.64,122.46,0
2025-000578,2025-09-18 03:17:15,S1044,C00138,P2038,Call Center,Billetera Digital,Black Friday,1,139.95,0.0,139.95,18.19,121.76,104.22,0
2025-000579,2025-01-05 11:07:02,S1033,C00364,P2071,Web,Transferencia,Sin Promo,1,435.21,0.1,435.21,65.28,369.93,243.78,0
2025-000580,2025-11-03 14:22:46,S1039,C00083,P2005,Call Center,Transferencia,Promo 15%,3,518.63,0.05,1555.89,202.27,1353.62,390.45,0
2025-000581,2025-03-08 22:03:24,S1018,C00044,P2064,Marketplace,Billetera Digital,Promo 10%,1,86.74,0.05,86.74,10.41,76.33,57.47,0
2025-000582,2025-12-30 10:25:16,S1018,C00441,P2148,Call Center,Financiamiento,Cyber Week,3,607.33,0.1,1821.99,218.64,1603.35,390.62,0
2025-000583,2025-10-18 20:26:59,S1038,C00361,P2077,Marketplace,Tarjeta,2x1,3,794.69,0.0,2384.07,309.93,2074.14,400.81,0
2025-000584,2025-12-09 18:41:33,S1013,C00565,P2031,Marketplace,Financiamiento,Promo 15%,3,203.6,0.0,610.8,73.3,537.5,111.43,1
2025-000585,2025-10-26 10:43:51,S1013,C00660,P2031,Web,Transferencia,Black Friday,2,162.88,0.2,325.76,39.09,286.67,111.43,1
2025-000586,2025-06-26 21:40:43,S1017,C00492,P2037,Tienda,Tarjeta,2x1,3,530.23,0.15,1590.69,190.88,1399.81,405.23,0
2025-000587,2025-06-26 08:17:49,S1006,C00303,P2054,Web,Financiamiento,2x1,3,463.28,0.0,1389.84,180.68,1209.16,220.6,0
2025-000588,2025-02-23 06:22:25,S1033,C00400,P2146,Tienda,Tarjeta,Cyber Week,2,264.57,0.15,529.14,79.37,449.77,242.22,0
2025-000589,2025-10-21 02:39:54,S1028,C00447,P2077,Marketplace,Billetera Digital,Promo 10%,1,635.75,0.2,635.75,95.36,540.39,400.81,0
2025-000590,2025-02-25 18:05:50,S1016,C00157,P2110,Marketplace,Efectivo,Promo 10%,2,395.88,0.05,791.76,95.01,696.75,314.95,0
2025-000591,2025-07-16 14:27:50,S1038,C00063,P2096,Web,Efectivo,,1,636.0,0.0,636.0,82.68,553.32,369.96,1
2025-000592,2025-07-06 08:00:07,S1025,C00499,P2055,Tienda,Efectivo,Promo 10%,4,140.77,0.0,563.08,84.46,478.62,77.43,0
2025-000593,2025-01-06 18:14:19,S1019,C00157,P2030,Marketplace,Transferencia,2x1,2,541.44,0.0,1082.88,162.43,920.45,418.38,0
2025-000594,2025-03-21 06:00:54,S1006,C00684,P2144,Call Center,Tarjeta,Promo 15%,1,245.25,0.1,245.25,31.88,213.37,177.43,0
2025-000595,2025-10-19 05:51:09,S1024,C00019,P2137,Tienda,Efectivo,Promo 10%,1,407.3,0.05,407.3,61.09,346.21,246.0,0
2025-000596,2025-11-01 12:21:49,S1011,C00510,P2086,Marketplace,Efectivo,Promo 10%,2,103.74,0.05,207.48,24.9,182.58,70.05,0
2025-000597,2025-08-21 21:06:12,S1036,C00091,P2014,Web,Tarjeta,Promo 15%,1,387.17,0.1,387.17,58.08,329.09,296.33,0
2025-000598,2025-02-14 16:46:49,S1003,C00415,P2128,Marketplace,Financiamiento,Cyber Week,1,529.52,0.05,529.52,68.84,460.68,269.57,0
2025-000599,2025-01-20 22:30:00,S1014,C00204,P2055,Tienda,Efectivo,Promo 15%,1,119.65,0.15,119.65,14.36,105.29,77.43,0
2025-000600,2025-01-17 02:42:45,S1034,C00787,P2132,Tienda,Efectivo,Promo 15%,1,305.53,0.05,305.53,45.83,259.7,220.13,0
2025-000601,2025-03-14 07:55:01,S1002,C00522,P2142,Call Center,Efectivo,Black Friday,1,493.89,0.0,493.89,64.21,429.68,331.65,0
2025-000602,2025-04-16 15:26:01,S1020,C00190,P2016,Call Center,Transferencia,2x1,1,172.59,0.0,172.59,25.89,146.7,121.18,0
2025-000603,2025-08-14 15:02:32,S1011,C00144,P2117,Web,Tarjeta,Sin Promo,5,84.2,0.0,421.0,50.52,370.48,41.82,0
2025-000604,2025-12-26 11:58:55,S1022,C00665,P2018,Web,Financiamiento,Cyber Week,1,391.86,0.0,391.86,58.78,333.08,224.11,0
2025-000605,2025-08-11 03:52:36,S1020,C00673,P2052,Call Center,Efectivo,Black Friday,1,89.96,0.05,89.96,13.49,76.47,47.67,0
2025-000606,2025-11-22 20:19:28,S1006,C00305,P2107,Web,Transferencia,Black Friday,2,257.6,0.2,515.2,66.98,448.22,196.36,0
2025-000607,2025-06-25 13:07:37,S1027,C00720,P2095,Web,Billetera Digital,Promo 15%,2,729.93,0.0,1459.86,218.98,1240.88,368.2,0
2025-000608,2025-12-10 11:55:25,S1010,C00058,P2044,Marketplace,Financiamiento,Promo 10%,3,454.08,0.0,1362.24,163.47,1198.77,214.81,0
2025-000609,2025-12-28 08:10:51,S1012,C00066,P2094,Call Center,Financiamiento,Black Friday,3,595.67,0.15,1787.01,214.44,1572.57,392.99,0
2025-000610,2025-04-24 20:24:25,S1027,C00275,P2119,Tienda,Financiamiento,Promo 10%,1,763.08,0.0,763.08,114.46,648.62,363.73,1
2025-000611,2025-06-06 05:20:44,S1002,C00343,P2053,Call Center,Transferencia,Sin Promo,2,747.6,0.2,1495.2,194.38,1300.82,436.17,1
2025-000612,2025-02-17 17:47:57,S1033,C00469,P2088,Web,Billetera Digital,Promo 10%,3,571.92,0.0,1715.76,257.36,1458.4,308.2,0
2025-000613,2025-07-20 07:49:45,S1006,C00748,P2049,Marketplace,Billetera Digital,Promo 10%,4,126.62,0.2,506.48,65.84,440.64,89.45,1
2025-000614,2025-06-29 21:01:40,S1014,C00229,P2043,Web,Billetera Digital,Sin Promo,1,282.25,0.1,282.25,33.87,248.38,244.5,0
2025-000615,2025-03-14 18:57:31,S1015,C00340,P2072,Tienda,Billetera Digital,Promo 10%,1,513.93,0.15,513.93,61.67,452.26,420.23,1
2025-000616,2025-04-19 07:28:48,S1001,C00523,P2144,Marketplace,Tarjeta,Black Friday,3,245.25,0.1,735.75,95.65,640.1,177.43,0
2025-000617,2025-07-17 00:04:25,S1035,C00270,P2069,Call Center,Billetera Digital,Cyber Week,3,153.24,0.2,459.72,68.96,390.76,145.02,0
2025-000618,2025-02-25 19:03:17,S1033,C00136,P2140,Tienda,Transferencia,Cyber Week,3,11.53,0.2,34.59,5.19,29.4,6.63,0
2025-000619,2025-09-06 13:08:52,S1042,C00718,P2125,Tienda,Tarjeta,Black Friday,1,344.65,0.0,344.65,44.8,299.85,235.01,0
2025-000620,2025-06-17 00:14:30,S1007,C00314,P2121,Tienda,Efectivo,2x1,2,417.78,0.0,835.56,108.62,726.94,207.12,0
2025-000621,2025-03-28 04:58:47,S1035,C00355,P2098,Call Center,Financiamiento,Black Friday,3,580.57,0.1,1741.71,261.26,1480.45,389.5,0
2025-000622,2025-12-10 04:44:57,S1027,C00785,P2012,Web,Tarjeta,Cyber Week,2,748.91,0.05,1497.82,224.67,1273.15,363.05,0
2025-000623,2025-09-20 15:55:14,S1003,C00794,P2136,Web,Efectivo,Black Friday,5,154.8,0.0,774.0,100.62,673.38,99.42,0
2025-000624,2025-01-25 12:52:20,S1006,C00247,P2147,Web,Transferencia,Sin Promo,1,548.18,0.0,548.18,71.26,476.92,299.7,1
2025-000625,2025-03-24 23:15:02,S1019,C00464,P2115,Call Center,Efectivo,2x1,1,298.06,0.2,298.06,44.71,253.35,201.2,0
2025-000626,2025-09-05 14:46:11,S1040,C00748,P2043,Call Center,Tarjeta,Black Friday,3,297.93,0.05,893.79,116.19,777.6,244.5,0
2025-000627,2025-01-23 23:19:06,S1005,C00519,P2127,Tienda,Billetera Digital,Cyber Week,2,622.76,0.15,1245.52,161.92,1083.6,361.43,0
2025-000628,2025-12-09 07:03:45,S1040,C00400,P2151,Call Center,Tarjeta,2x1,2,246.17,0.0,492.34,64.0,428.34,116.51,0
2025-000629,2025-03-02 08:52:38,S1035,C00343,P2158,Web,Financiamiento,Sin Promo,1,461.03,0.15,461.03,69.15,391.88,274.83,0
2025-000630,2025-09-28 17:19:11,S1037,C00161,P2059,Web,Efectivo,Promo 15%,2,104.57,0.2,209.14,27.19,181.95,101.09,0
2025-000631,2025-12-16 21:11:01,S1006,C00186,P2080,Tienda,Financiamiento,Promo 10%,2,241.43,0.2,482.86,62.77,420.09,221.89,0
2025-000632,2025-05-03 09:58:55,S1019,C00413,P2154,Marketplace,Transferencia,Black Friday,5,696.55,0.05,3482.75,522.41,2960.34,427.53,0
2025-000633,2025-01-03 05:23:16,S1008,C00390,P2046,Call Center,Financiamiento,Promo 10%,2,362.57,0.0,725.14,94.27,630.87,192.92,0
2025-000634,2025-01-08 19:37:56,S1024,C00001,P2131,Tienda,Financiamiento,Sin Promo,2,196.93,0.0,393.86,59.08,334.78,119.6,0
2025-000635,2025-03-10 06:34:07,S1028,C00129,P2059,Call Center,Tarjeta,Black Friday,1,104.57,0.2,104.57,15.69,88.88,101.09,0
2025-000636,2025-06-23 05:12:43,S1029,C00478,P2081,Tienda,Tarjeta,Cyber Week,3,399.31,0.0,1197.93,179.69,1018.24,192.91,0
2025-000637,2025-11-14 01:50:30,S1021,C00379,P2119,Tienda,Billetera Digital,2x1,4,763.08,0.0,3052.32,457.85,2594.47,363.73,0
2025-000638,2025-01-31 21:59:59,S1040,C00603,P2140,Call Center,Financiamiento,2x1,1,12.25,0.15,12.25,1.59,10.66,6.63,0
2025-000639,2025-10-06 04:14:02,S1023,C00520,P2066,Web,Tarjeta,Sin Promo,2,524.71,0.0,1049.42,157.41,892.01,297.19,1
2025-000640,2025-04-16 03:34:49,S1015,C00654,P2113,Tienda,Tarjeta,Cyber Week,2,267.88,0.1,535.76,64.29,471.47,139.53,0
2025-000641,2025-06-14 17:33:34,S1027,,P2126,Web,Tarjeta,Promo 15%,1,684.14,0.0,684.14,102.62,581.52,413.19,1
2025-000642,2025-09-12 16:15:58,S1013,C00101,P2125,Web,Tarjeta,Sin Promo,1,344.65,0.0,344.65,41.36,303.29,235.01,1
2025-000643,2025-11-13 06:39:46,S1037,C00637,P2088,Web,Billetera Digital,Sin Promo,2,543.32,0.05,1086.64,141.26,945.38,308.2,0
2025-000644,2025-02-26 01:28:24,S1003,C00333,P2153,Call Center,Efectivo,Sin Promo,1,407.91,0.0,407.91,53.03,354.88,293.96,1
2025-000645,2025-11-03 19:46:52,S1034,C00604,P2047,Call Center,Efectivo,Sin Promo,1,456.79,0.0,456.79,68.52,388.27,295.44,1
2025-000646,2025-12-25 21:40:53,S1040,C00521,P2114,Marketplace,Transferencia,Black Friday,2,526.3,0.05,1052.6,136.84,915.76,274.57,0
2025-000647,2025-06-24 15:35:33,S1035,,P2101,Marketplace,Tarjeta,2x1,2,336.53,0.0,673.06,100.96,572.1,262.94,0
2025-000648,2025-10-03 11:51:09,S1006,C00435,P2127,Tienda,Billetera Digital,Black Friday,2,622.76,0.15,1245.52,161.92,1083.6,361.43,0
2025-000649,2025-03-03 20:34:08,S1018,C00726,P2084,Tienda,Billetera Digital,Cyber Week,1,10.89,0.0,10.89,1.31,9.58,8.31,0
2025-000650,2025-03-09 15:34:16,S1026,C00016,P2118,Web,Transferencia,Black Friday,2,65.15,0.0,130.3,19.55,110.75,45.65,0
2025-000651,2025-05-13 00:11:32,S1036,C00408,P2101,Tienda,Efectivo,Promo 10%,5,286.05,0.15,1430.25,214.54,1215.71,262.94,0
2025-000652,2025-02-19 15:26:55,S1043,C00490,P2054,Web,Efectivo,Black Friday,1,463.28,0.0,463.28,60.23,403.05,220.6,0
2025-000653,2025-12-12 21:03:12,S1024,C00520,P2128,Marketplace,Billetera Digital,Black Friday,6,557.39,0.0,3344.34,501.65,2842.69,269.57,0
2025-000654,2025-02-17 12:18:40,S1032,C00784,P2120,Marketplace,Efectivo,Cyber Week,1,169.57,0.15,169.57,25.44,144.13,113.2,0
2025-000655,2025-03-12 07:27:04,S1045,C00263,P2048,Call Center,Financiamiento,Promo 15%,1,320.16,0.0,320.16,41.62,278.54,183.57,1
2025-000656,2025-01-04 04:04:59,S1034,C00622,P2153,Marketplace,Tarjeta,2x1,1,326.33,0.2,326.33,48.95,277.38,293.96,0
2025-000657,2025-12-21 20:44:11,S1033,C00388,P2125,Call Center,Financiamiento,Cyber Week,1,275.72,0.2,275.72,41.36,234.36,235.01,0
2025-000658,2025-03-26 07:13:41,S1022,C00325,P2118,Call Center,Transferencia,Cyber Week,1,65.15,0.0,65.15,9.77,55.38,45.65,0
2025-000659,2025-10-21 05:04:11,S1013,C00042,P2103,Marketplace,Billetera Digital,2x1,4,424.9,0.0,1699.6,203.95,1495.65,274.37,1
2025-000660,2025-12-16 07:25:53,S1020,C00163,P2089,Web,Efectivo,2x1,5,699.71,0.05,3498.55,524.78,2973.77,351.93,0
2025-000661,2025-11-26 01:33:04,S1027,C00247,P2141,Marketplace,Transferencia,Black Friday,2,665.99,0.2,1331.98,199.8,1132.18,384.64,0
2025-000662,2025-01-28 11:43:53,S1006,C00045,P2087,Call Center,Tarjeta,Promo 10%,1,307.59,0.05,307.59,39.99,267.6,166.63,0
2025-000663,2025-12-24 20:17:49,S1025,C00102,P2158,Call Center,Financiamiento,Cyber Week,1,515.27,0.05,515.27,77.29,437.98,274.83,0
2025-000664,2025-12-31 00:53:53,S1002,C00531,P2001,Call Center,Transferencia,Black Friday,3,95.82,0.0,287.46,37.37,250.09,59.67,0
2025-000665,2025-12-18 17:32:57,S1010,C00679,P2027,Call Center,Efectivo,Cyber Week,4,315.14,0.05,1260.56,151.27,1109.29,230.42,0
2025-000666,2025-08-03 20:54:26,S1003,C00304,P2045,Call Center,Tarjeta,Black Friday,1,55.13,0.2,55.13,7.17,47.96,46.07,0
2025-000667,2025-11-20 07:36:59,S1045,C00391,P2153,Web,Efectivo,Sin Promo,2,407.91,0.0,815.82,106.06,709.76,293.96,0
2025-000668,2025-08-30 21:51:30,S1019,C00017,P2010,Web,Efectivo,Sin Promo,1,383.89,0.05,383.89,57.58,326.31,210.17,0
2025-000669,2025-09-04 02:43:48,S1018,C00689,P2147,Marketplace,Financiamiento,2x1,2,493.36,0.1,986.72,118.41,868.31,299.7,0
2025-000670,2025-04-29 08:47:38,S1019,C00040,P2111,Call Center,Efectivo,Black Friday,3,292.12,0.0,876.36,131.45,744.91,191.52,0
2025-000671,2025-03-04 18:53:45,S1036,C00336,P2104,Marketplace,Efectivo,2x1,1,667.12,0.05,667.12,100.07,567.05,405.18,0
2025-000672,2025-11-11 04:51:40,S1008,C00395,P2025,Marketplace,Transferencia,Promo 15%,6,564.63,0.15,3387.78,440.41,2947.37,394.63,1
2025-000673,2025-04-03 12:58:01,S1032,C00558,P2063,Call Center,Tarjeta,2x1,1,70.41,0.0,70.41,10.56,59.85,34.56,0
2025-000674,2025-05-05 18:16:51,S1035,C00570,P2021,Web,Billetera Digital,Promo 15%,2,351.58,0.2,703.16,105.47,597.69,239.98,0
2025-000675,2025-09-05 09:48:23,S1003,C00665,P2091,Marketplace,Billetera Digital,Sin Promo,1,541.5,0.0,541.5,70.39,471.11,397.11,0
2025-000676,2025-03-17 15:45:32,S1036,C00454,P2126,Web,Transferencia,Promo 15%,2,684.14,0.0,1368.28,205.24,1163.04,413.19,0
2025-000677,2025-08-04 19:42:44,S1012,C00148,P2149,Web,Financiamiento,Promo 15%,1,202.33,0.1,202.33,24.28,178.05,173.08,0
2025-000678,2025-11-05 13:13:41,S1002,C00328,P2010,Call Center,Billetera Digital,2x1,6,404.09,0.0,2424.54,315.19,2109.35,210.17,0
2025-000679,2025-12-16 23:13:25,S1038,C00353,P2160,Web,Tarjeta,Cyber Week,3,812.22,0.0,2436.66,316.77,2119.89,418.28,0
2025-000680,2025-02-04 08:08:44,S1021,C00029,P2006,Tienda,Efectivo,Promo 10%,4,402.01,0.0,1608.04,241.21,1366.83,287.52,0
2025-000681,2025-05-07 08:27:27,S1044,C00173,P2101,Tienda,Efectivo,Promo 15%,3,336.53,0.0,1009.59,131.25,878.34,262.94,1
2025-000682,2025-04-30 04:18:23,S1034,C00789,P2111,Tienda,Financiamiento,Promo 10%,2,262.91,0.1,525.82,78.87,446.95,191.52,0
2025-000683,2025-10-27 19:28:54,S1036,C00567,P2105,Marketplace,Transferencia,Sin Promo,2,676.15,0.0,1352.3,202.84,1149.46,320.12,0
2025-000684,2025-02-08 20:05:16,S1019,C00185,P2005,Marketplace,Efectivo,Black Friday,3,436.74,0.2,1310.22,196.53,1113.69,390.45,0
2025-000685,2025-09-07 14:11:21,S1042,C00116,P2088,Web,Transferencia,Promo 10%,2,514.73,0.1,1029.46,133.83,895.63,308.2,0
2025-000686,2025-08-29 16:59:30,S1002,C00194,P2092,Call Center,Tarjeta,Sin Promo,2,682.12,0.15,1364.24,177.35,1186.89,416.32,0
2025-000687,2025-03-28 15:08:11,S1019,C00650,P2027,Web,Tarjeta,Sin Promo,3,331.73,0.0,995.19,149.28,845.91,230.42,1
2025-000688,2025-05-21 21:39:56,S1022,C00695,P2080,Call Center,Tarjeta,Promo 15%,5,301.79,0.0,1508.95,226.34,1282.61,221.89,0
2025-000689,2025-08-27 22:41:00,S1014,C00296,P2001,Call Center,Financiamiento,Sin Promo,1,95.82,0.0,95.82,11.5,84.32,59.67,0
2025-000690,2025-05-07 15:10:12,S1043,C00298,P2075,Tienda,Transferencia,Sin Promo,3,580.05,0.0,1740.15,226.22,1513.93,301.87,1
2025-000691,2025-11-20 13:23:47,S1003,C00586,P2132,Marketplace,Billetera Digital,Sin Promo,1,321.61,0.0,321.61,41.81,279.8,220.13,0
2025-000692,2025-03-16 19:18:09,S1038,C00155,P2111,Marketplace,Tarjeta,Promo 15%,4,292.12,0.0,1168.48,151.9,1016.58,191.52,0
2025-000693,2025-11-24 20:43:15,S1045,C00051,P2054,Call Center,Tarjeta,Promo 15%,3,393.79,0.15,1181.37,153.58,1027.79,220.6,1
2025-000694,2025-05-02 07:02:11,S1043,C00029,P2006,Call Center,Tarjeta,Promo 10%,3,321.61,0.2,964.83,125.43,839.4,287.52,0
2025-000695,2025-02-20 16:34:33,S1013,C00159,P2099,Web,Efectivo,Black Friday,5,294.57,0.0,1472.85,176.74,1296.11,231.19,0
2025-000696,2025-11-24 04:11:08,S1012,C00639,P2008,Tienda,Efectivo,Cyber Week,2,699.38,0.2,1398.76,167.85,1230.91,421.75,0
2025-000697,2025-11-30 07:51:51,S1023,C00244,P2120,Marketplace,Billetera Digital,Promo 15%,1,159.6,0.2,159.6,23.94,135.66,113.2,1
2025-000698,2025-08-12 00:41:22,S1027,C00790,P2130,Tienda,Efectivo,Sin Promo,1,666.23,0.05,666.23,99.93,566.3,404.15,0
2025-000699,2025-10-01 14:05:46,S1019,C00323,P2069,Call Center,Transferencia,Black Friday,6,172.4,0.1,1034.4,155.16,879.24,145.02,1
2025-000700,2025-11-11 21:03:06,S1015,C00384,P2074,Web,Transferencia,Promo 10%,3,267.21,0.05,801.63,96.2,705.43,138.92,1
2025-000701,2025-09-27 22:08:05,S1031,C00487,P2121,Tienda,Billetera Digital,Promo 15%,2,376.0,0.1,752.0,112.8,639.2,207.12,1
2025-000702,2025-07-19 01:55:11,S1014,C00104,P2025,Marketplace,Transferencia,Promo 10%,2,664.27,0.0,1328.54,159.42,1169.12,394.63,0
2025-000703,2025-07-22 20:43:08,S1011,C00380,P2151,Marketplace,Financiamiento,Promo 15%,1,209.24,0.15,209.24,25.11,184.13,116.51,0
2025-000704,2025-11-05 03:46:58,S1002,C00083,P2011,Marketplace,Financiamiento,2x1,2,392.72,0.0,785.44,102.11,683.33,309.34,1
2025-000705,2025-06-20 03:51:30,S1033,C00431,P2116,Web,Financiamiento,Cyber Week,1,706.7,0.05,706.7,106.01,600.69,358.01,0
2025-000706,2025-10-07 20:43:01,S1023,C00369,P2096,Web,Efectivo,Sin Promo,1,636.0,0.0,636.0,95.4,540.6,369.96,0
2025-000707,2025-08-13 14:29:09,S1036,C00272,P2054,Tienda,Billetera Digital,Cyber Week,2,463.28,0.0,926.56,138.98,787.58,220.6,0
2025-000708,2025-04-10 07:48:52,S1041,C00339,P2062,Tienda,Billetera Digital,Cyber Week,1,95.11,0.15,95.11,12.36,82.75,74.21,0
2025-000709,2025-04-08 13:13:22,S1007,C00246,P2129,Tienda,Financiamiento,Promo 15%,3,403.96,0.2,1211.88,157.54,1054.34,401.84,0
2025-000710,2025-05-12 14:22:03,S1028,C00562,P2099,Web,Efectivo,Black Friday,4,235.66,0.2,942.64,141.4,801.24,231.19,1
2025-000711,2025-11-25 23:51:50,S1005,C00617,P2099,Call Center,Tarjeta,Promo 10%,2,235.66,0.2,471.32,61.27,410.05,231.19,0
2025-000712,2025-11-28 07:30:18,S1042,C00518,P2151,Tienda,Efectivo,Promo 15%,4,246.17,0.0,984.68,128.01,856.67,116.51,1
2025-000713,2025-03-05 03:05:12,S1033,C00514,P2109,Web,Transferencia,Promo 10%,2,166.62,0.2,333.24,49.99,283.25,141.94,0
2025-000714,2025-09-10 17:22:56,S1041,C00554,P2095,Tienda,Efectivo,Promo 15%,3,620.44,0.15,1861.32,241.97,1619.35,368.2,0
2025-000715,2025-03-08 01:09:28,S1045,C00089,P2059,Marketplace,Transferencia,Promo 15%,3,117.64,0.1,352.92,45.88,307.04,101.09,0
2025-000716,2025-06-30 22:27:23,S1034,C00195,P2093,Tienda,Billetera Digital,Sin Promo,1,147.96,0.0,147.96,22.19,125.77,75.0,0
2025-000717,2025-12-03 17:54:57,S1005,C00022,P2032,Web,Billetera Digital,Cyber Week,3,466.57,0.0,1399.71,181.96,1217.75,330.43,0
2025-000718,2025-12-20 00:27:23,S1005,C00040,P2113,Web,Financiamiento,Black Friday,2,238.12,0.2,476.24,61.91,414.33,139.53,0
2025-000719,2025-03-21 03:13:28,S1016,C00623,P2007,Tienda,Tarjeta,Black Friday,2,190.83,0.1,381.66,45.8,335.86,162.45,0
2025-000720,2025-08-14 08:09:33,S1002,C00625,P2030,Tienda,Efectivo,Promo 10%,2,433.15,0.2,866.3,112.62,753.68,418.38,0
2025-000721,2025-12-05 08:29:37,S1016,C00465,P2075,Web,Efectivo,2x1,2,464.04,0.2,928.08,111.37,816.71,301.87,0
2025-000722,2025-01-21 07:34:54,S1011,C00095,P2003,Web,Efectivo,Promo 15%,2,508.72,0.0,1017.44,122.09,895.35,261.5,1
2025-000723,2025-04-19 22:58:05,S1014,C00415,P2058,Marketplace,Billetera Digital,Sin Promo,3,465.91,0.0,1397.73,167.73,1230.0,324.41,0
2025-000724,2025-01-12 19:21:59,S1025,C00251,P2140,Tienda,Transferencia,Cyber Week,4,11.53,0.2,46.12,6.92,39.2,6.63,0
2025-000725,2025-09-18 05:42:30,S1043,C00739,P2062,Call Center,Tarjeta,2x1,5,111.89,0.0,559.45,72.73,486.72,74.21,0
2025-000726,2025-12-22 05:27:54,S1023,C00762,P2060,Marketplace,Billetera Digital,Promo 15%,2,383.25,0.0,766.5,114.97,651.53,245.82,0
2025-000727,2025-04-04 02:45:41,S1019,C00658,P2116,Web,Financiamiento,Sin Promo,1,743.9,0.0,743.9,111.58,632.32,358.01,0
2025-000728,2025-11-17 05:08:40,S1017,C00371,P2152,Call Center,Efectivo,Black Friday,2,499.51,0.0,999.02,119.88,879.14,338.06,0
2025-000729,2025-06-20 12:11:31,S1027,C00724,P2011,Call Center,Financiamiento,2x1,2,392.72,0.0,785.44,117.82,667.62,309.34,0
2025-000730,2025-11-29 14:52:33,S1030,C00171,P2026,Tienda,Billetera Digital,Promo 15%,2,413.93,0.1,827.86,124.18,703.68,230.43,1
2025-000731,2025-09-25 22:10:58,S1032,C00262,P2073,Call Center,Transferencia,Promo 15%,1,164.56,0.0,164.56,24.68,139.88,131.1,0
2025-000732,2025-02-11 18:30:07,S1021,C00621,P2066,Marketplace,Efectivo,Cyber Week,2,524.71,0.0,1049.42,157.41,892.01,297.19,0
2025-000733,2025-04-11 08:42:43,S1024,C00252,P2044,Web,Billetera Digital,Sin Promo,1,408.67,0.1,408.67,61.3,347.37,214.81,1
2025-000734,2025-11-17 02:49:10,S1020,C00152,P2049,Tienda,Financiamiento,Promo 10%,2,158.27,0.0,316.54,47.48,269.06,89.45,0
2025-000735,2025-06-10 12:25:47,S1027,C00095,P2021,Tienda,Efectivo,Black Friday,2,439.47,0.0,878.94,131.84,747.1,239.98,0
2025-000736,2025-02-13 17:55:10,S1005,C00483,P2160,Call Center,Transferencia,Promo 10%,1,649.78,0.2,649.78,84.47,565.31,418.28,0
2025-000737,2025-04-09 22:10:27,S1037,C00743,P2121,Web,Transferencia,Promo 15%,2,417.78,0.0,835.56,108.62,726.94,207.12,0
2025-000738,2025-10-02 19:01:17,S1041,C00389,P2056,Call Center,Tarjeta,Cyber Week,1,709.55,0.2,709.55,92.24,617.31,417.23,1
2025-000739,2025-09-10 07:59:40,S1023,C00722,P2064,Web,Efectivo,2x1,1,73.05,0.2,73.05,10.96,62.09,57.47,1
2025-000740,2025-03-21 04:44:47,S1001,C00639,P2038,Web,Billetera Digital,Sin Promo,1,111.96,0.2,111.96,14.55,97.41,104.22,1
2025-000741,2025-09-29 16:50:07,S1042,C00741,P2018,Web,Transferencia,Promo 15%,1,372.27,0.05,372.27,48.4,323.87,224.11,1
2025-000742,2025-06-08 21:18:28,S1014,C00123,P2043,Web,Efectivo,Black Friday,1,297.93,0.05,297.93,35.75,262.18,244.5,0
2025-000743,2025-04-19 13:36:16,S1028,C00164,P2060,Marketplace,Billetera Digital,2x1,3,383.25,0.0,1149.75,172.46,977.29,245.82,0
2025-000744,2025-05-25 16:41:34,S1044,C00200,P2032,Call Center,Transferencia,Sin Promo,3,396.58,0.15,1189.74,154.67,1035.07,330.43,0
2025-000745,2025-08-11 04:05:50,S1014,C00524,P2094,Web,Financiamiento,Cyber Week,1,665.75,0.05,665.75,79.89,585.86,392.99,0
2025-000746,2025-07-10 22:47:42,S1044,C00223,P2035,Marketplace,Financiamiento,Black Friday,2,906.6,0.0,1813.2,235.72,1577.48,418.3,0
2025-000747,2025-01-16 16:04:35,S1003,C00076,P2140,Tienda,Tarjeta,Promo 15%,3,14.41,0.0,43.23,5.62,37.61,6.63,0
2025-000748,2025-05-09 23:25:13,S1022,C00114,P2001,Marketplace,Financiamiento,Black Friday,2,95.82,0.0,191.64,28.75,162.89,59.67,0
2025-000749,2025-01-11 23:54:45,S1011,C00530,P2140,Marketplace,Efectivo,2x1,2,11.53,0.2,23.06,2.77,20.29,6.63,0
2025-000750,2025-11-14 20:32:18,S1045,,P2028,Web,Efectivo,2x1,2,598.19,0.0,1196.38,155.53,1040.85,344.08,0
2025-000751,2025-09-21 20:25:46,S1032,C00155,P2031,Marketplace,Tarjeta,Promo 15%,2,203.6,0.0,407.2,61.08,346.12,111.43,0
2025-000752,2025-01-25 14:45:41,S1008,C00303,P2003,Call Center,Efectivo,Promo 10%,2,508.72,0.0,1017.44,132.27,885.17,261.5,1
2025-000753,2025-12-11 11:08:33,S1034,C00755,P2099,Tienda,Efectivo,2x1,3,294.57,0.0,883.71,132.56,751.15,231.19,0
2025-000754,2025-08-17 04:05:44,S1024,C00307,P2067,Tienda,Tarjeta,Cyber Week,1,582.45,0.0,582.45,87.37,495.08,420.88,0
2025-000755,2025-11-27 12:00:21,S1038,C00398,P2070,Marketplace,Financiamiento,Cyber Week,2,614.79,0.0,1229.58,159.85,1069.73,281.04,0
2025-000756,2025-08-17 07:13:50,S1015,C00058,P2012,Tienda,Efectivo,Promo 15%,2,670.08,0.15,1340.16,160.82,1179.34,363.05,0
2025-000757,2025-07-31 10:26:21,S1012,C00258,P2078,Call Center,Transferencia,Cyber Week,1,165.66,0.0,165.66,19.88,145.78,125.47,0
2025-000758,2025-02-06 22:22:46,S1025,C00231,P2111,Marketplace,Transferencia,Promo 10%,1,292.12,0.0,292.12,43.82,248.3,191.52,0
2025-000759,2025-03-10 16:25:34,S1021,C00774,P2145,Call Center,Billetera Digital,Promo 10%,2,100.31,0.15,200.62,30.09,170.53,77.61,0
2025-000760,2025-08-30 10:03:54,S1015,C00361,P2076,Call Center,Billetera Digital,Sin Promo,2,92.64,0.05,185.28,22.23,163.05,50.2,0
2025-000761,2025-02-06 10:45:34,S1025,C00209,P2051,Web,Tarjeta,Promo 10%,2,684.37,0.2,1368.74,205.31,1163.43,394.02,0
2025-000762,2025-06-24 22:51:20,S1022,C00318,P2130,Marketplace,Financiamiento,Promo 15%,1,631.16,0.1,631.16,94.67,536.49,404.15,0
2025-000763,2025-09-30 13:33:14,S1024,C00526,P2107,Web,Transferencia,Cyber Week,1,305.9,0.05,305.9,45.88,260.02,196.36,0
2025-000764,2025-07-04 11:54:58,S1017,C00060,P2036,Marketplace,Tarjeta,2x1,1,259.77,0.1,259.77,31.17,228.6,143.03,0
2025-000765,2025-06-23 06:34:25,S1021,C00508,P2050,Web,Tarjeta,Sin Promo,4,260.25,0.05,1041.0,156.15,884.85,192.16,0
2025-000766,2025-07-16 20:06:41,S1007,C00259,P2128,Marketplace,Efectivo,Cyber Week,1,557.39,0.0,557.39,72.46,484.93,269.57,1
2025-000767,2025-03-18 00:40:01,S1040,C00327,P2064,Tienda,Financiamiento,Promo 10%,2,91.31,0.0,182.62,23.74,158.88,57.47,0
2025-000768,2025-10-09 00:52:11,S1039,C00183,P2146,Web,Financiamiento,Black Friday,1,311.26,0.0,311.26,40.46,270.8,242.22,0
2025-000769,2025-10-17 04:33:22,S1033,C00248,P2090,Web,Tarjeta,Sin Promo,1,123.88,0.0,123.88,18.58,105.3,72.93,0
2025-000770,2025-12-17 03:28:01,S1012,C00311,P2152,Web,Financiamiento,Cyber Week,2,499.51,0.0,999.02,119.88,879.14,338.06,0
2025-000771,2025-05-26 04:33:18,S1026,C00732,P2124,Call Center,Financiamiento,Sin Promo,1,451.91,0.05,451.91,67.79,384.12,351.18,0
2025-000772,2025-12-02 09:21:54,S1040,C00486,P2065,Marketplace,Efectivo,Black Friday,2,326.63,0.2,653.26,84.92,568.34,269.16,0
2025-000773,2025-10-13 23:25:09,S1009,C00662,P2114,Web,Financiamiento,Promo 15%,3,554.0,0.0,1662.0,216.06,1445.94,274.57,0
2025-000774,2025-01-20 18:18:59,S1032,C00164,P2061,Tienda,Financiamiento,Promo 15%,2,40.55,0.05,81.1,12.16,68.94,26.36,0
2025-000775,2025-01-02 17:04:59,S1004,C00452,P2102,Marketplace,Financiamiento,Cyber Week,1,400.7,0.2,400.7,52.09,348.61,270.07,0
2025-000776,2025-07-22 07:14:35,S1005,C00654,P2017,Tienda,Efectivo,Sin Promo,3,238.25,0.15,714.75,92.92,621.83,182.13,0
2025-000777,2025-08-04 06:49:23,S1038,C00160,P2092,Tienda,Billetera Digital,Black Friday,3,802.49,0.0,2407.47,312.97,2094.5,416.32,1
2025-000778,2025-08-01 14:14:27,S1035,C00517,P2056,Tienda,Financiamiento,,1,798.25,0.1,798.25,119.74,678.51,417.23,1
2025-000779,2025-06-03 17:32:59,S1001,C00005,P2150,Web,Financiamiento,Promo 10%,3,234.07,0.0,702.21,91.29,610.92,154.53,0
2025-000780,2025-03-22 18:01:07,S1008,C00547,P2055,Call Center,Transferencia,Promo 10%,2,133.73,0.05,267.46,34.77,232.69,77.43,0
2025-000781,2025-05-21 21:40:16,S1017,C00714,P2147,Tienda,Financiamiento,Sin Promo,6,493.36,0.1,2960.16,355.22,2604.94,299.7,0
2025-000782,2025-03-08 21:55:54,S1026,C00601,P2004,Call Center,Transferencia,Cyber Week,3,462.1,0.15,1386.3,207.94,1178.36,298.92,0
2025-000783,2025-04-28 12:21:42,S1039,C00627,P2016,Call Center,Tarjeta,Sin Promo,2,146.7,0.15,293.4,38.14,255.26,121.18,0
2025-000784,2025-01-02 19:29:23,S1036,C00663,P2026,Marketplace,Tarjeta,2x1,3,390.93,0.15,1172.79,175.92,996.87,230.43,0
2025-000785,2025-06-07 11:06:35,S1009,C00643,P2007,Tienda,Billetera Digital,2x1,1,212.03,0.0,212.03,27.56,184.47,162.45,1
2025-000786,2025-10-11 08:52:49,S1032,C00490,P2151,Marketplace,Tarjeta,Promo 10%,2,246.17,0.0,492.34,73.85,418.49,116.51,1
2025-000787,2025-11-06 22:18:18,S1026,C00428,P2155,Tienda,Tarjeta,Sin Promo,1,157.33,0.0,157.33,23.6,133.73,71.96,0
2025-000788,2025-11-23 22:03:29,S1024,C00109,P2088,Web,Billetera Digital,Black Friday,1,514.73,0.1,514.73,77.21,437.52,308.2,0
2025-000789,2025-08-11 02:08:02,S1021,C00400,P2056,Web,Transferencia,Black Friday,2,842.59,0.05,1685.18,252.78,1432.4,417.23,0
2025-000790,2025-04-20 23:50:24,S1023,C00416,P2006,Marketplace,Financiamiento,2x1,1,361.81,0.1,361.81,54.27,307.54,287.52,0
2025-000791,2025-04-21 17:30:18,S1004,C00414,P2050,Tienda,Transferencia,Cyber Week,1,273.95,0.0,273.95,35.61,238.34,192.16,1
2025-000792,2025-09-14 01:15:34,S1025,C00161,P2029,Call Center,Financiamiento,2x1,2,491.5,0.0,983.0,147.45,835.55,271.13,0
2025-000793,2025-11-23 00:59:09,S1001,C00335,P2025,Web,Transferencia,Promo 10%,3,597.84,0.1,1793.52,233.16,1560.36,394.63,0
2025-000794,2025-10-13 07:14:00,S1022,C00668,P2084,Marketplace,Billetera Digital,Promo 10%,2,10.89,0.0,21.78,3.27,18.51,8.31,0
2025-000795,2025-04-25 16:06:29,S1004,C00587,P2002,Marketplace,Transferencia,Cyber Week,1,290.16,0.0,290.16,37.72,252.44,134.76,0
2025-000796,2025-05-03 02:39:37,S1016,C00342,P2102,Web,Financiamiento,Promo 15%,3,425.74,0.15,1277.22,153.27,1123.95,270.07,0
2025-000797,2025-01-31 04:36:43,S1010,C00383,P2089,Web,Billetera Digital,Sin Promo,2,589.23,0.2,1178.46,141.42,1037.04,351.93,1
2025-000798,2025-01-20 18:40:15,S1038,C00278,P2121,Marketplace,Efectivo,Black Friday,2,355.11,0.15,710.22,92.33,617.89,207.12,0
2025-000799,2025-03-31 22:45:44,S1012,C00671,P2074,Web,Efectivo,Sin Promo,1,239.08,0.15,239.08,28.69,210.39,138.92,0
2025-000800,2025-11-30 03:22:49,S1009,C00338,P2107,Tienda,Financiamiento,Promo 15%,2,322.0,0.0,644.0,83.72,560.28,196.36,0
2025-000801,2025-12-22 17:32:26,S1028,C00588,P2146,Call Center,Efectivo,Black Friday,2,249.01,0.2,498.02,74.7,423.32,242.22,0
2025-000802,2025-05-25 17:27:10,S1003,C00332,P2064,Marketplace,Billetera Digital,Black Friday,2,91.31,0.0,182.62,23.74,158.88,57.47,0
2025-000803,2025-10-12 12:46:21,S1041,C00260,P2131,Tienda,Financiamiento,Cyber Week,2,196.93,0.0,393.86,51.2,342.66,119.6,1
2025-000804,2025-03-23 15:19:10,S1006,C00182,P2001,Web,Tarjeta,Promo 10%,3,95.82,0.0,287.46,37.37,250.09,59.67,1
2025-000805,2025-06-13 22:10:35,S1011,C00048,P2040,Web,Efectivo,Sin Promo,1,47.59,0.2,47.59,5.71,41.88,35.66,0
2025-000806,2025-08-24 18:22:20,S1030,C00445,P2093,Marketplace,Financiamiento,Cyber Week,1,140.56,0.05,140.56,21.08,119.48,75.0,0
2025-000807,2025-08-15 03:13:19,S1037,C00603,P2034,Web,Efectivo,2x1,2,262.95,0.0,525.9,68.37,457.53,122.22,0
2025-000808,2025-10-08 20:18:24,S1036,C00120,P2055,Call Center,Billetera Digital,2x1,4,119.65,0.15,478.6,71.79,406.81,77.43,1
2025-000809,2025-05-21 03:02:53,S1030,C00486,P2110,Call Center,Efectivo,Sin Promo,1,354.21,0.15,354.21,53.13,301.08,314.95,1
2025-000810,2025-09-13 17:59:59,S1007,C00557,P2067,Marketplace,Financiamiento,Sin Promo,1,553.33,0.05,553.33,71.93,481.4,420.88,0
2025-000811,2025-10-21 01:19:34,S1013,C00394,P2079,Marketplace,Billetera Digital,Promo 15%,1,224.63,0.1,224.63,26.96,197.67,156.92,0
2025-000812,2025-12-06 04:51:51,S1040,C00366,P2064,Marketplace,Transferencia,Promo 10%,1,91.31,0.0,91.31,11.87,79.44,57.47,0
2025-000813,2025-05-17 00:56:21,S1023,C00594,P2136,Tienda,Financiamiento,Promo 15%,1,154.8,0.0,154.8,23.22,131.58,99.42,0
2025-000814,2025-09-26 03:18:15,S1031,C00291,P2010,Call Center,Tarjeta,2x1,2,323.27,0.2,646.54,96.98,549.56,210.17,0
2025-000815,2025-01-30 10:32:56,S1014,C00795,P2035,Call Center,Transferencia,Sin Promo,3,906.6,0.0,2719.8,326.38,2393.42,418.3,0
2025-000816,2025-07-18 08:56:01,S1026,C00107,P2095,Marketplace,Financiamiento,Promo 10%,2,620.44,0.15,1240.88,186.13,1054.75,368.2,0
2025-000817,2025-11-10 22:52:06,S1045,C00458,P2153,Marketplace,Financiamiento,Cyber Week,1,326.33,0.2,326.33,42.42,283.91,293.96,0
2025-000818,2025-10-10 03:45:00,S1022,C00694,P2150,Tienda,Billetera Digital,Promo 10%,1,234.07,0.0,234.07,35.11,198.96,154.53,1
2025-000819,2025-04-22 16:15:12,S1022,C00554,P2058,Marketplace,Efectivo,2x1,3,465.91,0.0,1397.73,209.66,1188.07,324.41,0
2025-000820,2025-12-22 13:12:52,S1014,C00070,P2122,Marketplace,Financiamiento,Promo 15%,3,681.62,0.0,2044.86,245.38,1799.48,324.38,0
2025-000821,2025-10-17 21:01:45,S1038,C00190,P2050,Tienda,Financiamiento,Promo 10%,1,219.16,0.2,219.16,28.49,190.67,192.16,0
2025-000822,2025-10-31 00:08:43,S1012,C00337,P2003,Tienda,Efectivo,Promo 15%,1,457.85,0.1,457.85,54.94,402.91,261.5,0
2025-000823,2025-10-05 00:24:10,S1029,C00356,P2107,Call Center,Billetera Digital,Sin Promo,1,322.0,0.0,322.0,48.3,273.7,196.36,0
2025-000824,2025-06-24 09:59:13,S1001,C00096,P2035,Call Center,Tarjeta,Promo 10%,3,725.28,0.2,2175.84,282.86,1892.98,418.3,0
2025-000825,2025-09-09 14:24:19,S1009,,P2074,Marketplace,Tarjeta,Black Friday,2,281.27,0.0,562.54,73.13,489.41,138.92,1
2025-000826,2025-02-02 21:19:23,S1019,C00736,P2111,Tienda,Transferencia,Promo 10%,1,292.12,0.0,292.12,43.82,248.3,191.52,0
2025-000827,2025-08-23 10:02:14,S1018,C00369,P2092,Tienda,Efectivo,Sin Promo,1,722.24,0.1,722.24,86.67,635.57,416.32,0
2025-000828,2025-04-10 18:30:25,S1037,C00509,P2016,Call Center,Tarjeta,Promo 15%,3,172.59,0.0,517.77,67.31,450.46,121.18,0
2025-000829,2025-10-02 00:00:15,S1043,C00564,P2051,Marketplace,Transferencia,Promo 15%,2,855.46,0.0,1710.92,222.42,1488.5,394.02,0
2025-000830,2025-06-07 20:51:05,S1041,C00377,P2039,Marketplace,Financiamiento,Cyber Week,2,429.3,0.1,858.6,111.62,746.98,251.05,0
2025-000831,2025-10-09 18:20:21,S1013,C00776,P2035,Web,Transferencia,Promo 15%,1,725.28,0.2,725.28,87.03,638.25,418.3,0
2025-000832,2025-05-19 00:40:48,S1038,C00797,P2086,Tienda,Billetera Digital,2x1,2,98.28,0.1,196.56,25.55,171.01,70.05,0
2025-000833,2025-06-28 13:22:04,S1015,C00114,P2069,Call Center,Financiamiento,2x1,3,191.55,0.0,574.65,68.96,505.69,145.02,0
2025-000834,2025-05-10 05:02:12,S1010,C00383,P2151,Tienda,Billetera Digital,Sin Promo,1,246.17,0.0,246.17,29.54,216.63,116.51,0
2025-000835,2025-07-09 20:55:26,S1031,C00574,P2005,Marketplace,Transferencia,Sin Promo,1,545.93,0.0,545.93,81.89,464.04,390.45,0
2025-000836,2025-08-10 13:33:57,S1035,C00588,P2134,Tienda,Billetera Digital,2x1,1,241.56,0.0,241.56,36.23,205.33,153.79,0
2025-000837,2025-09-09 03:24:51,S1029,C00161,P2030,Web,Efectivo,Cyber Week,2,433.15,0.2,866.3,129.94,736.36,418.38,0
2025-000838,2025-04-10 00:44:02,S1043,C00034,P2068,Tienda,Transferencia,Cyber Week,1,221.76,0.1,221.76,28.83,192.93,122.46,0
2025-000839,2025-09-07 16:11:11,S1038,C00013,P2027,Call Center,Tarjeta,Promo 10%,2,265.38,0.2,530.76,69.0,461.76,230.42,0
2025-000840,2025-07-14 23:25:19,S1042,C00159,P2159,Marketplace,Transferencia,Sin Promo,3,544.75,0.15,1634.25,212.45,1421.8,434.27,0
2025-000841,2025-09-06 17:09:48,S1023,C00532,P2137,Marketplace,Billetera Digital,Cyber Week,4,428.74,0.0,1714.96,257.24,1457.72,246.0,0
2025-000842,2025-02-01 05:09:56,S1021,C00791,P2157,Tienda,Billetera Digital,Sin Promo,1,223.38,0.0,223.38,33.51,189.87,118.28,0
2025-000843,2025-10-13 21:33:51,S1044,C00594,P2120,Tienda,Financiamiento,2x1,1,199.5,0.0,199.5,25.94,173.56,113.2,0
2025-000844,2025-08-05 11:53:53,S1037,C00470,P2050,Call Center,Efectivo,2x1,2,246.56,0.1,493.12,64.11,429.01,192.16,0
2025-000845,2025-06-10 19:28:44,S1011,C00425,P2067,Marketplace,Transferencia,Black Friday,2,524.21,0.1,1048.42,125.81,922.61,420.88,1
2025-000846,2025-08-07 17:16:15,S1003,C00725,P2088,Tienda,Billetera Digital,Black Friday,1,543.32,0.05,543.32,70.63,472.69,308.2,0
2025-000847,2025-07-27 10:02:30,S1007,C00415,P2076,Web,Transferencia,Cyber Week,2,78.02,0.2,156.04,20.29,135.75,50.2,0
2025-000848,2025-03-07 02:56:36,S1002,C00307,P2052,Tienda,Transferencia,Promo 15%,3,75.75,0.2,227.25,29.54,197.71,47.67,0
2025-000849,2025-12-20 20:37:01,S1037,C00029,P2007,Tienda,Financiamiento,Cyber Week,1,212.03,0.0,212.03,27.56,184.47,162.45,0
2025-000850,2025-01-02 09:24:01,S1008,C00631,P2052,Call Center,Billetera Digital,Promo 15%,2,94.69,0.0,189.38,24.62,164.76,47.67,0
2025-000851,2025-08-08 01:52:11,S1020,C00737,P2085,Call Center,Transferencia,Promo 10%,1,27.92,0.1,27.92,4.19,23.73,20.07,0
2025-000852,2025-07-30 12:33:56,S1006,C00100,P2104,Call Center,Transferencia,Cyber Week,2,632.01,0.1,1264.02,164.32,1099.7,405.18,0
2025-000853,2025-03-25 05:59:08,S1044,C00578,P2078,Tienda,Tarjeta,2x1,3,165.66,0.0,496.98,64.61,432.37,125.47,0
2025-000854,2025-04-18 13:43:15,S1035,C00523,P2119,Marketplace,Financiamiento,Sin Promo,1,610.46,0.2,610.46,91.57,518.89,363.73,0
2025-000855,2025-01-31 19:02:11,S1006,C00347,P2019,Web,Billetera Digital,Promo 10%,1,471.27,0.0,471.27,61.27,410.0,283.84,0
2025-000856,2025-09-30 06:46:22,S1035,C00400,P2111,Call Center,Transferencia,2x1,3,277.51,0.05,832.53,124.88,707.65,191.52,0
2025-000857,2025-02-10 06:41:37,S1041,C00060,P2132,Marketplace,Transferencia,Promo 15%,2,289.45,0.1,578.9,75.26,503.64,220.13,0
2025-000858,2025-09-01 20:16:08,S1023,C00658,P2067,Tienda,Efectivo,Cyber Week,1,465.96,0.2,465.96,69.89,396.07,420.88,0
2025-000859,2025-07-27 13:12:34,S1039,C00698,P2057,Call Center,Tarjeta,Promo 10%,2,398.81,0.05,797.62,103.69,693.93,314.68,0
2025-000860,2025-06-03 07:43:14,S1006,C00146,P2015,Web,Billetera Digital,Cyber Week,1,139.02,0.2,139.02,18.07,120.95,122.14,0
2025-000861,2025-01-24 13:59:02,S1027,C00040,P2081,Call Center,Efectivo,Cyber Week,2,339.41,0.15,678.82,101.82,577.0,192.91,0
2025-000862,2025-09-17 03:54:58,S1045,C00574,P2025,Marketplace,Billetera Digital,Promo 15%,1,631.06,0.05,631.06,82.04,549.02,394.63,0
2025-000863,2025-01-14 22:48:40,S1031,C00614,P2078,Marketplace,Tarjeta,Promo 15%,2,165.66,0.0,331.32,49.7,281.62,125.47,0
2025-000864,2025-04-28 15:30:28,S1009,C00501,P2104,Call Center,Billetera Digital,Sin Promo,3,632.01,0.1,1896.03,246.48,1649.55,405.18,1
2025-000865,2025-05-12 13:11:22,S1031,C00339,P2109,Marketplace,Efectivo,2x1,3,197.87,0.05,593.61,89.04,504.57,141.94,1
2025-000866,2025-05-06 19:15:04,S1006,C00663,P2066,Tienda,Financiamiento,2x1,3,419.77,0.2,1259.31,163.71,1095.6,297.19,0
2025-000867,2025-09-10 22:46:31,S1031,C00167,P2094,Call Center,Financiamiento,Black Friday,3,700.79,0.0,2102.37,315.36,1787.01,392.99,0
2025-000868,2025-06-18 03:01:47,S1044,C00264,P2159,Tienda,Efectivo,Cyber Week,1,608.84,0.05,608.84,79.15,529.69,434.27,1
2025-000869,2025-05-30 10:43:10,S1041,C00049,P2092,Tienda,Billetera Digital,2x1,3,802.49,0.0,2407.47,312.97,2094.5,416.32,0
2025-000870,2025-03-21 04:00:04,S1035,C00549,P2071,Tienda,Efectivo,Promo 15%,1,411.03,0.15,411.03,61.65,349.38,243.78,0
2025-000871,2025-12-12 14:01:31,S1002,C00734,P2116,Marketplace,Billetera Digital,Sin Promo,3,743.9,0.0,2231.7,290.12,1941.58,358.01,0
2025-000872,2025-12-28 10:32:42,S1033,C00509,P2141,Call Center,Transferencia,Black Friday,1,749.24,0.1,749.24,112.39,636.85,384.64,1
2025-000873,2025-12-26 01:03:34,S1043,C00456,P2137,Call Center,Financiamiento,Sin Promo,2,364.43,0.15,728.86,94.75,634.11,246.0,1
2025-000874,2025-01-19 14:42:51,S1029,C00183,P2121,Marketplace,Efectivo,Promo 15%,2,355.11,0.15,710.22,106.53,603.69,207.12,0
2025-000875,2025-02-14 17:53:47,S1023,C00465,P2156,Web,Billetera Digital,2x1,2,65.14,0.2,130.28,19.54,110.74,55.02,0
2025-000876,2025-09-06 16:10:12,S1022,C00396,P2009,Tienda,Billetera Digital,Cyber Week,3,470.71,0.1,1412.13,211.82,1200.31,287.2,0
2025-000877,2025-05-31 09:25:40,S1016,C00251,P2045,Call Center,Financiamiento,Promo 10%,1,65.46,0.05,65.46,7.86,57.6,46.07,0
2025-000878,2025-08-27 05:16:57,S1001,C00698,P2143,Marketplace,Tarjeta,Cyber Week,3,166.67,0.05,500.01,65.0,435.01,101.86,0
2025-000879,2025-04-19 05:21:01,S1037,C00523,P2043,Web,Financiamiento,Black Friday,1,313.61,0.0,313.61,40.77,272.84,244.5,0
2025-000880,2025-04-22 05:15:19,S1025,C00446,P2050,Tienda,Tarjeta,Black Friday,1,219.16,0.2,219.16,32.87,186.29,192.16,1
2025-000881,2025-12-04 18:32:18,S1015,C00278,P2056,Web,Transferencia,Promo 15%,2,886.94,0.0,1773.88,212.87,1561.01,417.23,0
2025-000882,2025-11-22 14:09:19,S1035,C00543,P2092,Web,Billetera Digital,Promo 15%,1,641.99,0.2,641.99,96.3,545.69,416.32,0
2025-000883,2025-09-29 20:15:31,S1036,C00590,P2105,Marketplace,Financiamiento,Promo 15%,2,574.73,0.15,1149.46,172.42,977.04,320.12,0
2025-000884,2025-06-01 15:24:15,S1027,C00444,P2012,Marketplace,Billetera Digital,Cyber Week,1,630.66,0.2,630.66,94.6,536.06,363.05,0
2025-000885,2025-02-01 01:46:13,S1038,C00565,P2055,Marketplace,Billetera Digital,Cyber Week,2,126.69,0.1,253.38,32.94,220.44,77.43,0
2025-000886,2025-08-13 04:22:26,S1023,C00374,P2104,Tienda,Tarjeta,Sin Promo,4,702.23,0.0,2808.92,421.34,2387.58,405.18,0
2025-000887,2025-05-30 10:08:40,S1018,C00461,P2025,Web,Efectivo,Promo 10%,4,564.63,0.15,2258.52,271.02,1987.5,394.63,0
2025-000888,2025-06-16 11:35:33,S1018,C00141,P2042,Tienda,Transferencia,Promo 10%,4,401.39,0.0,1605.56,192.67,1412.89,233.31,0
2025-000889,2025-03-02 07:37:24,S1019,C00271,P2107,Call Center,Financiamiento,Promo 10%,1,322.0,0.0,322.0,48.3,273.7,196.36,0
2025-000890,2025-01-24 17:00:16,S1030,C00068,P2080,Web,Tarjeta,Cyber Week,5,301.79,0.0,1508.95,226.34,1282.61,221.89,0
2025-000891,2025-04-07 15:50:52,S1026,C00133,P2060,Marketplace,Financiamiento,Promo 10%,1,383.25,0.0,383.25,57.49,325.76,245.82,0
2025-000892,2025-09-28 18:10:13,S1012,C00037,P2079,Tienda,Efectivo,Promo 10%,1,237.11,0.05,237.11,28.45,208.66,156.92,0
2025-000893,2025-10-18 05:42:46,S1033,C00004,P2140,Marketplace,Billetera Digital,Cyber Week,5,12.25,0.15,61.25,9.19,52.06,6.63,0
2025-000894,2025-08-18 05:29:47,S1039,C00519,P2108,Call Center,Transferencia,Sin Promo,2,226.7,0.2,453.4,58.94,394.46,144.01,0
2025-000895,2025-11-29 18:50:59,S1024,C00457,P2095,Marketplace,Efectivo,Promo 15%,2,729.93,0.0,1459.86,218.98,1240.88,368.2,0
2025-000896,2025-07-07 06:12:02,S1009,C00680,P2079,Call Center,Efectivo,Cyber Week,1,249.59,0.0,249.59,32.45,217.14,156.92,1
2025-000897,2025-03-27 20:26:52,S1026,C00450,P2113,Call Center,Transferencia,Sin Promo,1,297.65,0.0,297.65,44.65,253.0,139.53,0
2025-000898,2025-02-19 00:21:59,S1033,C00570,P2028,Call Center,Efectivo,Promo 15%,1,538.37,0.1,538.37,80.76,457.61,344.08,0
2025-000899,2025-03-30 21:11:40,S1020,C00047,P2059,Marketplace,Efectivo,Promo 10%,1,124.17,0.05,124.17,18.63,105.54,101.09,1
2025-000900,2025-09-22 22:53:06,S1025,C00196,P2046,Call Center,Transferencia,Cyber Week,3,362.57,0.0,1087.71,163.16,924.55,192.92,0
2025-000901,2025-03-30 07:02:28,S1021,C00209,P2144,Web,Tarjeta,Sin Promo,1,272.5,0.0,272.5,40.88,231.62,177.43,0
2025-000902,2025-01-28 23:09:00,S1010,C00752,P2001,Web,Tarjeta,Promo 15%,2,95.82,0.0,191.64,23.0,168.64,59.67,0
2025-000903,2025-07-28 19:49:34,S1004,C00173,P2159,Web,Tarjeta,Promo 15%,1,576.79,0.1,576.79,74.98,501.81,434.27,0
2025-000904,2025-07-10 04:18:59,S1026,C00378,P2019,Marketplace,Efectivo,Promo 10%,3,424.14,0.1,1272.42,190.86,1081.56,283.84,0
2025-000905,2025-08-02 20:54:42,S1019,C00329,P2122,Call Center,Efectivo,2x1,2,681.62,0.0,1363.24,204.49,1158.75,324.38,0
2025-000906,2025-01-06 12:03:24,S1017,C00223,P2080,Web,Billetera Digital,Promo 10%,2,271.61,0.1,543.22,65.19,478.03,221.89,0
2025-000907,2025-06-18 11:23:45,S1042,C00582,P2008,Web,Transferencia,Black Friday,3,874.23,0.0,2622.69,340.95,2281.74,421.75,0
2025-000908,2025-03-15 17:26:07,S1004,C00521,P2085,Marketplace,Financiamiento,Cyber Week,6,27.92,0.1,167.52,21.78,145.74,20.07,0
2025-000909,2025-01-29 18:00:02,S1004,C00722,P2117,Call Center,Efectivo,Black Friday,4,84.2,0.0,336.8,43.78,293.02,41.82,1
2025-000910,2025-09-06 11:15:29,S1017,C00237,P2148,Tienda,Efectivo,Cyber Week,2,674.81,0.0,1349.62,161.95,1187.67,390.62,0
2025-000911,2025-08-11 02:17:46,S1019,C00348,P2039,Tienda,Financiamiento,Promo 15%,1,453.15,0.05,453.15,67.97,385.18,251.05,0
2025-000912,2025-10-02 21:28:12,S1039,C00562,P2020,Marketplace,Tarjeta,Cyber Week,2,44.42,0.1,88.84,11.55,77.29,32.33,0
2025-000913,2025-10-21 23:49:39,S1021,C00492,P2158,Web,Tarjeta,Black Friday,3,542.39,0.0,1627.17,244.08,1383.09,274.83,0
2025-000914,2025-04-26 09:15:06,S1007,C00234,P2086,Marketplace,Billetera Digital,2x1,1,109.2,0.0,109.2,14.2,95.0,70.05,0
2025-000915,2025-09-29 19:14:03,S1023,C00188,P2079,Call Center,Efectivo,Cyber Week,1,249.59,0.0,249.59,37.44,212.15,156.92,0
2025-000916,2025-07-04 04:43:13,S1032,C00215,P2108,Call Center,Tarjeta,Sin Promo,4,226.7,0.2,906.8,136.02,770.78,144.01,0
2025-000917,2025-11-29 11:57:44,S1009,C00276,P2114,Call Center,Efectivo,Black Friday,4,443.2,0.2,1772.8,230.46,1542.34,274.57,0
2025-000918,2025-01-02 20:26:37,S1003,C00414,P2126,Web,Transferencia,Cyber Week,2,684.14,0.0,1368.28,177.88,1190.4,413.19,1
2025-000919,2025-05-31 17:24:14,S1035,C00252,P2029,Web,Billetera Digital,Cyber Week,3,393.2,0.2,1179.6,176.94,1002.66,271.13,0
2025-000920,2025-11-13 05:29:51,S1011,C00435,P2027,Marketplace,Efectivo,2x1,1,265.38,0.2,265.38,31.85,233.53,230.42,0
2025-000921,2025-05-01 18:56:31,S1033,C00244,P2101,Tienda,Efectivo,Promo 10%,3,336.53,0.0,1009.59,151.44,858.15,262.94,0
2025-000922,2025-06-16 14:55:03,S1008,C00712,P2013,Web,Financiamiento,Black Friday,3,180.18,0.1,540.54,70.27,470.27,98.1,0
2025-000923,2025-04-21 17:27:21,S1025,,P2129,Call Center,Transferencia,Sin Promo,5,429.21,0.15,2146.05,321.91,1824.14,401.84,0
2025-000924,2025-12-02 02:41:30,S1031,C00243,P2144,Marketplace,Tarjeta,Sin Promo,1,272.5,0.0,272.5,40.88,231.62,177.43,0
2025-000925,2025-06-23 03:36:57,S1019,C00619,P2141,Marketplace,Financiamiento,Promo 15%,2,790.87,0.05,1581.74,237.26,1344.48,384.64,0
2025-000926,2025-06-30 04:01:30,S1044,C00241,P2061,Call Center,Tarjeta,Black Friday,1,42.68,0.0,42.68,5.55,37.13,26.36,0
2025-000927,2025-03-21 06:06:24,S1027,C00234,P2115,Tienda,Tarjeta,2x1,6,335.31,0.1,2011.86,301.78,1710.08,201.2,0
2025-000928,2025-04-08 15:35:27,S1026,C00015,P2017,Web,Efectivo,Black Friday,2,238.25,0.15,476.5,71.47,405.03,182.13,0
2025-000929,2025-03-11 06:26:16,S1003,C00531,P2045,Marketplace,Financiamiento,Promo 10%,3,68.91,0.0,206.73,26.87,179.86,46.07,0
2025-000930,2025-03-02 19:48:41,S1035,C00293,P2129,Tienda,Tarjeta,Cyber Week,1,504.95,0.0,504.95,75.74,429.21,401.84,0
2025-000931,2025-02-20 18:01:24,S1013,C00617,P2119,Tienda,Financiamiento,Black Friday,2,724.93,0.05,1449.86,173.98,1275.88,363.73,0
2025-000932,2025-11-24 08:21:37,S1044,C00098,P2152,Call Center,Tarjeta,Promo 10%,3,449.56,0.1,1348.68,175.33,1173.35,338.06,1
2025-000933,2025-09-27 19:21:59,S1007,C00604,P2044,Call Center,Billetera Digital,2x1,2,431.38,0.05,862.76,112.16,750.6,214.81,1
2025-000934,2025-07-26 17:07:08,S1039,C00402,P2052,Marketplace,Financiamiento,2x1,1,94.69,0.0,94.69,12.31,82.38,47.67,0
2025-000935,2025-12-24 08:28:43,S1022,C00743,P2140,Web,Financiamiento,Promo 15%,2,14.41,0.0,28.82,4.32,24.5,6.63,0
2025-000936,2025-01-02 07:02:33,S1007,C00703,P2010,Marketplace,Efectivo,Promo 10%,1,343.48,0.15,343.48,44.65,298.83,210.17,0
2025-000937,2025-04-14 20:23:16,S1007,C00659,P2144,Tienda,Tarjeta,2x1,1,258.88,0.05,258.88,33.65,225.23,177.43,0
2025-000938,2025-08-30 23:39:02,S1041,C00699,P2035,Web,Billetera Digital,Promo 15%,5,770.61,0.15,3853.05,500.9,3352.15,418.3,0
2025-000939,2025-09-14 07:12:16,S1003,C00083,P2148,Marketplace,Billetera Digital,Promo 10%,5,573.59,0.15,2867.95,372.83,2495.12,390.62,0
2025-000940,2025-08-06 16:16:56,S1045,C00676,P2088,Web,Tarjeta,Sin Promo,2,571.92,0.0,1143.84,148.7,995.14,308.2,0
2025-000941,2025-08-14 05:25:36,S1016,C00422,P2051,Marketplace,Tarjeta,Promo 15%,2,769.91,0.1,1539.82,184.78,1355.04,394.02,0
2025-000942,2025-03-17 16:19:13,S1003,C00662,P2033,Tienda,Transferencia,Promo 10%,1,80.36,0.0,80.36,10.45,69.91,61.26,1
2025-000943,2025-01-11 14:21:17,S1016,C00508,P2125,Web,Billetera Digital,Sin Promo,3,275.72,0.2,827.16,99.26,727.9,235.01,0
2025-000944,2025-08-22 19:45:57,S1003,C00082,P2066,Web,Tarjeta,Promo 15%,1,524.71,0.0,524.71,68.21,456.5,297.19,0
2025-000945,2025-02-09 18:16:15,S1020,C00716,P2135,Call Center,Billetera Digital,2x1,2,152.93,0.0,305.86,45.88,259.98,71.27,0
2025-000946,2025-12-17 22:18:27,S1019,C00574,P2145,Web,Efectivo,Cyber Week,1,118.01,0.0,118.01,17.7,100.31,77.61,0
2025-000947,2025-07-25 06:04:00,S1014,C00633,P2119,Web,Efectivo,Cyber Week,3,763.08,0.0,2289.24,274.71,2014.53,363.73,0
2025-000948,2025-02-02 23:44:45,S1016,C00179,P2120,Tienda,Efectivo,Black Friday,4,189.52,0.05,758.08,90.97,667.11,113.2,1
2025-000949,2025-12-20 10:33:46,S1023,C00321,P2035,Marketplace,Billetera Digital,Promo 10%,2,725.28,0.2,1450.56,217.58,1232.98,418.3,0
2025-000950,2025-03-04 18:58:06,S1003,C00638,P2057,Web,Tarjeta,Black Friday,1,419.8,0.0,419.8,54.57,365.23,314.68,0
2025-000951,2025-10-15 01:04:15,S1010,C00389,P2070,Tienda,Transferencia,Black Friday,2,584.05,0.05,1168.1,140.17,1027.93,281.04,0
2025-000952,2025-12-03 11:10:35,S1023,C00631,P2107,Call Center,Tarjeta,2x1,3,305.9,0.05,917.7,137.66,780.04,196.36,0
2025-000953,2025-03-24 09:52:53,S1030,C00478,P2157,Call Center,Billetera Digital,2x1,3,223.38,0.0,670.14,100.52,569.62,118.28,0
2025-000954,2025-01-14 22:20:46,S1010,C00616,P2011,Web,Efectivo,Cyber Week,1,392.72,0.0,392.72,47.13,345.59,309.34,0
2025-000955,2025-07-14 12:40:40,S1030,C00635,P2054,Call Center,Efectivo,Cyber Week,1,370.62,0.2,370.62,55.59,315.03,220.6,0
2025-000956,2025-07-12 00:29:22,S1011,C00703,P2047,Call Center,Billetera Digital,Promo 15%,5,411.11,0.1,2055.55,246.67,1808.88,295.44,0
2025-000957,2025-11-28 13:10:22,S1023,C00602,P2086,Tienda,Transferencia,Promo 10%,4,109.2,0.0,436.8,65.52,371.28,70.05,1
2025-000958,2025-08-22 18:29:57,S1038,,P2017,Tienda,Efectivo,Promo 15%,6,280.3,0.0,1681.8,218.63,1463.17,182.13,0
2025-000959,2025-01-02 01:33:51,S1016,C00448,P2050,Tienda,Billetera Digital,Cyber Week,3,273.95,0.0,821.85,98.62,723.23,192.16,0
2025-000960,2025-03-24 18:34:34,S1033,C00110,P2154,Call Center,Efectivo,2x1,4,733.21,0.0,2932.84,439.93,2492.91,427.53,0
2025-000961,2025-09-15 01:56:46,S1017,C00394,P2156,Web,Transferencia,Promo 10%,1,69.22,0.15,69.22,8.31,60.91,55.02,0
2025-000962,2025-01-22 01:52:20,S1008,C00765,P2078,Tienda,Financiamiento,Promo 15%,1,140.81,0.15,140.81,18.31,122.5,125.47,1
2025-000963,2025-09-13 03:39:14,S1007,C00593,P2133,Call Center,Tarjeta,2x1,2,44.7,0.15,89.4,11.62,77.78,38.56,0
2025-000964,2025-12-29 16:20:40,S1022,C00798,P2107,Tienda,Efectivo,Promo 10%,1,322.0,0.0,322.0,48.3,273.7,196.36,0
2025-000965,2025-12-24 15:31:39,S1039,C00190,P2034,Marketplace,Billetera Digital,Sin Promo,2,249.8,0.05,499.6,64.95,434.65,122.22,0
2025-000966,2025-10-24 20:48:00,S1005,C00230,P2104,Marketplace,Transferencia,Promo 15%,1,632.01,0.1,632.01,82.16,549.85,405.18,1
2025-000967,2025-05-27 18:54:56,S1035,C00533,P2129,Web,Transferencia,Promo 10%,3,429.21,0.15,1287.63,193.14,1094.49,401.84,0
2025-000968,2025-06-09 02:45:32,S1008,C00702,P2104,Web,Transferencia,,2,702.23,0.0,1404.46,182.58,1221.88,405.18,0
2025-000969,2025-10-13 16:20:36,S1027,C00229,P2157,Marketplace,Billetera Digital,2x1,3,201.04,0.1,603.12,90.47,512.65,118.28,0
2025-000970,2025-03-12 22:46:47,S1014,C00693,P2032,Tienda,Tarjeta,Promo 15%,1,419.91,0.1,419.91,50.39,369.52,330.43,0
2025-000971,2025-12-18 03:40:16,S1002,C00312,P2015,Marketplace,Tarjeta,2x1,1,173.77,0.0,173.77,22.59,151.18,122.14,0
2025-000972,2025-06-16 01:09:52,S1035,C00302,P2154,Call Center,Billetera Digital,,2,696.55,0.05,1393.1,208.96,1184.14,427.53,0
2025-000973,2025-08-11 18:37:18,S1036,C00011,P2113,Web,Transferencia,Promo 15%,4,297.65,0.0,1190.6,178.59,1012.01,139.53,0
2025-000974,2025-09-07 00:45:20,S1031,C00039,P2048,Web,Efectivo,Black Friday,5,320.16,0.0,1600.8,240.12,1360.68,183.57,0
2025-000975,2025-01-05 21:26:18,S1009,,P2054,Call Center,Tarjeta,2x1,1,440.12,0.05,440.12,57.22,382.9,220.6,0
2025-000976,2025-05-02 15:46:15,S1032,C00656,P2067,Web,Billetera Digital,Promo 15%,5,465.96,0.2,2329.8,349.47,1980.33,420.88,0
2025-000977,2025-04-09 14:40:44,S1031,C00446,P2038,Web,Transferencia,2x1,2,111.96,0.2,223.92,33.59,190.33,104.22,1
2025-000978,2025-11-13 03:44:17,S1010,C00004,P2033,Web,Tarjeta,Black Friday,1,76.34,0.05,76.34,9.16,67.18,61.26,0
2025-000979,2025-12-16 03:13:50,S1017,C00216,P2142,Tienda,Billetera Digital,2x1,4,419.81,0.15,1679.24,201.51,1477.73,331.65,0
2025-000980,2025-02-02 09:35:54,S1010,C00238,P2096,Web,Efectivo,Cyber Week,1,604.2,0.05,604.2,72.5,531.7,369.96,0
2025-000981,2025-02-23 22:16:22,S1031,C00798,P2056,Tienda,Efectivo,Promo 10%,4,886.94,0.0,3547.76,532.16,3015.6,417.23,0
2025-000982,2025-04-13 09:11:23,S1041,C00293,P2122,Web,Transferencia,Promo 15%,2,579.38,0.15,1158.76,150.64,1008.12,324.38,0
2025-000983,2025-09-05 01:52:39,S1001,C00609,P2095,Call Center,Efectivo,Cyber Week,4,620.44,0.15,2481.76,322.63,2159.13,368.2,0
2025-000984,2025-12-18 08:56:13,S1002,C00689,P2131,Call Center,Transferencia,Promo 10%,2,196.93,0.0,393.86,51.2,342.66,119.6,0
2025-000985,2025-05-05 21:48:51,S1019,C00262,P2139,Web,Billetera Digital,2x1,1,17.24,0.15,17.24,2.59,14.65,12.71,0
2025-000986,2025-12-12 03:19:41,S1034,C00686,P2140,Tienda,Efectivo,Black Friday,1,14.41,0.0,14.41,2.16,12.25,6.63,0
2025-000987,2025-07-17 05:50:01,S1004,C00515,P2001,Marketplace,Billetera Digital,Promo 15%,1,91.03,0.05,91.03,11.83,79.2,59.67,0
2025-000988,2025-12-02 14:22:20,S1029,C00515,P2019,Tienda,Efectivo,Cyber Week,1,377.02,0.2,377.02,56.55,320.47,283.84,0
2025-000989,2025-05-28 18:37:50,S1023,C00589,P2019,Marketplace,Efectivo,Promo 15%,1,471.27,0.0,471.27,70.69,400.58,283.84,0
2025-000990,2025-01-14 12:21:05,S1027,C00275,P2093,Web,Transferencia,2x1,6,118.37,0.2,710.22,106.53,603.69,75.0,0
2025-000991,2025-12-05 17:29:04,S1033,C00157,P2156,Call Center,Tarjeta,2x1,2,81.43,0.0,162.86,24.43,138.43,55.02,0
2025-000992,2025-06-22 02:19:10,S1015,C00757,P2109,Call Center,Tarjeta,Cyber Week,5,208.28,0.0,1041.4,124.97,916.43,141.94,0
2025-000993,2025-09-18 06:09:48,S1044,C00514,P2061,Tienda,Financiamiento,2x1,2,42.68,0.0,85.36,11.1,74.26,26.36,0
2025-000994,2025-07-07 20:12:19,S1018,C00766,P2036,Call Center,Financiamiento,Cyber Week,1,274.2,0.05,274.2,32.9,241.3,143.03,0
2025-000995,2025-08-28 14:46:22,S1026,C00141,P2092,Tienda,Billetera Digital,Black Friday,4,641.99,0.2,2567.96,385.19,2182.77,416.32,0
2025-000996,2025-12-10 17:55:21,S1042,C00676,P2140,Call Center,Transferencia,Sin Promo,2,12.25,0.15,24.5,3.19,21.31,6.63,0
2025-000997,2025-01-02 23:43:22,S1015,C00619,P2098,Web,Transferencia,Sin Promo,1,580.57,0.1,580.57,69.67,510.9,389.5,0
2025-000998,2025-11-21 07:59:59,S1020,C00789,P2065,Tienda,Tarjeta,Promo 15%,2,326.63,0.2,653.26,97.99,555.27,269.16,0
2025-000999,2025-08-25 14:59:37,S1014,C00680,P2126,Marketplace,Transferencia,Promo 15%,2,615.73,0.1,1231.46,147.78,1083.68,413.19,1
2025-001000,2025-11-24 06:23:42,S1011,C00395,P2069,Web,Tarjeta,Promo 15%,2,191.55,0.0,383.1,45.97,337.13,145.02,0
2025-001001,2025-06-09 07:26:10,S1044,C00463,P2120,Marketplace,Financiamiento,Promo 15%,2,159.6,0.2,319.2,41.5,277.7,113.2,1
2025-001002,2025-11-21 03:12:37,S1025,C00672,P2137,Web,Transferencia,Promo 15%,5,342.99,0.2,1714.95,257.24,1457.71,246.0,0
2025-001003,2025-11-23 03:45:39,S1022,C00704,P2007,Web,Efectivo,Black Friday,5,212.03,0.0,1060.15,159.02,901.13,162.45,0
2025-001004,2025-10-16 21:36:32,S1016,C00687,P2121,Marketplace,Billetera Digital,Promo 15%,2,417.78,0.0,835.56,100.27,735.29,207.12,1
2025-001005,2025-04-01 22:00:34,S1033,C00722,P2072,Tienda,Billetera Digital,2x1,1,574.39,0.05,574.39,86.16,488.23,420.23,0
2025-001006,2025-05-27 04:32:06,S1031,C00254,P2075,Marketplace,Tarjeta,Promo 15%,2,522.04,0.1,1044.08,156.61,887.47,301.87,0
2025-001007,2025-08-18 01:29:16,S1005,C00403,P2031,Call Center,Billetera Digital,2x1,4,203.6,0.0,814.4,105.87,708.53,111.43,1
2025-001008,2025-03-22 15:33:52,S1018,C00685,P2068,Tienda,Billetera Digital,Promo 15%,2,246.4,0.0,492.8,59.14,433.66,122.46,0
2025-001009,2025-02-02 00:19:17,S1005,C00580,P2108,Call Center,Financiamiento,,1,240.87,0.15,240.87,31.31,209.56,144.01,0
2025-001010,2025-03-09 03:21:03,S1018,C00364,P2082,Marketplace,Transferencia,Black Friday,5,267.35,0.05,1336.75,160.41,1176.34,152.77,0
2025-001011,2025-09-20 14:46:26,S1041,C00597,P2082,Call Center,Transferencia,Black Friday,2,239.21,0.15,478.42,62.19,416.23,152.77,0
2025-001012,2025-11-27 12:52:04,S1026,C00130,P2144,Call Center,Billetera Digital,Promo 15%,2,258.88,0.05,517.76,77.66,440.1,177.43,0
2025-001013,2025-03-22 16:32:18,S1013,C00287,P2119,Marketplace,Financiamiento,Promo 10%,1,610.46,0.2,610.46,73.26,537.2,363.73,0
2025-001014,2025-06-13 10:51:17,S1012,C00569,P2107,Marketplace,Billetera Digital,Cyber Week,2,305.9,0.05,611.8,73.42,538.38,196.36,1
2025-001015,2025-09-14 08:30:46,S1019,C00318,P2109,Marketplace,Financiamiento,Black Friday,1,208.28,0.0,208.28,31.24,177.04,141.94,0
2025-001016,2025-01-06 14:41:12,S1002,C00013,P2135,Web,Transferencia,Black Friday,2,122.34,0.2,244.68,31.81,212.87,71.27,1
2025-001017,2025-06-19 18:50:28,S1035,C00326,P2019,Tienda,Transferencia,Promo 10%,1,400.58,0.15,400.58,60.09,340.49,283.84,0
2025-001018,2025-09-16 15:54:50,S1041,C00717,P2102,Marketplace,Tarjeta,2x1,1,500.87,0.0,500.87,65.11,435.76,270.07,0
2025-001019,2025-12-27 05:11:28,S1022,C00086,P2045,Web,Transferencia,Sin Promo,2,65.46,0.05,130.92,19.64,111.28,46.07,0
2025-001020,2025-10-10 15:01:58,S1008,C00302,P2109,Call Center,Efectivo,Black Friday,3,197.87,0.05,593.61,77.17,516.44,141.94,0
2025-001021,2025-06-18 19:37:42,S1004,C00314,P2031,Marketplace,Financiamiento,Promo 15%,5,203.6,0.0,1018.0,132.34,885.66,111.43,0
2025-001022,2025-08-24 08:58:47,S1016,C00704,P2069,Web,Financiamiento,Promo 15%,2,191.55,0.0,383.1,45.97,337.13,145.02,0
2025-001023,2025-04-15 03:55:48,S1002,C00563,P2057,Tienda,Tarjeta,Cyber Week,3,419.8,0.0,1259.4,163.72,1095.68,314.68,0
2025-001024,2025-01-29 00:31:32,S1001,C00544,P2019,Call Center,Efectivo,Sin Promo,2,471.27,0.0,942.54,122.53,820.01,283.84,0
2025-001025,2025-02-07 04:13:42,S1035,C00316,P2049,Call Center,Financiamiento,2x1,1,126.62,0.2,126.62,18.99,107.63,89.45,0
2025-001026,2025-02-02 02:39:15,S1030,C00575,P2122,Web,Efectivo,Sin Promo,3,681.62,0.0,2044.86,306.73,1738.13,324.38,0
2025-001027,2025-03-19 20:24:39,S1045,C00464,P2066,Call Center,Financiamiento,Promo 10%,2,524.71,0.0,1049.42,136.42,913.0,297.19,0
2025-001028,2025-03-19 14:30:45,S1031,C00335,P2160,Marketplace,Efectivo,Promo 15%,1,812.22,0.0,812.22,121.83,690.39,418.28,0
2025-001029,2025-03-20 04:37:35,S1020,C00662,P2022,Call Center,Transferencia,Sin Promo,5,404.94,0.1,2024.7,303.7,1721.0,325.44,0
2025-001030,2025-05-02 23:43:18,S1012,C00284,P2084,Tienda,Financiamiento,Cyber Week,2,10.89,0.0,21.78,2.61,19.17,8.31,0
2025-001031,2025-06-30 20:47:04,S1027,C00342,P2156,Call Center,Billetera Digital,2x1,3,81.43,0.0,244.29,36.64,207.65,55.02,0
2025-001032,2025-02-28 04:37:34,S1039,C00061,P2121,Marketplace,Tarjeta,Promo 10%,2,355.11,0.15,710.22,92.33,617.89,207.12,0
2025-001033,2025-05-29 01:22:17,S1009,C00380,P2074,Web,Transferencia,Sin Promo,1,225.02,0.2,225.02,29.25,195.77,138.92,0
2025-001034,2025-03-19 13:31:36,S1018,C00596,P2070,Marketplace,Billetera Digital,2x1,3,614.79,0.0,1844.37,221.32,1623.05,281.04,0
2025-001035,2025-07-29 07:34:04,S1042,C00475,P2064,Call Center,Transferencia,Promo 10%,3,82.18,0.1,246.54,32.05,214.49,57.47,0
2025-001036,2025-05-05 16:38:40,S1037,C00062,P2032,Web,Transferencia,Promo 10%,1,466.57,0.0,466.57,60.65,405.92,330.43,1
2025-001037,2025-06-24 15:41:20,S1018,C00662,P2150,Marketplace,Financiamiento,Cyber Week,1,210.66,0.1,210.66,25.28,185.38,154.53,1
2025-001038,2025-01-02 17:41:56,S1040,C00438,P2074,Call Center,Financiamiento,Promo 10%,2,281.27,0.0,562.54,73.13,489.41,138.92,0
2025-001039,2025-08-10 13:47:12,S1005,C00159,P2067,Tienda,Transferencia,Sin Promo,1,495.08,0.15,495.08,64.36,430.72,420.88,0
2025-001040,2025-10-28 10:43:32,S1019,C00626,P2048,Marketplace,Tarjeta,Promo 10%,2,288.14,0.1,576.28,86.44,489.84,183.57,0
2025-001041,2025-06-13 18:47:33,S1045,C00659,P2146,Web,Tarjeta,Sin Promo,1,249.01,0.2,249.01,32.37,216.64,242.22,0
2025-001042,2025-10-19 20:02:22,S1024,C00116,P2112,Call Center,Financiamiento,Sin Promo,1,361.76,0.0,361.76,54.26,307.5,257.82,0
2025-001043,2025-06-23 18:39:14,S1043,C00487,P2024,Marketplace,Tarjeta,2x1,2,316.27,0.0,632.54,82.23,550.31,197.91,0
2025-001044,2025-10-21 02:29:51,S1031,C00647,P2122,Marketplace,Billetera Digital,Cyber Week,1,579.38,0.15,579.38,86.91,492.47,324.38,0
2025-001045,2025-09-26 06:22:24,S1007,C00118,P2031,Call Center,Tarjeta,Promo 15%,1,173.06,0.15,173.06,22.5,150.56,111.43,0
2025-001046,2025-06-27 12:53:56,S1015,C00149,P2087,Call Center,Transferencia,Black Friday,1,323.78,0.0,323.78,38.85,284.93,166.63,0
2025-001047,2025-12-03 16:00:36,S1042,C00062,P2010,Call Center,Billetera Digital,Black Friday,1,363.68,0.1,363.68,47.28,316.4,210.17,0
2025-001048,2025-02-17 01:10:22,S1019,C00753,P2074,Tienda,Transferencia,Promo 10%,2,239.08,0.15,478.16,71.72,406.44,138.92,0
2025-001049,2025-09-13 02:11:52,S1029,,P2137,Call Center,Billetera Digital,2x1,4,428.74,0.0,1714.96,257.24,1457.72,246.0,0
2025-001050,2025-10-12 06:18:20,S1012,C00108,P2111,Marketplace,Financiamiento,2x1,2,277.51,0.05,555.02,66.6,488.42,191.52,0
2025-001051,2025-05-02 08:04:46,S1005,C00329,P2114,Call Center,Tarjeta,Sin Promo,1,443.2,0.2,443.2,57.62,385.58,274.57,1
2025-001052,2025-09-13 21:21:45,S1023,C00262,P2009,Call Center,Financiamiento,2x1,2,523.01,0.0,1046.02,156.9,889.12,287.2,0
2025-001053,2025-09-01 03:50:03,S1018,C00617,P2132,Call Center,Tarjeta,Black Friday,5,257.29,0.2,1286.45,154.37,1132.08,220.13,0
2025-001054,2025-03-03 20:27:47,S1036,C00249,P2058,Tienda,Financiamiento,Black Friday,3,465.91,0.0,1397.73,209.66,1188.07,324.41,0
2025-001055,2025-04-30 17:40:31,S1040,C00575,P2126,Marketplace,Transferencia,Promo 15%,1,649.93,0.05,649.93,84.49,565.44,413.19,0
2025-001056,2025-07-12 03:05:54,S1021,C00715,P2017,Tienda,Efectivo,Promo 10%,4,252.27,0.1,1009.08,151.36,857.72,182.13,0
2025-001057,2025-11-03 08:57:19,S1038,C00391,P2025,Call Center,Transferencia,Black Friday,1,631.06,0.05,631.06,82.04,549.02,394.63,1
2025-001058,2025-09-29 11:53:36,S1041,C00734,P2115,Marketplace,Tarjeta,Promo 10%,1,335.31,0.1,335.31,43.59,291.72,201.2,0
2025-001059,2025-04-24 15:19:48,S1018,C00585,P2036,Tienda,Efectivo,2x1,4,288.63,0.0,1154.52,138.54,1015.98,143.03,0
2025-001060,2025-07-21 22:15:27,S1003,C00119,P2095,Tienda,Financiamiento,2x1,1,729.93,0.0,729.93,94.89,635.04,368.2,0
2025-001061,2025-06-11 12:28:35,S1005,C00079,P2136,Web,Financiamiento,Black Friday,1,147.06,0.05,147.06,19.12,127.94,99.42,0
2025-001062,2025-05-12 17:30:30,S1036,C00317,P2156,Marketplace,Transferencia,Sin Promo,3,73.29,0.1,219.87,32.98,186.89,55.02,1
2025-001063,2025-04-10 07:28:31,S1041,C00073,P2001,Tienda,Efectivo,2x1,1,91.03,0.05,91.03,11.83,79.2,59.67,0
2025-001064,2025-12-25 07:21:26,S1026,C00706,P2083,Call Center,Tarjeta,Sin Promo,5,497.25,0.05,2486.25,372.94,2113.31,334.59,0
2025-001065,2025-06-14 06:38:21,S1009,C00207,P2085,Tienda,Billetera Digital,Sin Promo,1,31.02,0.0,31.02,4.03,26.99,20.07,0
2025-001066,2025-12-25 06:16:49,S1030,C00422,P2095,Tienda,Tarjeta,Sin Promo,4,693.43,0.05,2773.72,416.06,2357.66,368.2,0
2025-001067,2025-12-07 08:35:51,S1030,C00453,P2048,Marketplace,Billetera Digital,Sin Promo,5,288.14,0.1,1440.7,216.1,1224.6,183.57,0
2025-001068,2025-09-01 07:08:38,S1032,C00374,P2139,Tienda,Billetera Digital,Sin Promo,1,20.28,0.0,20.28,3.04,17.24,12.71,0
2025-001069,2025-11-07 15:27:32,S1039,C00549,P2118,Tienda,Billetera Digital,Sin Promo,1,61.89,0.05,61.89,8.05,53.84,45.65,1
2025-001070,2025-10-25 12:19:42,S1003,C00485,P2159,Marketplace,Tarjeta,Black Friday,2,576.79,0.1,1153.58,149.97,1003.61,434.27,0
2025-001071,2025-08-19 14:08:28,S1041,C00150,P2018,Marketplace,Billetera Digital,Cyber Week,1,372.27,0.05,372.27,48.4,323.87,224.11,0
2025-001072,2025-02-26 07:49:26,S1010,C00652,P2094,Marketplace,Billetera Digital,Black Friday,1,630.71,0.1,630.71,75.69,555.02,392.99,0
2025-001073,2025-08-23 23:03:07,S1008,C00187,P2159,Call Center,Financiamiento,2x1,1,640.88,0.0,640.88,83.31,557.57,434.27,1
2025-001074,2025-12-25 20:00:19,S1027,C00446,P2096,Call Center,Billetera Digital,Black Friday,3,636.0,0.0,1908.0,286.2,1621.8,369.96,0
2025-001075,2025-03-30 04:25:27,S1031,C00511,P2096,Marketplace,Financiamiento,Sin Promo,3,540.6,0.15,1621.8,243.27,1378.53,369.96,1
2025-001076,2025-02-02 00:45:25,S1010,C00617,P2024,Marketplace,Tarjeta,Cyber Week,1,253.02,0.2,253.02,30.36,222.66,197.91,1
2025-001077,2025-10-03 06:32:24,S1040,C00376,P2111,Web,Financiamiento,Black Friday,1,277.51,0.05,277.51,36.08,241.43,191.52,0
2025-001078,2025-08-25 17:12:00,S1025,C00484,P2123,Marketplace,Billetera Digital,Black Friday,1,166.35,0.05,166.35,24.95,141.4,112.82,0
2025-001079,2025-07-31 00:05:59,S1038,C00706,P2080,Web,Transferencia,2x1,1,256.52,0.15,256.52,33.35,223.17,221.89,0
2025-001080,2025-05-10 20:03:44,S1036,C00567,P2129,Marketplace,Efectivo,Promo 10%,1,403.96,0.2,403.96,60.59,343.37,401.84,0
2025-001081,2025-08-06 21:33:05,S1017,C00177,P2030,Tienda,Financiamiento,Promo 15%,3,514.37,0.05,1543.11,185.17,1357.94,418.38,0
2025-001082,2025-01-03 08:23:10,S1038,C00598,P2022,Marketplace,Financiamiento,Cyber Week,6,359.94,0.2,2159.64,280.75,1878.89,325.44,0
2025-001083,2025-09-10 16:42:35,S1040,C00099,P2125,Call Center,Billetera Digital,Sin Promo,1,327.42,0.05,327.42,42.56,284.86,235.01,0
2025-001084,2025-05-25 13:52:48,S1017,C00198,P2022,Tienda,Transferencia,Cyber Week,1,359.94,0.2,359.94,43.19,316.75,325.44,0
2025-001085,2025-02-27 12:54:19,S1033,C00062,P2121,Tienda,Efectivo,2x1,2,376.0,0.1,752.0,112.8,639.2,207.12,0
2025-001086,2025-03-17 08:03:34,S1040,C00083,P2137,Web,Billetera Digital,Promo 10%,3,428.74,0.0,1286.22,167.21,1119.01,246.0,0
2025-001087,2025-02-18 00:55:10,S1041,C00442,P2140,Marketplace,Efectivo,Sin Promo,1,11.53,0.2,11.53,1.5,10.03,6.63,0
2025-001088,2025-11-05 23:55:58,S1009,C00576,P2154,Web,Transferencia,Promo 10%,1,623.23,0.15,623.23,81.02,542.21,427.53,0
2025-001089,2025-03-24 22:00:51,S1023,C00640,P2049,Tienda,Billetera Digital,Cyber Week,2,134.53,0.15,269.06,40.36,228.7,89.45,0
2025-001090,2025-01-27 00:10:00,S1027,C00732,P2057,Marketplace,Efectivo,Sin Promo,3,335.84,0.2,1007.52,151.13,856.39,314.68,0
2025-001091,2025-05-17 06:59:44,S1004,C00452,P2153,Marketplace,Billetera Digital,Cyber Week,3,387.51,0.05,1162.53,151.13,1011.4,293.96,0
2025-001092,2025-09-16 14:46:49,S1021,C00249,P2043,Web,Transferencia,2x1,3,313.61,0.0,940.83,141.12,799.71,244.5,0
2025-001093,2025-08-16 21:10:54,S1020,C00473,P2116,Web,Billetera Digital,Black Friday,5,706.7,0.05,3533.5,530.02,3003.48,358.01,0
2025-001094,2025-07-01 06:06:56,S1014,C00757,P2142,Tienda,Billetera Digital,Cyber Week,2,493.89,0.0,987.78,118.53,869.25,331.65,0
2025-001095,2025-06-28 14:23:29,S1003,C00041,P2026,Tienda,Billetera Digital,Black Friday,2,459.92,0.0,919.84,119.58,800.26,230.43,0
2025-001096,2025-03-06 10:32:28,S1044,C00390,P2042,Web,Efectivo,Promo 10%,2,401.39,0.0,802.78,104.36,698.42,233.31,0
2025-001097,2025-09-30 16:23:03,S1020,C00446,P2149,Web,Billetera Digital,Black Friday,6,213.57,0.05,1281.42,192.21,1089.21,173.08,0
2025-001098,2025-01-30 14:19:26,S1025,C00424,P2031,Web,Efectivo,Promo 15%,2,203.6,0.0,407.2,61.08,346.12,111.43,0
2025-001099,2025-02-08 16:34:13,S1009,C00772,P2066,Marketplace,Billetera Digital,Cyber Week,1,524.71,0.0,524.71,68.21,456.5,297.19,0
2025-001100,2025-02-03 14:08:06,S1014,C00704,P2036,Web,Financiamiento,Black Friday,4,259.77,0.1,1039.08,124.69,914.39,143.03,0
2025-001101,2025-09-29 13:01:09,S1016,C00487,P2009,Tienda,Tarjeta,Black Friday,1,470.71,0.1,470.71,56.49,414.22,287.2,1
2025-001102,2025-10-27 09:22:56,S1007,C00478,P2085,Call Center,Efectivo,Promo 10%,3,31.02,0.0,93.06,12.1,80.96,20.07,0
2025-001103,2025-11-14 15:19:56,S1007,C00071,P2016,Tienda,Tarjeta,Promo 10%,4,172.59,0.0,690.36,89.75,600.61,121.18,0
2025-001104,2025-01-13 05:56:35,S1024,C00226,P2125,Marketplace,Billetera Digital,Promo 10%,1,310.19,0.1,310.19,46.53,263.66,235.01,1
2025-001105,2025-04-27 17:20:51,S1008,C00019,P2135,Marketplace,Billetera Digital,Promo 15%,2,137.64,0.1,275.28,35.79,239.49,71.27,0
2025-001106,2025-08-24 18:50:50,S1036,C00013,P2106,Call Center,Efectivo,Sin Promo,1,369.14,0.2,369.14,55.37,313.77,310.34,1
2025-001107,2025-08-19 23:18:20,S1026,C00387,P2126,Web,Transferencia,Sin Promo,2,615.73,0.1,1231.46,184.72,1046.74,413.19,0
2025-001108,2025-06-19 08:03:35,S1020,C00178,P2133,Tienda,Transferencia,Black Friday,1,44.7,0.15,44.7,6.71,37.99,38.56,0
2025-001109,2025-11-21 17:08:55,S1025,C00390,P2034,Tienda,Efectivo,Cyber Week,1,262.95,0.0,262.95,39.44,223.51,122.22,0
2025-001110,2025-07-03 16:50:22,S1001,C00390,P2026,Marketplace,Efectivo,2x1,1,436.92,0.05,436.92,56.8,380.12,230.43,0
2025-001111,2025-03-23 01:43:18,S1039,C00729,P2041,Web,Billetera Digital,Sin Promo,3,39.54,0.15,118.62,15.42,103.2,34.06,0
2025-001112,2025-01-24 09:44:39,S1002,C00454,P2026,Tienda,Transferencia,,2,413.93,0.1,827.86,107.62,720.24,230.43,0
2025-001113,2025-10-22 05:48:26,S1021,C00341,P2140,Web,Tarjeta,Promo 15%,4,12.97,0.1,51.88,7.78,44.1,6.63,0
2025-001114,2025-11-09 16:06:44,S1031,C00206,P2044,Marketplace,Tarjeta,Promo 10%,1,408.67,0.1,408.67,61.3,347.37,214.81,0
2025-001115,2025-03-29 18:13:18,S1017,C00154,P2153,Web,Tarjeta,Promo 10%,1,346.72,0.15,346.72,41.61,305.11,293.96,0
2025-001116,2025-05-30 05:53:21,S1032,C00073,P2035,Tienda,Transferencia,Sin Promo,1,906.6,0.0,906.6,135.99,770.61,418.3,0
2025-001117,2025-09-15 01:15:49,S1040,C00166,P2072,Call Center,Tarjeta,2x1,1,604.62,0.0,604.62,78.6,526.02,420.23,1
2025-001118,2025-05-10 23:56:18,S1018,C00462,P2019,Tienda,Billetera Digital,Promo 15%,2,471.27,0.0,942.54,113.1,829.44,283.84,0
2025-001119,2025-12-09 01:19:37,S1017,C00540,P2141,Web,Tarjeta,Cyber Week,1,749.24,0.1,749.24,89.91,659.33,384.64,0
2025-001120,2025-03-06 17:41:17,S1005,C00254,P2083,Tienda,Tarjeta,Black Friday,2,471.08,0.1,942.16,122.48,819.68,334.59,0
2025-001121,2025-08-06 19:39:19,S1010,C00305,P2137,Web,Transferencia,Sin Promo,4,364.43,0.15,1457.72,174.93,1282.79,246.0,0
2025-001122,2025-10-05 07:47:26,S1038,C00557,P2120,Tienda,Billetera Digital,Promo 15%,4,199.5,0.0,798.0,103.74,694.26,113.2,0
2025-001123,2025-06-26 13:54:52,S1028,C00418,P2077,Web,Efectivo,Promo 10%,2,675.49,0.15,1350.98,202.65,1148.33,400.81,0
2025-001124,2025-07-09 09:08:55,S1019,C00675,P2110,Marketplace,Tarjeta,Cyber Week,4,333.38,0.2,1333.52,200.03,1133.49,314.95,0
2025-001125,2025-02-11 07:34:09,S1037,C00228,P2108,Marketplace,Transferencia,Cyber Week,3,226.7,0.2,680.1,88.41,591.69,144.01,0
2025-001126,2025-04-05 06:47:59,S1027,C00116,P2119,Tienda,Billetera Digital,Promo 10%,2,724.93,0.05,1449.86,217.48,1232.38,363.73,0
2025-001127,2025-09-27 11:12:57,S1039,C00486,P2128,Web,Transferencia,Black Friday,3,501.65,0.1,1504.95,195.64,1309.31,269.57,0
2025-001128,2025-11-30 18:18:49,S1020,C00153,P2002,Tienda,Financiamiento,2x1,1,290.16,0.0,290.16,43.52,246.64,134.76,0
2025-001129,2025-03-05 10:07:46,S1026,C00065,P2067,Call Center,Transferencia,Cyber Week,2,582.45,0.0,1164.9,174.74,990.16,420.88,0
2025-001130,2025-11-06 06:54:20,S1027,C00675,P2158,Tienda,Billetera Digital,,2,461.03,0.15,922.06,138.31,783.75,274.83,0
2025-001131,2025-09-06 23:44:16,S1026,C00366,P2146,Marketplace,Tarjeta,Black Friday,1,280.13,0.1,280.13,42.02,238.11,242.22,0
2025-001132,2025-12-29 21:43:06,S1034,C00400,P2003,Marketplace,Financiamiento,2x1,1,483.28,0.05,483.28,72.49,410.79,261.5,0
2025-001133,2025-07-27 01:24:03,S1032,C00336,P2102,Marketplace,Tarjeta,Black Friday,1,475.83,0.05,475.83,71.37,404.46,270.07,0
2025-001134,2025-07-12 15:25:35,S1018,C00007,P2030,Marketplace,Financiamiento,Promo 10%,1,541.44,0.0,541.44,64.97,476.47,418.38,0
2025-001135,2025-12-17 16:25:15,S1028,C00506,P2128,Tienda,Transferencia,Promo 10%,2,557.39,0.0,1114.78,167.22,947.56,269.57,0
2025-001136,2025-11-05 02:43:13,S1029,C00098,P2095,Call Center,Billetera Digital,Black Friday,6,693.43,0.05,4160.58,624.09,3536.49,368.2,1
2025-001137,2025-08-01 00:08:26,S1023,C00134,P2117,Tienda,Financiamiento,Sin Promo,1,84.2,0.0,84.2,12.63,71.57,41.82,0
2025-001138,2025-10-04 15:32:23,S1002,C00232,P2003,Marketplace,Billetera Digital,Promo 15%,1,483.28,0.05,483.28,62.83,420.45,261.5,0
2025-001139,2025-05-19 03:00:36,S1013,C00414,P2126,Web,Billetera Digital,Sin Promo,2,684.14,0.0,1368.28,164.19,1204.09,413.19,0
2025-001140,2025-11-01 01:59:20,S1003,C00260,P2057,Tienda,Transferencia,Cyber Week,1,356.83,0.15,356.83,46.39,310.44,314.68,0
2025-001141,2025-09-26 00:45:37,S1003,C00242,P2021,Web,Billetera Digital,Promo 10%,1,439.47,0.0,439.47,57.13,382.34,239.98,0
2025-001142,2025-02-15 05:38:11,S1030,C00128,P2069,Web,Efectivo,2x1,2,191.55,0.0,383.1,57.47,325.63,145.02,1
2025-001143,2025-05-27 22:49:06,S1014,C00422,P2149,Call Center,Efectivo,Cyber Week,2,224.81,0.0,449.62,53.95,395.67,173.08,1
2025-001144,2025-01-02 10:19:12,S1001,C00621,P2129,Web,Financiamiento,Promo 15%,4,429.21,0.15,1716.84,223.19,1493.65,401.84,0
2025-001145,2025-06-27 07:06:28,S1028,C00787,P2097,Marketplace,Financiamiento,2x1,1,521.13,0.0,521.13,78.17,442.96,298.37,0
2025-001146,2025-07-10 09:30:04,S1003,C00229,P2034,Marketplace,Tarjeta,Promo 10%,1,262.95,0.0,262.95,34.18,228.77,122.22,0
2025-001147,2025-05-07 21:43:46,S1045,C00562,P2150,Web,Efectivo,Black Friday,1,198.96,0.15,198.96,25.86,173.1,154.53,1
2025-001148,2025-05-23 04:19:35,S1019,C00359,P2100,Marketplace,Financiamiento,Promo 10%,3,571.97,0.0,1715.91,257.39,1458.52,422.9,0
2025-001149,2025-10-08 02:04:43,S1035,C00260,P2005,Marketplace,Tarjeta,Promo 15%,2,436.74,0.2,873.48,131.02,742.46,390.45,1
2025-001150,2025-11-14 20:26:20,S1037,C00488,P2083,Call Center,Efectivo,Sin Promo,1,523.42,0.0,523.42,68.04,455.38,334.59,0
2025-001151,2025-10-28 20:32:31,S1029,,P2085,Tienda,Transferencia,2x1,2,31.02,0.0,62.04,9.31,52.73,20.07,0
2025-001152,2025-03-17 03:40:00,S1020,C00459,P2092,Call Center,Financiamiento,Promo 15%,1,722.24,0.1,722.24,108.34,613.9,416.32,0
2025-001153,2025-08-10 03:28:11,S1029,C00066,P2026,Tienda,Billetera Digital,Cyber Week,1,459.92,0.0,459.92,68.99,390.93,230.43,0
2025-001154,2025-02-01 14:08:07,S1007,C00396,P2054,Web,Tarjeta,Promo 15%,1,463.28,0.0,463.28,60.23,403.05,220.6,0
2025-001155,2025-03-06 02:21:49,S1017,C00041,P2145,Web,Financiamiento,Black Friday,3,118.01,0.0,354.03,42.48,311.55,77.61,1
2025-001156,2025-10-30 21:48:13,S1004,C00125,P2119,Web,Financiamiento,Cyber Week,5,686.77,0.1,3433.85,446.4,2987.45,363.73,0
2025-001157,2025-07-01 15:56:01,S1041,C00185,P2036,Call Center,Tarjeta,Promo 10%,2,245.34,0.15,490.68,63.79,426.89,143.03,1
2025-001158,2025-03-16 00:38:35,S1032,C00601,P2063,Marketplace,Efectivo,Sin Promo,2,70.41,0.0,140.82,21.12,119.7,34.56,0
2025-001159,2025-10-22 12:23:16,S1025,C00471,P2048,Tienda,Billetera Digital,Promo 10%,1,304.15,0.05,304.15,45.62,258.53,183.57,0
2025-001160,2025-09-28 11:23:02,S1038,C00255,P2087,Web,Billetera Digital,Cyber Week,1,323.78,0.0,323.78,42.09,281.69,166.63,0
2025-001161,2025-04-03 18:19:07,S1043,C00481,P2052,Tienda,Transferencia,Sin Promo,1,94.69,0.0,94.69,12.31,82.38,47.67,0
2025-001162,2025-04-14 20:41:09,S1034,C00727,P2108,Call Center,Financiamiento,Black Friday,5,283.38,0.0,1416.9,212.53,1204.37,144.01,0
2025-001163,2025-12-17 00:51:17,S1010,C00584,P2127,Marketplace,Efectivo,2x1,2,732.66,0.0,1465.32,175.84,1289.48,361.43,1
2025-001164,2025-01-24 13:48:04,S1038,C00759,P2068,Tienda,Billetera Digital,Promo 10%,3,246.4,0.0,739.2,96.1,643.1,122.46,0
2025-001165,2025-08-13 11:22:25,S1017,C00146,P2126,Web,Transferencia,Sin Promo,1,684.14,0.0,684.14,82.1,602.04,413.19,0
2025-001166,2025-04-27 00:54:01,S1033,C00188,P2144,Tienda,Transferencia,Cyber Week,2,272.5,0.0,545.0,81.75,463.25,177.43,0
2025-001167,2025-11-05 19:43:04,S1002,C00054,P2023,Marketplace,Financiamiento,Promo 10%,3,450.29,0.15,1350.87,175.61,1175.26,346.8,0
2025-001168,2025-09-27 22:39:20,S1024,C00106,P2004,Marketplace,Transferencia,Promo 15%,4,543.65,0.0,2174.6,326.19,1848.41,298.92,0
2025-001169,2025-02-17 22:36:02,S1039,C00079,P2106,Tienda,Billetera Digital,Black Friday,1,461.42,0.0,461.42,59.98,401.44,310.34,0
2025-001170,2025-05-07 11:14:57,S1023,C00663,P2099,Marketplace,Billetera Digital,Promo 15%,1,250.38,0.15,250.38,37.56,212.82,231.19,0
2025-001171,2025-01-13 00:57:23,S1044,C00750,P2095,Marketplace,Billetera Digital,Promo 15%,2,693.43,0.05,1386.86,180.29,1206.57,368.2,0
2025-001172,2025-02-07 14:54:05,S1035,C00206,P2107,Marketplace,Tarjeta,Sin Promo,2,322.0,0.0,644.0,96.6,547.4,196.36,0
2025-001173,2025-06-02 10:07:12,S1041,C00051,P2013,Call Center,Transferencia,Sin Promo,2,200.2,0.0,400.4,52.05,348.35,98.1,0
2025-001174,2025-03-30 05:27:49,S1019,C00509,P2035,Web,Transferencia,Black Friday,1,725.28,0.2,725.28,108.79,616.49,418.3,0
2025-001175,2025-05-03 00:40:35,S1001,C00183,P2042,Web,Financiamiento,Promo 15%,3,401.39,0.0,1204.17,156.54,1047.63,233.31,0
2025-001176,2025-12-25 20:55:30,S1035,C00432,P2048,Marketplace,Transferencia,Black Friday,2,256.13,0.2,512.26,76.84,435.42,183.57,0
2025-001177,2025-08-19 11:46:34,S1005,C00277,P2065,Call Center,Efectivo,Promo 10%,1,326.63,0.2,326.63,42.46,284.17,269.16,1
2025-001178,2025-11-22 16:41:15,S1010,C00723,P2092,Web,Financiamiento,Cyber Week,3,802.49,0.0,2407.47,288.9,2118.57,416.32,0
2025-001179,2025-03-02 21:55:54,S1021,C00128,P2104,Web,Financiamiento,Black Friday,3,632.01,0.1,1896.03,284.4,1611.63,405.18,0
2025-001180,2025-09-16 10:26:12,S1021,C00737,P2115,Web,Transferencia,Black Friday,6,353.94,0.05,2123.64,318.55,1805.09,201.2,0
2025-001181,2025-09-03 21:18:13,S1024,C00408,P2010,Tienda,Transferencia,Sin Promo,1,383.89,0.05,383.89,57.58,326.31,210.17,0
2025-001182,2025-11-08 00:28:27,S1030,C00223,P2069,Web,Billetera Digital,Promo 15%,1,191.55,0.0,191.55,28.73,162.82,145.02,0
2025-001183,2025-08-14 22:23:00,S1029,C00694,P2138,Marketplace,Billetera Digital,Promo 10%,1,684.1,0.05,684.1,102.61,581.49,375.47,0
2025-001184,2025-12-09 16:31:31,S1024,C00040,P2103,Tienda,Tarjeta,Promo 10%,5,382.41,0.1,1912.05,286.81,1625.24,274.37,0
2025-001185,2025-05-24 17:23:17,S1031,C00548,P2143,Call Center,Efectivo,Promo 15%,6,175.44,0.0,1052.64,157.9,894.74,101.86,0
2025-001186,2025-06-16 19:29:41,S1009,C00768,P2121,Web,Efectivo,Promo 10%,2,417.78,0.0,835.56,108.62,726.94,207.12,0
2025-001187,2025-02-28 14:47:38,S1045,C00156,P2108,Web,Transferencia,Cyber Week,2,283.38,0.0,566.76,73.68,493.08,144.01,0
2025-001188,2025-08-16 08:22:24,S1039,C00271,P2051,Tienda,Financiamiento,Sin Promo,1,855.46,0.0,855.46,111.21,744.25,394.02,1
2025-001189,2025-11-05 17:55:30,S1001,C00691,P2139,Call Center,Tarjeta,Black Friday,1,17.24,0.15,17.24,2.24,15.0,12.71,0
2025-001190,2025-04-16 11:27:18,S1030,C00273,P2155,Call Center,Financiamiento,Black Friday,1,157.33,0.0,157.33,23.6,133.73,71.96,0
2025-001191,2025-08-13 09:30:33,S1040,C00137,P2014,Tienda,Financiamiento,Promo 15%,2,344.15,0.2,688.3,89.48,598.82,296.33,0
2025-001192,2025-08-14 21:51:23,S1040,C00179,P2151,Web,Transferencia,Cyber Week,3,246.17,0.0,738.51,96.01,642.5,116.51,1
2025-001193,2025-03-28 05:22:07,S1002,C00438,P2043,Web,Tarjeta,Sin Promo,3,313.61,0.0,940.83,122.31,818.52,244.5,0
2025-001194,2025-12-10 13:43:45,S1032,,P2130,Tienda,Tarjeta,2x1,1,631.16,0.1,631.16,94.67,536.49,404.15,0
2025-001195,2025-10-17 09:24:25,S1041,C00091,P2159,Web,Financiamiento,2x1,5,544.75,0.15,2723.75,354.09,2369.66,434.27,1
2025-001196,2025-04-14 00:29:54,S1014,C00226,P2156,Marketplace,Tarjeta,Sin Promo,2,77.36,0.05,154.72,18.57,136.15,55.02,0
2025-001197,2025-01-18 03:53:08,S1034,C00370,P2158,Marketplace,Billetera Digital,Sin Promo,1,542.39,0.0,542.39,81.36,461.03,274.83,0
2025-001198,2025-11-20 22:32:59,S1029,C00035,P2136,Web,Efectivo,Black Friday,2,123.84,0.2,247.68,37.15,210.53,99.42,0
2025-001199,2025-12-30 04:27:05,S1039,C00553,P2121,Tienda,Efectivo,Cyber Week,1,396.89,0.05,396.89,51.6,345.29,207.12,1
2025-001200,2025-04-15 22:57:10,S1045,C00220,P2053,Web,Transferencia,Sin Promo,1,794.32,0.15,794.32,103.26,691.06,436.17,1
2025-001201,2025-05-01 00:48:27,S1019,C00254,P2155,Call Center,Financiamiento,Promo 10%,5,141.6,0.1,708.0,106.2,601.8,71.96,0
2025-001202,2025-03-24 14:02:15,S1027,C00645,P2049,Call Center,Transferencia,Promo 15%,1,158.27,0.0,158.27,23.74,134.53,89.45,0
2025-001203,2025-08-02 08:20:56,S1009,C00130,P2139,Web,Transferencia,Promo 15%,1,16.22,0.2,16.22,2.11,14.11,12.71,1
2025-001204,2025-06-20 03:30:57,S1020,C00367,P2050,Call Center,Efectivo,2x1,1,246.56,0.1,246.56,36.98,209.58,192.16,0
2025-001205,2025-02-20 16:01:07,S1012,C00714,P2103,Call Center,Efectivo,Sin Promo,2,361.16,0.15,722.32,86.68,635.64,274.37,0
2025-001206,2025-07-07 23:20:01,S1005,C00154,P2038,Tienda,Billetera Digital,Promo 15%,4,111.96,0.2,447.84,58.22,389.62,104.22,0
2025-001207,2025-09-11 07:38:33,S1041,C00163,P2009,Call Center,Efectivo,Cyber Week,2,523.01,0.0,1046.02,135.98,910.04,287.2,0
2025-001208,2025-03-23 15:39:34,S1011,C00479,P2039,Call Center,Financiamiento,Cyber Week,1,381.6,0.2,381.6,45.79,335.81,251.05,1
2025-001209,2025-03-16 11:47:43,S1007,C00499,P2088,Web,Tarjeta,Cyber Week,1,514.73,0.1,514.73,66.91,447.82,308.2,0
2025-001210,2025-08-16 01:08:34,S1029,C00771,P2020,Marketplace,Tarjeta,Cyber Week,4,49.36,0.0,197.44,29.62,167.82,32.33,0
2025-001211,2025-09-12 10:38:55,S1003,C00620,P2149,Web,Transferencia,2x1,3,224.81,0.0,674.43,87.68,586.75,173.08,0
2025-001212,2025-04-23 07:03:35,S1039,C00275,P2034,Marketplace,Billetera Digital,Cyber Week,3,249.8,0.05,749.4,97.42,651.98,122.22,0
2025-001213,2025-12-27 21:43:42,S1007,C00516,P2096,Tienda,Financiamiento,Black Friday,1,636.0,0.0,636.0,82.68,553.32,369.96,0
2025-001214,2025-07-07 00:55:25,S1014,C00247,P2012,Web,Tarjeta,Promo 15%,3,709.5,0.1,2128.5,255.42,1873.08,363.05,0
2025-001215,2025-09-12 02:06:38,S1001,C00117,P2016,Tienda,Billetera Digital,2x1,1,146.7,0.15,146.7,19.07,127.63,121.18,0
2025-001216,2025-07-26 11:14:21,S1027,C00459,P2090,Marketplace,Billetera Digital,Black Friday,1,117.69,0.05,117.69,17.65,100.04,72.93,0
2025-001217,2025-06-10 20:41:12,S1032,C00616,P2006,Tienda,Billetera Digital,Sin Promo,4,402.01,0.0,1608.04,241.21,1366.83,287.52,1
2025-001218,2025-02-09 00:33:14,S1006,C00774,P2053,Tienda,Tarjeta,Sin Promo,1,747.6,0.2,747.6,97.19,650.41,436.17,1
2025-001219,2025-06-18 20:51:24,S1031,C00640,P2051,Call Center,Billetera Digital,Promo 10%,3,855.46,0.0,2566.38,384.96,2181.42,394.02,1
2025-001220,2025-01-14 03:57:09,S1034,C00590,P2108,Marketplace,Financiamiento,2x1,1,255.04,0.1,255.04,38.26,216.78,144.01,0
2025-001221,2025-06-05 19:31:28,S1019,C00108,P2031,Call Center,Transferencia,Cyber Week,3,203.6,0.0,610.8,91.62,519.18,111.43,0
2025-001222,2025-09-29 11:17:52,S1033,C00731,P2149,Marketplace,Billetera Digital,Promo 10%,2,179.85,0.2,359.7,53.95,305.75,173.08,1
2025-001223,2025-04-22 04:21:27,S1030,C00256,P2116,Tienda,Transferencia,Cyber Week,1,706.7,0.05,706.7,106.01,600.69,358.01,0
2025-001224,2025-07-10 04:32:59,S1030,C00340,P2158,Call Center,Tarjeta,Cyber Week,3,542.39,0.0,1627.17,244.08,1383.09,274.83,0
2025-001225,2025-08-16 18:57:55,S1002,C00266,P2087,Web,Efectivo,Promo 15%,2,275.21,0.15,550.42,71.55,478.87,166.63,0
2025-001226,2025-10-18 04:28:38,S1010,C00099,P2066,Web,Financiamiento,Promo 15%,1,524.71,0.0,524.71,62.97,461.74,297.19,0
2025-001227,2025-02-08 22:20:53,S1023,C00300,P2135,Marketplace,Transferencia,Promo 10%,1,152.93,0.0,152.93,22.94,129.99,71.27,0
2025-001228,2025-06-25 16:53:39,S1020,C00019,P2106,Tienda,Efectivo,Promo 10%,2,369.14,0.2,738.28,110.74,627.54,310.34,0
2025-001229,2025-12-22 00:38:01,S1020,C00795,P2159,Marketplace,Transferencia,2x1,1,608.84,0.05,608.84,91.33,517.51,434.27,0
2025-001230,2025-10-10 22:45:07,S1039,C00481,P2158,Marketplace,Financiamiento,Promo 15%,3,542.39,0.0,1627.17,211.53,1415.64,274.83,0
2025-001231,2025-04-21 23:56:36,S1005,C00168,P2044,Call Center,Efectivo,2x1,1,454.08,0.0,454.08,59.03,395.05,214.81,0
2025-001232,2025-07-14 07:54:39,S1029,C00402,P2092,Marketplace,Efectivo,Promo 10%,2,802.49,0.0,1604.98,240.75,1364.23,416.32,1
2025-001233,2025-11-26 02:15:24,S1017,C00396,P2016,Marketplace,Financiamiento,Black Friday,1,155.33,0.1,155.33,18.64,136.69,121.18,0
2025-001234,2025-09-29 10:37:39,S1029,C00614,P2159,Call Center,Financiamiento,Promo 10%,4,640.88,0.0,2563.52,384.53,2178.99,434.27,0
2025-001235,2025-06-09 23:03:18,S1018,C00392,P2014,Tienda,Efectivo,Sin Promo,1,387.17,0.1,387.17,46.46,340.71,296.33,1
2025-001236,2025-03-17 03:14:36,S1011,C00395,P2151,Marketplace,Billetera Digital,Sin Promo,1,246.17,0.0,246.17,29.54,216.63,116.51,0
2025-001237,2025-11-27 19:38:37,S1035,C00421,P2042,Call Center,Transferencia,Cyber Week,3,401.39,0.0,1204.17,180.63,1023.54,233.31,1
2025-001238,2025-10-27 06:03:40,S1007,C00419,P2101,Tienda,Billetera Digital,Promo 15%,1,336.53,0.0,336.53,43.75,292.78,262.94,0
2025-001239,2025-02-19 13:54:14,S1001,C00020,P2119,Marketplace,Transferencia,2x1,2,724.93,0.05,1449.86,188.48,1261.38,363.73,0
2025-001240,2025-12-02 13:52:23,S1033,C00026,P2058,Web,Billetera Digital,Sin Promo,4,442.61,0.05,1770.44,265.57,1504.87,324.41,0
2025-001241,2025-07-05 10:11:51,S1009,C00067,P2046,Web,Transferencia,Cyber Week,2,362.57,0.0,725.14,94.27,630.87,192.92,0
2025-001242,2025-09-05 08:14:10,S1034,C00009,P2153,Call Center,Financiamiento,Black Friday,3,407.91,0.0,1223.73,183.56,1040.17,293.96,0
2025-001243,2025-05-20 18:03:24,S1004,C00577,P2006,Tienda,Billetera Digital,Black Friday,5,402.01,0.0,2010.05,261.31,1748.74,287.52,0
2025-001244,2025-05-17 13:45:12,S1031,C00499,P2116,Call Center,Transferencia,Cyber Week,5,743.9,0.0,3719.5,557.92,3161.58,358.01,0
2025-001245,2025-01-17 01:51:32,S1037,C00583,P2029,Tienda,Tarjeta,Black Friday,2,491.5,0.0,983.0,127.79,855.21,271.13,1
2025-001246,2025-04-28 06:37:14,S1001,C00047,P2123,Web,Tarjeta,Cyber Week,2,175.11,0.0,350.22,45.53,304.69,112.82,0
2025-001247,2025-06-21 12:30:28,S1033,C00500,P2147,Tienda,Efectivo,Promo 15%,3,465.95,0.15,1397.85,209.68,1188.17,299.7,0
2025-001248,2025-03-29 18:02:44,S1028,C00411,P2047,Call Center,Financiamiento,Black Friday,1,365.43,0.2,365.43,54.81,310.62,295.44,1
2025-001249,2025-10-27 10:52:21,S1028,C00568,P2017,Call Center,Tarjeta,2x1,4,224.24,0.2,896.96,134.54,762.42,182.13,0
2025-001250,2025-11-03 15:34:02,S1014,C00646,P2039,Call Center,Financiamiento,Promo 15%,5,429.3,0.1,2146.5,257.58,1888.92,251.05,0
2025-001251,2025-09-08 18:13:37,S1031,C00278,P2123,Web,Financiamiento,2x1,1,157.6,0.1,157.6,23.64,133.96,112.82,0
2025-001252,2025-02-02 08:37:34,S1034,C00354,P2105,Marketplace,Tarjeta,Promo 10%,2,676.15,0.0,1352.3,202.84,1149.46,320.12,0
2025-001253,2025-05-23 02:47:04,S1041,C00177,P2095,Call Center,Efectivo,Promo 10%,4,583.94,0.2,2335.76,303.65,2032.11,368.2,0
2025-001254,2025-11-02 13:52:36,S1042,C00100,P2006,Call Center,Billetera Digital,2x1,2,321.61,0.2,643.22,83.62,559.6,287.52,0
2025-001255,2025-06-26 21:50:23,S1023,C00217,P2010,Tienda,Financiamiento,Cyber Week,4,323.27,0.2,1293.08,193.96,1099.12,210.17,0
2025-001256,2025-03-28 07:05:53,S1031,C00221,P2052,Tienda,Billetera Digital,Sin Promo,3,75.75,0.2,227.25,34.09,193.16,47.67,0
2025-001257,2025-02-26 23:33:52,S1034,C00644,P2068,Call Center,Billetera Digital,Sin Promo,3,234.08,0.05,702.24,105.34,596.9,122.46,0
2025-001258,2025-08-11 23:33:08,S1016,C00192,P2123,Call Center,Tarjeta,Cyber Week,3,140.09,0.2,420.27,50.43,369.84,112.82,0
2025-001259,2025-11-12 07:55:21,S1023,C00379,P2119,Marketplace,Billetera Digital,2x1,1,763.08,0.0,763.08,114.46,648.62,363.73,1
2025-001260,2025-03-27 16:24:03,S1041,C00098,P2119,Tienda,Billetera Digital,Cyber Week,4,686.77,0.1,2747.08,357.12,2389.96,363.73,0
2025-001261,2025-05-10 17:43:16,S1029,C00557,P2141,Tienda,Transferencia,Promo 10%,1,749.24,0.1,749.24,112.39,636.85,384.64,0
2025-001262,2025-10-04 13:55:42,S1005,C00052,P2022,Tienda,Efectivo,Promo 15%,5,449.93,0.0,2249.65,292.45,1957.2,325.44,0
2025-001263,2025-05-08 10:34:18,S1033,C00125,P2080,Web,Tarjeta,Promo 15%,1,256.52,0.15,256.52,38.48,218.04,221.89,1
2025-001264,2025-07-16 18:12:45,S1019,C00247,P2156,Tienda,Tarjeta,Promo 10%,3,81.43,0.0,244.29,36.64,207.65,55.02,0
2025-001265,2025-02-03 01:22:10,S1027,C00654,P2028,Tienda,Billetera Digital,Cyber Week,3,598.19,0.0,1794.57,269.19,1525.38,344.08,0
2025-001266,2025-11-05 02:27:10,S1026,C00394,P2089,Marketplace,Billetera Digital,Sin Promo,2,699.71,0.05,1399.42,209.91,1189.51,351.93,0
2025-001267,2025-04-09 13:51:42,S1012,C00263,P2028,Web,Efectivo,Sin Promo,4,598.19,0.0,2392.76,287.13,2105.63,344.08,0
2025-001268,2025-03-22 12:23:50,S1028,C00720,P2159,Tienda,Tarjeta,Sin Promo,2,576.79,0.1,1153.58,173.04,980.54,434.27,1
2025-001269,2025-03-25 15:16:40,S1001,C00790,P2014,Tienda,Efectivo,2x1,1,430.19,0.0,430.19,55.92,374.27,296.33,0
2025-001270,2025-12-24 11:52:06,S1041,C00183,P2054,Call Center,Efectivo,Promo 15%,2,463.28,0.0,926.56,120.45,806.11,220.6,0
2025-001271,2025-12-17 16:00:51,S1006,C00635,P2090,Marketplace,Financiamiento,Sin Promo,2,123.88,0.0,247.76,32.21,215.55,72.93,0
2025-001272,2025-10-14 16:07:06,S1001,C00791,P2146,Tienda,Financiamiento,2x1,4,280.13,0.1,1120.52,145.67,974.85,242.22,0
2025-001273,2025-08-12 15:42:44,S1032,C00179,P2124,Marketplace,Transferencia,Promo 10%,1,380.55,0.2,380.55,57.08,323.47,351.18,0
2025-001274,2025-02-21 04:07:44,S1002,C00522,P2053,Web,Billetera Digital,Black Friday,2,794.32,0.15,1588.64,206.52,1382.12,436.17,0
2025-001275,2025-03-06 03:18:38,S1037,C00053,P2020,Tienda,Tarjeta,Black Friday,1,39.49,0.2,39.49,5.13,34.36,32.33,0
2025-001276,2025-10-22 18:37:06,S1017,C00055,P2108,Web,Transferencia,Promo 10%,1,283.38,0.0,283.38,34.01,249.37,144.01,1
2025-001277,2025-04-27 04:17:27,S1009,C00779,P2069,Call Center,Tarjeta,Sin Promo,1,191.55,0.0,191.55,24.9,166.65,145.02,0
2025-001278,2025-05-18 22:51:24,S1028,C00502,P2067,Web,Efectivo,Cyber Week,3,465.96,0.2,1397.88,209.68,1188.2,420.88,1
2025-001279,2025-02-26 05:41:57,S1011,C00391,P2019,Call Center,Efectivo,Promo 15%,1,471.27,0.0,471.27,56.55,414.72,283.84,0
2025-001280,2025-05-25 13:57:39,S1026,C00244,P2064,Call Center,Transferencia,Sin Promo,1,82.18,0.1,82.18,12.33,69.85,57.47,0
2025-001281,2025-12-21 11:28:28,S1007,C00285,P2061,Tienda,Transferencia,Cyber Week,1,36.28,0.15,36.28,4.72,31.56,26.36,0
2025-001282,2025-07-03 14:29:55,S1001,,P2088,Marketplace,Tarjeta,Promo 15%,1,571.92,0.0,571.92,74.35,497.57,308.2,0
2025-001283,2025-01-10 20:23:28,S1041,C00212,P2131,Web,Tarjeta,Cyber Week,1,187.08,0.05,187.08,24.32,162.76,119.6,0
2025-001284,2025-05-26 22:57:09,S1041,C00697,P2012,Call Center,Transferencia,Black Friday,2,788.33,0.0,1576.66,204.97,1371.69,363.05,0
2025-001285,2025-12-08 17:42:25,S1030,C00097,P2108,Call Center,Billetera Digital,Promo 15%,1,283.38,0.0,283.38,42.51,240.87,144.01,0
2025-001286,2025-12-01 21:48:16,S1019,C00374,P2026,Web,Transferencia,Cyber Week,2,436.92,0.05,873.84,131.08,742.76,230.43,0
2025-001287,2025-05-30 13:10:52,S1001,C00514,P2147,Tienda,Billetera Digital,Sin Promo,2,465.95,0.15,931.9,121.15,810.75,299.7,0
2025-001288,2025-05-25 19:27:35,S1010,C00262,P2049,Web,Tarjeta,Sin Promo,2,158.27,0.0,316.54,37.98,278.56,89.45,1
2025-001289,2025-01-12 17:56:18,S1031,C00485,P2095,Web,Financiamiento,Sin Promo,5,729.93,0.0,3649.65,547.45,3102.2,368.2,1
2025-001290,2025-10-25 11:34:20,S1020,C00503,P2155,Web,Financiamiento,Promo 15%,1,157.33,0.0,157.33,23.6,133.73,71.96,0
2025-001291,2025-11-20 09:33:44,S1023,C00577,P2045,Tienda,Billetera Digital,Promo 10%,2,68.91,0.0,137.82,20.67,117.15,46.07,0
2025-001292,2025-04-15 03:41:22,S1017,C00123,P2151,Tienda,Billetera Digital,2x1,1,209.24,0.15,209.24,25.11,184.13,116.51,0
2025-001293,2025-06-20 22:48:51,S1021,C00656,P2074,Call Center,Efectivo,Promo 15%,2,281.27,0.0,562.54,84.38,478.16,138.92,0
2025-001294,2025-01-15 09:32:30,S1008,C00174,P2157,Call Center,Financiamiento,Promo 15%,1,223.38,0.0,223.38,29.04,194.34,118.28,0
2025-001295,2025-06-05 10:17:17,S1016,C00407,P2068,Web,Tarjeta,Sin Promo,1,246.4,0.0,246.4,29.57,216.83,122.46,1
2025-001296,2025-02-01 18:34:04,S1018,C00350,P2121,Web,Tarjeta,,1,417.78,0.0,417.78,50.13,367.65,207.12,0
2025-001297,2025-01-17 00:06:52,S1027,C00468,P2030,Call Center,Transferencia,2x1,1,541.44,0.0,541.44,81.22,460.22,418.38,1
2025-001298,2025-09-19 11:40:10,S1018,C00019,P2007,Web,Transferencia,Promo 15%,1,201.43,0.05,201.43,24.17,177.26,162.45,0
2025-001299,2025-09-21 21:50:03,S1042,C00496,P2118,Web,Financiamiento,2x1,5,65.15,0.0,325.75,42.35,283.4,45.65,1
2025-001300,2025-07-23 17:00:23,S1009,C00736,P2099,Tienda,Financiamiento,2x1,1,294.57,0.0,294.57,38.29,256.28,231.19,0
2025-001301,2025-09-15 12:26:19,S1033,C00546,P2033,Web,Financiamiento,Sin Promo,1,76.34,0.05,76.34,11.45,64.89,61.26,0
2025-001302,2025-09-27 18:23:34,S1004,C00166,P2147,Web,Efectivo,Sin Promo,1,520.77,0.05,520.77,67.7,453.07,299.7,0
2025-001303,2025-11-25 14:52:55,S1006,C00432,P2073,Call Center,Financiamiento,Promo 15%,2,139.88,0.15,279.76,36.37,243.39,131.1,0
2025-001304,2025-06-01 05:20:41,S1034,C00566,P2152,Call Center,Efectivo,Promo 10%,3,449.56,0.1,1348.68,202.3,1146.38,338.06,1
2025-001305,2025-08-01 11:30:51,S1025,C00260,P2035,Marketplace,Financiamiento,2x1,2,861.27,0.05,1722.54,258.38,1464.16,418.3,0
2025-001306,2025-07-27 21:35:17,S1028,C00034,P2057,Tienda,Billetera Digital,Cyber Week,1,419.8,0.0,419.8,62.97,356.83,314.68,0
2025-001307,2025-03-16 11:05:01,S1010,C00583,P2019,Tienda,Efectivo,Sin Promo,1,424.14,0.1,424.14,50.9,373.24,283.84,0
2025-001308,2025-04-30 15:47:59,S1028,C00121,P2140,Tienda,Tarjeta,Promo 15%,4,11.53,0.2,46.12,6.92,39.2,6.63,1
2025-001309,2025-08-20 18:28:05,S1021,C00427,P2109,Marketplace,Tarjeta,Promo 10%,4,208.28,0.0,833.12,124.97,708.15,141.94,0
2025-001310,2025-06-04 00:12:31,S1022,C00686,P2037,Marketplace,Tarjeta,Black Friday,2,530.23,0.15,1060.46,159.07,901.39,405.23,0
2025-001311,2025-03-21 02:07:51,S1011,C00368,P2099,Call Center,Transferencia,Black Friday,1,235.66,0.2,235.66,28.28,207.38,231.19,0
2025-001312,2025-10-13 20:27:14,S1037,C00680,P2042,Web,Transferencia,Sin Promo,3,361.25,0.1,1083.75,140.89,942.86,233.31,0
2025-001313,2025-07-27 01:40:09,S1017,C00054,P2149,Call Center,Transferencia,2x1,3,202.33,0.1,606.99,72.84,534.15,173.08,0
2025-001314,2025-10-05 05:30:29,S1006,C00420,P2150,Web,Financiamiento,Cyber Week,1,234.07,0.0,234.07,30.43,203.64,154.53,0
2025-001315,2025-05-23 03:41:44,S1011,C00099,P2053,Marketplace,Transferencia,Promo 15%,3,887.77,0.05,2663.31,319.6,2343.71,436.17,0
2025-001316,2025-10-17 07:25:29,S1018,C00527,P2023,Tienda,Transferencia,Promo 10%,2,529.75,0.0,1059.5,127.14,932.36,346.8,0
2025-001317,2025-08-27 10:05:49,S1036,C00262,P2047,Marketplace,Financiamiento,Promo 10%,1,365.43,0.2,365.43,54.81,310.62,295.44,0
2025-001318,2025-02-24 06:23:21,S1004,C00275,P2082,Call Center,Billetera Digital,2x1,1,281.42,0.0,281.42,36.58,244.84,152.77,0
2025-001319,2025-09-28 15:57:28,S1025,C00319,P2085,Web,Billetera Digital,Promo 15%,1,24.82,0.2,24.82,3.72,21.1,20.07,0
2025-001320,2025-05-22 17:49:13,S1043,C00425,P2050,Web,Billetera Digital,Black Friday,5,219.16,0.2,1095.8,142.45,953.35,192.16,0
2025-001321,2025-08-25 20:59:30,S1010,C00377,P2129,Tienda,Tarjeta,Promo 10%,2,504.95,0.0,1009.9,121.19,888.71,401.84,0
2025-001322,2025-05-28 07:44:19,S1024,C00717,P2081,Web,Transferencia,Black Friday,3,399.31,0.0,1197.93,179.69,1018.24,192.91,0
2025-001323,2025-06-26 22:44:50,S1036,C00751,P2062,Marketplace,Financiamiento,Black Friday,1,95.11,0.15,95.11,14.27,80.84,74.21,0
2025-001324,2025-08-04 19:53:16,S1036,C00764,P2123,Call Center,Tarjeta,Promo 10%,1,140.09,0.2,140.09,21.01,119.08,112.82,0
2025-001325,2025-02-02 15:11:50,S1029,C00254,P2123,Marketplace,Billetera Digital,Black Friday,2,175.11,0.0,350.22,52.53,297.69,112.82,0
2025-001326,2025-08-09 14:56:11,S1013,C00648,P2074,Tienda,Billetera Digital,Promo 15%,1,253.14,0.1,253.14,30.38,222.76,138.92,0
2025-001327,2025-01-20 17:54:56,S1010,C00736,P2089,Tienda,Billetera Digital,Promo 15%,5,736.54,0.0,3682.7,441.92,3240.78,351.93,0
2025-001328,2025-07-03 09:25:58,S1027,C00088,P2152,Call Center,Transferencia,Promo 10%,1,399.61,0.2,399.61,59.94,339.67,338.06,0
2025-001329,2025-10-02 15:28:17,S1013,C00542,P2106,Web,Billetera Digital,2x1,2,461.42,0.0,922.84,110.74,812.1,310.34,0
2025-001330,2025-12-01 09:11:44,S1018,C00290,P2048,Call Center,Efectivo,2x1,3,256.13,0.2,768.39,92.21,676.18,183.57,1
2025-001331,2025-07-14 06:42:59,S1008,C00304,P2058,Tienda,Tarjeta,Cyber Week,1,442.61,0.05,442.61,57.54,385.07,324.41,0
2025-001332,2025-08-02 03:09:32,S1014,C00358,P2015,Web,Tarjeta,Sin Promo,5,147.7,0.15,738.5,88.62,649.88,122.14,0
2025-001333,2025-11-23 09:59:26,S1041,C00601,P2124,Marketplace,Efectivo,Promo 10%,1,404.34,0.15,404.34,52.56,351.78,351.18,0
2025-001334,2025-03-08 14:51:49,S1002,C00557,P2146,Web,Efectivo,2x1,1,295.7,0.05,295.7,38.44,257.26,242.22,1
2025-001335,2025-09-11 19:44:05,S1040,C00438,P2159,Tienda,Billetera Digital,Sin Promo,2,608.84,0.05,1217.68,158.3,1059.38,434.27,0
2025-001336,2025-12-31 01:21:29,S1015,C00168,P2131,Call Center,Efectivo,2x1,2,157.54,0.2,315.08,37.81,277.27,119.6,0
2025-001337,2025-01-12 13:18:39,S1001,C00620,P2128,Web,Billetera Digital,Promo 10%,1,557.39,0.0,557.39,72.46,484.93,269.57,0
2025-001338,2025-01-25 22:34:16,S1020,C00478,P2114,Web,Tarjeta,Promo 15%,1,498.6,0.1,498.6,74.79,423.81,274.57,0
2025-001339,2025-08-05 06:11:09,S1036,C00174,P2090,Tienda,Tarjeta,Promo 10%,2,123.88,0.0,247.76,37.16,210.6,72.93,0
2025-001340,2025-02-18 12:54:40,S1014,C00196,P2022,Web,Efectivo,2x1,1,359.94,0.2,359.94,43.19,316.75,325.44,0
2025-001341,2025-01-23 22:59:59,S1031,C00517,P2057,Call Center,Tarjeta,Promo 15%,2,335.84,0.2,671.68,100.75,570.93,314.68,0
2025-001342,2025-11-21 19:19:19,S1028,C00160,P2113,Web,Efectivo,2x1,3,297.65,0.0,892.95,133.94,759.01,139.53,0
2025-001343,2025-04-17 21:34:54,S1035,C00509,P2098,Tienda,Billetera Digital,Sin Promo,1,645.08,0.0,645.08,96.76,548.32,389.5,1
2025-001344,2025-09-07 03:46:09,S1036,C00071,P2026,Tienda,Transferencia,Black Friday,4,459.92,0.0,1839.68,275.95,1563.73,230.43,0
2025-001345,2025-06-14 22:21:43,S1022,C00389,P2035,Marketplace,Billetera Digital,2x1,1,815.94,0.1,815.94,122.39,693.55,418.3,0
2025-001346,2025-04-20 17:03:03,S1027,C00526,P2105,Marketplace,Tarjeta,Black Friday,1,574.73,0.15,574.73,86.21,488.52,320.12,0
2025-001347,2025-11-09 13:01:18,S1018,C00637,P2067,Call Center,Tarjeta,2x1,2,582.45,0.0,1164.9,139.79,1025.11,420.88,0
2025-001348,2025-03-01 21:13:17,S1035,C00534,P2098,Web,Efectivo,2x1,4,548.32,0.15,2193.28,328.99,1864.29,389.5,1
2025-001349,2025-06-21 12:10:50,S1015,C00177,P2065,Marketplace,Tarjeta,Cyber Week,1,408.29,0.0,408.29,48.99,359.3,269.16,0
2025-001350,2025-08-14 16:27:17,S1045,C00396,P2098,Call Center,Tarjeta,Black Friday,1,612.83,0.05,612.83,79.67,533.16,389.5,0
2025-001351,2025-05-20 22:05:45,S1017,C00164,P2001,Marketplace,Tarjeta,Promo 10%,1,95.82,0.0,95.82,11.5,84.32,59.67,0
2025-001352,2025-08-12 07:50:59,S1019,C00634,P2151,Web,Billetera Digital,Promo 10%,1,196.94,0.2,196.94,29.54,167.4,116.51,0
2025-001353,2025-12-19 13:54:54,S1015,C00373,P2109,Tienda,Transferencia,Promo 15%,2,166.62,0.2,333.24,39.99,293.25,141.94,1
2025-001354,2025-07-12 02:24:14,S1014,C00044,P2117,Call Center,Efectivo,2x1,1,71.57,0.15,71.57,8.59,62.98,41.82,1
2025-001355,2025-01-30 06:05:14,S1012,C00095,P2084,Web,Transferencia,Promo 10%,2,10.89,0.0,21.78,2.61,19.17,8.31,0
2025-001356,2025-02-18 12:43:14,S1004,C00648,P2124,Call Center,Financiamiento,Sin Promo,1,380.55,0.2,380.55,49.47,331.08,351.18,0
2025-001357,2025-05-22 17:19:54,S1010,C00719,P2138,Call Center,Tarjeta,Cyber Week,4,720.1,0.0,2880.4,345.65,2534.75,375.47,0
2025-001358,2025-08-13 12:07:04,S1032,C00432,P2043,Web,Financiamiento,Sin Promo,1,313.61,0.0,313.61,47.04,266.57,244.5,0
2025-001359,2025-04-08 14:06:37,S1044,C00110,P2113,Web,Tarjeta,Sin Promo,4,297.65,0.0,1190.6,154.78,1035.82,139.53,0
2025-001360,2025-08-05 13:06:58,S1012,C00549,P2012,Web,Billetera Digital,Cyber Week,1,630.66,0.2,630.66,75.68,554.98,363.05,0
2025-001361,2025-11-22 16:43:26,S1016,C00514,P2095,Web,Tarjeta,Promo 10%,2,693.43,0.05,1386.86,166.42,1220.44,368.2,0
2025-001362,2025-03-15 04:38:26,S1014,C00021,P2093,Web,Transferencia,Sin Promo,2,147.96,0.0,295.92,35.51,260.41,75.0,0
2025-001363,2025-06-08 05:21:33,S1018,C00787,P2045,Web,Billetera Digital,Sin Promo,2,58.57,0.15,117.14,14.06,103.08,46.07,1
2025-001364,2025-05-10 04:02:21,S1019,C00717,P2096,Tienda,Efectivo,Promo 10%,1,540.6,0.15,540.6,81.09,459.51,369.96,1
2025-001365,2025-05-24 14:23:02,S1006,C00750,P2078,Call Center,Billetera Digital,Cyber Week,1,165.66,0.0,165.66,21.54,144.12,125.47,1
2025-001366,2025-08-08 17:19:38,S1022,C00696,P2016,Call Center,Tarjeta,Promo 10%,1,138.07,0.2,138.07,20.71,117.36,121.18,1
2025-001367,2025-06-19 15:33:07,S1044,C00794,P2064,Tienda,Transferencia,Promo 15%,2,86.74,0.05,173.48,22.55,150.93,57.47,0
2025-001368,2025-03-08 06:00:24,S1034,C00192,P2059,Tienda,Transferencia,Sin Promo,2,130.71,0.0,261.42,39.21,222.21,101.09,0
2025-001369,2025-11-07 05:40:59,S1041,C00646,P2111,Call Center,Transferencia,2x1,2,292.12,0.0,584.24,75.95,508.29,191.52,0
2025-001370,2025-02-10 22:35:44,S1023,C00156,P2021,Marketplace,Billetera Digital,2x1,3,351.58,0.2,1054.74,158.21,896.53,239.98,1
2025-001371,2025-10-31 01:43:22,S1008,C00510,P2009,Web,Transferencia,Cyber Week,1,523.01,0.0,523.01,67.99,455.02,287.2,0
2025-001372,2025-07-25 17:05:00,S1002,C00660,P2125,Marketplace,Efectivo,Promo 10%,2,327.42,0.05,654.84,85.13,569.71,235.01,0
2025-001373,2025-11-12 02:34:11,S1019,C00060,P2089,Call Center,Financiamiento,Black Friday,1,736.54,0.0,736.54,110.48,626.06,351.93,0
2025-001374,2025-09-06 02:36:09,S1029,C00211,P2146,Web,Financiamiento,Black Friday,5,311.26,0.0,1556.3,233.44,1322.86,242.22,0
2025-001375,2025-04-24 01:43:00,S1001,C00469,P2082,Call Center,Transferencia,Promo 10%,2,281.42,0.0,562.84,73.17,489.67,152.77,0
2025-001376,2025-11-03 14:09:50,S1023,C00558,P2009,Marketplace,Transferencia,Cyber Week,2,523.01,0.0,1046.02,156.9,889.12,287.2,0
2025-001377,2025-07-18 03:05:15,S1004,C00486,P2147,Marketplace,Tarjeta,Promo 10%,6,548.18,0.0,3289.08,427.58,2861.5,299.7,0
2025-001378,2025-02-12 01:03:09,S1026,C00507,P2059,Marketplace,Tarjeta,2x1,1,130.71,0.0,130.71,19.61,111.1,101.09,0
2025-001379,2025-06-09 02:42:37,S1004,C00130,P2133,Marketplace,Tarjeta,Promo 10%,2,52.59,0.0,105.18,13.67,91.51,38.56,0
2025-001380,2025-05-28 06:01:44,S1018,C00182,P2071,Call Center,Transferencia,Promo 10%,3,386.86,0.2,1160.58,139.27,1021.31,243.78,0
2025-001381,2025-11-03 06:06:36,S1023,C00336,P2015,Tienda,Financiamiento,Sin Promo,1,173.77,0.0,173.77,26.07,147.7,122.14,0
2025-001382,2025-01-03 16:23:57,S1036,C00100,P2043,Marketplace,Tarjeta,2x1,3,313.61,0.0,940.83,141.12,799.71,244.5,0
2025-001383,2025-04-26 19:03:02,S1030,C00788,P2155,Marketplace,Transferencia,Promo 10%,2,133.73,0.15,267.46,40.12,227.34,71.96,0
2025-001384,2025-08-15 11:54:50,S1020,C00182,P2155,Web,Tarjeta,Cyber Week,3,157.33,0.0,471.99,70.8,401.19,71.96,1
2025-001385,2025-05-28 05:26:58,S1044,C00479,P2004,Call Center,Tarjeta,Sin Promo,3,543.65,0.0,1630.95,212.02,1418.93,298.92,0
2025-001386,2025-03-04 09:52:48,S1012,C00235,P2038,Call Center,Transferencia,Promo 10%,1,139.95,0.0,139.95,16.79,123.16,104.22,0
2025-001387,2025-01-17 08:23:41,S1007,C00477,P2110,Marketplace,Billetera Digital,2x1,2,416.72,0.0,833.44,108.35,725.09,314.95,0
2025-001388,2025-11-24 08:44:02,S1004,C00449,P2124,Marketplace,Transferencia,2x1,3,475.69,0.0,1427.07,185.52,1241.55,351.18,1
2025-001389,2025-01-20 11:23:55,S1039,C00708,P2075,Web,Transferencia,Sin Promo,1,493.04,0.15,493.04,64.1,428.94,301.87,0
2025-001390,2025-08-25 12:30:29,S1010,C00289,P2092,Marketplace,Financiamiento,Sin Promo,1,802.49,0.0,802.49,96.3,706.19,416.32,0
2025-001391,2025-07-12 10:07:30,S1019,C00318,P2053,Marketplace,Efectivo,Promo 10%,2,934.5,0.0,1869.0,280.35,1588.65,436.17,1
2025-001392,2025-06-01 21:58:20,S1036,C00004,P2088,Web,Billetera Digital,Black Friday,1,457.54,0.2,457.54,68.63,388.91,308.2,1
2025-001393,2025-11-03 06:01:01,S1009,C00390,P2115,Tienda,Tarjeta,Cyber Week,4,372.57,0.0,1490.28,193.74,1296.54,201.2,0
2025-001394,2025-01-06 10:59:39,S1041,C00622,P2141,Call Center,Tarjeta,Cyber Week,1,790.87,0.05,790.87,102.81,688.06,384.64,0
2025-001395,2025-06-23 23:44:56,S1038,C00514,P2118,Call Center,Efectivo,Promo 10%,3,58.64,0.1,175.92,22.87,153.05,45.65,0
2025-001396,2025-08-07 16:38:36,S1006,C00698,P2147,Tienda,Transferencia,Sin Promo,2,548.18,0.0,1096.36,142.53,953.83,299.7,0
2025-001397,2025-12-31 04:57:01,S1027,C00021,P2107,Web,Efectivo,Cyber Week,1,322.0,0.0,322.0,48.3,273.7,196.36,0
2025-001398,2025-06-16 06:50:59,S1006,C00259,P2147,Web,Tarjeta,Cyber Week,3,493.36,0.1,1480.08,192.41,1287.67,299.7,0
2025-001399,2025-01-05 01:30:57,S1001,C00044,P2022,Call Center,Financiamiento,Promo 10%,2,382.44,0.15,764.88,99.43,665.45,325.44,0
2025-001400,2025-03-25 00:57:25,S1042,C00139,P2144,Web,Billetera Digital,Promo 15%,1,258.88,0.05,258.88,33.65,225.23,177.43,0
2025-001401,2025-05-02 16:17:52,S1044,C00763,P2129,Marketplace,Financiamiento,Black Friday,1,479.7,0.05,479.7,62.36,417.34,401.84,0
2025-001402,2025-03-11 13:02:07,S1025,C00488,P2100,Tienda,Billetera Digital,Cyber Week,1,571.97,0.0,571.97,85.8,486.17,422.9,0
2025-001403,2025-03-16 10:38:34,S1028,C00505,P2125,Tienda,Financiamiento,Promo 10%,1,292.95,0.15,292.95,43.94,249.01,235.01,1
2025-001404,2025-05-26 08:45:44,S1011,C00048,P2095,Tienda,Billetera Digital,Promo 15%,3,693.43,0.05,2080.29,249.63,1830.66,368.2,0
2025-001405,2025-04-11 04:34:27,S1015,C00011,P2056,Tienda,Transferencia,2x1,2,798.25,0.1,1596.5,191.58,1404.92,417.23,0
2025-001406,2025-12-21 01:54:18,S1030,C00289,P2151,Call Center,Billetera Digital,Sin Promo,4,246.17,0.0,984.68,147.7,836.98,116.51,0
2025-001407,2025-04-28 04:26:45,S1001,C00335,P2048,Marketplace,Tarjeta,Cyber Week,1,288.14,0.1,288.14,37.46,250.68,183.57,0
2025-001408,2025-09-01 13:00:47,S1005,C00101,P2090,Marketplace,Financiamiento,Cyber Week,5,117.69,0.05,588.45,76.5,511.95,72.93,0
2025-001409,2025-03-06 08:41:21,S1016,C00406,P2146,Web,Efectivo,Black Friday,1,311.26,0.0,311.26,37.35,273.91,242.22,0
2025-001410,2025-12-03 08:18:18,S1023,C00257,P2076,Web,Efectivo,Promo 15%,1,82.89,0.15,82.89,12.43,70.46,50.2,0
2025-001411,2025-12-16 13:00:24,S1013,C00224,P2093,Tienda,Billetera Digital,Cyber Week,1,118.37,0.2,118.37,14.2,104.17,75.0,0
2025-001412,2025-02-05 21:36:53,S1010,C00161,P2114,Marketplace,Tarjeta,2x1,2,526.3,0.05,1052.6,126.31,926.29,274.57,0
2025-001413,2025-10-09 00:42:00,S1041,C00380,P2090,Call Center,Efectivo,Promo 15%,2,111.49,0.1,222.98,28.99,193.99,72.93,0
2025-001414,2025-09-24 05:03:56,S1026,C00380,P2053,Marketplace,Tarjeta,2x1,3,794.32,0.15,2382.96,357.44,2025.52,436.17,0
2025-001415,2025-03-09 21:29:03,S1001,C00207,P2101,Tienda,Efectivo,Cyber Week,2,302.88,0.1,605.76,78.75,527.01,262.94,1
2025-001416,2025-11-13 09:48:02,S1034,C00565,P2110,Web,Transferencia,2x1,1,416.72,0.0,416.72,62.51,354.21,314.95,0
2025-001417,2025-03-06 11:45:28,S1020,C00751,P2146,Web,Efectivo,2x1,2,311.26,0.0,622.52,93.38,529.14,242.22,0
2025-001418,2025-07-06 18:26:37,S1032,C00201,P2121,Marketplace,Transferencia,Promo 10%,4,417.78,0.0,1671.12,250.67,1420.45,207.12,0
2025-001419,2025-11-29 09:16:21,S1012,C00343,P2120,Tienda,Billetera Digital,2x1,3,159.6,0.2,478.8,57.46,421.34,113.2,0
2025-001420,2025-09-13 11:31:59,S1043,C00343,P2037,Tienda,Tarjeta,Sin Promo,5,592.61,0.05,2963.05,385.2,2577.85,405.23,1
2025-001421,2025-01-05 18:17:58,S1011,C00739,P2008,Tienda,Billetera Digital,Cyber Week,1,786.81,0.1,786.81,94.42,692.39,421.75,0
2025-001422,2025-07-17 23:10:31,S1040,C00243,P2149,Tienda,Efectivo,Cyber Week,1,224.81,0.0,224.81,29.23,195.58,173.08,0
2025-001423,2025-07-14 02:36:15,S1021,C00689,P2128,Call Center,Tarjeta,Black Friday,1,557.39,0.0,557.39,83.61,473.78,269.57,0
2025-001424,2025-04-04 13:29:22,S1017,C00444,P2036,Marketplace,Efectivo,Promo 15%,1,245.34,0.15,245.34,29.44,215.9,143.03,0
2025-001425,2025-08-07 07:45:33,S1039,C00721,P2130,Call Center,Tarjeta,2x1,2,666.23,0.05,1332.46,173.22,1159.24,404.15,0
2025-001426,2025-06-08 03:15:00,S1036,C00727,P2005,Web,Tarjeta,Promo 15%,3,491.34,0.1,1474.02,221.1,1252.92,390.45,0
2025-001427,2025-09-16 03:03:58,S1044,C00615,P2015,Web,Financiamiento,Sin Promo,3,173.77,0.0,521.31,67.77,453.54,122.14,0
2025-001428,2025-06-09 09:11:50,S1004,C00052,P2113,Web,Billetera Digital,Black Friday,2,297.65,0.0,595.3,77.39,517.91,139.53,0
2025-001429,2025-01-22 16:21:50,S1004,C00420,P2122,Marketplace,Transferencia,2x1,2,545.3,0.2,1090.6,141.78,948.82,324.38,0
2025-001430,2025-11-12 13:15:03,S1031,C00080,P2075,Tienda,Transferencia,2x1,2,551.05,0.05,1102.1,165.31,936.79,301.87,1
2025-001431,2025-08-28 19:40:35,S1002,C00405,P2139,Marketplace,Financiamiento,Cyber Week,4,20.28,0.0,81.12,10.55,70.57,12.71,0
2025-001432,2025-12-01 00:02:16,S1020,C00081,P2097,Tienda,Transferencia,Promo 10%,1,521.13,0.0,521.13,78.17,442.96,298.37,0
2025-001433,2025-09-05 20:29:08,S1043,C00606,P2033,Web,Efectivo,Promo 10%,3,80.36,0.0,241.08,31.34,209.74,61.26,0
2025-001434,2025-08-27 23:16:37,S1012,C00140,P2131,Call Center,Transferencia,Black Friday,4,157.54,0.2,630.16,75.62,554.54,119.6,1
2025-001435,2025-03-06 02:36:42,S1035,C00197,P2126,Call Center,Tarjeta,Promo 10%,2,684.14,0.0,1368.28,205.24,1163.04,413.19,0
2025-001436,2025-07-01 20:20:24,S1008,C00207,P2141,Tienda,Financiamiento,Promo 15%,1,707.62,0.15,707.62,91.99,615.63,384.64,1
2025-001437,2025-10-11 14:54:37,S1039,C00220,P2157,Marketplace,Efectivo,Black Friday,1,212.21,0.05,212.21,27.59,184.62,118.28,0
2025-001438,2025-11-18 01:41:34,S1023,C00409,P2106,Web,Transferencia,Black Friday,1,369.14,0.2,369.14,55.37,313.77,310.34,0
2025-001439,2025-11-08 15:16:36,S1024,C00195,P2044,Web,Billetera Digital,Promo 10%,1,454.08,0.0,454.08,68.11,385.97,214.81,0
2025-001440,2025-10-16 02:46:38,S1003,C00143,P2135,Web,Transferencia,2x1,3,152.93,0.0,458.79,59.64,399.15,71.27,0
2025-001441,2025-01-30 22:36:55,S1023,C00740,P2017,Marketplace,Billetera Digital,2x1,2,238.25,0.15,476.5,71.47,405.03,182.13,0
2025-001442,2025-01-16 14:18:03,S1011,C00145,P2057,Tienda,Financiamiento,Cyber Week,3,377.82,0.1,1133.46,136.02,997.44,314.68,0
2025-001443,2025-08-17 08:23:16,S1002,C00060,P2039,Tienda,Tarjeta,Black Friday,1,429.3,0.1,429.3,55.81,373.49,251.05,0
2025-001444,2025-12-08 07:07:13,S1022,C00278,P2132,Marketplace,Billetera Digital,Cyber Week,1,321.61,0.0,321.61,48.24,273.37,220.13,1
2025-001445,2025-03-16 08:06:24,S1028,C00206,P2144,Web,Tarjeta,Promo 10%,2,245.25,0.1,490.5,73.58,416.92,177.43,0
2025-001446,2025-09-16 06:30:34,S1021,C00082,P2086,Web,Efectivo,Sin Promo,2,92.82,0.15,185.64,27.85,157.79,70.05,0
2025-001447,2025-05-14 01:10:07,S1045,C00374,P2069,Marketplace,Transferencia,2x1,2,191.55,0.0,383.1,49.8,333.3,145.02,0
2025-001448,2025-05-12 19:21:17,S1039,C00472,P2123,Call Center,Billetera Digital,Promo 10%,2,157.6,0.1,315.2,40.98,274.22,112.82,0
2025-001449,2025-03-29 20:51:47,S1044,C00570,P2146,Call Center,Tarjeta,Cyber Week,3,295.7,0.05,887.1,115.32,771.78,242.22,0
2025-001450,2025-05-14 18:26:06,S1023,C00799,P2005,Marketplace,Billetera Digital,Cyber Week,2,436.74,0.2,873.48,131.02,742.46,390.45,0
2025-001451,2025-05-21 06:22:22,S1004,C00210,P2131,Marketplace,Efectivo,Promo 10%,4,196.93,0.0,787.72,102.4,685.32,119.6,1
2025-001452,2025-04-21 19:23:43,S1035,C00101,P2029,Call Center,Tarjeta,Sin Promo,2,466.92,0.05,933.84,140.08,793.76,271.13,0
2025-001453,2025-08-01 20:47:04,S1030,C00422,P2071,Web,Financiamiento,,1,411.03,0.15,411.03,61.65,349.38,243.78,0
2025-001454,2025-01-20 13:21:40,S1032,C00789,P2087,Tienda,Financiamiento,Black Friday,2,323.78,0.0,647.56,97.13,550.43,166.63,0
2025-001455,2025-05-13 16:31:06,S1029,C00638,P2025,Marketplace,Financiamiento,Black Friday,2,664.27,0.0,1328.54,199.28,1129.26,394.63,0
2025-001456,2025-06-28 18:10:19,S1028,C00768,P2073,Call Center,Transferencia,2x1,3,164.56,0.0,493.68,74.05,419.63,131.1,0
2025-001457,2025-03-31 01:07:53,S1021,C00096,P2069,Marketplace,Transferencia,Promo 10%,1,181.97,0.05,181.97,27.3,154.67,145.02,0
2025-001458,2025-12-18 22:43:49,S1020,C00363,P2054,Marketplace,Financiamiento,Black Friday,2,463.28,0.0,926.56,138.98,787.58,220.6,0
2025-001459,2025-10-12 02:54:26,S1003,C00032,P2006,Web,Billetera Digital,Promo 10%,1,321.61,0.2,321.61,41.81,279.8,287.52,1
2025-001460,2025-01-17 21:53:02,S1013,C00184,P2076,Call Center,Tarjeta,2x1,1,97.52,0.0,97.52,11.7,85.82,50.2,0
2025-001461,2025-06-05 09:17:35,S1021,C00017,P2129,Web,Efectivo,Promo 15%,1,504.95,0.0,504.95,75.74,429.21,401.84,1
2025-001462,2025-11-15 06:10:32,S1019,C00650,P2107,Call Center,Tarjeta,Sin Promo,2,322.0,0.0,644.0,96.6,547.4,196.36,0
2025-001463,2025-04-19 06:56:27,S1022,C00668,P2007,Marketplace,Transferencia,Cyber Week,1,212.03,0.0,212.03,31.8,180.23,162.45,0
2025-001464,2025-04-30 02:02:47,S1012,C00114,P2026,Marketplace,Tarjeta,Black Friday,1,413.93,0.1,413.93,49.67,364.26,230.43,0
2025-001465,2025-03-10 21:02:37,S1018,C00372,P2052,Tienda,Transferencia,Black Friday,3,94.69,0.0,284.07,34.09,249.98,47.67,0
2025-001466,2025-12-18 23:54:50,S1014,C00740,P2132,Tienda,Financiamiento,Promo 10%,3,305.53,0.05,916.59,109.99,806.6,220.13,0
2025-001467,2025-03-31 20:42:53,S1029,C00232,P2106,Call Center,Efectivo,Promo 15%,1,438.35,0.05,438.35,65.75,372.6,310.34,0
2025-001468,2025-03-14 01:48:58,S1006,C00095,P2025,Tienda,Efectivo,Promo 10%,1,631.06,0.05,631.06,82.04,549.02,394.63,0
2025-001469,2025-07-03 03:13:58,S1037,C00329,P2030,Call Center,Financiamiento,2x1,2,541.44,0.0,1082.88,140.77,942.11,418.38,1
2025-001470,2025-08-24 12:45:54,S1020,C00261,P2070,Call Center,Tarjeta,Promo 15%,2,584.05,0.05,1168.1,175.21,992.89,281.04,0
2025-001471,2025-12-08 08:46:52,S1004,C00365,P2001,Marketplace,Financiamiento,Promo 10%,4,95.82,0.0,383.28,49.83,333.45,59.67,0
2025-001472,2025-05-08 16:12:23,S1010,C00019,P2097,Tienda,Efectivo,Cyber Week,1,469.02,0.1,469.02,56.28,412.74,298.37,0
2025-001473,2025-08-12 05:26:39,S1040,C00605,P2149,Tienda,Financiamiento,Promo 10%,1,179.85,0.2,179.85,23.38,156.47,173.08,0
2025-001474,2025-04-08 04:11:44,S1013,C00554,P2118,Call Center,Billetera Digital,Sin Promo,5,55.38,0.15,276.9,33.23,243.67,45.65,1
2025-001475,2025-06-15 11:18:55,S1037,C00575,P2006,Marketplace,Transferencia,Cyber Week,3,341.71,0.15,1025.13,133.27,891.86,287.52,0
2025-001476,2025-12-06 12:45:40,S1034,C00670,P2068,Web,Financiamiento,Cyber Week,2,209.44,0.15,418.88,62.83,356.05,122.46,0
2025-001477,2025-06-06 14:14:47,S1040,C00345,P2087,Call Center,Tarjeta,Promo 10%,2,323.78,0.0,647.56,84.18,563.38,166.63,0
2025-001478,2025-02-25 14:17:50,S1019,C00724,P2138,Call Center,Transferencia,Promo 10%,3,720.1,0.0,2160.3,324.05,1836.25,375.47,0
2025-001479,2025-05-09 09:33:48,S1031,C00547,P2011,Web,Efectivo,Sin Promo,4,353.45,0.1,1413.8,212.07,1201.73,309.34,0
2025-001480,2025-04-27 05:59:44,S1044,C00584,P2023,Call Center,Tarjeta,Black Friday,3,450.29,0.15,1350.87,175.61,1175.26,346.8,1
2025-001481,2025-10-25 23:06:32,S1031,C00274,P2076,Tienda,Financiamiento,Sin Promo,1,78.02,0.2,78.02,11.7,66.32,50.2,0
2025-001482,2025-03-17 10:45:58,S1010,C00468,P2006,Call Center,Financiamiento,Sin Promo,1,341.71,0.15,341.71,41.01,300.7,287.52,0
2025-001483,2025-08-27 00:47:22,S1007,C00089,P2026,Call Center,Transferencia,Black Friday,3,459.92,0.0,1379.76,179.37,1200.39,230.43,1
2025-001484,2025-04-01 09:22:17,S1014,C00403,P2056,Call Center,Tarjeta,Promo 10%,2,709.55,0.2,1419.1,170.29,1248.81,417.23,0
2025-001485,2025-01-15 21:25:25,S1001,C00541,P2045,Web,Tarjeta,Promo 15%,3,55.13,0.2,165.39,21.5,143.89,46.07,0
2025-001486,2025-03-27 03:10:25,S1024,C00105,P2058,Web,Transferencia,2x1,4,465.91,0.0,1863.64,279.55,1584.09,324.41,0
2025-001487,2025-10-06 10:17:51,S1039,C00396,P2031,Web,Transferencia,Black Friday,4,203.6,0.0,814.4,105.87,708.53,111.43,0
2025-001488,2025-09-18 20:11:49,S1033,C00664,P2125,Call Center,Transferencia,2x1,2,292.95,0.15,585.9,87.88,498.02,235.01,0
2025-001489,2025-10-22 06:17:25,S1031,C00733,P2120,Tienda,Efectivo,Promo 10%,2,189.52,0.05,379.04,56.86,322.18,113.2,0
2025-001490,2025-01-25 19:08:02,S1017,C00308,P2068,Marketplace,Tarjeta,Promo 15%,2,209.44,0.15,418.88,50.27,368.61,122.46,0
2025-001491,2025-02-08 18:43:18,S1043,C00432,P2048,Web,Transferencia,Sin Promo,3,320.16,0.0,960.48,124.86,835.62,183.57,0
2025-001492,2025-01-24 13:36:55,S1034,C00083,P2047,Web,Billetera Digital,Black Friday,2,411.11,0.1,822.22,123.33,698.89,295.44,0
2025-001493,2025-03-14 09:26:11,S1040,C00509,P2058,Call Center,Transferencia,2x1,2,372.73,0.2,745.46,96.91,648.55,324.41,1
2025-001494,2025-07-28 17:45:20,S1007,C00451,P2079,Marketplace,Tarjeta,Black Friday,3,224.63,0.1,673.89,87.61,586.28,156.92,0
2025-001495,2025-10-05 00:32:09,S1030,C00055,P2103,Web,Financiamiento,2x1,1,361.16,0.15,361.16,54.17,306.99,274.37,0
2025-001496,2025-02-26 18:23:48,S1011,C00668,P2092,Tienda,Billetera Digital,Promo 10%,1,802.49,0.0,802.49,96.3,706.19,416.32,0
2025-001497,2025-07-01 02:31:43,S1007,C00489,P2112,Tienda,Efectivo,Sin Promo,1,307.5,0.15,307.5,39.98,267.52,257.82,0
2025-001498,2025-01-16 13:21:22,S1038,C00063,P2040,Web,Tarjeta,Sin Promo,1,59.49,0.0,59.49,7.73,51.76,35.66,0
2025-001499,2025-01-31 03:50:12,S1005,C00606,P2109,Web,Financiamiento,Black Friday,1,208.28,0.0,208.28,27.08,181.2,141.94,0
2025-001500,2025-10-21 17:23:09,S1035,C00583,P2059,Tienda,Billetera Digital,Sin Promo,1,130.71,0.0,130.71,19.61,111.1,101.09,0
2025-001501,2025-04-03 00:04:30,S1027,C00438,P2122,Web,Financiamiento,Promo 10%,1,545.3,0.2,545.3,81.79,463.51,324.38,0
2025-001502,2025-08-12 08:44:00,S1020,C00745,P2127,Web,Financiamiento,Promo 10%,1,732.66,0.0,732.66,109.9,622.76,361.43,0
2025-001503,2025-10-27 01:33:09,S1040,C00614,P2095,Marketplace,Billetera Digital,Sin Promo,5,620.44,0.15,3102.2,403.29,2698.91,368.2,0
2025-001504,2025-12-04 03:05:37,S1011,C00336,P2024,Call Center,Financiamiento,Promo 15%,1,284.64,0.1,284.64,34.16,250.48,197.91,0
2025-001505,2025-08-27 04:42:30,S1017,C00444,P2106,Marketplace,Tarjeta,Promo 15%,4,392.21,0.15,1568.84,188.26,1380.58,310.34,0
2025-001506,2025-07-08 08:20:58,S1033,C00315,P2013,Marketplace,Transferencia,Sin Promo,1,200.2,0.0,200.2,30.03,170.17,98.1,0
2025-001507,2025-05-10 10:28:13,S1026,C00534,P2001,Tienda,Efectivo,Sin Promo,1,86.24,0.1,86.24,12.94,73.3,59.67,0
2025-001508,2025-01-05 01:38:21,S1043,C00359,P2072,Tienda,Billetera Digital,2x1,3,604.62,0.0,1813.86,235.8,1578.06,420.23,0
2025-001509,2025-11-03 20:34:03,S1008,C00508,P2126,Call Center,Efectivo,Cyber Week,1,684.14,0.0,684.14,88.94,595.2,413.19,0
2025-001510,2025-01-15 07:54:26,S1019,C00372,P2021,Call Center,Tarjeta,2x1,3,351.58,0.2,1054.74,158.21,896.53,239.98,0
2025-001511,2025-03-14 08:22:52,S1003,C00636,P2115,Web,Financiamiento,2x1,6,335.31,0.1,2011.86,261.54,1750.32,201.2,0
2025-001512,2025-10-21 07:32:24,S1004,C00469,P2080,Call Center,Transferencia,Sin Promo,2,271.61,0.1,543.22,70.62,472.6,221.89,1
2025-001513,2025-09-30 00:44:12,S1013,C00372,P2004,Tienda,Billetera Digital,Promo 15%,1,462.1,0.15,462.1,55.45,406.65,298.92,1
2025-001514,2025-04-01 13:32:19,S1028,C00641,P2033,Call Center,Billetera Digital,Promo 15%,1,64.29,0.2,64.29,9.64,54.65,61.26,0
2025-001515,2025-11-01 21:51:28,S1032,C00414,P2129,Call Center,Efectivo,2x1,4,429.21,0.15,1716.84,257.53,1459.31,401.84,1
2025-001516,2025-09-22 00:58:32,S1016,C00643,P2003,Call Center,Efectivo,Promo 15%,1,432.41,0.15,432.41,51.89,380.52,261.5,0
2025-001517,2025-10-26 19:06:51,S1040,C00128,P2096,Call Center,Transferencia,2x1,4,540.6,0.15,2162.4,281.11,1881.29,369.96,0
2025-001518,2025-03-20 12:21:29,S1020,C00232,P2083,Web,Transferencia,Promo 10%,2,418.74,0.2,837.48,125.62,711.86,334.59,0
2025-001519,2025-05-19 05:39:55,S1001,C00639,P2134,Call Center,Transferencia,Cyber Week,4,229.48,0.05,917.92,119.33,798.59,153.79,0
2025-001520,2025-12-05 15:58:07,S1033,C00605,P2064,Tienda,Tarjeta,Promo 15%,1,73.05,0.2,73.05,10.96,62.09,57.47,0
2025-001521,2025-08-14 08:43:18,S1028,C00460,P2129,Marketplace,Billetera Digital,Promo 10%,1,403.96,0.2,403.96,60.59,343.37,401.84,0
2025-001522,2025-04-25 01:39:27,S1007,C00262,P2048,Tienda,Billetera Digital,2x1,1,272.14,0.15,272.14,35.38,236.76,183.57,0
2025-001523,2025-09-16 04:43:22,S1031,C00796,P2026,Call Center,Transferencia,,1,459.92,0.0,459.92,68.99,390.93,230.43,0
2025-001524,2025-07-08 04:04:22,S1006,C00460,P2143,Call Center,Efectivo,2x1,1,175.44,0.0,175.44,22.81,152.63,101.86,0
2025-001525,2025-03-28 04:45:34,S1035,C00373,P2034,Marketplace,Efectivo,Sin Promo,1,236.66,0.1,236.66,35.5,201.16,122.22,0
2025-001526,2025-03-15 06:24:59,S1024,C00260,P2004,Tienda,Efectivo,2x1,3,462.1,0.15,1386.3,207.94,1178.36,298.92,0
2025-001527,2025-06-22 17:19:51,S1030,C00707,P2128,Web,Financiamiento,Sin Promo,2,529.52,0.05,1059.04,158.86,900.18,269.57,0
2025-001528,2025-04-29 18:01:53,S1010,C00721,P2103,Marketplace,Efectivo,Promo 15%,2,382.41,0.1,764.82,91.78,673.04,274.37,0
2025-001529,2025-12-23 05:50:56,S1019,C00256,P2101,Marketplace,Financiamiento,2x1,1,336.53,0.0,336.53,50.48,286.05,262.94,0
2025-001530,2025-11-09 09:59:31,S1027,C00493,P2023,Web,Billetera Digital,Promo 10%,1,503.26,0.05,503.26,75.49,427.77,346.8,0
2025-001531,2025-02-28 18:29:11,S1005,C00073,P2010,Call Center,Financiamiento,Black Friday,1,363.68,0.1,363.68,47.28,316.4,210.17,0
2025-001532,2025-09-09 04:42:21,S1006,C00161,P2007,Marketplace,Billetera Digital,Black Friday,1,190.83,0.1,190.83,24.81,166.02,162.45,0
2025-001533,2025-01-02 02:56:25,S1034,C00199,P2140,Marketplace,Financiamiento,Promo 10%,2,14.41,0.0,28.82,4.32,24.5,6.63,0
2025-001534,2025-03-05 16:12:49,S1042,C00484,P2037,Call Center,Transferencia,Cyber Week,1,592.61,0.05,592.61,77.04,515.57,405.23,0
2025-001535,2025-10-04 19:41:19,S1012,C00423,P2151,Marketplace,Billetera Digital,Promo 10%,1,246.17,0.0,246.17,29.54,216.63,116.51,0
2025-001536,2025-11-04 04:22:58,S1011,C00243,P2145,Tienda,Billetera Digital,Black Friday,1,118.01,0.0,118.01,14.16,103.85,77.61,0
2025-001537,2025-02-20 17:26:50,S1015,C00296,P2053,Marketplace,Billetera Digital,Sin Promo,2,887.77,0.05,1775.54,213.06,1562.48,436.17,1
2025-001538,2025-02-22 20:01:48,S1030,C00021,P2133,Tienda,Financiamiento,2x1,1,49.96,0.05,49.96,7.49,42.47,38.56,0
2025-001539,2025-11-25 20:39:11,S1027,C00330,P2029,Call Center,Tarjeta,2x1,2,417.77,0.15,835.54,125.33,710.21,271.13,1
2025-001540,2025-04-13 05:21:27,S1044,C00420,P2084,Tienda,Transferencia,Promo 15%,3,10.35,0.05,31.05,4.04,27.01,8.31,0
2025-001541,2025-12-30 07:40:59,S1008,C00415,P2016,Call Center,Efectivo,Promo 10%,2,172.59,0.0,345.18,44.87,300.31,121.18,0
2025-001542,2025-02-06 09:48:12,S1024,C00273,P2112,Call Center,Tarjeta,2x1,1,361.76,0.0,361.76,54.26,307.5,257.82,1
2025-001543,2025-01-25 16:58:11,S1007,C00779,P2017,Tienda,Efectivo,Cyber Week,3,280.3,0.0,840.9,109.32,731.58,182.13,0
2025-001544,2025-10-18 02:36:37,S1018,C00635,P2093,Marketplace,Billetera Digital,Black Friday,2,147.96,0.0,295.92,35.51,260.41,75.0,0
2025-001545,2025-01-20 16:42:33,S1029,C00159,P2008,Marketplace,Transferencia,Black Friday,1,699.38,0.2,699.38,104.91,594.47,421.75,0
2025-001546,2025-03-04 08:33:49,S1020,C00586,P2101,Marketplace,Billetera Digital,2x1,1,286.05,0.15,286.05,42.91,243.14,262.94,1
2025-001547,2025-07-01 20:32:10,S1024,C00189,P2066,Web,Transferencia,Promo 10%,3,419.77,0.2,1259.31,188.9,1070.41,297.19,0
2025-001548,2025-06-07 20:30:28,S1034,C00557,P2020,Tienda,Efectivo,Cyber Week,4,39.49,0.2,157.96,23.69,134.27,32.33,1
2025-001549,2025-06-25 11:56:09,S1012,C00258,P2153,Web,Efectivo,Sin Promo,1,367.12,0.1,367.12,44.05,323.07,293.96,1
2025-001550,2025-06-04 14:31:04,S1037,C00097,P2042,Web,Billetera Digital,2x1,1,321.11,0.2,321.11,41.74,279.37,233.31,0
2025-001551,2025-12-22 04:29:27,S1038,C00178,P2043,Web,Transferencia,Cyber Week,4,297.93,0.05,1191.72,154.92,1036.8,244.5,0
2025-001552,2025-10-05 23:35:42,S1012,C00593,P2122,Tienda,Efectivo,Promo 15%,1,545.3,0.2,545.3,65.44,479.86,324.38,0
2025-001553,2025-09-16 08:50:12,S1044,C00629,P2142,Web,Efectivo,Promo 10%,1,419.81,0.15,419.81,54.58,365.23,331.65,1
2025-001554,2025-06-18 21:31:57,S1028,C00141,P2089,Call Center,Tarjeta,Sin Promo,1,699.71,0.05,699.71,104.96,594.75,351.93,0
2025-001555,2025-05-27 13:56:35,S1025,C00035,P2006,Web,Billetera Digital,Black Friday,1,402.01,0.0,402.01,60.3,341.71,287.52,0
2025-001556,2025-01-06 15:33:29,S1042,C00494,P2125,Tienda,Transferencia,Cyber Week,1,344.65,0.0,344.65,44.8,299.85,235.01,1
2025-001557,2025-10-10 14:45:53,S1043,C00470,P2008,Web,Billetera Digital,Cyber Week,1,786.81,0.1,786.81,102.29,684.52,421.75,0
2025-001558,2025-08-22 19:20:42,S1039,C00029,P2038,Call Center,Transferencia,Promo 15%,4,132.95,0.05,531.8,69.13,462.67,104.22,0
2025-001559,2025-08-22 03:49:32,S1041,C00759,P2030,Tienda,Efectivo,Promo 15%,2,460.22,0.15,920.44,119.66,800.78,418.38,0
2025-001560,2025-11-28 01:26:09,S1027,C00545,P2061,Web,Efectivo,Promo 10%,2,34.14,0.2,68.28,10.24,58.04,26.36,0
2025-001561,2025-05-20 21:04:51,S1038,C00366,P2151,Call Center,Transferencia,Cyber Week,2,246.17,0.0,492.34,64.0,428.34,116.51,0
2025-001562,2025-06-16 15:38:44,S1020,C00578,P2006,Tienda,Financiamiento,Sin Promo,2,341.71,0.15,683.42,102.51,580.91,287.52,0
2025-001563,2025-02-13 23:25:33,S1016,C00325,P2029,Tienda,Billetera Digital,Cyber Week,1,466.92,0.05,466.92,56.03,410.89,271.13,0
2025-001564,2025-08-11 01:05:45,S1003,C00259,P2110,Marketplace,Financiamiento,2x1,2,333.38,0.2,666.76,86.68,580.08,314.95,0
2025-001565,2025-10-12 00:43:35,S1015,C00328,P2078,Marketplace,Billetera Digital,Promo 10%,3,149.09,0.1,447.27,53.67,393.6,125.47,1
2025-001566,2025-01-12 02:24:35,S1016,C00130,P2145,Marketplace,Billetera Digital,Sin Promo,1,106.21,0.1,106.21,12.75,93.46,77.61,0
2025-001567,2025-12-13 12:14:57,S1032,C00494,P2004,Tienda,Tarjeta,Black Friday,1,434.92,0.2,434.92,65.24,369.68,298.92,0
2025-001568,2025-03-20 10:19:59,S1020,C00251,P2060,Web,Transferencia,2x1,1,325.76,0.15,325.76,48.86,276.9,245.82,0
2025-001569,2025-01-06 13:45:55,S1009,C00493,P2080,Tienda,Transferencia,Sin Promo,1,271.61,0.1,271.61,35.31,236.3,221.89,0
2025-001570,2025-01-21 05:06:26,S1015,C00586,P2016,Tienda,Efectivo,Promo 15%,1,172.59,0.0,172.59,20.71,151.88,121.18,0
2025-001571,2025-02-10 06:52:39,S1020,C00756,P2010,Tienda,Financiamiento,2x1,6,343.48,0.15,2060.88,309.13,1751.75,210.17,0
2025-001572,2025-08-09 19:03:39,S1012,C00724,P2004,Call Center,Efectivo,Sin Promo,2,516.47,0.05,1032.94,123.95,908.99,298.92,1
2025-001573,2025-09-11 20:24:41,S1043,C00058,P2125,Web,Transferencia,Black Friday,3,292.95,0.15,878.85,114.25,764.6,235.01,0
2025-001574,2025-07-01 14:52:54,S1032,C00216,P2110,Call Center,Tarjeta,2x1,3,416.72,0.0,1250.16,187.52,1062.64,314.95,0
2025-001575,2025-04-30 23:36:11,S1011,C00207,P2070,Tienda,Billetera Digital,Sin Promo,2,522.57,0.15,1045.14,125.42,919.72,281.04,0
2025-001576,2025-05-03 18:25:35,S1005,C00344,P2102,Web,Efectivo,Promo 10%,6,450.78,0.1,2704.68,351.61,2353.07,270.07,0
2025-001577,2025-09-19 17:18:16,S1030,C00007,P2040,Web,Financiamiento,2x1,3,56.52,0.05,169.56,25.43,144.13,35.66,0
2025-001578,2025-01-30 14:29:41,S1044,C00084,P2137,Call Center,Tarjeta,2x1,1,428.74,0.0,428.74,55.74,373.0,246.0,0
2025-001579,2025-03-09 18:53:01,S1025,C00533,P2103,Marketplace,Financiamiento,2x1,2,339.92,0.2,679.84,101.98,577.86,274.37,0
2025-001580,2025-03-08 17:38:29,S1001,C00587,P2146,Web,Billetera Digital,Cyber Week,5,311.26,0.0,1556.3,202.32,1353.98,242.22,1
2025-001581,2025-09-22 05:38:23,S1009,C00010,P2057,Marketplace,Tarjeta,Black Friday,3,377.82,0.1,1133.46,147.35,986.11,314.68,0
2025-001582,2025-06-06 21:35:06,S1006,C00249,P2139,Tienda,Transferencia,Black Friday,4,17.24,0.15,68.96,8.96,60.0,12.71,0
2025-001583,2025-10-18 20:18:43,S1033,C00711,P2110,Call Center,Billetera Digital,Sin Promo,2,416.72,0.0,833.44,125.02,708.42,314.95,0
2025-001584,2025-02-16 22:53:13,S1042,,P2040,Web,Transferencia,Promo 15%,1,53.54,0.1,53.54,6.96,46.58,35.66,0
2025-001585,2025-05-14 11:23:33,S1027,C00181,P2118,Call Center,Transferencia,Promo 10%,1,61.89,0.05,61.89,9.28,52.61,45.65,0
2025-001586,2025-01-08 19:19:46,S1033,C00521,P2122,Tienda,Transferencia,Promo 10%,1,681.62,0.0,681.62,102.24,579.38,324.38,1
2025-001587,2025-10-07 23:20:31,S1044,C00402,P2085,Call Center,Financiamiento,Sin Promo,1,31.02,0.0,31.02,4.03,26.99,20.07,0
2025-001588,2025-02-19 21:31:38,S1017,C00037,P2077,Tienda,Billetera Digital,Sin Promo,3,754.96,0.05,2264.88,271.79,1993.09,400.81,0
2025-001589,2025-07-18 20:17:01,S1031,C00366,P2042,Marketplace,Efectivo,Black Friday,2,321.11,0.2,642.22,96.33,545.89,233.31,1
2025-001590,2025-12-12 11:48:22,S1004,C00448,P2150,Web,Financiamiento,Sin Promo,1,187.26,0.2,187.26,24.34,162.92,154.53,1
2025-001591,2025-10-09 15:46:34,S1043,C00492,P2007,Web,Financiamiento,Sin Promo,3,190.83,0.1,572.49,74.42,498.07,162.45,1
2025-001592,2025-04-18 08:37:17,S1009,C00063,P2028,Call Center,Financiamiento,Black Friday,6,568.28,0.05,3409.68,443.26,2966.42,344.08,0
2025-001593,2025-03-05 21:31:02,S1045,C00353,P2057,Call Center,Transferencia,Cyber Week,1,419.8,0.0,419.8,54.57,365.23,314.68,0
2025-001594,2025-03-04 22:19:18,S1013,C00668,P2051,Marketplace,Billetera Digital,2x1,1,684.37,0.2,684.37,82.12,602.25,394.02,0
2025-001595,2025-09-21 02:57:00,S1028,C00102,P2153,Call Center,Transferencia,Black Friday,5,407.91,0.0,2039.55,305.93,1733.62,293.96,0
2025-001596,2025-08-23 07:36:41,S1019,C00349,P2041,Tienda,Financiamiento,Sin Promo,2,37.22,0.2,74.44,11.17,63.27,34.06,0
2025-001597,2025-09-04 18:59:36,S1035,C00092,P2096,Call Center,Transferencia,Black Friday,1,636.0,0.0,636.0,95.4,540.6,369.96,0
2025-001598,2025-03-08 23:05:56,S1034,C00294,P2007,Marketplace,Financiamiento,Promo 15%,1,212.03,0.0,212.03,31.8,180.23,162.45,1
2025-001599,2025-09-30 18:23:23,S1026,C00452,P2154,Web,Tarjeta,Promo 10%,2,659.89,0.1,1319.78,197.97,1121.81,427.53,0
2025-001600,2025-10-04 16:14:36,S1032,C00539,P2067,Call Center,Efectivo,Sin Promo,2,582.45,0.0,1164.9,174.74,990.16,420.88,0
2025-001601,2025-09-27 19:26:45,S1002,C00620,P2094,Marketplace,Financiamiento,Black Friday,3,700.79,0.0,2102.37,273.31,1829.06,392.99,0
2025-001602,2025-05-29 06:53:28,S1013,C00558,P2120,Web,Financiamiento,Promo 15%,3,199.5,0.0,598.5,71.82,526.68,113.2,0
2025-001603,2025-05-07 20:16:07,S1034,C00228,P2025,Call Center,Billetera Digital,Black Friday,6,531.42,0.2,3188.52,478.28,2710.24,394.63,0
2025-001604,2025-10-15 03:46:12,S1027,C00680,P2012,Tienda,Billetera Digital,Cyber Week,1,670.08,0.15,670.08,100.51,569.57,363.05,0
2025-001605,2025-08-24 20:34:21,S1030,C00634,P2066,Call Center,Financiamiento,Promo 15%,1,524.71,0.0,524.71,78.71,446.0,297.19,0
2025-001606,2025-06-28 03:51:33,S1026,C00323,P2037,Tienda,Financiamiento,Cyber Week,3,623.8,0.0,1871.4,280.71,1590.69,405.23,0
2025-001607,2025-02-24 15:49:02,S1026,C00775,P2067,Web,Transferencia,Promo 10%,4,553.33,0.05,2213.32,332.0,1881.32,420.88,0
2025-001608,2025-11-12 00:05:31,S1010,C00644,P2031,Tienda,Tarjeta,Sin Promo,1,183.24,0.1,183.24,21.99,161.25,111.43,0
2025-001609,2025-05-24 03:14:35,S1007,C00676,P2031,Web,Billetera Digital,Black Friday,1,203.6,0.0,203.6,26.47,177.13,111.43,0
2025-001610,2025-10-19 05:49:09,S1008,C00546,P2057,Tienda,Financiamiento,Promo 10%,1,398.81,0.05,398.81,51.85,346.96,314.68,0
2025-001611,2025-04-20 00:25:08,S1029,C00336,P2124,Marketplace,Tarjeta,Promo 15%,1,380.55,0.2,380.55,57.08,323.47,351.18,0
2025-001612,2025-10-11 23:17:45,S1039,C00113,P2032,Call Center,Billetera Digital,2x1,2,466.57,0.0,933.14,121.31,811.83,330.43,0
2025-001613,2025-01-04 23:38:36,S1009,C00053,P2108,Tienda,Efectivo,Promo 10%,1,255.04,0.1,255.04,33.16,221.88,144.01,0
2025-001614,2025-07-30 17:05:27,S1040,C00159,P2059,Tienda,Transferencia,2x1,2,124.17,0.05,248.34,32.28,216.06,101.09,0
2025-001615,2025-08-12 12:35:22,S1025,C00123,P2111,Web,Tarjeta,Promo 15%,1,248.3,0.15,248.3,37.24,211.06,191.52,0
2025-001616,2025-10-13 07:53:46,S1001,C00034,P2115,Marketplace,Financiamiento,Black Friday,2,298.06,0.2,596.12,77.5,518.62,201.2,1
2025-001617,2025-12-14 01:35:38,S1044,C00208,P2069,Call Center,Financiamiento,Promo 15%,2,191.55,0.0,383.1,49.8,333.3,145.02,0
2025-001618,2025-07-10 22:27:34,S1013,C00736,P2052,Marketplace,Transferencia,Sin Promo,1,80.49,0.15,80.49,9.66,70.83,47.67,1
2025-001619,2025-10-10 09:04:09,S1006,C00755,P2159,Call Center,Billetera Digital,Promo 10%,1,544.75,0.15,544.75,70.82,473.93,434.27,0
2025-001620,2025-06-20 05:00:03,S1042,C00273,P2148,Call Center,Transferencia,Promo 15%,1,539.85,0.2,539.85,70.18,469.67,390.62,1
2025-001621,2025-02-21 15:25:14,S1034,C00436,P2113,Web,Transferencia,2x1,1,297.65,0.0,297.65,44.65,253.0,139.53,0
2025-001622,2025-11-24 10:19:58,S1042,C00300,P2083,Marketplace,Transferencia,2x1,1,418.74,0.2,418.74,54.44,364.3,334.59,0
2025-001623,2025-02-09 23:28:02,S1040,C00794,P2027,Tienda,Transferencia,Black Friday,5,265.38,0.2,1326.9,172.5,1154.4,230.42,0
2025-001624,2025-07-08 17:02:56,S1006,C00359,P2047,Marketplace,Billetera Digital,Black Friday,3,456.79,0.0,1370.37,178.15,1192.22,295.44,0
2025-001625,2025-05-16 12:32:58,S1020,C00770,P2041,Web,Transferencia,2x1,1,46.52,0.0,46.52,6.98,39.54,34.06,0
2025-001626,2025-12-10 11:50:06,S1011,C00630,P2123,Web,Financiamiento,Promo 10%,2,157.6,0.1,315.2,37.82,277.38,112.82,0
2025-001627,2025-01-04 19:10:18,S1015,C00765,P2141,Tienda,Efectivo,Sin Promo,2,749.24,0.1,1498.48,179.82,1318.66,384.64,0
2025-001628,2025-10-02 03:52:18,S1014,C00010,P2100,Tienda,Tarjeta,Cyber Week,1,571.97,0.0,571.97,68.64,503.33,422.9,1
2025-001629,2025-04-25 20:41:49,S1042,C00208,P2141,Tienda,Efectivo,Promo 10%,1,665.99,0.2,665.99,86.58,579.41,384.64,1
2025-001630,2025-07-03 10:45:14,S1010,C00239,P2067,Call Center,Transferencia,Cyber Week,5,524.21,0.1,2621.05,314.53,2306.52,420.88,1
2025-001631,2025-05-16 09:18:48,S1020,C00531,P2073,Marketplace,Financiamiento,2x1,4,148.1,0.1,592.4,88.86,503.54,131.1,1
2025-001632,2025-12-09 23:24:29,S1031,C00091,P2107,Marketplace,Efectivo,Promo 15%,2,322.0,0.0,644.0,96.6,547.4,196.36,0
2025-001633,2025-06-19 17:40:06,S1002,C00415,P2097,Marketplace,Financiamiento,Sin Promo,2,521.13,0.0,1042.26,135.49,906.77,298.37,0
2025-001634,2025-08-16 12:43:38,S1029,C00498,P2009,Marketplace,Tarjeta,Cyber Week,1,523.01,0.0,523.01,78.45,444.56,287.2,0
2025-001635,2025-11-07 11:14:52,S1030,C00068,P2066,Marketplace,Tarjeta,Black Friday,1,524.71,0.0,524.71,78.71,446.0,297.19,0
2025-001636,2025-01-24 08:43:28,S1013,C00585,P2129,Marketplace,Efectivo,Promo 10%,1,504.95,0.0,504.95,60.59,444.36,401.84,0
2025-001637,2025-06-24 00:01:27,S1015,C00448,P2151,Marketplace,Financiamiento,Sin Promo,3,246.17,0.0,738.51,88.62,649.89,116.51,0
2025-001638,2025-03-27 18:01:33,S1020,C00213,P2143,Web,Financiamiento,2x1,4,166.67,0.05,666.68,100.0,566.68,101.86,0
2025-001639,2025-09-05 00:53:43,S1002,C00722,P2034,Tienda,Transferencia,Promo 15%,2,236.66,0.1,473.32,61.53,411.79,122.22,0
2025-001640,2025-10-04 07:08:16,S1023,C00585,P2045,Marketplace,Financiamiento,Promo 10%,3,62.02,0.1,186.06,27.91,158.15,46.07,0
2025-001641,2025-08-26 15:18:42,S1001,C00528,P2123,Web,Financiamiento,Black Friday,2,140.09,0.2,280.18,36.42,243.76,112.82,0
2025-001642,2025-03-19 06:47:23,S1010,C00449,P2136,Call Center,Billetera Digital,Promo 10%,1,139.32,0.1,139.32,16.72,122.6,99.42,0
2025-001643,2025-07-16 21:04:55,S1004,C00613,P2102,Call Center,Financiamiento,Promo 15%,2,500.87,0.0,1001.74,130.23,871.51,270.07,1
2025-001644,2025-09-14 19:05:25,S1021,C00224,P2079,Web,Billetera Digital,Cyber Week,1,249.59,0.0,249.59,37.44,212.15,156.92,0
2025-001645,2025-11-14 01:04:55,S1017,C00350,P2153,Marketplace,Billetera Digital,Promo 15%,4,387.51,0.05,1550.04,186.0,1364.04,293.96,0
2025-001646,2025-10-17 02:04:58,S1019,C00183,P2041,Web,Billetera Digital,Cyber Week,1,46.52,0.0,46.52,6.98,39.54,34.06,0
2025-001647,2025-05-31 23:23:39,S1030,C00015,P2143,Tienda,Transferencia,2x1,2,166.67,0.05,333.34,50.0,283.34,101.86,0
2025-001648,2025-04-24 10:15:44,S1021,C00592,P2142,Marketplace,Tarjeta,Black Friday,1,493.89,0.0,493.89,74.08,419.81,331.65,0
2025-001649,2025-05-25 12:08:42,S1022,C00574,P2091,Web,Billetera Digital,2x1,5,433.2,0.2,2166.0,324.9,1841.1,397.11,0
2025-001650,2025-11-26 19:37:04,S1004,C00554,P2076,Tienda,Financiamiento,Black Friday,3,97.52,0.0,292.56,38.03,254.53,50.2,0
2025-001651,2025-09-23 14:45:46,S1004,C00795,P2034,Call Center,Financiamiento,Promo 10%,3,262.95,0.0,788.85,102.55,686.3,122.22,1
2025-001652,2025-11-27 04:24:43,S1039,C00529,P2135,Web,Tarjeta,2x1,1,152.93,0.0,152.93,19.88,133.05,71.27,0
2025-001653,2025-07-28 21:39:32,S1025,C00095,P2105,Marketplace,Financiamiento,Cyber Week,1,676.15,0.0,676.15,101.42,574.73,320.12,0
2025-001654,2025-06-29 13:53:36,S1008,C00305,P2127,Web,Transferencia,Cyber Week,2,696.03,0.05,1392.06,180.97,1211.09,361.43,0
2025-001655,2025-07-29 20:32:16,S1025,C00259,P2067,Tienda,Tarjeta,Promo 15%,6,524.21,0.1,3145.26,471.79,2673.47,420.88,0
2025-001656,2025-11-14 23:06:03,S1014,C00223,P2091,Marketplace,Billetera Digital,Promo 15%,2,541.5,0.0,1083.0,129.96,953.04,397.11,0
2025-001657,2025-02-25 21:21:02,S1037,C00041,P2028,Call Center,Transferencia,2x1,2,478.55,0.2,957.1,124.42,832.68,344.08,0
2025-001658,2025-12-30 08:40:11,S1015,C00406,P2027,Web,Efectivo,Promo 10%,2,315.14,0.05,630.28,75.63,554.65,230.42,0
2025-001659,2025-06-27 14:45:12,S1041,C00416,P2080,Tienda,Tarjeta,2x1,2,241.43,0.2,482.86,62.77,420.09,221.89,0
2025-001660,2025-01-19 18:05:01,S1045,C00333,P2148,Marketplace,Transferencia,2x1,1,641.07,0.05,641.07,83.34,557.73,390.62,0
2025-001661,2025-11-01 06:04:59,S1036,C00329,P2017,Web,Efectivo,Sin Promo,3,280.3,0.0,840.9,126.13,714.77,182.13,0
2025-001662,2025-07-21 22:28:45,S1006,C00110,P2126,Call Center,Efectivo,2x1,1,649.93,0.05,649.93,84.49,565.44,413.19,0
2025-001663,2025-05-09 14:55:51,S1006,C00356,P2135,Call Center,Billetera Digital,Promo 10%,1,137.64,0.1,137.64,17.89,119.75,71.27,0
2025-001664,2025-12-02 18:38:42,S1040,C00344,P2011,Call Center,Transferencia,Cyber Week,2,392.72,0.0,785.44,102.11,683.33,309.34,0
2025-001665,2025-04-03 07:38:04,S1028,C00786,P2144,Tienda,Financiamiento,Promo 10%,2,272.5,0.0,545.0,81.75,463.25,177.43,0
2025-001666,2025-08-21 16:30:39,S1013,C00506,P2078,Web,Billetera Digital,Promo 10%,4,132.53,0.2,530.12,63.61,466.51,125.47,0
2025-001667,2025-10-05 03:35:17,S1044,C00113,P2159,Marketplace,Financiamiento,Promo 10%,1,576.79,0.1,576.79,74.98,501.81,434.27,0
2025-001668,2025-02-20 02:59:07,S1004,C00299,P2048,Marketplace,Tarjeta,Promo 10%,1,304.15,0.05,304.15,39.54,264.61,183.57,0
2025-001669,2025-07-28 17:43:14,S1007,C00520,P2056,Tienda,Financiamiento,Black Friday,2,709.55,0.2,1419.1,184.48,1234.62,417.23,0
2025-001670,2025-07-17 09:33:20,S1016,C00300,P2159,Marketplace,Billetera Digital,2x1,6,608.84,0.05,3653.04,438.36,3214.68,434.27,0
2025-001671,2025-02-14 06:27:00,S1003,C00375,P2158,Call Center,Efectivo,,1,433.91,0.2,433.91,56.41,377.5,274.83,0
2025-001672,2025-07-12 04:42:33,S1014,C00566,P2094,Web,Transferencia,2x1,2,700.79,0.0,1401.58,168.19,1233.39,392.99,0
2025-001673,2025-06-25 22:26:03,S1013,C00185,P2065,Call Center,Efectivo,Sin Promo,1,347.05,0.15,347.05,41.65,305.4,269.16,0
2025-001674,2025-04-26 12:25:08,S1008,C00122,P2116,Web,Transferencia,Black Friday,2,595.12,0.2,1190.24,154.73,1035.51,358.01,0
2025-001675,2025-07-14 03:49:20,S1019,C00266,P2034,Web,Financiamiento,2x1,1,223.51,0.15,223.51,33.53,189.98,122.22,0
2025-001676,2025-02-14 18:48:01,S1034,C00509,P2143,Web,Transferencia,Promo 15%,1,157.9,0.1,157.9,23.68,134.22,101.86,0
2025-001677,2025-07-27 10:51:39,S1012,C00702,P2031,Web,Billetera Digital,Promo 10%,3,203.6,0.0,610.8,73.3,537.5,111.43,0
2025-001678,2025-07-17 16:08:30,S1045,C00605,P2121,Web,Billetera Digital,Promo 15%,2,334.22,0.2,668.44,86.9,581.54,207.12,0
2025-001679,2025-04-11 13:06:44,S1040,C00594,P2035,Marketplace,Tarjeta,Promo 15%,3,770.61,0.15,2311.83,300.54,2011.29,418.3,0
2025-001680,2025-10-16 20:07:26,S1001,C00265,P2138,Call Center,Transferencia,Promo 15%,2,612.09,0.15,1224.18,159.14,1065.04,375.47,0
2025-001681,2025-03-02 00:30:54,S1024,C00612,P2110,Tienda,Financiamiento,Promo 10%,5,416.72,0.0,2083.6,312.54,1771.06,314.95,0
2025-001682,2025-10-21 10:25:37,S1002,C00244,P2023,Marketplace,Tarjeta,Promo 10%,3,529.75,0.0,1589.25,206.6,1382.65,346.8,1
2025-001683,2025-01-01 06:26:31,S1035,C00039,P2151,Web,Financiamiento,Cyber Week,1,221.55,0.1,221.55,33.23,188.32,116.51,0
2025-001684,2025-08-06 03:33:49,S1045,C00537,P2041,Web,Efectivo,2x1,1,41.87,0.1,41.87,5.44,36.43,34.06,0
2025-001685,2025-04-19 05:59:33,S1004,C00302,P2026,Call Center,Efectivo,2x1,3,367.94,0.2,1103.82,143.5,960.32,230.43,0
2025-001686,2025-04-06 01:08:44,S1033,C00506,P2030,Tienda,Financiamiento,2x1,3,514.37,0.05,1543.11,231.47,1311.64,418.38,0
2025-001687,2025-08-26 14:08:25,S1025,C00346,P2144,Call Center,Efectivo,Cyber Week,5,231.62,0.15,1158.1,173.71,984.39,177.43,0
2025-001688,2025-06-06 12:35:21,S1014,C00254,P2156,Call Center,Financiamiento,Promo 10%,1,81.43,0.0,81.43,9.77,71.66,55.02,0
2025-001689,2025-10-04 11:06:45,S1018,C00330,P2100,Tienda,Efectivo,Promo 10%,2,571.97,0.0,1143.94,137.27,1006.67,422.9,0
2025-001690,2025-05-18 05:19:04,S1020,C00601,P2117,Marketplace,Transferencia,Cyber Week,2,84.2,0.0,168.4,25.26,143.14,41.82,0
2025-001691,2025-12-23 17:38:14,S1010,C00051,P2066,Tienda,Efectivo,Cyber Week,3,524.71,0.0,1574.13,188.9,1385.23,297.19,0
2025-001692,2025-11-15 00:01:47,S1044,C00750,P2068,Marketplace,Tarjeta,Promo 10%,1,246.4,0.0,246.4,32.03,214.37,122.46,0
2025-001693,2025-03-17 23:01:53,S1015,C00319,P2122,Marketplace,Financiamiento,2x1,1,545.3,0.2,545.3,65.44,479.86,324.38,0
2025-001694,2025-04-19 07:42:23,S1030,C00407,P2160,Web,Financiamiento,Sin Promo,4,731.0,0.1,2924.0,438.6,2485.4,418.28,0
2025-001695,2025-07-23 07:12:15,S1011,C00694,P2088,Marketplace,Efectivo,Promo 15%,2,571.92,0.0,1143.84,137.26,1006.58,308.2,1
2025-001696,2025-10-21 14:29:31,S1038,C00292,P2066,Web,Tarjeta,Sin Promo,3,446.0,0.15,1338.0,173.94,1164.06,297.19,0
2025-001697,2025-04-14 06:21:35,S1027,C00141,P2088,Marketplace,Transferencia,Promo 10%,1,571.92,0.0,571.92,85.79,486.13,308.2,0
2025-001698,2025-10-24 12:53:58,S1027,C00382,P2096,Tienda,Billetera Digital,Cyber Week,1,508.8,0.2,508.8,76.32,432.48,369.96,0
2025-001699,2025-09-21 11:03:13,S1014,C00778,P2027,Call Center,Efectivo,2x1,4,298.56,0.1,1194.24,143.31,1050.93,230.42,0
2025-001700,2025-08-08 03:13:33,S1023,C00224,P2033,Tienda,Transferencia,Cyber Week,1,64.29,0.2,64.29,9.64,54.65,61.26,0
2025-001701,2025-11-21 16:54:54,S1014,C00573,P2058,Call Center,Transferencia,Sin Promo,2,465.91,0.0,931.82,111.82,820.0,324.41,0
2025-001702,2025-12-29 11:06:30,S1032,C00027,P2019,Web,Transferencia,Promo 15%,1,400.58,0.15,400.58,60.09,340.49,283.84,0
2025-001703,2025-03-21 14:19:45,S1020,C00149,P2046,Tienda,Billetera Digital,Promo 10%,1,290.06,0.2,290.06,43.51,246.55,192.92,0
2025-001704,2025-04-16 14:39:16,S1020,C00300,P2109,Web,Financiamiento,Black Friday,2,166.62,0.2,333.24,49.99,283.25,141.94,0
2025-001705,2025-08-22 17:21:33,S1005,C00166,P2128,Call Center,Efectivo,Sin Promo,3,445.91,0.2,1337.73,173.9,1163.83,269.57,1
2025-001706,2025-04-26 06:26:21,S1007,C00304,P2124,Marketplace,Efectivo,Black Friday,2,428.12,0.1,856.24,111.31,744.93,351.18,1
2025-001707,2025-05-05 05:27:53,S1035,C00051,P2043,Tienda,Financiamiento,Cyber Week,6,313.61,0.0,1881.66,282.25,1599.41,244.5,0
2025-001708,2025-10-09 14:59:54,S1027,C00646,P2048,Web,Billetera Digital,2x1,1,320.16,0.0,320.16,48.02,272.14,183.57,0
2025-001709,2025-01-03 07:46:49,S1033,C00307,P2144,Tienda,Financiamiento,Promo 10%,1,272.5,0.0,272.5,40.88,231.62,177.43,0
2025-001710,2025-07-25 07:27:44,S1003,C00529,P2019,Marketplace,Financiamiento,Promo 10%,3,471.27,0.0,1413.81,183.8,1230.01,283.84,0
2025-001711,2025-07-01 11:31:30,S1034,C00287,P2052,Web,Tarjeta,Promo 15%,4,85.22,0.1,340.88,51.13,289.75,47.67,0
2025-001712,2025-09-24 13:58:57,S1029,C00303,P2053,Call Center,Financiamiento,2x1,1,934.5,0.0,934.5,140.17,794.33,436.17,0
2025-001713,2025-09-18 02:14:16,S1035,C00477,P2025,Marketplace,Tarjeta,Promo 15%,2,531.42,0.2,1062.84,159.43,903.41,394.63,0
2025-001714,2025-04-28 16:27:30,S1037,C00766,P2026,Web,Billetera Digital,Sin Promo,1,390.93,0.15,390.93,50.82,340.11,230.43,1
2025-001715,2025-07-12 08:36:17,S1006,C00452,P2038,Call Center,Billetera Digital,Sin Promo,1,118.96,0.15,118.96,15.46,103.5,104.22,0
2025-001716,2025-04-28 21:04:43,S1006,C00705,P2017,Call Center,Financiamiento,Cyber Week,1,280.3,0.0,280.3,36.44,243.86,182.13,0
2025-001717,2025-02-14 07:54:50,S1025,C00236,P2048,Web,Transferencia,Promo 15%,2,272.14,0.15,544.28,81.64,462.64,183.57,0
2025-001718,2025-03-24 22:45:06,S1007,C00267,P2012,Marketplace,Transferencia,2x1,6,788.33,0.0,4729.98,614.9,4115.08,363.05,0
2025-001719,2025-08-01 14:50:16,S1031,C00567,P2046,Call Center,Transferencia,Promo 15%,5,290.06,0.2,1450.3,217.54,1232.76,192.92,0
2025-001720,2025-02-16 16:54:56,S1041,C00666,P2087,Marketplace,Transferencia,Sin Promo,4,323.78,0.0,1295.12,168.37,1126.75,166.63,0
2025-001721,2025-01-25 05:26:29,S1001,C00729,P2074,Marketplace,Billetera Digital,Promo 15%,3,281.27,0.0,843.81,109.7,734.11,138.92,0
2025-001722,2025-02-26 11:20:27,S1034,C00761,P2075,Call Center,Billetera Digital,Promo 15%,1,551.05,0.05,551.05,82.66,468.39,301.87,0
2025-001723,2025-04-09 04:54:59,S1023,C00349,P2148,Tienda,Tarjeta,Sin Promo,1,674.81,0.0,674.81,101.22,573.59,390.62,1
2025-001724,2025-07-21 23:24:10,S1021,C00268,P2146,Web,Efectivo,Sin Promo,1,249.01,0.2,249.01,37.35,211.66,242.22,0
2025-001725,2025-04-28 05:55:13,S1015,C00693,P2134,Marketplace,Efectivo,Promo 15%,1,241.56,0.0,241.56,28.99,212.57,153.79,0
2025-001726,2025-02-06 10:08:49,S1023,C00301,P2052,Tienda,Financiamiento,Black Friday,2,89.96,0.05,179.92,26.99,152.93,47.67,0
2025-001727,2025-11-20 07:23:01,S1003,C00516,P2097,Web,Billetera Digital,Black Friday,1,469.02,0.1,469.02,60.97,408.05,298.37,0
2025-001728,2025-07-09 07:19:10,S1031,C00462,P2019,Tienda,Financiamiento,Sin Promo,1,377.02,0.2,377.02,56.55,320.47,283.84,0
2025-001729,2025-03-27 00:34:37,S1026,C00739,P2084,Marketplace,Billetera Digital,Promo 15%,3,10.35,0.05,31.05,4.66,26.39,8.31,0
2025-001730,2025-01-29 16:42:32,S1015,C00593,P2031,Tienda,Tarjeta,Cyber Week,1,183.24,0.1,183.24,21.99,161.25,111.43,0
2025-001731,2025-03-17 14:42:20,S1011,C00744,P2131,Call Center,Tarjeta,Cyber Week,1,196.93,0.0,196.93,23.63,173.3,119.6,0
2025-001732,2025-03-13 05:58:41,S1008,C00576,P2122,Tienda,Financiamiento,Black Friday,3,681.62,0.0,2044.86,265.83,1779.03,324.38,0
2025-001733,2025-09-25 13:21:49,S1022,C00768,P2028,Call Center,Efectivo,Promo 10%,1,598.19,0.0,598.19,89.73,508.46,344.08,0
2025-001734,2025-02-20 13:21:23,S1044,C00345,P2033,Web,Financiamiento,2x1,1,72.32,0.1,72.32,9.4,62.92,61.26,1
2025-001735,2025-06-10 04:09:10,S1040,C00696,P2023,Web,Transferencia,Sin Promo,1,529.75,0.0,529.75,68.87,460.88,346.8,0
2025-001736,2025-09-21 14:36:10,S1009,C00459,P2142,Marketplace,Financiamiento,Promo 10%,2,493.89,0.0,987.78,128.41,859.37,331.65,0
2025-001737,2025-08-11 11:52:49,S1033,C00748,P2001,Tienda,Efectivo,Black Friday,1,81.45,0.15,81.45,12.22,69.23,59.67,0
2025-001738,2025-04-21 12:29:24,S1027,C00126,P2143,Call Center,Transferencia,Promo 10%,1,157.9,0.1,157.9,23.68,134.22,101.86,0
2025-001739,2025-06-05 03:14:33,S1018,C00540,P2022,Tienda,Tarjeta,2x1,2,359.94,0.2,719.88,86.39,633.49,325.44,0
2025-001740,2025-11-08 06:41:09,S1004,C00301,P2139,Call Center,Tarjeta,Promo 15%,1,16.22,0.2,16.22,2.11,14.11,12.71,0
2025-001741,2025-02-09 19:46:12,S1028,C00312,P2079,Call Center,Tarjeta,Cyber Week,1,249.59,0.0,249.59,37.44,212.15,156.92,0
2025-001742,2025-03-21 02:04:05,S1011,C00333,P2085,Tienda,Tarjeta,2x1,4,26.37,0.15,105.48,12.66,92.82,20.07,0
2025-001743,2025-06-15 11:00:22,S1015,C00350,P2145,Web,Billetera Digital,Promo 15%,2,94.41,0.2,188.82,22.66,166.16,77.61,0
2025-001744,2025-07-14 03:11:47,S1031,C00253,P2117,Tienda,Billetera Digital,Black Friday,2,75.78,0.1,151.56,22.73,128.83,41.82,0
2025-001745,2025-09-14 16:39:50,S1022,C00200,P2094,Marketplace,Financiamiento,2x1,1,700.79,0.0,700.79,105.12,595.67,392.99,1
2025-001746,2025-11-23 05:48:02,S1012,C00587,P2001,Web,Tarjeta,Promo 10%,1,95.82,0.0,95.82,11.5,84.32,59.67,0
2025-001747,2025-11-04 02:32:13,S1038,C00667,P2159,Call Center,Billetera Digital,Black Friday,1,608.84,0.05,608.84,79.15,529.69,434.27,0
2025-001748,2025-09-01 12:09:15,S1012,,P2152,Call Center,Financiamiento,Cyber Week,2,424.58,0.15,849.16,101.9,747.26,338.06,0
2025-001749,2025-06-27 16:37:38,S1014,C00597,P2018,Call Center,Efectivo,Sin Promo,1,391.86,0.0,391.86,47.02,344.84,224.11,1
2025-001750,2025-01-06 09:14:00,S1013,C00069,P2060,Tienda,Financiamiento,Cyber Week,2,364.09,0.05,728.18,87.38,640.8,245.82,0
2025-001751,2025-03-27 14:53:51,S1021,C00466,P2006,Web,Transferencia,Black Friday,3,402.01,0.0,1206.03,180.9,1025.13,287.52,0
2025-001752,2025-09-06 04:45:13,S1042,C00176,P2078,Call Center,Billetera Digital,Promo 10%,1,165.66,0.0,165.66,21.54,144.12,125.47,0
2025-001753,2025-09-14 04:39:43,S1023,C00708,P2049,Tienda,Transferencia,Promo 15%,1,158.27,0.0,158.27,23.74,134.53,89.45,0
2025-001754,2025-01-18 03:13:53,S1015,C00650,P2070,Marketplace,Efectivo,Black Friday,1,491.83,0.2,491.83,59.02,432.81,281.04,0
2025-001755,2025-04-17 04:03:06,S1044,C00096,P2100,Web,Transferencia,Black Friday,4,514.77,0.1,2059.08,267.68,1791.4,422.9,0
2025-001756,2025-12-03 11:10:58,S1042,C00603,P2070,Call Center,Billetera Digital,2x1,5,584.05,0.05,2920.25,379.63,2540.62,281.04,1
2025-001757,2025-05-05 10:00:53,S1032,C00720,P2113,Web,Tarjeta,Black Friday,3,282.77,0.05,848.31,127.25,721.06,139.53,0
2025-001758,2025-06-21 19:26:03,S1002,C00799,P2085,Web,Tarjeta,Sin Promo,2,27.92,0.1,55.84,7.26,48.58,20.07,0
2025-001759,2025-08-11 18:15:39,S1012,,P2016,Marketplace,Tarjeta,Black Friday,2,163.96,0.05,327.92,39.35,288.57,121.18,1
2025-001760,2025-05-14 04:23:01,S1014,C00598,P2002,Marketplace,Efectivo,2x1,2,246.64,0.15,493.28,59.19,434.09,134.76,1
2025-001761,2025-03-31 16:28:25,S1024,C00738,P2116,Web,Tarjeta,Promo 10%,3,743.9,0.0,2231.7,334.75,1896.95,358.01,0
2025-001762,2025-02-22 10:51:46,S1015,C00618,P2079,Tienda,Billetera Digital,Promo 10%,1,212.15,0.15,212.15,25.46,186.69,156.92,0
2025-001763,2025-04-05 16:41:43,S1008,C00024,P2062,Marketplace,Tarjeta,2x1,2,111.89,0.0,223.78,29.09,194.69,74.21,0
2025-001764,2025-11-30 02:17:38,S1023,C00464,P2092,Marketplace,Financiamiento,Black Friday,1,802.49,0.0,802.49,120.37,682.12,416.32,0
2025-001765,2025-01-23 22:47:15,S1029,C00054,P2066,Tienda,Billetera Digital,2x1,2,524.71,0.0,1049.42,157.41,892.01,297.19,0
2025-001766,2025-11-29 14:56:56,S1015,C00622,P2106,Call Center,Financiamiento,Sin Promo,4,461.42,0.0,1845.68,221.48,1624.2,310.34,0
2025-001767,2025-10-22 15:11:43,S1045,C00085,P2067,Tienda,Transferencia,Promo 15%,1,582.45,0.0,582.45,75.72,506.73,420.88,0
2025-001768,2025-09-17 03:18:19,S1024,C00796,P2034,Marketplace,Efectivo,Cyber Week,1,223.51,0.15,223.51,33.53,189.98,122.22,0
2025-001769,2025-08-21 23:55:31,S1032,C00643,P2001,Web,Efectivo,2x1,1,95.82,0.0,95.82,14.37,81.45,59.67,0
2025-001770,2025-03-22 15:43:03,S1006,C00745,P2106,Web,Financiamiento,2x1,3,461.42,0.0,1384.26,179.95,1204.31,310.34,0
2025-001771,2025-01-03 01:11:01,S1039,C00005,P2052,Tienda,Financiamiento,2x1,2,94.69,0.0,189.38,24.62,164.76,47.67,0
2025-001772,2025-06-28 15:46:29,S1043,C00393,P2031,Web,Tarjeta,Sin Promo,3,203.6,0.0,610.8,79.4,531.4,111.43,0
2025-001773,2025-01-09 02:28:54,S1043,C00552,P2039,Marketplace,Transferencia,Black Friday,2,429.3,0.1,858.6,111.62,746.98,251.05,0
2025-001774,2025-09-08 14:08:36,S1036,C00196,P2024,Call Center,Financiamiento,2x1,1,316.27,0.0,316.27,47.44,268.83,197.91,0
2025-001775,2025-05-19 21:49:43,S1012,C00704,P2159,Call Center,Financiamiento,Black Friday,3,640.88,0.0,1922.64,230.72,1691.92,434.27,0
2025-001776,2025-06-19 17:38:10,S1018,C00666,P2045,Marketplace,Tarjeta,Promo 10%,1,62.02,0.1,62.02,7.44,54.58,46.07,1
2025-001777,2025-06-27 04:03:43,S1032,C00255,P2055,Tienda,Financiamiento,Cyber Week,2,140.77,0.0,281.54,42.23,239.31,77.43,0
2025-001778,2025-09-10 20:22:53,S1038,C00282,P2087,Marketplace,Efectivo,Promo 15%,2,259.02,0.2,518.04,67.35,450.69,166.63,1
2025-001779,2025-07-20 08:54:30,S1006,C00501,P2043,Tienda,Tarjeta,Promo 10%,4,313.61,0.0,1254.44,163.08,1091.36,244.5,0
2025-001780,2025-07-04 01:15:51,S1027,C00375,P2092,Tienda,Transferencia,Cyber Week,1,802.49,0.0,802.49,120.37,682.12,416.32,0
2025-001781,2025-10-14 21:50:39,S1011,C00538,P2125,Call Center,Efectivo,Cyber Week,3,344.65,0.0,1033.95,124.07,909.88,235.01,0
2025-001782,2025-06-30 06:51:34,S1029,C00302,P2048,Web,Tarjeta,Promo 15%,2,272.14,0.15,544.28,81.64,462.64,183.57,0
2025-001783,2025-08-19 00:36:24,S1001,C00769,P2028,Web,Billetera Digital,Cyber Week,1,478.55,0.2,478.55,62.21,416.34,344.08,0
2025-001784,2025-04-20 21:14:03,S1013,C00010,P2122,Web,Financiamiento,Cyber Week,1,681.62,0.0,681.62,81.79,599.83,324.38,0
2025-001785,2025-05-10 16:50:31,S1038,C00755,P2036,Web,Tarjeta,Promo 10%,1,259.77,0.1,259.77,33.77,226.0,143.03,0
2025-001786,2025-09-08 23:43:21,S1033,C00556,P2049,Call Center,Transferencia,Cyber Week,2,150.36,0.05,300.72,45.11,255.61,89.45,0
2025-001787,2025-01-21 04:09:46,S1012,C00128,P2023,Tienda,Billetera Digital,Cyber Week,2,529.75,0.0,1059.5,127.14,932.36,346.8,0
2025-001788,2025-05-17 13:07:53,S1035,C00040,P2100,Call Center,Transferencia,Promo 10%,3,571.97,0.0,1715.91,257.39,1458.52,422.9,1
2025-001789,2025-05-05 05:46:09,S1008,C00380,P2023,Tienda,Efectivo,Cyber Week,1,423.8,0.2,423.8,55.09,368.71,346.8,0
2025-001790,2025-08-11 04:21:06,S1038,C00095,P2051,Web,Financiamiento,Promo 15%,1,855.46,0.0,855.46,111.21,744.25,394.02,0
2025-001791,2025-08-11 02:50:07,S1026,C00446,P2074,Tienda,Transferencia,Black Friday,1,225.02,0.2,225.02,33.75,191.27,138.92,0
2025-001792,2025-02-23 12:30:19,S1001,C00333,P2155,Web,Billetera Digital,Cyber Week,2,125.86,0.2,251.72,32.72,219.0,71.96,0
2025-001793,2025-04-12 10:57:13,S1042,C00771,P2117,Call Center,Financiamiento,Promo 15%,1,79.99,0.05,79.99,10.4,69.59,41.82,0
2025-001794,2025-05-12 11:51:09,S1008,C00298,P2095,Marketplace,Financiamiento,Cyber Week,2,729.93,0.0,1459.86,189.78,1270.08,368.2,0
2025-001795,2025-02-02 15:45:12,S1008,C00198,P2040,Tienda,Transferencia,2x1,3,59.49,0.0,178.47,23.2,155.27,35.66,0
2025-001796,2025-11-29 10:52:06,S1018,C00779,P2074,Marketplace,Billetera Digital,Promo 10%,1,267.21,0.05,267.21,32.07,235.14,138.92,0
2025-001797,2025-03-21 22:59:27,S1005,C00467,P2075,Marketplace,Efectivo,Black Friday,3,580.05,0.0,1740.15,226.22,1513.93,301.87,1
2025-001798,2025-01-01 00:12:18,S1002,C00600,P2039,Call Center,Financiamiento,2x1,1,477.0,0.0,477.0,62.01,414.99,251.05,0
2025-001799,2025-12-09 00:28:55,S1030,C00320,P2156,Call Center,Tarjeta,Black Friday,1,81.43,0.0,81.43,12.21,69.22,55.02,0
2025-001800,2025-08-05 14:46:15,S1015,C00632,P2109,Web,Financiamiento,Promo 15%,2,166.62,0.2,333.24,39.99,293.25,141.94,0
2025-001801,2025-11-05 12:14:25,S1012,C00614,P2107,Web,Transferencia,Promo 10%,1,273.7,0.15,273.7,32.84,240.86,196.36,1
2025-001802,2025-01-17 06:43:11,S1013,,P2040,Tienda,Billetera Digital,Sin Promo,1,56.52,0.05,56.52,6.78,49.74,35.66,1
2025-001803,2025-04-01 05:15:18,S1026,C00419,P2071,Call Center,Financiamiento,Black Friday,3,386.86,0.2,1160.58,174.09,986.49,243.78,0
2025-001804,2025-10-02 06:15:35,S1044,C00364,P2079,Web,Tarjeta,Cyber Week,3,249.59,0.0,748.77,97.34,651.43,156.92,0
2025-001805,2025-04-18 17:39:54,S1024,C00388,P2005,Call Center,Tarjeta,Promo 10%,4,545.93,0.0,2183.72,327.56,1856.16,390.45,0
2025-001806,2025-05-03 07:17:28,S1028,C00217,P2012,Web,Efectivo,Promo 10%,1,748.91,0.05,748.91,112.34,636.57,363.05,0
2025-001807,2025-04-12 08:09:07,S1041,C00754,P2016,Web,Billetera Digital,Promo 10%,3,155.33,0.1,465.99,60.58,405.41,121.18,0
2025-001808,2025-12-06 19:25:13,S1033,C00156,P2083,Marketplace,Efectivo,Black Friday,1,471.08,0.1,471.08,70.66,400.42,334.59,0
2025-001809,2025-07-26 02:02:12,S1023,C00265,P2049,Tienda,Transferencia,Black Friday,3,158.27,0.0,474.81,71.22,403.59,89.45,0
2025-001810,2025-01-25 05:21:40,S1016,C00503,P2054,Web,Efectivo,Cyber Week,3,463.28,0.0,1389.84,166.78,1223.06,220.6,0
2025-001811,2025-06-13 06:43:27,S1027,C00391,P2090,Call Center,Billetera Digital,Black Friday,2,117.69,0.05,235.38,35.31,200.07,72.93,0
2025-001812,2025-06-12 13:29:09,S1044,C00774,P2158,Tienda,Efectivo,Promo 10%,2,461.03,0.15,922.06,119.87,802.19,274.83,0
2025-001813,2025-04-27 08:18:15,S1025,C00327,P2117,Marketplace,Financiamiento,Sin Promo,3,79.99,0.05,239.97,36.0,203.97,41.82,0
2025-001814,2025-12-25 17:26:52,S1025,C00574,P2042,Web,Efectivo,2x1,1,341.18,0.15,341.18,51.18,290.0,233.31,0
2025-001815,2025-05-07 03:06:53,S1008,C00716,P2017,Marketplace,Tarjeta,Cyber Week,2,252.27,0.1,504.54,65.59,438.95,182.13,0
2025-001816,2025-04-03 14:24:47,S1041,C00740,P2039,Marketplace,Billetera Digital,Cyber Week,1,405.45,0.15,405.45,52.71,352.74,251.05,0
2025-001817,2025-12-18 08:06:17,S1040,C00370,P2154,Web,Billetera Digital,Black Friday,1,733.21,0.0,733.21,95.32,637.89,427.53,0
2025-001818,2025-11-04 14:55:35,S1016,C00729,P2043,Call Center,Financiamiento,2x1,1,282.25,0.1,282.25,33.87,248.38,244.5,0
2025-001819,2025-03-05 01:27:29,S1040,C00276,P2030,Tienda,Efectivo,2x1,1,541.44,0.0,541.44,70.39,471.05,418.38,0
2025-001820,2025-07-24 01:11:37,S1020,C00262,P2139,Call Center,Financiamiento,2x1,1,16.22,0.2,16.22,2.43,13.79,12.71,0
2025-001821,2025-12-18 12:59:19,S1011,C00306,P2072,Marketplace,Billetera Digital,Promo 15%,1,604.62,0.0,604.62,72.55,532.07,420.23,1
2025-001822,2025-10-12 16:19:25,S1026,C00137,P2135,Marketplace,Billetera Digital,Cyber Week,2,137.64,0.1,275.28,41.29,233.99,71.27,0
2025-001823,2025-08-02 02:02:51,S1009,C00719,P2097,Call Center,Billetera Digital,Sin Promo,1,442.96,0.15,442.96,57.58,385.38,298.37,0
2025-001824,2025-05-18 13:28:09,S1034,C00157,P2012,Call Center,Financiamiento,Sin Promo,2,788.33,0.0,1576.66,236.5,1340.16,363.05,0
2025-001825,2025-08-10 09:16:14,S1009,C00792,P2108,Marketplace,Financiamiento,Promo 15%,5,226.7,0.2,1133.5,147.36,986.14,144.01,0
2025-001826,2025-03-03 13:39:05,S1015,C00581,P2001,Tienda,Tarjeta,Black Friday,1,81.45,0.15,81.45,9.77,71.68,59.67,0
2025-001827,2025-12-25 18:11:12,S1020,C00441,P2130,Call Center,Efectivo,Black Friday,1,701.29,0.0,701.29,105.19,596.1,404.15,0
2025-001828,2025-04-10 12:54:35,S1039,C00155,P2155,Marketplace,Financiamiento,Black Friday,2,157.33,0.0,314.66,40.91,273.75,71.96,0
2025-001829,2025-12-03 09:35:04,S1019,C00441,P2150,Call Center,Efectivo,2x1,2,234.07,0.0,468.14,70.22,397.92,154.53,1
2025-001830,2025-10-05 14:52:26,S1022,C00652,P2098,Call Center,Billetera Digital,Sin Promo,5,548.32,0.15,2741.6,411.24,2330.36,389.5,0
2025-001831,2025-01-19 12:27:48,S1024,C00203,P2034,Call Center,Transferencia,Black Friday,4,236.66,0.1,946.64,142.0,804.64,122.22,0
2025-001832,2025-05-14 11:14:09,S1040,C00438,P2001,Marketplace,Efectivo,Promo 10%,1,76.66,0.2,76.66,9.97,66.69,59.67,0
2025-001833,2025-08-12 15:07:07,S1012,C00399,P2065,Tienda,Financiamiento,2x1,2,367.46,0.1,734.92,88.19,646.73,269.16,0
2025-001834,2025-03-13 10:06:02,S1033,C00445,P2091,Call Center,Efectivo,Cyber Week,1,514.42,0.05,514.42,77.16,437.26,397.11,0
2025-001835,2025-11-03 17:20:18,S1044,C00396,P2001,Tienda,Tarjeta,Promo 15%,2,95.82,0.0,191.64,24.91,166.73,59.67,0
2025-001836,2025-03-10 08:49:04,S1043,C00597,P2107,Marketplace,Transferencia,Cyber Week,2,322.0,0.0,644.0,83.72,560.28,196.36,0
2025-001837,2025-08-19 13:19:28,S1044,C00430,P2139,Tienda,Transferencia,Promo 15%,1,20.28,0.0,20.28,2.64,17.64,12.71,0
2025-001838,2025-02-18 04:24:34,S1009,C00487,P2086,Marketplace,Tarjeta,2x1,1,98.28,0.1,98.28,12.78,85.5,70.05,0
2025-001839,2025-11-20 14:46:18,S1041,C00220,P2005,Call Center,Financiamiento,Sin Promo,2,545.93,0.0,1091.86,141.94,949.92,390.45,1
2025-001840,2025-05-27 20:33:29,S1035,C00134,P2138,Marketplace,Financiamiento,Sin Promo,1,648.09,0.1,648.09,97.21,550.88,375.47,0
2025-001841,2025-10-02 20:13:01,S1026,C00770,P2133,Tienda,Efectivo,Promo 10%,3,52.59,0.0,157.77,23.67,134.1,38.56,0
2025-001842,2025-10-10 01:50:35,S1038,C00004,P2116,Marketplace,Transferencia,Promo 15%,1,743.9,0.0,743.9,96.71,647.19,358.01,0
2025-001843,2025-10-29 12:06:41,S1031,C00213,P2128,Marketplace,Billetera Digital,Black Friday,1,557.39,0.0,557.39,83.61,473.78,269.57,0
2025-001844,2025-03-17 23:53:20,S1014,C00674,P2122,Call Center,Transferencia,Cyber Week,6,613.46,0.1,3680.76,441.69,3239.07,324.38,0
2025-001845,2025-12-25 04:49:22,S1023,C00395,P2155,Web,Billetera Digital,Promo 10%,1,141.6,0.1,141.6,21.24,120.36,71.96,1
2025-001846,2025-03-08 21:12:38,S1015,C00173,P2057,Marketplace,Financiamiento,2x1,1,398.81,0.05,398.81,47.86,350.95,314.68,0
2025-001847,2025-10-09 16:10:07,S1025,C00741,P2097,Tienda,Efectivo,Cyber Week,1,442.96,0.15,442.96,66.44,376.52,298.37,0
2025-001848,2025-07-07 20:45:36,S1034,C00793,P2001,Marketplace,Tarjeta,Promo 15%,1,76.66,0.2,76.66,11.5,65.16,59.67,0
2025-001849,2025-06-28 22:22:34,S1002,C00763,P2065,Marketplace,Transferencia,Black Friday,3,367.46,0.1,1102.38,143.31,959.07,269.16,0
2025-001850,2025-06-27 03:52:44,S1023,C00473,P2100,Tienda,Tarjeta,Cyber Week,1,571.97,0.0,571.97,85.8,486.17,422.9,0
2025-001851,2025-02-27 03:29:39,S1035,C00424,P2082,Marketplace,Efectivo,2x1,1,253.28,0.1,253.28,37.99,215.29,152.77,0
2025-001852,2025-04-12 19:45:43,S1017,C00544,P2075,Call Center,Transferencia,Cyber Week,1,464.04,0.2,464.04,55.68,408.36,301.87,0
2025-001853,2025-05-22 23:08:06,S1001,C00705,P2155,Web,Transferencia,2x1,1,125.86,0.2,125.86,16.36,109.5,71.96,0
2025-001854,2025-11-10 09:31:53,S1014,C00357,P2081,Tienda,Efectivo,Promo 10%,1,399.31,0.0,399.31,47.92,351.39,192.91,1
2025-001855,2025-03-29 05:05:25,S1044,C00147,P2030,Marketplace,Financiamiento,Promo 15%,3,541.44,0.0,1624.32,211.16,1413.16,418.38,0
2025-001856,2025-03-28 05:53:57,S1020,C00495,P2065,Tienda,Billetera Digital,2x1,5,326.63,0.2,1633.15,244.97,1388.18,269.16,0
2025-001857,2025-08-01 23:26:49,S1015,C00393,P2125,Web,Efectivo,2x1,3,310.19,0.1,930.57,111.67,818.9,235.01,0
2025-001858,2025-05-07 06:19:50,S1041,C00130,P2154,Call Center,Billetera Digital,Cyber Week,2,733.21,0.0,1466.42,190.63,1275.79,427.53,0
2025-001859,2025-03-30 20:33:48,S1005,C00661,P2094,Tienda,Efectivo,Black Friday,3,665.75,0.05,1997.25,259.64,1737.61,392.99,0
2025-001860,2025-01-11 11:56:21,S1008,C00499,P2089,Marketplace,Efectivo,Promo 10%,3,736.54,0.0,2209.62,287.25,1922.37,351.93,0
2025-001861,2025-08-29 05:42:09,S1042,C00671,P2078,Tienda,Efectivo,2x1,4,157.38,0.05,629.52,81.84,547.68,125.47,0
2025-001862,2025-07-24 09:51:07,S1023,C00687,P2148,Web,Tarjeta,Cyber Week,2,674.81,0.0,1349.62,202.44,1147.18,390.62,0
2025-001863,2025-02-06 10:30:46,S1012,C00205,P2125,Call Center,Transferencia,2x1,1,344.65,0.0,344.65,41.36,303.29,235.01,0
2025-001864,2025-06-13 12:03:35,S1022,C00250,P2041,Web,Transferencia,Promo 15%,2,41.87,0.1,83.74,12.56,71.18,34.06,0
2025-001865,2025-04-06 15:44:13,S1035,C00422,P2011,Call Center,Tarjeta,Black Friday,1,392.72,0.0,392.72,58.91,333.81,309.34,0
2025-001866,2025-05-16 04:00:24,S1020,C00452,P2060,Web,Financiamiento,Promo 10%,1,383.25,0.0,383.25,57.49,325.76,245.82,0
2025-001867,2025-08-12 19:12:52,S1022,C00318,P2084,Tienda,Transferencia,Sin Promo,1,10.89,0.0,10.89,1.63,9.26,8.31,1
2025-001868,2025-03-06 12:46:10,S1032,C00200,P2118,Marketplace,Financiamiento,Cyber Week,1,65.15,0.0,65.15,9.77,55.38,45.65,0
2025-001869,2025-07-12 10:08:05,S1038,C00344,P2020,Call Center,Tarjeta,Black Friday,2,44.42,0.1,88.84,11.55,77.29,32.33,0
2025-001870,2025-02-22 22:24:47,S1002,C00536,P2054,Tienda,Tarjeta,Cyber Week,3,463.28,0.0,1389.84,180.68,1209.16,220.6,0
2025-001871,2025-05-17 11:36:35,S1004,C00389,P2039,Call Center,Tarjeta,Promo 15%,1,477.0,0.0,477.0,62.01,414.99,251.05,0
2025-001872,2025-09-13 06:42:27,S1017,C00214,P2103,Tienda,Billetera Digital,2x1,5,382.41,0.1,1912.05,229.45,1682.6,274.37,0
2025-001873,2025-11-25 15:05:27,S1043,C00537,P2002,Marketplace,Billetera Digital,Promo 15%,4,290.16,0.0,1160.64,150.88,1009.76,134.76,1
2025-001874,2025-09-21 04:56:25,S1026,C00691,P2150,Call Center,Financiamiento,Promo 15%,1,234.07,0.0,234.07,35.11,198.96,154.53,0
2025-001875,2025-05-17 03:42:02,S1028,C00301,P2098,Web,Transferencia,Black Friday,3,580.57,0.1,1741.71,261.26,1480.45,389.5,0
2025-001876,2025-03-20 04:46:54,S1004,C00547,P2057,Tienda,Financiamiento,Promo 15%,2,335.84,0.2,671.68,87.32,584.36,314.68,0
2025-001877,2025-02-05 20:34:24,S1001,C00756,P2044,Web,Tarjeta,Promo 10%,3,363.26,0.2,1089.78,141.67,948.11,214.81,1
2025-001878,2025-09-21 02:27:44,S1010,C00012,P2132,Marketplace,Financiamiento,Sin Promo,2,289.45,0.1,578.9,69.47,509.43,220.13,0
2025-001879,2025-04-27 02:42:28,S1034,C00680,P2015,Tienda,Tarjeta,Promo 10%,1,173.77,0.0,173.77,26.07,147.7,122.14,0
2025-001880,2025-11-30 20:30:17,S1007,C00629,P2153,Call Center,Tarjeta,Promo 10%,5,346.72,0.15,1733.6,225.37,1508.23,293.96,0
2025-001881,2025-02-23 13:35:03,S1003,C00455,P2003,Marketplace,Efectivo,Cyber Week,1,457.85,0.1,457.85,59.52,398.33,261.5,0
2025-001882,2025-05-15 05:28:32,S1012,C00469,P2088,Web,Financiamiento,Black Friday,4,486.13,0.15,1944.52,233.34,1711.18,308.2,0
2025-001883,2025-02-26 11:29:07,S1027,C00618,P2012,Call Center,Tarjeta,Promo 15%,1,709.5,0.1,709.5,106.42,603.08,363.05,0
2025-001884,2025-10-15 09:23:38,S1034,C00400,P2080,Call Center,Billetera Digital,2x1,1,286.7,0.05,286.7,43.0,243.7,221.89,0
2025-001885,2025-02-25 17:24:47,S1034,C00734,P2041,Marketplace,Financiamiento,Cyber Week,2,44.19,0.05,88.38,13.26,75.12,34.06,0
2025-001886,2025-05-05 18:16:53,S1035,C00614,P2151,Tienda,Efectivo,2x1,3,196.94,0.2,590.82,88.62,502.2,116.51,1
2025-001887,2025-08-26 23:26:16,S1013,C00575,P2020,Tienda,Financiamiento,Black Friday,1,49.36,0.0,49.36,5.92,43.44,32.33,0
2025-001888,2025-06-22 09:08:51,S1037,C00003,P2052,Tienda,Financiamiento,Cyber Week,1,80.49,0.15,80.49,10.46,70.03,47.67,0
2025-001889,2025-02-19 12:23:50,S1016,C00670,P2002,Web,Financiamiento,Promo 10%,1,246.64,0.15,246.64,29.6,217.04,134.76,0
2025-001890,2025-01-05 00:36:02,S1005,C00126,P2105,Call Center,Billetera Digital,2x1,2,608.53,0.1,1217.06,158.22,1058.84,320.12,0
2025-001891,2025-05-25 19:21:14,S1040,C00342,P2140,Tienda,Tarjeta,Cyber Week,4,12.25,0.15,49.0,6.37,42.63,6.63,1
2025-001892,2025-09-30 14:37:01,S1021,C00054,P2110,Call Center,Transferencia,Promo 10%,4,395.88,0.05,1583.52,237.53,1345.99,314.95,0
2025-001893,2025-01-20 16:41:42,S1012,C00001,P2108,Tienda,Tarjeta,Cyber Week,1,283.38,0.0,283.38,34.01,249.37,144.01,0
2025-001894,2025-03-30 21:09:36,S1030,C00442,P2112,Marketplace,Financiamiento,Cyber Week,3,325.58,0.1,976.74,146.51,830.23,257.82,0
2025-001895,2025-12-26 07:56:07,S1025,C00184,P2031,Web,Transferencia,Sin Promo,2,162.88,0.2,325.76,48.86,276.9,111.43,0
2025-001896,2025-10-13 04:16:46,S1019,C00356,P2023,Tienda,Transferencia,Sin Promo,4,529.75,0.0,2119.0,317.85,1801.15,346.8,0
2025-001897,2025-05-22 12:51:33,S1024,C00290,P2093,Web,Transferencia,Black Friday,2,147.96,0.0,295.92,44.39,251.53,75.0,1
2025-001898,2025-05-15 01:45:02,S1044,C00285,P2099,Tienda,Transferencia,Promo 10%,1,265.11,0.1,265.11,34.46,230.65,231.19,0
2025-001899,2025-12-14 18:21:42,S1038,C00652,P2110,Call Center,Efectivo,Promo 10%,1,375.05,0.1,375.05,48.76,326.29,314.95,0
2025-001900,2025-02-11 04:22:42,S1041,C00425,P2039,Call Center,Financiamiento,2x1,4,477.0,0.0,1908.0,248.04,1659.96,251.05,0
2025-001901,2025-06-14 03:24:58,S1038,C00495,P2114,Marketplace,Tarjeta,2x1,1,470.9,0.15,470.9,61.22,409.68,274.57,1
2025-001902,2025-11-12 20:03:55,S1027,C00433,P2084,Web,Billetera Digital,Black Friday,3,10.89,0.0,32.67,4.9,27.77,8.31,0
2025-001903,2025-02-21 23:35:50,S1038,C00634,P2091,Tienda,Billetera Digital,Promo 10%,3,541.5,0.0,1624.5,211.19,1413.31,397.11,0
2025-001904,2025-05-24 13:11:07,S1031,C00427,P2058,Call Center,Transferencia,Promo 15%,1,396.02,0.15,396.02,59.4,336.62,324.41,0
2025-001905,2025-05-03 23:10:36,S1021,C00303,P2094,Call Center,Tarjeta,Promo 10%,1,665.75,0.05,665.75,99.86,565.89,392.99,0
2025-001906,2025-02-21 02:40:26,S1026,C00784,P2136,Marketplace,Tarjeta,Promo 10%,1,147.06,0.05,147.06,22.06,125.0,99.42,0
2025-001907,2025-01-08 21:40:47,S1026,C00667,P2011,Web,Transferencia,2x1,2,353.45,0.1,706.9,106.03,600.87,309.34,0
2025-001908,2025-08-25 15:10:10,S1016,C00398,P2125,Web,Efectivo,2x1,1,327.42,0.05,327.42,39.29,288.13,235.01,0
2025-001909,2025-10-18 04:58:58,S1010,C00089,P2088,Tienda,Efectivo,Black Friday,3,543.32,0.05,1629.96,195.6,1434.36,308.2,0
2025-001910,2025-05-01 21:19:48,S1009,C00784,P2018,Tienda,Tarjeta,Promo 10%,6,391.86,0.0,2351.16,305.65,2045.51,224.11,0
2025-001911,2025-01-26 01:28:16,S1002,C00604,P2101,Marketplace,Billetera Digital,Sin Promo,2,336.53,0.0,673.06,87.5,585.56,262.94,0
2025-001912,2025-12-12 16:09:36,S1013,C00313,P2041,Tienda,Efectivo,2x1,1,46.52,0.0,46.52,5.58,40.94,34.06,0
2025-001913,2025-11-27 04:37:57,S1016,C00484,P2050,Call Center,Tarjeta,2x1,2,219.16,0.2,438.32,52.6,385.72,192.16,0
2025-001914,2025-09-28 11:46:40,S1032,C00596,P2040,Marketplace,Financiamiento,Promo 10%,2,59.49,0.0,118.98,17.85,101.13,35.66,1
2025-001915,2025-12-24 17:15:53,S1037,C00433,P2090,Tienda,Billetera Digital,Sin Promo,2,105.3,0.15,210.6,27.38,183.22,72.93,0
2025-001916,2025-12-21 03:08:02,S1005,C00608,P2160,Marketplace,Tarjeta,Cyber Week,1,812.22,0.0,812.22,105.59,706.63,418.28,0
2025-001917,2025-04-17 02:42:22,S1017,C00334,P2071,Call Center,Financiamiento,Promo 10%,1,483.57,0.0,483.57,58.03,425.54,243.78,0
2025-001918,2025-07-18 10:25:04,S1034,C00708,P2023,Call Center,Transferencia,Promo 15%,4,476.78,0.1,1907.12,286.07,1621.05,346.8,0
2025-001919,2025-04-20 10:48:43,S1001,C00568,P2088,Tienda,Efectivo,Promo 15%,4,571.92,0.0,2287.68,297.4,1990.28,308.2,0
2025-001920,2025-11-02 09:40:17,S1026,C00506,P2141,Marketplace,Transferencia,Cyber Week,2,749.24,0.1,1498.48,224.77,1273.71,384.64,0
2025-001921,2025-10-31 23:44:44,S1003,C00761,P2074,Call Center,Efectivo,Sin Promo,3,239.08,0.15,717.24,93.24,624.0,138.92,0
2025-001922,2025-08-29 18:47:14,S1037,C00509,P2146,Marketplace,Efectivo,Promo 10%,2,295.7,0.05,591.4,76.88,514.52,242.22,0
2025-001923,2025-06-26 15:44:50,S1043,C00152,P2096,Web,Financiamiento,Sin Promo,3,636.0,0.0,1908.0,248.04,1659.96,369.96,0
2025-001924,2025-12-08 17:27:33,S1011,C00219,P2142,Call Center,Financiamiento,Promo 10%,1,419.81,0.15,419.81,50.38,369.43,331.65,1
2025-001925,2025-10-30 13:10:40,S1003,C00455,P2136,Tienda,Tarjeta,Promo 15%,1,154.8,0.0,154.8,20.12,134.68,99.42,1
2025-001926,2025-11-24 03:24:25,S1038,C00498,P2138,Web,Financiamiento,Promo 15%,1,576.08,0.2,576.08,74.89,501.19,375.47,1
2025-001927,2025-08-06 14:14:17,S1027,C00528,P2079,Marketplace,Billetera Digital,Cyber Week,1,224.63,0.1,224.63,33.69,190.94,156.92,0
2025-001928,2025-08-03 05:30:54,S1018,C00068,P2135,Tienda,Transferencia,Promo 10%,2,152.93,0.0,305.86,36.7,269.16,71.27,0
2025-001929,2025-03-18 18:44:55,S1037,C00725,P2057,Call Center,Tarjeta,Black Friday,3,356.83,0.15,1070.49,139.16,931.33,314.68,0
2025-001930,2025-12-26 04:07:19,S1035,C00470,P2138,Marketplace,Financiamiento,Promo 10%,1,720.1,0.0,720.1,108.02,612.08,375.47,0
2025-001931,2025-11-10 06:59:39,S1022,C00376,P2089,Web,Financiamiento,Cyber Week,1,736.54,0.0,736.54,110.48,626.06,351.93,0
2025-001932,2025-11-30 23:55:26,S1037,C00344,P2137,Marketplace,Financiamiento,Sin Promo,1,407.3,0.05,407.3,52.95,354.35,246.0,0
2025-001933,2025-05-05 00:08:38,S1042,C00321,P2015,Web,Billetera Digital,Promo 15%,2,147.7,0.15,295.4,38.4,257.0,122.14,0
2025-001934,2025-06-13 02:24:23,S1024,C00278,P2022,Tienda,Transferencia,2x1,1,449.93,0.0,449.93,67.49,382.44,325.44,1
2025-001935,2025-10-19 04:51:33,S1006,C00299,P2135,Tienda,Financiamiento,Sin Promo,2,152.93,0.0,305.86,39.76,266.1,71.27,1
2025-001936,2025-01-17 20:36:41,S1031,C00401,P2078,Tienda,Tarjeta,Cyber Week,1,140.81,0.15,140.81,21.12,119.69,125.47,0
2025-001937,2025-08-27 18:08:16,S1024,C00289,P2022,Call Center,Tarjeta,Sin Promo,1,449.93,0.0,449.93,67.49,382.44,325.44,0
2025-001938,2025-02-04 06:39:03,S1028,C00296,P2136,Web,Billetera Digital,Cyber Week,1,154.8,0.0,154.8,23.22,131.58,99.42,0
2025-001939,2025-05-24 15:31:11,S1029,C00096,P2057,Call Center,Efectivo,Promo 10%,3,419.8,0.0,1259.4,188.91,1070.49,314.68,0
2025-001940,2025-06-15 13:05:37,S1031,C00782,P2049,Web,Efectivo,Sin Promo,2,126.62,0.2,253.24,37.99,215.25,89.45,0
2025-001941,2025-04-07 11:08:20,S1012,C00103,P2095,Web,Tarjeta,Cyber Week,1,729.93,0.0,729.93,87.59,642.34,368.2,0
2025-001942,2025-05-31 08:49:40,S1028,C00626,P2159,Web,Tarjeta,Promo 15%,2,576.79,0.1,1153.58,173.04,980.54,434.27,1
2025-001943,2025-03-15 16:03:17,S1003,C00242,P2029,Call Center,Billetera Digital,Sin Promo,4,491.5,0.0,1966.0,255.58,1710.42,271.13,0
2025-001944,2025-10-21 01:00:39,S1013,C00038,P2044,Marketplace,Billetera Digital,Promo 15%,5,454.08,0.0,2270.4,272.45,1997.95,214.81,0
2025-001945,2025-04-27 17:42:54,S1022,C00327,P2040,Call Center,Transferencia,Promo 15%,6,56.52,0.05,339.12,50.87,288.25,35.66,0
2025-001946,2025-12-08 01:05:56,S1022,C00042,P2065,Marketplace,Transferencia,Sin Promo,2,408.29,0.0,816.58,122.49,694.09,269.16,1
2025-001947,2025-04-12 16:35:00,S1018,C00262,P2145,Web,Financiamiento,Black Friday,1,94.41,0.2,94.41,11.33,83.08,77.61,1
2025-001948,2025-06-23 22:52:02,S1045,C00708,P2096,Tienda,Efectivo,Black Friday,4,508.8,0.2,2035.2,264.58,1770.62,369.96,0
2025-001949,2025-02-04 17:09:16,S1011,C00766,P2139,Marketplace,Efectivo,Promo 15%,4,16.22,0.2,64.88,7.79,57.09,12.71,1
2025-001950,2025-07-07 19:15:15,S1033,C00168,P2097,Call Center,Financiamiento,Promo 15%,3,521.13,0.0,1563.39,234.51,1328.88,298.37,0
2025-001951,2025-11-13 06:17:41,S1008,C00037,P2066,Tienda,Tarjeta,2x1,2,472.24,0.1,944.48,122.78,821.7,297.19,0
2025-001952,2025-04-29 20:39:34,S1025,C00231,P2035,Marketplace,Tarjeta,Promo 10%,1,725.28,0.2,725.28,108.79,616.49,418.3,1
2025-001953,2025-04-28 14:56:08,S1028,C00074,P2078,Web,Efectivo,2x1,2,140.81,0.15,281.62,42.24,239.38,125.47,0
2025-001954,2025-01-29 09:09:28,S1024,C00732,P2112,Marketplace,Transferencia,2x1,1,343.67,0.05,343.67,51.55,292.12,257.82,0
2025-001955,2025-11-22 16:33:23,S1036,C00692,P2071,Marketplace,Billetera Digital,Cyber Week,1,386.86,0.2,386.86,58.03,328.83,243.78,0
2025-001956,2025-08-27 00:39:20,S1014,C00716,P2049,Tienda,Financiamiento,Black Friday,3,126.62,0.2,379.86,45.58,334.28,89.45,0
2025-001957,2025-06-26 03:37:58,S1005,C00466,P2021,Tienda,Efectivo,2x1,2,373.55,0.15,747.1,97.12,649.98,239.98,0
2025-001958,2025-05-06 02:25:35,S1025,C00494,P2062,Web,Efectivo,Cyber Week,2,111.89,0.0,223.78,33.57,190.21,74.21,0
2025-001959,2025-10-16 12:21:41,S1034,C00391,P2111,Web,Transferencia,Promo 10%,1,292.12,0.0,292.12,43.82,248.3,191.52,0
2025-001960,2025-10-13 11:25:42,S1022,C00442,P2076,Marketplace,Tarjeta,Cyber Week,1,92.64,0.05,92.64,13.9,78.74,50.2,0
2025-001961,2025-05-30 16:14:54,S1009,C00329,P2147,Web,Transferencia,Black Friday,1,438.54,0.2,438.54,57.01,381.53,299.7,0
2025-001962,2025-04-18 13:03:17,S1022,C00639,P2108,Call Center,Efectivo,Promo 10%,2,283.38,0.0,566.76,85.01,481.75,144.01,0
2025-001963,2025-11-29 17:55:36,S1010,C00730,P2052,Tienda,Tarjeta,Cyber Week,1,94.69,0.0,94.69,11.36,83.33,47.67,1
2025-001964,2025-03-16 18:50:49,S1039,C00130,P2077,Call Center,Billetera Digital,Promo 10%,1,794.69,0.0,794.69,103.31,691.38,400.81,1
2025-001965,2025-11-22 09:22:05,S1019,C00171,P2058,Tienda,Transferencia,Sin Promo,3,372.73,0.2,1118.19,167.73,950.46,324.41,1
2025-001966,2025-09-09 16:26:13,S1011,C00182,P2156,Web,Financiamiento,Promo 10%,2,81.43,0.0,162.86,19.54,143.32,55.02,0
2025-001967,2025-05-04 02:13:06,S1013,C00207,P2025,Marketplace,Efectivo,Promo 10%,1,664.27,0.0,664.27,79.71,584.56,394.63,0
2025-001968,2025-03-10 07:04:01,S1013,C00292,P2066,Tienda,Efectivo,Black Friday,1,498.47,0.05,498.47,59.82,438.65,297.19,0
2025-001969,2025-05-12 03:02:24,S1014,C00226,P2131,Tienda,Efectivo,2x1,1,196.93,0.0,196.93,23.63,173.3,119.6,0
2025-001970,2025-03-03 09:04:31,S1042,C00782,P2061,Web,Tarjeta,Sin Promo,1,42.68,0.0,42.68,5.55,37.13,26.36,0
2025-001971,2025-01-10 03:50:23,S1035,C00084,P2077,Marketplace,Efectivo,Sin Promo,1,794.69,0.0,794.69,119.2,675.49,400.81,0
2025-001972,2025-05-11 12:44:23,S1015,C00326,P2051,Call Center,Efectivo,Promo 10%,3,812.69,0.05,2438.07,292.57,2145.5,394.02,1
2025-001973,2025-12-23 04:41:54,S1009,C00684,P2155,Call Center,Tarjeta,Black Friday,1,157.33,0.0,157.33,20.45,136.88,71.96,0
2025-001974,2025-08-15 08:42:25,S1020,C00601,P2020,Tienda,Billetera Digital,Sin Promo,6,39.49,0.2,236.94,35.54,201.4,32.33,0
2025-001975,2025-05-26 13:28:23,S1033,C00306,P2128,Marketplace,Billetera Digital,Promo 10%,1,557.39,0.0,557.39,83.61,473.78,269.57,0
2025-001976,2025-11-30 17:05:23,S1025,C00499,P2132,Tienda,Transferencia,Promo 15%,2,305.53,0.05,611.06,91.66,519.4,220.13,1
2025-001977,2025-12-23 08:27:35,S1013,C00036,P2094,Tienda,Efectivo,Sin Promo,2,700.79,0.0,1401.58,168.19,1233.39,392.99,0
2025-001978,2025-11-28 03:30:51,S1025,C00423,P2064,Web,Efectivo,2x1,2,91.31,0.0,182.62,27.39,155.23,57.47,1
2025-001979,2025-02-03 13:32:18,S1024,C00080,P2029,Call Center,Billetera Digital,2x1,2,466.92,0.05,933.84,140.08,793.76,271.13,0
2025-001980,2025-06-19 10:20:14,S1036,C00066,P2066,Tienda,Efectivo,2x1,2,446.0,0.15,892.0,133.8,758.2,297.19,0
2025-001981,2025-06-01 01:23:40,S1014,C00306,P2158,Web,Efectivo,Sin Promo,2,515.27,0.05,1030.54,123.66,906.88,274.83,0
2025-001982,2025-08-23 03:10:50,S1038,C00773,P2158,Marketplace,Efectivo,Sin Promo,6,461.03,0.15,2766.18,359.6,2406.58,274.83,0
2025-001983,2025-01-20 18:30:47,S1006,C00579,P2137,Marketplace,Transferencia,Sin Promo,1,428.74,0.0,428.74,55.74,373.0,246.0,0
2025-001984,2025-06-23 22:04:35,S1018,C00703,P2076,Call Center,Efectivo,Black Friday,1,87.77,0.1,87.77,10.53,77.24,50.2,0
2025-001985,2025-05-31 12:24:02,S1037,C00300,P2009,Web,Tarjeta,Black Friday,1,470.71,0.1,470.71,61.19,409.52,287.2,0
2025-001986,2025-06-22 15:31:24,S1010,C00070,P2031,Call Center,Tarjeta,Cyber Week,1,173.06,0.15,173.06,20.77,152.29,111.43,1
2025-001987,2025-04-01 11:12:44,S1033,C00155,P2103,Web,Billetera Digital,Promo 10%,1,424.9,0.0,424.9,63.73,361.17,274.37,0
2025-001988,2025-06-19 10:15:54,S1029,C00624,P2058,Call Center,Efectivo,2x1,1,465.91,0.0,465.91,69.89,396.02,324.41,0
2025-001989,2025-06-22 19:52:26,S1020,C00569,P2127,Call Center,Tarjeta,Sin Promo,2,586.13,0.2,1172.26,175.84,996.42,361.43,0
2025-001990,2025-06-27 00:52:34,S1031,C00758,P2074,Call Center,Tarjeta,Cyber Week,1,267.21,0.05,267.21,40.08,227.13,138.92,0
2025-001991,2025-01-28 12:41:25,S1044,C00409,P2118,Marketplace,Billetera Digital,Promo 15%,5,65.15,0.0,325.75,42.35,283.4,45.65,0
2025-001992,2025-07-24 10:28:12,S1027,C00007,P2129,Web,Transferencia,Black Friday,4,504.95,0.0,2019.8,302.97,1716.83,401.84,0
2025-001993,2025-11-17 10:56:10,S1041,C00377,P2148,Web,Efectivo,Sin Promo,1,674.81,0.0,674.81,87.73,587.08,390.62,0
2025-001994,2025-05-26 00:43:21,S1032,C00014,P2109,Marketplace,Tarjeta,Sin Promo,3,177.04,0.15,531.12,79.67,451.45,141.94,0
2025-001995,2025-11-18 07:56:09,S1026,C00651,P2156,Call Center,Financiamiento,Promo 10%,3,81.43,0.0,244.29,36.64,207.65,55.02,0
2025-001996,2025-05-12 12:41:58,S1012,C00742,P2111,Call Center,Billetera Digital,Cyber Week,4,277.51,0.05,1110.04,133.2,976.84,191.52,1
2025-001997,2025-02-20 23:55:08,S1005,C00418,P2128,Marketplace,Transferencia,Sin Promo,3,557.39,0.0,1672.17,217.38,1454.79,269.57,0
2025-001998,2025-08-13 18:14:48,S1019,C00776,P2030,Web,Billetera Digital,Promo 10%,2,460.22,0.15,920.44,138.07,782.37,418.38,0
2025-001999,2025-04-07 22:10:44,S1036,C00138,P2093,Web,Billetera Digital,2x1,1,147.96,0.0,147.96,22.19,125.77,75.0,0
2025-002000,2025-04-22 18:03:19,S1029,C00142,P2079,Call Center,Financiamiento,Cyber Week,1,212.15,0.15,212.15,31.82,180.33,156.92,0
2025-002001,2025-09-08 21:19:10,S1026,C00179,P2006,Tienda,Tarjeta,Black Friday,2,321.61,0.2,643.22,96.48,546.74,287.52,0
2025-002002,2025-03-01 15:59:50,S1018,C00050,P2063,Call Center,Efectivo,Cyber Week,4,70.41,0.0,281.64,33.8,247.84,34.56,0
2025-002003,2025-09-18 22:36:44,S1033,C00066,P2007,Tienda,Tarjeta,Cyber Week,1,212.03,0.0,212.03,31.8,180.23,162.45,0
2025-002004,2025-11-06 03:20:38,S1001,C00353,P2140,Tienda,Billetera Digital,Promo 10%,5,14.41,0.0,72.05,9.37,62.68,6.63,1
2025-002005,2025-07-31 18:15:05,S1009,C00141,P2148,Marketplace,Billetera Digital,Black Friday,1,674.81,0.0,674.81,87.73,587.08,390.62,0
2025-002006,2025-09-11 07:18:34,S1039,C00430,P2079,Marketplace,Transferencia,2x1,1,249.59,0.0,249.59,32.45,217.14,156.92,1
2025-002007,2025-05-16 07:31:59,S1034,C00581,P2044,Marketplace,Transferencia,Black Friday,3,408.67,0.1,1226.01,183.9,1042.11,214.81,1
2025-002008,2025-11-05 17:14:56,S1026,C00051,P2096,Marketplace,Billetera Digital,Sin Promo,4,636.0,0.0,2544.0,381.6,2162.4,369.96,0
2025-002009,2025-11-05 01:49:00,S1011,C00313,P2111,Call Center,Transferencia,Promo 15%,4,233.7,0.2,934.8,112.18,822.62,191.52,0
2025-002010,2025-04-29 15:08:06,S1020,C00233,P2021,Call Center,Financiamiento,Cyber Week,1,351.58,0.2,351.58,52.74,298.84,239.98,0
2025-002011,2025-07-10 13:15:17,S1039,C00633,P2025,Web,Financiamiento,Cyber Week,2,564.63,0.15,1129.26,146.8,982.46,394.63,0
2025-002012,2025-02-26 01:48:28,S1001,C00299,P2060,Tienda,Tarjeta,2x1,4,364.09,0.05,1456.36,189.33,1267.03,245.82,0
2025-002013,2025-01-31 02:53:04,S1023,C00470,P2010,Web,Efectivo,Promo 15%,2,343.48,0.15,686.96,103.04,583.92,210.17,1
2025-002014,2025-06-04 15:10:16,S1039,C00543,P2110,Tienda,Efectivo,Promo 10%,1,375.05,0.1,375.05,48.76,326.29,314.95,1
2025-002015,2025-10-07 17:16:48,S1002,C00171,P2095,Call Center,Efectivo,2x1,6,656.94,0.1,3941.64,512.41,3429.23,368.2,0
2025-002016,2025-11-08 16:55:15,S1020,C00080,P2139,Marketplace,Tarjeta,Cyber Week,1,16.22,0.2,16.22,2.43,13.79,12.71,0
2025-002017,2025-05-08 04:05:27,S1025,C00072,P2048,Call Center,Tarjeta,Sin Promo,5,320.16,0.0,1600.8,240.12,1360.68,183.57,0
2025-002018,2025-12-19 08:12:17,S1032,C00638,P2136,Marketplace,Financiamiento,Promo 10%,1,139.32,0.1,139.32,20.9,118.42,99.42,0
2025-002019,2025-01-29 01:29:09,S1025,C00440,P2148,Call Center,Transferencia,Cyber Week,1,674.81,0.0,674.81,101.22,573.59,390.62,0
2025-002020,2025-10-24 19:22:12,S1043,C00305,P2023,Tienda,Billetera Digital,Sin Promo,4,450.29,0.15,1801.16,234.15,1567.01,346.8,0
2025-002021,2025-07-16 11:19:43,S1038,C00669,P2077,Web,Tarjeta,Sin Promo,1,715.22,0.1,715.22,92.98,622.24,400.81,0
2025-002022,2025-04-05 03:41:52,S1023,C00020,P2120,Tienda,Billetera Digital,Cyber Week,1,199.5,0.0,199.5,29.92,169.58,113.2,0
2025-002023,2025-07-17 17:47:48,S1015,C00588,P2106,Call Center,Billetera Digital,Cyber Week,5,461.42,0.0,2307.1,276.85,2030.25,310.34,0
2025-002024,2025-04-14 22:05:35,S1043,C00231,P2047,Marketplace,Financiamiento,Sin Promo,1,388.27,0.15,388.27,50.48,337.79,295.44,0
2025-002025,2025-04-23 18:44:59,S1013,C00016,P2032,Tienda,Transferencia,Cyber Week,2,396.58,0.15,793.16,95.18,697.98,330.43,0
2025-002026,2025-07-29 05:18:02,S1002,C00162,P2095,Marketplace,Billetera Digital,Sin Promo,1,693.43,0.05,693.43,90.15,603.28,368.2,0
2025-002027,2025-05-23 13:12:30,S1015,C00554,P2125,Tienda,Transferencia,Black Friday,1,327.42,0.05,327.42,39.29,288.13,235.01,0
2025-002028,2025-08-14 14:27:02,S1015,C00307,P2035,Web,Transferencia,Black Friday,2,725.28,0.2,1450.56,174.07,1276.49,418.3,0
2025-002029,2025-08-04 13:46:20,S1028,C00681,P2106,Marketplace,Billetera Digital,2x1,1,461.42,0.0,461.42,69.21,392.21,310.34,1
2025-002030,2025-07-17 03:31:46,S1037,C00061,P2120,Tienda,Efectivo,Promo 10%,2,159.6,0.2,319.2,41.5,277.7,113.2,0
2025-002031,2025-07-01 07:48:48,S1017,C00491,P2136,Marketplace,Billetera Digital,Sin Promo,3,147.06,0.05,441.18,52.94,388.24,99.42,0
2025-002032,2025-06-25 18:24:26,S1005,C00103,P2104,Marketplace,Tarjeta,Promo 15%,2,667.12,0.05,1334.24,173.45,1160.79,405.18,0
2025-002033,2025-01-21 01:04:13,S1010,C00744,P2041,Web,Transferencia,Black Friday,2,46.52,0.0,93.04,11.16,81.88,34.06,1
2025-002034,2025-10-01 16:42:28,S1020,C00448,P2083,Call Center,Tarjeta,Sin Promo,2,418.74,0.2,837.48,125.62,711.86,334.59,0
2025-002035,2025-03-25 20:46:02,S1041,C00423,P2009,Web,Efectivo,2x1,2,523.01,0.0,1046.02,135.98,910.04,287.2,0
2025-002036,2025-07-28 16:05:24,S1019,C00720,P2157,Tienda,Financiamiento,Cyber Week,3,223.38,0.0,670.14,100.52,569.62,118.28,1
2025-002037,2025-02-02 02:52:05,S1001,C00255,P2079,Call Center,Transferencia,Black Friday,3,237.11,0.05,711.33,92.47,618.86,156.92,0
2025-002038,2025-03-23 03:48:28,S1006,C00244,P2025,Web,Transferencia,Promo 10%,2,597.84,0.1,1195.68,155.44,1040.24,394.63,1
2025-002039,2025-10-19 01:13:45,S1021,C00768,P2004,Tienda,Financiamiento,Black Friday,3,489.28,0.1,1467.84,220.18,1247.66,298.92,0
2025-002040,2025-02-16 07:19:20,S1023,C00787,P2062,Tienda,Tarjeta,2x1,1,100.7,0.1,100.7,15.11,85.59,74.21,0
2025-002041,2025-11-04 08:07:08,S1020,C00095,P2158,Tienda,Efectivo,Sin Promo,1,542.39,0.0,542.39,81.36,461.03,274.83,1
2025-002042,2025-01-08 00:41:13,S1012,C00694,P2005,Call Center,Billetera Digital,Black Friday,1,518.63,0.05,518.63,62.24,456.39,390.45,0
2025-002043,2025-06-11 16:51:32,S1005,C00380,P2031,Call Center,Financiamiento,Cyber Week,1,173.06,0.15,173.06,22.5,150.56,111.43,0
2025-002044,2025-02-11 21:11:41,S1018,C00163,P2018,Tienda,Efectivo,Black Friday,2,372.27,0.05,744.54,89.34,655.2,224.11,0
2025-002045,2025-12-06 20:46:17,S1029,C00529,P2104,Call Center,Tarjeta,Sin Promo,4,561.78,0.2,2247.12,337.07,1910.05,405.18,0
2025-002046,2025-06-05 05:55:42,S1016,C00501,P2059,Call Center,Efectivo,Black Friday,2,111.1,0.15,222.2,26.66,195.54,101.09,0
2025-002047,2025-02-17 09:14:48,S1041,C00518,P2071,Tienda,Transferencia,Black Friday,5,483.57,0.0,2417.85,314.32,2103.53,243.78,0
2025-002048,2025-03-07 12:36:38,S1007,C00706,P2071,Tienda,Billetera Digital,Cyber Week,1,483.57,0.0,483.57,62.86,420.71,243.78,0
2025-002049,2025-10-13 01:37:19,S1035,C00140,P2012,Marketplace,Billetera Digital,Sin Promo,1,709.5,0.1,709.5,106.42,603.08,363.05,0
2025-002050,2025-05-10 01:55:40,S1009,C00309,P2098,Tienda,Efectivo,Cyber Week,2,580.57,0.1,1161.14,150.95,1010.19,389.5,0
2025-002051,2025-01-07 08:13:29,S1024,C00723,P2087,Marketplace,Tarjeta,Promo 15%,2,323.78,0.0,647.56,97.13,550.43,166.63,0
2025-002052,2025-01-23 20:22:36,S1011,C00572,P2120,Marketplace,Transferencia,Promo 15%,1,199.5,0.0,199.5,23.94,175.56,113.2,1
2025-002053,2025-02-14 09:08:08,S1010,C00560,P2093,Web,Transferencia,2x1,2,125.77,0.15,251.54,30.18,221.36,75.0,0
2025-002054,2025-05-29 17:18:12,S1045,C00788,P2025,Call Center,Efectivo,2x1,2,664.27,0.0,1328.54,172.71,1155.83,394.63,0
2025-002055,2025-03-17 04:57:58,S1038,C00772,P2060,Marketplace,Tarjeta,Cyber Week,2,383.25,0.0,766.5,99.65,666.85,245.82,0
2025-002056,2025-08-20 14:14:54,S1019,C00242,P2118,Marketplace,Billetera Digital,Promo 10%,1,65.15,0.0,65.15,9.77,55.38,45.65,0
2025-002057,2025-06-22 07:04:38,S1035,C00428,P2152,Tienda,Efectivo,Cyber Week,1,499.51,0.0,499.51,74.93,424.58,338.06,0
2025-002058,2025-05-01 03:59:40,S1030,C00579,P2098,Web,Financiamiento,Cyber Week,2,645.08,0.0,1290.16,193.52,1096.64,389.5,0
2025-002059,2025-03-06 22:53:33,S1022,C00501,P2087,Marketplace,Transferencia,Sin Promo,4,291.4,0.1,1165.6,174.84,990.76,166.63,0
2025-002060,2025-04-25 23:49:27,S1030,C00475,P2040,Call Center,Efectivo,Promo 10%,3,47.59,0.2,142.77,21.42,121.35,35.66,1
2025-002061,2025-09-01 18:04:13,S1023,C00533,P2003,Tienda,Billetera Digital,Promo 10%,1,508.72,0.0,508.72,76.31,432.41,261.5,1
2025-002062,2025-04-14 05:33:52,S1013,C00647,P2019,Web,Billetera Digital,Cyber Week,2,400.58,0.15,801.16,96.14,705.02,283.84,0
2025-002063,2025-01-15 07:54:07,S1006,C00641,P2122,Call Center,Transferencia,Promo 10%,2,545.3,0.2,1090.6,141.78,948.82,324.38,0
2025-002064,2025-12-04 02:22:32,S1008,C00224,P2060,Tienda,Billetera Digital,Cyber Week,1,325.76,0.15,325.76,42.35,283.41,245.82,0
2025-002065,2025-06-17 17:48:35,S1022,,P2091,Call Center,Financiamiento,Promo 15%,2,433.2,0.2,866.4,129.96,736.44,397.11,0
2025-002066,2025-07-17 06:10:25,S1005,C00678,P2100,Tienda,Billetera Digital,Sin Promo,2,543.37,0.05,1086.74,141.28,945.46,422.9,0
2025-002067,2025-01-02 02:04:45,S1041,C00446,P2072,Marketplace,Billetera Digital,Promo 15%,3,544.16,0.1,1632.48,212.22,1420.26,420.23,0
2025-002068,2025-10-22 03:10:56,S1020,C00282,P2133,Web,Efectivo,Cyber Week,3,52.59,0.0,157.77,23.67,134.1,38.56,0
2025-002069,2025-09-03 14:01:17,S1014,C00348,P2155,Tienda,Efectivo,Promo 15%,2,133.73,0.15,267.46,32.1,235.36,71.96,0
2025-002070,2025-05-19 16:27:30,S1044,C00242,P2092,Tienda,Tarjeta,Promo 15%,6,722.24,0.1,4333.44,563.35,3770.09,416.32,0
2025-002071,2025-03-31 09:21:17,S1021,C00388,P2053,Call Center,Tarjeta,Promo 10%,4,934.5,0.0,3738.0,560.7,3177.3,436.17,1
2025-002072,2025-07-23 17:57:39,S1015,C00259,P2028,Tienda,Financiamiento,Cyber Week,2,538.37,0.1,1076.74,129.21,947.53,344.08,0
2025-002073,2025-01-27 01:48:42,S1022,C00241,P2086,Tienda,Transferencia,Promo 15%,3,109.2,0.0,327.6,49.14,278.46,70.05,0
2025-002074,2025-07-13 20:03:12,S1036,C00627,P2129,Call Center,Billetera Digital,Promo 15%,1,403.96,0.2,403.96,60.59,343.37,401.84,0
2025-002075,2025-11-19 13:09:11,S1026,C00276,P2008,Call Center,Tarjeta,Sin Promo,1,699.38,0.2,699.38,104.91,594.47,421.75,0
2025-002076,2025-10-09 10:19:51,S1009,C00041,P2012,Tienda,Transferencia,Sin Promo,3,748.91,0.05,2246.73,292.07,1954.66,363.05,0
2025-002077,2025-09-01 06:36:04,S1003,C00666,P2148,Marketplace,Billetera Digital,Black Friday,4,539.85,0.2,2159.4,280.72,1878.68,390.62,0
2025-002078,2025-06-04 03:28:53,S1020,C00664,P2098,Marketplace,Transferencia,Promo 10%,2,548.32,0.15,1096.64,164.5,932.14,389.5,0
2025-002079,2025-06-12 17:46:04,S1018,C00292,P2082,Marketplace,Efectivo,2x1,1,225.14,0.2,225.14,27.02,198.12,152.77,0
2025-002080,2025-02-04 01:26:41,S1021,C00796,P2017,Marketplace,Billetera Digital,Promo 10%,5,252.27,0.1,1261.35,189.2,1072.15,182.13,1
2025-002081,2025-05-03 00:11:36,S1023,C00397,P2016,Tienda,Billetera Digital,Promo 10%,1,172.59,0.0,172.59,25.89,146.7,121.18,0
2025-002082,2025-03-05 17:26:40,S1010,C00789,P2045,Web,Financiamiento,Sin Promo,1,58.57,0.15,58.57,7.03,51.54,46.07,1
2025-002083,2025-02-08 10:58:51,S1034,C00406,P2071,Web,Transferencia,Promo 15%,2,386.86,0.2,773.72,116.06,657.66,243.78,0
2025-002084,2025-12-25 07:39:53,S1022,C00392,P2131,Marketplace,Billetera Digital,Promo 15%,1,187.08,0.05,187.08,28.06,159.02,119.6,0
2025-002085,2025-04-24 04:58:30,S1005,C00167,P2053,Call Center,Billetera Digital,Black Friday,1,934.5,0.0,934.5,121.48,813.02,436.17,0
2025-002086,2025-11-23 03:13:58,S1007,C00362,P2050,Marketplace,Transferencia,2x1,1,246.56,0.1,246.56,32.05,214.51,192.16,0
2025-002087,2025-05-28 11:11:15,S1018,C00040,P2136,Call Center,Tarjeta,Cyber Week,1,154.8,0.0,154.8,18.58,136.22,99.42,0
2025-002088,2025-07-08 06:06:33,S1033,C00689,P2128,Marketplace,Tarjeta,Black Friday,1,501.65,0.1,501.65,75.25,426.4,269.57,0
2025-002089,2025-04-05 00:43:05,S1003,C00367,P2076,Call Center,Financiamiento,Sin Promo,3,97.52,0.0,292.56,38.03,254.53,50.2,1
2025-002090,2025-03-25 18:05:43,S1038,C00164,P2102,Call Center,Tarjeta,Promo 15%,1,475.83,0.05,475.83,61.86,413.97,270.07,0
2025-002091,2025-11-08 19:00:40,S1039,C00036,P2143,Tienda,Financiamiento,Black Friday,2,175.44,0.0,350.88,45.61,305.27,101.86,0
2025-002092,2025-10-24 19:56:13,S1013,C00274,P2114,Web,Billetera Digital,Sin Promo,2,443.2,0.2,886.4,106.37,780.03,274.57,0
2025-002093,2025-12-19 17:41:55,S1028,C00147,P2102,Call Center,Financiamiento,Promo 10%,3,425.74,0.15,1277.22,191.58,1085.64,270.07,0
2025-002094,2025-01-22 15:00:35,S1018,C00207,P2110,Call Center,Tarjeta,2x1,5,416.72,0.0,2083.6,250.03,1833.57,314.95,0
2025-002095,2025-01-23 04:37:52,S1029,C00001,P2105,Marketplace,Tarjeta,Promo 15%,1,676.15,0.0,676.15,101.42,574.73,320.12,0
2025-002096,2025-12-30 10:02:03,S1024,C00745,P2079,Web,Efectivo,Cyber Week,3,224.63,0.1,673.89,101.08,572.81,156.92,0
2025-002097,2025-10-17 04:46:11,S1035,C00415,P2121,Marketplace,Transferencia,Black Friday,1,417.78,0.0,417.78,62.67,355.11,207.12,0
2025-002098,2025-12-05 04:11:47,S1013,C00276,P2093,Tienda,Financiamiento,Promo 15%,3,147.96,0.0,443.88,53.27,390.61,75.0,0
2025-002099,2025-01-06 12:59:52,S1013,C00402,P2098,Tienda,Billetera Digital,Cyber Week,4,580.57,0.1,2322.28,278.67,2043.61,389.5,0
2025-002100,2025-07-31 11:14:52,S1024,C00417,P2084,Tienda,Transferencia,2x1,1,10.89,0.0,10.89,1.63,9.26,8.31,0
2025-002101,2025-10-03 09:57:29,S1001,C00539,P2139,Marketplace,Efectivo,Promo 10%,2,20.28,0.0,40.56,5.27,35.29,12.71,0
2025-002102,2025-03-13 03:39:25,S1029,C00561,P2031,Tienda,Financiamiento,Cyber Week,4,203.6,0.0,814.4,122.16,692.24,111.43,0
2025-002103,2025-08-04 03:39:36,S1010,C00682,P2144,Marketplace,Financiamiento,2x1,1,258.88,0.05,258.88,31.07,227.81,177.43,0
2025-002104,2025-03-21 06:02:58,S1016,C00339,P2093,Call Center,Tarjeta,Sin Promo,2,147.96,0.0,295.92,35.51,260.41,75.0,0
2025-002105,2025-09-24 12:38:50,S1031,C00554,P2122,Web,Efectivo,Promo 10%,3,579.38,0.15,1738.14,260.72,1477.42,324.38,0
2025-002106,2025-09-18 12:20:45,S1005,C00149,P2126,Tienda,Tarjeta,Black Friday,5,649.93,0.05,3249.65,422.45,2827.2,413.19,0
2025-002107,2025-05-07 08:39:49,S1002,C00053,P2066,Tienda,Financiamiento,2x1,1,498.47,0.05,498.47,64.8,433.67,297.19,0
2025-002108,2025-07-14 10:09:52,S1008,C00475,P2028,Web,Transferencia,Promo 10%,3,568.28,0.05,1704.84,221.63,1483.21,344.08,0
2025-002109,2025-01-17 22:51:05,S1026,C00003,P2154,Tienda,Tarjeta,Black Friday,2,659.89,0.1,1319.78,197.97,1121.81,427.53,1
2025-002110,2025-05-14 13:01:11,S1041,C00684,P2130,Tienda,Billetera Digital,Cyber Week,1,701.29,0.0,701.29,91.17,610.12,404.15,0
2025-002111,2025-04-28 14:05:38,S1001,C00509,P2108,Call Center,Tarjeta,Promo 10%,1,240.87,0.15,240.87,31.31,209.56,144.01,1
2025-002112,2025-07-26 07:01:26,S1001,C00153,P2140,Web,Transferencia,Sin Promo,2,14.41,0.0,28.82,3.75,25.07,6.63,0
2025-002113,2025-11-05 08:02:22,S1015,C00685,P2022,Call Center,Financiamiento,Promo 10%,1,427.43,0.05,427.43,51.29,376.14,325.44,1
2025-002114,2025-11-08 19:34:30,S1024,C00079,P2126,Web,Financiamiento,Promo 10%,1,547.31,0.2,547.31,82.1,465.21,413.19,0
2025-002115,2025-01-25 13:38:15,S1019,C00483,P2026,Tienda,Billetera Digital,Black Friday,2,459.92,0.0,919.84,137.98,781.86,230.43,0
2025-002116,2025-04-24 10:59:41,S1009,C00525,P2023,Tienda,Tarjeta,Black Friday,1,450.29,0.15,450.29,58.54,391.75,346.8,1
2025-002117,2025-07-29 05:59:01,S1031,C00232,P2148,Web,Billetera Digital,Cyber Week,2,573.59,0.15,1147.18,172.08,975.1,390.62,0
2025-002118,2025-03-20 12:08:05,S1019,C00219,P2074,Call Center,Financiamiento,Promo 10%,1,225.02,0.2,225.02,33.75,191.27,138.92,0
2025-002119,2025-08-18 23:26:57,S1002,C00670,P2063,Tienda,Tarjeta,Promo 10%,1,59.85,0.15,59.85,7.78,52.07,34.56,0
2025-002120,2025-09-14 20:51:40,S1025,C00774,P2132,Tienda,Financiamiento,Black Friday,1,257.29,0.2,257.29,38.59,218.7,220.13,0
2025-002121,2025-05-23 04:32:29,S1002,C00753,P2160,Tienda,Efectivo,Cyber Week,2,812.22,0.0,1624.44,211.18,1413.26,418.28,0
2025-002122,2025-12-20 12:07:58,S1005,C00467,P2116,Tienda,Financiamiento,Promo 10%,4,669.51,0.1,2678.04,348.15,2329.89,358.01,0
2025-002123,2025-05-04 02:30:13,S1041,C00057,P2080,Marketplace,Financiamiento,Cyber Week,1,286.7,0.05,286.7,37.27,249.43,221.89,0
2025-002124,2025-08-25 20:46:29,S1034,C00759,P2032,Call Center,Financiamiento,Cyber Week,2,419.91,0.1,839.82,125.97,713.85,330.43,0
2025-002125,2025-01-19 20:50:36,S1003,C00770,P2128,Web,Transferencia,Cyber Week,3,557.39,0.0,1672.17,217.38,1454.79,269.57,0
2025-002126,2025-11-17 01:14:41,S1009,C00570,P2054,Marketplace,Efectivo,Promo 10%,1,440.12,0.05,440.12,57.22,382.9,220.6,0
2025-002127,2025-04-25 08:50:35,S1026,C00106,P2081,Call Center,Transferencia,2x1,4,399.31,0.0,1597.24,239.59,1357.65,192.91,0
2025-002128,2025-06-04 15:16:42,S1020,C00268,P2019,Marketplace,Financiamiento,Black Friday,3,447.71,0.05,1343.13,201.47,1141.66,283.84,0
2025-002129,2025-07-06 01:15:11,S1024,C00167,P2085,Web,Financiamiento,Sin Promo,3,29.47,0.05,88.41,13.26,75.15,20.07,1
2025-002130,2025-05-22 18:39:33,S1035,C00666,P2119,Tienda,Efectivo,Black Friday,1,763.08,0.0,763.08,114.46,648.62,363.73,0
2025-002131,2025-03-31 06:26:30,S1009,C00084,P2124,Tienda,Financiamiento,Promo 15%,1,404.34,0.15,404.34,52.56,351.78,351.18,0
2025-002132,2025-11-11 10:01:56,S1006,C00065,P2110,Marketplace,Tarjeta,Promo 15%,1,416.72,0.0,416.72,54.17,362.55,314.95,1
2025-002133,2025-09-12 09:13:16,S1036,,P2155,Marketplace,Transferencia,Sin Promo,3,157.33,0.0,471.99,70.8,401.19,71.96,1
2025-002134,2025-01-28 22:34:52,S1029,C00114,P2081,Tienda,Billetera Digital,Black Friday,2,399.31,0.0,798.62,119.79,678.83,192.91,0
2025-002135,2025-03-12 11:25:20,S1013,C00784,P2133,Tienda,Transferencia,2x1,3,52.59,0.0,157.77,18.93,138.84,38.56,0
2025-002136,2025-09-05 22:36:17,S1022,C00656,P2105,Marketplace,Transferencia,Black Friday,1,676.15,0.0,676.15,101.42,574.73,320.12,0
2025-002137,2025-01-17 03:59:13,S1026,C00258,P2066,Web,Financiamiento,Sin Promo,1,472.24,0.1,472.24,70.84,401.4,297.19,0
2025-002138,2025-10-13 20:16:08,S1012,C00064,P2037,Web,Efectivo,Promo 10%,4,623.8,0.0,2495.2,299.42,2195.78,405.23,0
2025-002139,2025-12-19 15:07:39,S1031,C00638,P2093,Marketplace,Billetera Digital,Black Friday,1,147.96,0.0,147.96,22.19,125.77,75.0,0
2025-002140,2025-09-06 12:36:20,S1007,C00081,P2045,Marketplace,Tarjeta,Promo 10%,1,58.57,0.15,58.57,7.61,50.96,46.07,1
2025-002141,2025-12-14 06:46:43,S1035,C00783,P2031,Tienda,Transferencia,Black Friday,3,162.88,0.2,488.64,73.3,415.34,111.43,0
2025-002142,2025-04-27 11:26:33,S1009,C00462,P2122,Web,Tarjeta,Cyber Week,1,681.62,0.0,681.62,88.61,593.01,324.38,0
2025-002143,2025-07-27 02:23:18,S1039,C00326,P2140,Tienda,Transferencia,Promo 10%,2,12.25,0.15,24.5,3.19,21.31,6.63,0
2025-002144,2025-03-15 17:43:04,S1011,C00188,P2126,Web,Billetera Digital,Promo 10%,4,649.93,0.05,2599.72,311.97,2287.75,413.19,0
2025-002145,2025-03-16 14:33:55,S1032,C00778,P2068,Call Center,Financiamiento,Promo 15%,3,246.4,0.0,739.2,110.88,628.32,122.46,1
2025-002146,2025-06-26 19:53:24,S1013,C00519,P2124,Marketplace,Billetera Digital,Cyber Week,3,475.69,0.0,1427.07,171.25,1255.82,351.18,0
2025-002147,2025-03-27 23:25:07,S1018,C00713,P2056,Tienda,Tarjeta,Promo 10%,1,886.94,0.0,886.94,106.43,780.51,417.23,0
2025-002148,2025-05-27 03:12:07,S1044,C00190,P2140,Web,Transferencia,Promo 10%,1,14.41,0.0,14.41,1.87,12.54,6.63,0
2025-002149,2025-06-30 23:01:01,S1004,C00349,P2143,Tienda,Transferencia,Cyber Week,2,175.44,0.0,350.88,45.61,305.27,101.86,0
2025-002150,2025-01-09 08:16:41,S1017,C00603,P2145,Web,Financiamiento,Black Friday,1,118.01,0.0,118.01,14.16,103.85,77.61,0
2025-002151,2025-09-18 09:45:00,S1041,C00600,P2123,Web,Financiamiento,Cyber Week,1,157.6,0.1,157.6,20.49,137.11,112.82,1
2025-002152,2025-08-15 11:26:23,S1003,C00675,P2059,Marketplace,Transferencia,Cyber Week,4,111.1,0.15,444.4,57.77,386.63,101.09,0
2025-002153,2025-08-09 21:06:57,S1023,C00275,P2119,Marketplace,Billetera Digital,2x1,1,610.46,0.2,610.46,91.57,518.89,363.73,0
2025-002154,2025-12-03 15:19:03,S1012,C00716,P2066,Tienda,Tarjeta,Cyber Week,3,524.71,0.0,1574.13,188.9,1385.23,297.19,0
2025-002155,2025-02-09 03:56:18,S1033,C00307,P2018,Web,Billetera Digital,Black Friday,2,391.86,0.0,783.72,117.56,666.16,224.11,0
2025-002156,2025-02-05 13:52:12,S1012,C00391,P2044,Marketplace,Transferencia,Cyber Week,2,454.08,0.0,908.16,108.98,799.18,214.81,0
2025-002157,2025-09-30 03:32:14,S1028,C00071,P2134,Marketplace,Transferencia,Promo 10%,4,241.56,0.0,966.24,144.94,821.3,153.79,0
2025-002158,2025-03-24 06:01:20,S1045,C00538,P2060,Tienda,Billetera Digital,2x1,4,325.76,0.15,1303.04,169.4,1133.64,245.82,0
2025-002159,2025-12-09 12:31:40,S1029,C00338,P2126,Web,Billetera Digital,2x1,1,581.52,0.15,581.52,87.23,494.29,413.19,0
2025-002160,2025-04-22 10:42:30,S1017,C00142,P2123,Marketplace,Tarjeta,Black Friday,2,175.11,0.0,350.22,42.03,308.19,112.82,0
2025-002161,2025-03-17 04:01:56,S1028,C00444,P2101,Tienda,Tarjeta,Black Friday,1,336.53,0.0,336.53,50.48,286.05,262.94,0
2025-002162,2025-04-17 11:49:34,S1039,C00746,P2155,Tienda,Financiamiento,Promo 10%,1,157.33,0.0,157.33,20.45,136.88,71.96,0
2025-002163,2025-05-05 20:19:11,S1017,C00384,P2022,Call Center,Tarjeta,Sin Promo,2,404.94,0.1,809.88,97.19,712.69,325.44,0
2025-002164,2025-09-08 21:29:30,S1014,C00665,P2006,Web,Tarjeta,Black Friday,3,402.01,0.0,1206.03,144.72,1061.31,287.52,0
2025-002165,2025-07-11 02:14:36,S1024,C00284,P2036,Tienda,Transferencia,Cyber Week,1,288.63,0.0,288.63,43.29,245.34,143.03,1
2025-002166,2025-07-30 03:34:05,S1027,C00521,P2125,Marketplace,Tarjeta,Black Friday,2,292.95,0.15,585.9,87.88,498.02,235.01,0
2025-002167,2025-03-04 22:35:35,S1017,C00250,P2037,Call Center,Transferencia,2x1,3,623.8,0.0,1871.4,224.57,1646.83,405.23,0
2025-002168,2025-05-16 17:44:08,S1028,C00521,P2008,Web,Financiamiento,Promo 15%,1,699.38,0.2,699.38,104.91,594.47,421.75,0
2025-002169,2025-11-16 18:50:26,S1003,C00631,P2076,Tienda,Tarjeta,Promo 15%,4,78.02,0.2,312.08,40.57,271.51,50.2,0
2025-002170,2025-09-20 19:11:24,S1034,C00790,P2077,Web,Financiamiento,Promo 15%,1,794.69,0.0,794.69,119.2,675.49,400.81,0
2025-002171,2025-12-02 16:47:37,S1006,C00703,P2072,Tienda,Efectivo,Promo 10%,4,604.62,0.0,2418.48,314.4,2104.08,420.23,0
2025-002172,2025-09-14 06:17:31,S1041,C00081,P2117,Tienda,Tarjeta,Cyber Week,2,75.78,0.1,151.56,19.7,131.86,41.82,1
2025-002173,2025-10-01 05:51:49,S1035,C00035,P2102,Call Center,Efectivo,Promo 10%,2,450.78,0.1,901.56,135.23,766.33,270.07,0
2025-002174,2025-08-02 00:50:04,S1022,C00223,P2109,Tienda,Billetera Digital,Promo 10%,3,166.62,0.2,499.86,74.98,424.88,141.94,0
2025-002175,2025-10-14 09:16:40,S1003,C00619,P2030,Tienda,Billetera Digital,Promo 15%,1,514.37,0.05,514.37,66.87,447.5,418.38,0
2025-002176,2025-03-13 05:25:11,S1017,C00077,P2037,Call Center,Tarjeta,Cyber Week,3,623.8,0.0,1871.4,224.57,1646.83,405.23,1
2025-002177,2025-12-30 10:05:22,S1009,C00505,P2142,Marketplace,Efectivo,Black Friday,2,395.11,0.2,790.22,102.73,687.49,331.65,0
2025-002178,2025-10-03 20:06:04,S1034,C00374,P2021,Tienda,Transferencia,Promo 15%,2,439.47,0.0,878.94,131.84,747.1,239.98,0
2025-002179,2025-04-23 10:21:25,S1020,C00134,P2141,Web,Transferencia,Promo 10%,2,832.49,0.0,1664.98,249.75,1415.23,384.64,0
2025-002180,2025-06-19 06:06:28,S1040,C00735,P2127,Web,Financiamiento,Black Friday,6,659.39,0.1,3956.34,514.32,3442.02,361.43,0
2025-002181,2025-04-24 05:31:37,S1034,C00198,P2047,Marketplace,Tarjeta,,1,365.43,0.2,365.43,54.81,310.62,295.44,0
2025-002182,2025-11-26 08:36:31,S1032,C00035,P2038,Web,Billetera Digital,Black Friday,2,118.96,0.15,237.92,35.69,202.23,104.22,0
2025-002183,2025-05-14 07:15:29,S1001,C00631,P2135,Marketplace,Transferencia,Promo 10%,2,137.64,0.1,275.28,35.79,239.49,71.27,0
2025-002184,2025-06-02 19:17:56,S1023,C00210,P2043,Marketplace,Billetera Digital,Promo 10%,1,313.61,0.0,313.61,47.04,266.57,244.5,0
2025-002185,2025-06-25 21:47:19,S1012,C00013,P2143,Tienda,Billetera Digital,Promo 15%,2,166.67,0.05,333.34,40.0,293.34,101.86,1
2025-002186,2025-01-01 08:54:00,S1015,C00470,P2142,Web,Tarjeta,2x1,2,419.81,0.15,839.62,100.75,738.87,331.65,0
2025-002187,2025-02-22 01:47:08,S1003,C00434,P2048,Marketplace,Transferencia,Sin Promo,1,288.14,0.1,288.14,37.46,250.68,183.57,0
2025-002188,2025-09-01 13:30:55,S1007,C00711,P2033,Marketplace,Tarjeta,Promo 15%,4,64.29,0.2,257.16,33.43,223.73,61.26,0
2025-002189,2025-08-08 19:41:47,S1020,,P2060,Marketplace,Transferencia,Promo 10%,3,383.25,0.0,1149.75,172.46,977.29,245.82,0
2025-002190,2025-07-19 17:09:12,S1025,C00760,P2126,Tienda,Efectivo,Promo 10%,1,615.73,0.1,615.73,92.36,523.37,413.19,0
2025-002191,2025-06-26 21:46:27,S1004,C00405,P2043,Web,Transferencia,2x1,4,266.57,0.15,1066.28,138.62,927.66,244.5,0
2025-002192,2025-06-04 17:09:22,S1037,C00024,P2030,Call Center,Efectivo,Promo 15%,1,460.22,0.15,460.22,59.83,400.39,418.38,0
2025-002193,2025-10-01 06:43:56,S1044,C00333,P2089,Call Center,Financiamiento,Promo 15%,1,589.23,0.2,589.23,76.6,512.63,351.93,0
2025-002194,2025-10-26 07:07:19,S1033,C00006,P2109,Tienda,Efectivo,Cyber Week,2,208.28,0.0,416.56,62.48,354.08,141.94,0
2025-002195,2025-05-22 14:14:51,S1017,C00345,P2130,Tienda,Tarjeta,Cyber Week,1,561.03,0.2,561.03,67.32,493.71,404.15,0
2025-002196,2025-03-20 10:08:51,S1038,C00600,P2021,Call Center,Transferencia,Sin Promo,2,439.47,0.0,878.94,114.26,764.68,239.98,0
2025-002197,2025-01-09 13:22:08,S1027,C00651,P2057,Tienda,Billetera Digital,Promo 15%,1,398.81,0.05,398.81,59.82,338.99,314.68,0
2025-002198,2025-05-31 19:08:24,S1017,C00612,P2062,Call Center,Tarjeta,2x1,2,89.51,0.2,179.02,21.48,157.54,74.21,0
2025-002199,2025-09-20 20:50:18,S1044,C00299,P2040,Marketplace,Efectivo,Promo 10%,1,59.49,0.0,59.49,7.73,51.76,35.66,0
2025-002200,2025-03-06 22:17:10,S1028,C00366,P2049,Web,Efectivo,Promo 15%,4,134.53,0.15,538.12,80.72,457.4,89.45,1
2025-002201,2025-01-29 22:42:41,S1023,C00394,P2047,Call Center,Efectivo,Promo 10%,1,456.79,0.0,456.79,68.52,388.27,295.44,0
2025-002202,2025-09-22 13:21:19,S1032,C00614,P2126,Marketplace,Tarjeta,Black Friday,3,649.93,0.05,1949.79,292.47,1657.32,413.19,0
2025-002203,2025-05-01 02:24:10,S1016,C00705,P2125,Tienda,Transferencia,Black Friday,1,275.72,0.2,275.72,33.09,242.63,235.01,0
2025-002204,2025-10-17 07:04:40,S1030,C00252,P2008,Web,Efectivo,Promo 15%,5,830.52,0.05,4152.6,622.89,3529.71,421.75,0
2025-002205,2025-10-21 23:57:25,S1035,C00078,P2088,Call Center,Billetera Digital,Cyber Week,3,571.92,0.0,1715.76,257.36,1458.4,308.2,0
2025-002206,2025-01-03 22:25:51,S1017,C00013,P2034,Marketplace,Billetera Digital,Black Friday,1,236.66,0.1,236.66,28.4,208.26,122.22,0
2025-002207,2025-02-20 07:57:21,S1039,,P2095,Call Center,Financiamiento,Promo 10%,4,656.94,0.1,2627.76,341.61,2286.15,368.2,0
2025-002208,2025-12-10 00:24:56,S1033,C00595,P2014,Web,Efectivo,Sin Promo,2,365.66,0.15,731.32,109.7,621.62,296.33,0
2025-002209,2025-04-08 14:39:32,S1007,C00436,P2122,Web,Efectivo,2x1,1,545.3,0.2,545.3,70.89,474.41,324.38,0
2025-002210,2025-09-18 17:56:14,S1045,C00651,P2018,Tienda,Billetera Digital,2x1,1,372.27,0.05,372.27,48.4,323.87,224.11,0
2025-002211,2025-03-27 23:14:07,S1004,C00773,P2021,Call Center,Billetera Digital,Promo 15%,1,395.52,0.1,395.52,51.42,344.1,239.98,0
2025-002212,2025-05-30 06:40:48,S1033,C00683,P2092,Web,Billetera Digital,Cyber Week,3,641.99,0.2,1925.97,288.9,1637.07,416.32,0
2025-002213,2025-04-14 15:35:00,S1023,C00192,P2060,Call Center,Financiamiento,Cyber Week,6,383.25,0.0,2299.5,344.93,1954.57,245.82,1
2025-002214,2025-06-16 10:21:12,S1001,C00146,P2003,Tienda,Transferencia,Cyber Week,1,406.98,0.2,406.98,52.91,354.07,261.5,0
2025-002215,2025-07-15 19:12:47,S1013,C00073,P2087,Marketplace,Transferencia,Sin Promo,1,275.21,0.15,275.21,33.03,242.18,166.63,0
2025-002216,2025-12-11 21:18:53,S1042,C00290,P2104,Call Center,Efectivo,Promo 15%,3,667.12,0.05,2001.36,260.18,1741.18,405.18,0
2025-002217,2025-04-25 01:34:22,S1021,C00759,P2070,Marketplace,Billetera Digital,2x1,1,584.05,0.05,584.05,87.61,496.44,281.04,0
2025-002218,2025-06-27 07:45:26,S1003,C00722,P2100,Web,Tarjeta,Promo 10%,2,571.97,0.0,1143.94,148.71,995.23,422.9,0
2025-002219,2025-12-29 21:49:51,S1036,C00450,P2030,Tienda,Transferencia,Sin Promo,4,433.15,0.2,1732.6,259.89,1472.71,418.38,0
2025-002220,2025-08-19 06:17:19,S1043,C00262,P2010,Marketplace,Financiamiento,2x1,1,404.09,0.0,404.09,52.53,351.56,210.17,0
2025-002221,2025-06-19 15:38:56,S1023,C00312,P2083,Marketplace,Efectivo,Promo 15%,1,497.25,0.05,497.25,74.59,422.66,334.59,0
2025-002222,2025-11-02 08:54:59,S1033,C00068,P2117,Web,Billetera Digital,Sin Promo,2,75.78,0.1,151.56,22.73,128.83,41.82,0
2025-002223,2025-07-18 18:20:51,S1041,C00795,P2058,Call Center,Transferencia,Promo 10%,1,396.02,0.15,396.02,51.48,344.54,324.41,0
2025-002224,2025-01-01 18:54:09,S1023,C00053,P2011,Marketplace,Transferencia,Cyber Week,1,314.18,0.2,314.18,47.13,267.05,309.34,0
2025-002225,2025-02-15 17:14:45,S1009,C00680,P2006,Call Center,Tarjeta,Cyber Week,1,402.01,0.0,402.01,52.26,349.75,287.52,0
2025-002226,2025-08-28 08:56:04,S1027,C00196,P2019,Tienda,Efectivo,2x1,4,471.27,0.0,1885.08,282.76,1602.32,283.84,0
2025-002227,2025-10-21 12:05:29,S1032,C00568,P2108,Web,Transferencia,Promo 10%,2,269.21,0.05,538.42,80.76,457.66,144.01,0
2025-002228,2025-12-26 10:09:10,S1007,C00681,P2132,Marketplace,Billetera Digital,2x1,1,289.45,0.1,289.45,37.63,251.82,220.13,0
2025-002229,2025-08-17 23:19:56,S1027,C00742,P2072,Call Center,Tarjeta,Promo 15%,2,513.93,0.15,1027.86,154.18,873.68,420.23,0
2025-002230,2025-04-18 04:12:55,S1045,C00757,P2158,Web,Tarjeta,Black Friday,2,542.39,0.0,1084.78,141.02,943.76,274.83,0
2025-002231,2025-03-14 09:12:39,S1001,C00069,P2117,Call Center,Financiamiento,Cyber Week,5,84.2,0.0,421.0,54.73,366.27,41.82,0
2025-002232,2025-01-08 13:48:00,S1017,C00199,P2061,Marketplace,Tarjeta,Black Friday,2,42.68,0.0,85.36,10.24,75.12,26.36,0
2025-002233,2025-03-13 03:50:25,S1030,C00381,P2017,Tienda,Financiamiento,Sin Promo,2,224.24,0.2,448.48,67.27,381.21,182.13,1
2025-002234,2025-10-30 03:37:06,S1024,C00502,P2076,Marketplace,Transferencia,2x1,1,97.52,0.0,97.52,14.63,82.89,50.2,0
2025-002235,2025-08-04 03:17:43,S1034,C00507,P2105,Web,Billetera Digital,Cyber Week,3,676.15,0.0,2028.45,304.27,1724.18,320.12,0
2025-002236,2025-09-25 02:58:02,S1027,C00608,P2052,Web,Financiamiento,Cyber Week,1,89.96,0.05,89.96,13.49,76.47,47.67,0
2025-002237,2025-11-11 20:31:54,S1004,C00055,P2045,Tienda,Efectivo,Black Friday,1,68.91,0.0,68.91,8.96,59.95,46.07,1
2025-002238,2025-10-01 05:17:07,S1037,C00350,P2020,Tienda,Efectivo,Black Friday,1,39.49,0.2,39.49,5.13,34.36,32.33,0
2025-002239,2025-05-31 08:39:08,S1011,C00464,P2064,Web,Efectivo,Sin Promo,1,77.61,0.15,77.61,9.31,68.3,57.47,0
2025-002240,2025-08-28 23:36:53,S1026,C00267,P2016,Web,Transferencia,Promo 10%,1,138.07,0.2,138.07,20.71,117.36,121.18,0
2025-002241,2025-04-28 14:27:47,S1007,,P2092,Call Center,Financiamiento,Black Friday,1,802.49,0.0,802.49,104.32,698.17,416.32,0
2025-002242,2025-08-20 00:43:17,S1015,C00365,P2128,Tienda,Transferencia,Cyber Week,5,529.52,0.05,2647.6,317.71,2329.89,269.57,0
2025-002243,2025-11-26 12:41:39,S1012,C00712,P2040,Web,Tarjeta,Promo 15%,1,59.49,0.0,59.49,7.14,52.35,35.66,0
2025-002244,2025-02-16 16:41:17,S1015,C00068,P2025,Call Center,Tarjeta,Promo 10%,2,597.84,0.1,1195.68,143.48,1052.2,394.63,0
2025-002245,2025-11-09 10:51:04,S1021,C00436,P2015,Marketplace,Tarjeta,Promo 10%,5,173.77,0.0,868.85,130.33,738.52,122.14,0
2025-002246,2025-09-03 05:41:54,S1030,C00795,P2160,Call Center,Efectivo,Cyber Week,2,649.78,0.2,1299.56,194.93,1104.63,418.28,0
2025-002247,2025-03-07 02:41:00,S1017,C00748,P2060,Tienda,Billetera Digital,Promo 15%,2,383.25,0.0,766.5,91.98,674.52,245.82,0
2025-002248,2025-10-12 22:44:01,S1041,C00172,P2153,Web,Financiamiento,Promo 10%,5,387.51,0.05,1937.55,251.88,1685.67,293.96,0
2025-002249,2025-02-28 13:31:37,S1024,C00237,P2065,Web,Tarjeta,Promo 15%,3,408.29,0.0,1224.87,183.73,1041.14,269.16,1
2025-002250,2025-11-10 17:06:07,S1027,C00739,P2118,Tienda,Tarjeta,Promo 10%,2,65.15,0.0,130.3,19.55,110.75,45.65,0
2025-002251,2025-09-24 09:21:06,S1007,C00105,P2063,Marketplace,Billetera Digital,Cyber Week,3,66.89,0.05,200.67,26.09,174.58,34.56,1
2025-002252,2025-05-24 04:09:58,S1015,C00232,P2119,Web,Efectivo,2x1,1,686.77,0.1,686.77,82.41,604.36,363.73,0
2025-002253,2025-05-12 03:12:41,S1020,C00480,P2125,Tienda,Tarjeta,Black Friday,2,292.95,0.15,585.9,87.88,498.02,235.01,0
2025-002254,2025-10-04 16:07:44,S1029,C00401,P2147,Web,Financiamiento,Cyber Week,2,465.95,0.15,931.9,139.78,792.12,299.7,0
2025-002255,2025-07-23 00:32:08,S1015,C00425,P2010,Web,Tarjeta,Promo 15%,2,343.48,0.15,686.96,82.44,604.52,210.17,0
2025-002256,2025-02-07 11:15:55,S1020,C00260,P2072,Call Center,Billetera Digital,Promo 10%,2,604.62,0.0,1209.24,181.39,1027.85,420.23,0
2025-002257,2025-12-05 02:26:20,S1009,C00171,P2016,Marketplace,Billetera Digital,2x1,4,172.59,0.0,690.36,89.75,600.61,121.18,1
2025-002258,2025-09-14 06:31:03,S1043,C00204,P2139,Tienda,Efectivo,2x1,1,16.22,0.2,16.22,2.11,14.11,12.71,0
2025-002259,2025-11-05 05:29:07,S1045,C00388,P2030,Call Center,Tarjeta,Promo 15%,1,433.15,0.2,433.15,56.31,376.84,418.38,0
2025-002260,2025-04-28 00:43:07,S1007,C00111,P2058,Tienda,Transferencia,Promo 15%,1,372.73,0.2,372.73,48.45,324.28,324.41,0
2025-002261,2025-12-25 14:58:51,S1039,C00782,P2118,Web,Billetera Digital,Promo 15%,1,61.89,0.05,61.89,8.05,53.84,45.65,1
2025-002262,2025-02-13 22:12:22,S1037,C00096,P2059,Web,Tarjeta,Promo 10%,2,130.71,0.0,261.42,33.98,227.44,101.09,0
2025-002263,2025-03-14 17:14:22,S1040,C00370,P2108,Call Center,Financiamiento,Black Friday,1,226.7,0.2,226.7,29.47,197.23,144.01,0
2025-002264,2025-02-20 17:07:18,S1023,C00157,P2090,Web,Transferencia,Black Friday,2,123.88,0.0,247.76,37.16,210.6,72.93,0
2025-002265,2025-02-15 01:15:28,S1023,C00770,P2102,Tienda,Transferencia,Promo 15%,1,450.78,0.1,450.78,67.62,383.16,270.07,0
2025-002266,2025-07-14 16:09:04,S1032,C00535,P2076,Marketplace,Transferencia,Promo 10%,3,87.77,0.1,263.31,39.5,223.81,50.2,0
2025-002267,2025-02-21 03:47:32,S1008,C00677,P2148,Call Center,Financiamiento,2x1,1,674.81,0.0,674.81,87.73,587.08,390.62,0
2025-002268,2025-02-20 01:38:34,S1007,C00483,P2101,Call Center,Efectivo,Sin Promo,1,302.88,0.1,302.88,39.37,263.51,262.94,1
2025-002269,2025-08-11 13:33:16,S1019,C00262,P2039,Call Center,Tarjeta,Promo 10%,1,381.6,0.2,381.6,57.24,324.36,251.05,1
2025-002270,2025-09-14 18:15:42,S1016,C00424,P2073,Call Center,Transferencia,Sin Promo,3,164.56,0.0,493.68,59.24,434.44,131.1,0
2025-002271,2025-05-16 07:06:01,S1005,C00736,P2025,Tienda,Financiamiento,Black Friday,1,531.42,0.2,531.42,69.08,462.34,394.63,0
2025-002272,2025-05-31 15:00:26,S1036,C00175,P2022,Tienda,Financiamiento,2x1,1,359.94,0.2,359.94,53.99,305.95,325.44,0
2025-002273,2025-02-27 15:54:12,S1038,C00192,P2079,Web,Financiamiento,Promo 15%,1,237.11,0.05,237.11,30.82,206.29,156.92,1
2025-002274,2025-05-05 05:24:19,S1040,C00366,P2054,Web,Tarjeta,Sin Promo,3,463.28,0.0,1389.84,180.68,1209.16,220.6,1
2025-002275,2025-12-23 10:07:06,S1010,C00368,P2087,Call Center,Transferencia,Promo 15%,1,323.78,0.0,323.78,38.85,284.93,166.63,1
2025-002276,2025-02-05 04:42:32,S1034,C00307,P2071,Marketplace,Efectivo,2x1,3,483.57,0.0,1450.71,217.61,1233.1,243.78,1
2025-002277,2025-06-02 09:09:13,S1004,C00088,P2138,Tienda,Efectivo,,2,720.1,0.0,1440.2,187.23,1252.97,375.47,0
2025-002278,2025-10-10 12:51:30,S1013,C00613,P2146,Tienda,Billetera Digital,Cyber Week,1,311.26,0.0,311.26,37.35,273.91,242.22,0
2025-002279,2025-07-20 11:03:35,S1038,C00048,P2045,Call Center,Tarjeta,Sin Promo,1,65.46,0.05,65.46,8.51,56.95,46.07,0
2025-002280,2025-01-01 11:03:26,S1023,C00614,P2071,Marketplace,Financiamiento,Promo 10%,3,459.39,0.05,1378.17,206.73,1171.44,243.78,1
2025-002281,2025-01-13 06:07:25,S1015,C00185,P2026,Marketplace,Transferencia,Black Friday,1,413.93,0.1,413.93,49.67,364.26,230.43,0
2025-002282,2025-05-14 20:42:29,S1034,C00319,P2102,Web,Efectivo,Black Friday,2,500.87,0.0,1001.74,150.26,851.48,270.07,0
2025-002283,2025-12-26 14:30:18,S1032,C00611,P2053,Tienda,Billetera Digital,Sin Promo,1,934.5,0.0,934.5,140.17,794.33,436.17,0
2025-002284,2025-11-05 02:15:26,S1027,C00383,P2146,Call Center,Financiamiento,2x1,2,264.57,0.15,529.14,79.37,449.77,242.22,0
2025-002285,2025-05-10 05:37:48,S1024,C00160,P2039,Call Center,Tarjeta,Promo 15%,1,381.6,0.2,381.6,57.24,324.36,251.05,0
2025-002286,2025-09-18 00:15:53,S1020,C00054,P2113,Tienda,Tarjeta,Promo 10%,1,297.65,0.0,297.65,44.65,253.0,139.53,1
2025-002287,2025-02-21 20:24:30,S1038,C00644,P2133,Web,Efectivo,2x1,1,52.59,0.0,52.59,6.84,45.75,38.56,0
2025-002288,2025-12-31 13:30:13,S1032,C00003,P2155,Marketplace,Transferencia,Promo 10%,1,157.33,0.0,157.33,23.6,133.73,71.96,0
2025-002289,2025-07-22 12:48:44,S1034,C00195,P2035,Tienda,Financiamiento,Promo 10%,6,770.61,0.15,4623.66,693.55,3930.11,418.3,0
2025-002290,2025-06-05 09:12:47,S1001,C00293,P2157,Call Center,Efectivo,,1,212.21,0.05,212.21,27.59,184.62,118.28,0
2025-002291,2025-10-26 11:10:43,S1028,C00142,P2024,Marketplace,Efectivo,Cyber Week,1,253.02,0.2,253.02,37.95,215.07,197.91,0
2025-002292,2025-07-28 23:27:31,S1036,C00015,P2034,Tienda,Efectivo,2x1,3,262.95,0.0,788.85,118.33,670.52,122.22,0
2025-002293,2025-02-20 14:45:35,S1012,C00525,P2046,Call Center,Transferencia,Sin Promo,3,362.57,0.0,1087.71,130.53,957.18,192.92,1
2025-002294,2025-09-28 15:39:01,S1005,C00126,P2022,Tienda,Financiamiento,Promo 10%,4,382.44,0.15,1529.76,198.87,1330.89,325.44,0
2025-002295,2025-09-18 11:44:49,S1034,C00717,P2123,Web,Efectivo,Cyber Week,2,157.6,0.1,315.2,47.28,267.92,112.82,0
2025-002296,2025-11-09 17:48:13,S1004,C00691,P2134,Tienda,Efectivo,Black Friday,1,205.33,0.15,205.33,26.69,178.64,153.79,1
2025-002297,2025-02-27 00:03:01,S1016,C00734,P2044,Marketplace,Efectivo,2x1,1,431.38,0.05,431.38,51.77,379.61,214.81,0
2025-002298,2025-10-23 14:08:23,S1018,C00776,P2031,Web,Tarjeta,Promo 15%,2,162.88,0.2,325.76,39.09,286.67,111.43,0
2025-002299,2025-08-04 19:51:50,S1030,C00558,P2155,Marketplace,Tarjeta,Black Friday,5,157.33,0.0,786.65,118.0,668.65,71.96,0
2025-002300,2025-02-07 20:07:42,S1034,C00651,P2023,Marketplace,Tarjeta,Promo 15%,1,529.75,0.0,529.75,79.46,450.29,346.8,0
2025-002301,2025-10-19 09:59:59,S1027,C00013,P2102,Web,Billetera Digital,Black Friday,2,425.74,0.15,851.48,127.72,723.76,270.07,0
2025-002302,2025-01-21 01:27:02,S1032,C00577,P2039,Web,Billetera Digital,Promo 10%,4,453.15,0.05,1812.6,271.89,1540.71,251.05,0
2025-002303,2025-11-11 06:14:33,S1014,C00072,P2081,Call Center,Financiamiento,2x1,1,399.31,0.0,399.31,47.92,351.39,192.91,0
2025-002304,2025-03-17 07:40:45,S1042,C00150,P2107,Web,Tarjeta,Promo 15%,1,257.6,0.2,257.6,33.49,224.11,196.36,0
2025-002305,2025-06-23 22:34:14,S1028,C00690,P2115,Tienda,Tarjeta,Promo 10%,1,316.68,0.15,316.68,47.5,269.18,201.2,0
2025-002306,2025-04-18 13:44:47,S1009,C00792,P2138,Call Center,Tarjeta,2x1,4,612.09,0.15,2448.36,318.29,2130.07,375.47,0
2025-002307,2025-12-27 23:15:53,S1034,C00078,P2158,Web,Tarjeta,Promo 15%,1,542.39,0.0,542.39,81.36,461.03,274.83,0
2025-002308,2025-08-31 15:46:12,S1003,C00777,P2012,Marketplace,Financiamiento,Cyber Week,1,788.33,0.0,788.33,102.48,685.85,363.05,0
2025-002309,2025-04-24 16:28:21,S1026,C00597,P2071,Marketplace,Billetera Digital,Promo 10%,3,411.03,0.15,1233.09,184.96,1048.13,243.78,1
2025-002310,2025-07-22 15:33:36,S1042,C00362,P2088,Web,Tarjeta,Promo 15%,2,571.92,0.0,1143.84,148.7,995.14,308.2,0
2025-002311,2025-01-06 08:03:58,S1003,C00124,P2005,Call Center,Financiamiento,2x1,1,545.93,0.0,545.93,70.97,474.96,390.45,0
2025-002312,2025-01-25 01:31:28,S1021,C00196,P2119,Web,Efectivo,,1,724.93,0.05,724.93,108.74,616.19,363.73,0
2025-002313,2025-05-02 09:51:47,S1038,C00501,P2112,Tienda,Efectivo,Sin Promo,1,307.5,0.15,307.5,39.98,267.52,257.82,0
2025-002314,2025-06-23 23:13:54,S1044,C00735,P2066,Call Center,Transferencia,Sin Promo,1,524.71,0.0,524.71,68.21,456.5,297.19,1
2025-002315,2025-04-05 17:36:04,S1024,C00452,P2128,Web,Financiamiento,Promo 15%,1,557.39,0.0,557.39,83.61,473.78,269.57,1
2025-002316,2025-05-22 06:26:52,S1029,C00214,P2149,Marketplace,Transferencia,Sin Promo,3,213.57,0.05,640.71,96.11,544.6,173.08,0
2025-002317,2025-04-20 17:00:32,S1014,C00366,P2101,Call Center,Financiamiento,Black Friday,1,286.05,0.15,286.05,34.33,251.72,262.94,0
2025-002318,2025-10-16 12:39:35,S1040,C00793,P2103,Tienda,Billetera Digital,Promo 10%,6,403.65,0.05,2421.9,314.85,2107.05,274.37,0
2025-002319,2025-09-13 09:36:44,S1003,C00607,P2006,Tienda,Tarjeta,Promo 15%,4,402.01,0.0,1608.04,209.05,1398.99,287.52,0
2025-002320,2025-03-27 00:04:00,S1024,C00096,P2127,Marketplace,Efectivo,2x1,1,732.66,0.0,732.66,109.9,622.76,361.43,0
2025-002321,2025-05-14 09:08:43,S1045,C00422,P2052,Web,Billetera Digital,2x1,1,75.75,0.2,75.75,9.85,65.9,47.67,0
2025-002322,2025-05-01 22:39:40,S1010,C00309,P2004,Marketplace,Efectivo,Promo 10%,2,516.47,0.05,1032.94,123.95,908.99,298.92,1
2025-002323,2025-04-24 10:00:59,S1012,C00251,P2056,Call Center,Transferencia,Promo 10%,1,709.55,0.2,709.55,85.15,624.4,417.23,0
2025-002324,2025-08-23 04:16:54,S1029,C00102,P2149,Tienda,Tarjeta,,1,213.57,0.05,213.57,32.04,181.53,173.08,1
2025-002325,2025-06-02 07:14:44,S1024,C00704,P2012,Web,Tarjeta,Promo 15%,1,709.5,0.1,709.5,106.42,603.08,363.05,1
2025-002326,2025-04-21 10:22:17,S1009,C00630,P2057,Web,Billetera Digital,Black Friday,4,377.82,0.1,1511.28,196.47,1314.81,314.68,0
2025-002327,2025-04-11 10:46:43,S1038,C00151,P2016,Tienda,Tarjeta,Promo 15%,1,172.59,0.0,172.59,22.44,150.15,121.18,0
2025-002328,2025-08-27 21:08:46,S1028,C00138,P2126,Tienda,Transferencia,Cyber Week,1,547.31,0.2,547.31,82.1,465.21,413.19,0
2025-002329,2025-07-29 21:42:50,S1013,,P2021,Call Center,Tarjeta,Promo 10%,1,351.58,0.2,351.58,42.19,309.39,239.98,1
2025-002330,2025-10-24 00:05:19,S1004,C00596,P2086,Web,Billetera Digital,Promo 15%,2,103.74,0.05,207.48,26.97,180.51,70.05,0
2025-002331,2025-03-11 07:06:31,S1042,C00456,P2064,Tienda,Tarjeta,Promo 10%,1,77.61,0.15,77.61,10.09,67.52,57.47,0
2025-002332,2025-11-10 23:33:55,S1006,C00514,P2047,Tienda,Financiamiento,Cyber Week,2,456.79,0.0,913.58,118.77,794.81,295.44,0
2025-002333,2025-11-09 01:42:15,S1037,C00461,P2151,Marketplace,Efectivo,Promo 15%,1,246.17,0.0,246.17,32.0,214.17,116.51,0
2025-002334,2025-06-06 21:50:42,S1018,C00565,P2133,Call Center,Financiamiento,2x1,2,42.07,0.2,84.14,10.1,74.04,38.56,0
2025-002335,2025-09-21 18:43:19,S1012,C00315,P2083,Web,Tarjeta,Promo 10%,1,523.42,0.0,523.42,62.81,460.61,334.59,0
2025-002336,2025-08-22 01:51:47,S1021,C00147,P2053,Marketplace,Efectivo,2x1,1,794.32,0.15,794.32,119.15,675.17,436.17,0
2025-002337,2025-06-04 13:01:17,S1033,C00794,P2130,Call Center,Financiamiento,Cyber Week,5,666.23,0.05,3331.15,499.67,2831.48,404.15,0
2025-002338,2025-04-30 02:07:38,S1010,C00512,P2124,Web,Tarjeta,Promo 15%,1,475.69,0.0,475.69,57.08,418.61,351.18,0
2025-002339,2025-01-28 02:05:59,S1041,C00113,P2081,Tienda,Efectivo,Promo 15%,3,399.31,0.0,1197.93,155.73,1042.2,192.91,0
2025-002340,2025-04-01 12:56:45,S1030,C00420,P2102,Call Center,Efectivo,Cyber Week,2,500.87,0.0,1001.74,150.26,851.48,270.07,0
2025-002341,2025-02-21 17:05:43,S1006,C00299,P2061,Call Center,Efectivo,Promo 10%,3,34.14,0.2,102.42,13.31,89.11,26.36,0
2025-002342,2025-01-31 22:48:37,S1033,C00231,P2076,Marketplace,Financiamiento,Black Friday,2,97.52,0.0,195.04,29.26,165.78,50.2,0
2025-002343,2025-09-15 19:55:24,S1030,C00230,P2083,Web,Transferencia,Promo 15%,1,523.42,0.0,523.42,78.51,444.91,334.59,0
2025-002344,2025-10-08 07:51:14,S1007,C00018,P2134,Tienda,Financiamiento,Promo 10%,1,241.56,0.0,241.56,31.4,210.16,153.79,1
2025-002345,2025-11-05 06:04:07,S1045,C00347,P2151,Tienda,Financiamiento,Promo 15%,2,246.17,0.0,492.34,64.0,428.34,116.51,0
2025-002346,2025-09-02 16:40:39,S1020,C00447,P2027,Tienda,Tarjeta,2x1,2,331.73,0.0,663.46,99.52,563.94,230.42,0
2025-002347,2025-04-23 19:00:21,S1016,C00103,P2135,Call Center,Billetera Digital,Sin Promo,3,152.93,0.0,458.79,55.05,403.74,71.27,0
2025-002348,2025-05-13 17:54:15,S1032,C00353,P2085,Tienda,Transferencia,Promo 15%,3,26.37,0.15,79.11,11.87,67.24,20.07,0
2025-002349,2025-06-15 04:52:35,S1007,C00755,P2128,Web,Tarjeta,Black Friday,3,473.78,0.15,1421.34,184.77,1236.57,269.57,0
2025-002350,2025-12-14 09:18:46,S1043,C00086,P2071,Web,Transferencia,Black Friday,3,386.86,0.2,1160.58,150.88,1009.7,243.78,0
2025-002351,2025-10-01 19:18:44,S1017,C00485,P2130,Tienda,Tarjeta,2x1,2,561.03,0.2,1122.06,134.65,987.41,404.15,0
2025-002352,2025-05-16 18:07:42,S1032,C00651,P2070,Call Center,Billetera Digital,Cyber Week,5,522.57,0.15,2612.85,391.93,2220.92,281.04,1
2025-002353,2025-05-30 09:27:04,S1036,C00054,P2092,Tienda,Transferencia,Cyber Week,1,722.24,0.1,722.24,108.34,613.9,416.32,0
2025-002354,2025-09-20 23:29:26,S1045,C00150,P2124,Marketplace,Transferencia,Promo 15%,2,475.69,0.0,951.38,123.68,827.7,351.18,0
2025-002355,2025-03-09 08:24:41,S1036,C00260,P2096,Marketplace,Efectivo,Promo 15%,1,604.2,0.05,604.2,90.63,513.57,369.96,0
2025-002356,2025-03-28 10:21:07,S1016,C00247,P2031,Web,Efectivo,Sin Promo,1,203.6,0.0,203.6,24.43,179.17,111.43,0
2025-002357,2025-10-29 01:51:25,S1004,C00323,P2150,Tienda,Tarjeta,Black Friday,1,222.37,0.05,222.37,28.91,193.46,154.53,1
2025-002358,2025-06-23 01:36:05,S1007,C00636,P2063,Web,Tarjeta,Sin Promo,3,70.41,0.0,211.23,27.46,183.77,34.56,0
2025-002359,2025-07-27 23:32:11,S1024,C00775,P2118,Marketplace,Tarjeta,Black Friday,1,65.15,0.0,65.15,9.77,55.38,45.65,0
2025-002360,2025-05-09 04:41:27,S1030,C00454,P2121,Tienda,Billetera Digital,Black Friday,3,417.78,0.0,1253.34,188.0,1065.34,207.12,0
2025-002361,2025-03-12 14:54:32,S1037,C00339,P2128,Web,Financiamiento,2x1,2,501.65,0.1,1003.3,130.43,872.87,269.57,1
2025-002362,2025-08-21 05:42:14,S1037,C00570,P2011,Marketplace,Tarjeta,Black Friday,1,353.45,0.1,353.45,45.95,307.5,309.34,1
2025-002363,2025-10-01 06:52:00,S1003,C00612,P2160,Call Center,Efectivo,Promo 10%,1,812.22,0.0,812.22,105.59,706.63,418.28,0
2025-002364,2025-11-25 04:03:32,S1019,C00279,P2040,Tienda,Tarjeta,Cyber Week,4,59.49,0.0,237.96,35.69,202.27,35.66,0
2025-002365,2025-10-16 11:53:35,S1039,C00303,P2063,Web,Tarjeta,Cyber Week,2,63.37,0.1,126.74,16.48,110.26,34.56,0
2025-002366,2025-07-09 06:25:18,S1024,C00263,P2138,Web,Efectivo,Black Friday,3,612.09,0.15,1836.27,275.44,1560.83,375.47,0
2025-002367,2025-11-25 09:24:34,S1045,C00733,P2092,Call Center,Efectivo,Cyber Week,1,722.24,0.1,722.24,93.89,628.35,416.32,0
2025-002368,2025-05-09 19:27:21,S1041,C00278,P2134,Tienda,Financiamiento,2x1,1,241.56,0.0,241.56,31.4,210.16,153.79,0
2025-002369,2025-05-26 13:00:44,S1009,C00792,P2029,Call Center,Billetera Digital,2x1,5,393.2,0.2,1966.0,255.58,1710.42,271.13,0
2025-002370,2025-01-25 22:08:39,S1001,C00697,P2144,Call Center,Financiamiento,Promo 15%,2,258.88,0.05,517.76,67.31,450.45,177.43,0
2025-002371,2025-03-05 11:06:21,S1025,C00546,P2119,Web,Financiamiento,Cyber Week,3,763.08,0.0,2289.24,343.39,1945.85,363.73,0
2025-002372,2025-05-23 09:25:47,S1014,C00257,P2141,Tienda,Billetera Digital,Black Friday,4,832.49,0.0,3329.96,399.6,2930.36,384.64,0
2025-002373,2025-07-14 06:05:51,S1008,C00334,P2104,Tienda,Efectivo,2x1,3,702.23,0.0,2106.69,273.87,1832.82,405.18,0
2025-002374,2025-11-16 10:54:04,S1039,C00501,P2155,Call Center,Transferencia,2x1,1,133.73,0.15,133.73,17.38,116.35,71.96,0
2025-002375,2025-11-08 13:08:31,S1002,C00495,P2061,Tienda,Billetera Digital,Cyber Week,2,42.68,0.0,85.36,11.1,74.26,26.36,0
2025-002376,2025-09-09 02:08:43,S1015,C00689,P2132,Tienda,Transferencia,Sin Promo,3,321.61,0.0,964.83,115.78,849.05,220.13,1
2025-002377,2025-08-18 02:47:32,S1020,C00196,P2020,Tienda,Efectivo,Promo 10%,2,41.96,0.15,83.92,12.59,71.33,32.33,0
2025-002378,2025-11-08 02:12:59,S1012,C00798,P2137,Call Center,Tarjeta,Cyber Week,1,428.74,0.0,428.74,51.45,377.29,246.0,0
2025-002379,2025-03-07 09:44:18,S1037,C00579,P2024,Marketplace,Transferencia,Black Friday,2,268.83,0.15,537.66,69.9,467.76,197.91,0
2025-002380,2025-10-26 10:46:51,S1039,C00604,P2036,Marketplace,Tarjeta,Cyber Week,2,259.77,0.1,519.54,67.54,452.0,143.03,0
2025-002381,2025-04-13 03:51:23,S1018,C00529,P2077,Call Center,Efectivo,Black Friday,2,715.22,0.1,1430.44,171.65,1258.79,400.81,0
2025-002382,2025-04-28 06:05:17,S1039,C00752,P2127,Tienda,Billetera Digital,Sin Promo,2,732.66,0.0,1465.32,190.49,1274.83,361.43,0
2025-002383,2025-05-29 09:40:30,S1021,C00126,P2104,Call Center,Financiamiento,Black Friday,2,596.9,0.15,1193.8,179.07,1014.73,405.18,0
2025-002384,2025-03-31 21:54:32,S1028,C00373,P2100,Tienda,Financiamiento,Promo 15%,5,571.97,0.0,2859.85,428.98,2430.87,422.9,1
2025-002385,2025-05-28 06:06:39,S1007,C00413,P2143,Tienda,Efectivo,Black Friday,1,175.44,0.0,175.44,22.81,152.63,101.86,0
2025-002386,2025-05-04 07:49:44,S1030,C00312,P2140,Web,Billetera Digital,Promo 10%,1,14.41,0.0,14.41,2.16,12.25,6.63,0
2025-002387,2025-12-07 11:02:15,S1006,C00369,P2122,Marketplace,Transferencia,Cyber Week,3,681.62,0.0,2044.86,265.83,1779.03,324.38,0
2025-002388,2025-07-20 05:24:29,S1005,C00677,P2020,Call Center,Billetera Digital,Black Friday,3,44.42,0.1,133.26,17.32,115.94,32.33,0
2025-002389,2025-02-26 13:41:34,S1042,,P2142,Web,Efectivo,Promo 15%,5,395.11,0.2,1975.55,256.82,1718.73,331.65,0
2025-002390,2025-09-23 14:49:14,S1034,C00705,P2153,Tienda,Transferencia,Black Friday,4,346.72,0.15,1386.88,208.03,1178.85,293.96,0
2025-002391,2025-06-17 17:50:44,S1033,C00077,P2019,Marketplace,Tarjeta,Cyber Week,2,377.02,0.2,754.04,113.11,640.93,283.84,1
2025-002392,2025-12-08 19:35:20,S1017,C00342,P2116,Marketplace,Tarjeta,Sin Promo,2,743.9,0.0,1487.8,178.54,1309.26,358.01,0
2025-002393,2025-11-05 23:03:37,S1035,C00216,P2046,Marketplace,Billetera Digital,Black Friday,2,362.57,0.0,725.14,108.77,616.37,192.92,0
2025-002394,2025-07-05 14:46:54,S1025,C00704,P2098,Web,Efectivo,2x1,3,548.32,0.15,1644.96,246.74,1398.22,389.5,1
2025-002395,2025-01-18 21:18:23,S1021,C00307,P2044,Call Center,Financiamiento,Sin Promo,2,385.97,0.15,771.94,115.79,656.15,214.81,1
2025-002396,2025-01-26 12:35:39,S1019,C00564,P2084,Call Center,Transferencia,2x1,3,10.89,0.0,32.67,4.9,27.77,8.31,0
2025-002397,2025-04-05 17:31:56,S1035,C00439,P2147,Tienda,Tarjeta,Promo 10%,5,520.77,0.05,2603.85,390.58,2213.27,299.7,0
2025-002398,2025-08-10 21:23:18,S1022,C00117,P2073,Web,Tarjeta,2x1,1,164.56,0.0,164.56,24.68,139.88,131.1,0
2025-002399,2025-03-16 21:16:50,S1041,C00532,P2072,Call Center,Financiamiento,Black Friday,1,604.62,0.0,604.62,78.6,526.02,420.23,0
2025-002400,2025-10-04 06:37:10,S1006,C00335,P2017,Call Center,Financiamiento,Cyber Week,3,224.24,0.2,672.72,87.45,585.27,182.13,0
2025-002401,2025-09-08 01:40:20,S1019,C00006,P2069,Tienda,Financiamiento,Black Friday,2,191.55,0.0,383.1,57.47,325.63,145.02,0
2025-002402,2025-09-11 09:07:17,S1039,C00694,P2030,Call Center,Efectivo,Black Friday,1,433.15,0.2,433.15,56.31,376.84,418.38,0
2025-002403,2025-11-29 12:14:55,S1023,C00259,P2062,Marketplace,Efectivo,Promo 15%,1,111.89,0.0,111.89,16.78,95.11,74.21,0
2025-002404,2025-05-22 03:38:17,S1030,C00687,P2129,Tienda,Financiamiento,2x1,3,429.21,0.15,1287.63,193.14,1094.49,401.84,1
2025-002405,2025-12-02 01:21:10,S1036,C00678,P2147,Tienda,Efectivo,Cyber Week,4,493.36,0.1,1973.44,296.02,1677.42,299.7,0
2025-002406,2025-03-04 19:54:31,S1017,C00073,P2136,Web,Tarjeta,Sin Promo,1,131.58,0.15,131.58,15.79,115.79,99.42,0
2025-002407,2025-07-31 03:37:34,S1027,C00043,P2018,Marketplace,Tarjeta,Cyber Week,5,391.86,0.0,1959.3,293.89,1665.41,224.11,0
2025-002408,2025-08-30 04:41:45,S1022,C00308,P2038,Web,Financiamiento,Promo 15%,4,118.96,0.15,475.84,71.38,404.46,104.22,0
2025-002409,2025-07-12 04:03:35,S1019,C00513,P2065,Tienda,Efectivo,Promo 10%,2,408.29,0.0,816.58,122.49,694.09,269.16,0
2025-002410,2025-04-20 02:17:52,S1012,C00159,P2011,Web,Transferencia,Promo 15%,1,392.72,0.0,392.72,47.13,345.59,309.34,0
2025-002411,2025-01-21 23:20:30,S1007,C00531,P2073,Marketplace,Billetera Digital,2x1,2,164.56,0.0,329.12,42.79,286.33,131.1,0
2025-002412,2025-10-29 03:37:32,S1012,C00739,P2149,Call Center,Billetera Digital,Promo 15%,2,224.81,0.0,449.62,53.95,395.67,173.08,0
2025-002413,2025-09-22 00:28:33,S1010,C00770,P2135,Call Center,Billetera Digital,Promo 15%,3,129.99,0.15,389.97,46.8,343.17,71.27,0
2025-002414,2025-02-09 08:30:53,S1031,C00257,P2076,Web,Transferencia,Black Friday,1,87.77,0.1,87.77,13.17,74.6,50.2,0
2025-002415,2025-02-26 00:16:16,S1016,C00212,P2075,Call Center,Tarjeta,Black Friday,2,580.05,0.0,1160.1,139.21,1020.89,301.87,0
2025-002416,2025-09-28 06:37:32,S1041,C00502,P2065,Marketplace,Financiamiento,Promo 15%,4,408.29,0.0,1633.16,212.31,1420.85,269.16,0
2025-002417,2025-07-02 07:49:02,S1027,C00761,P2120,Call Center,Efectivo,Cyber Week,4,199.5,0.0,798.0,119.7,678.3,113.2,0
2025-002418,2025-09-11 00:01:44,S1018,C00640,P2072,Marketplace,Financiamiento,Promo 10%,3,604.62,0.0,1813.86,217.66,1596.2,420.23,1
2025-002419,2025-10-07 05:37:14,S1005,C00736,P2054,Call Center,Financiamiento,Black Friday,4,463.28,0.0,1853.12,240.91,1612.21,220.6,0
2025-002420,2025-02-08 04:50:10,S1036,C00358,P2090,Web,Financiamiento,Black Friday,2,123.88,0.0,247.76,37.16,210.6,72.93,1
2025-002421,2025-04-30 04:24:41,S1042,C00526,P2159,Web,Financiamiento,2x1,1,544.75,0.15,544.75,70.82,473.93,434.27,0
2025-002422,2025-12-11 10:47:42,S1015,C00033,P2087,Marketplace,Efectivo,Promo 15%,2,323.78,0.0,647.56,77.71,569.85,166.63,0
2025-002423,2025-02-16 07:25:07,S1012,C00208,P2108,Call Center,Efectivo,2x1,1,255.04,0.1,255.04,30.6,224.44,144.01,1
2025-002424,2025-08-28 21:25:17,S1023,C00692,P2154,Call Center,Billetera Digital,Sin Promo,1,586.57,0.2,586.57,87.99,498.58,427.53,0
2025-002425,2025-12-17 12:24:08,S1036,C00068,P2014,Tienda,Tarjeta,Promo 10%,2,430.19,0.0,860.38,129.06,731.32,296.33,0
2025-002426,2025-11-10 19:21:54,S1042,C00385,P2052,Call Center,Tarjeta,2x1,1,80.49,0.15,80.49,10.46,70.03,47.67,0
2025-002427,2025-03-04 19:53:49,S1021,C00071,P2080,Web,Efectivo,Cyber Week,1,301.79,0.0,301.79,45.27,256.52,221.89,0
2025-002428,2025-05-21 21:45:40,S1034,C00602,P2077,Marketplace,Transferencia,Cyber Week,3,675.49,0.15,2026.47,303.97,1722.5,400.81,0
2025-002429,2025-05-27 23:12:42,S1009,C00015,P2060,Marketplace,Financiamiento,Promo 10%,2,344.93,0.1,689.86,89.68,600.18,245.82,0
2025-002430,2025-05-07 17:20:09,S1004,C00149,P2095,Web,Financiamiento,Cyber Week,2,693.43,0.05,1386.86,180.29,1206.57,368.2,0
2025-002431,2025-04-03 04:01:04,S1033,C00355,P2106,Web,Financiamiento,Promo 10%,3,369.14,0.2,1107.42,166.11,941.31,310.34,1
2025-002432,2025-02-03 03:03:35,S1021,C00578,P2026,Call Center,Transferencia,Cyber Week,5,436.92,0.05,2184.6,327.69,1856.91,230.43,0
2025-002433,2025-06-04 09:57:46,S1038,C00525,P2157,Web,Billetera Digital,Cyber Week,2,212.21,0.05,424.42,55.17,369.25,118.28,0
2025-002434,2025-12-13 20:43:47,S1021,C00760,P2146,Marketplace,Efectivo,Cyber Week,4,249.01,0.2,996.04,149.41,846.63,242.22,0
2025-002435,2025-10-11 16:58:35,S1005,C00651,P2105,Web,Financiamiento,Black Friday,1,642.34,0.05,642.34,83.5,558.84,320.12,0
2025-002436,2025-12-12 08:14:19,S1031,C00415,P2068,Tienda,Efectivo,2x1,4,209.44,0.15,837.76,125.66,712.1,122.46,0
2025-002437,2025-10-07 19:49:41,S1028,C00008,P2046,Web,Efectivo,Promo 15%,1,362.57,0.0,362.57,54.39,308.18,192.92,0
2025-002438,2025-05-26 05:07:27,S1009,C00099,P2128,Marketplace,Transferencia,2x1,1,445.91,0.2,445.91,57.97,387.94,269.57,0
2025-002439,2025-11-27 02:49:04,S1042,C00760,P2156,Web,Efectivo,Promo 15%,1,69.22,0.15,69.22,9.0,60.22,55.02,0
2025-002440,2025-03-31 03:18:15,S1012,C00024,P2141,Web,Transferencia,Black Friday,1,832.49,0.0,832.49,99.9,732.59,384.64,1
2025-002441,2025-06-26 22:19:09,S1017,C00352,P2057,Tienda,Efectivo,2x1,3,356.83,0.15,1070.49,128.46,942.03,314.68,1
2025-002442,2025-04-28 14:51:35,S1021,C00637,P2071,Tienda,Billetera Digital,Cyber Week,2,459.39,0.05,918.78,137.82,780.96,243.78,0
2025-002443,2025-10-19 23:51:49,S1009,C00659,P2160,Call Center,Billetera Digital,Cyber Week,1,812.22,0.0,812.22,105.59,706.63,418.28,0
2025-002444,2025-03-12 23:22:12,S1019,C00739,P2028,Call Center,Tarjeta,Sin Promo,2,538.37,0.1,1076.74,161.51,915.23,344.08,0
2025-002445,2025-04-30 00:11:17,S1011,C00260,P2101,Tienda,Financiamiento,Promo 15%,1,286.05,0.15,286.05,34.33,251.72,262.94,0
2025-002446,2025-11-14 07:02:28,S1030,C00161,P2120,Tienda,Efectivo,Sin Promo,2,159.6,0.2,319.2,47.88,271.32,113.2,0
2025-002447,2025-12-18 21:30:28,S1031,C00698,P2124,Marketplace,Efectivo,Promo 10%,1,404.34,0.15,404.34,60.65,343.69,351.18,0
2025-002448,2025-09-17 18:54:02,S1004,C00563,P2037,Call Center,Billetera Digital,Promo 15%,2,623.8,0.0,1247.6,162.19,1085.41,405.23,0
2025-002449,2025-01-28 14:09:31,S1042,C00353,P2013,Tienda,Tarjeta,2x1,2,200.2,0.0,400.4,52.05,348.35,98.1,0
2025-002450,2025-07-22 06:21:48,S1044,C00509,P2151,Marketplace,Efectivo,Sin Promo,2,233.86,0.05,467.72,60.8,406.92,116.51,1
2025-002451,2025-10-30 01:50:21,S1010,C00270,P2151,Tienda,Efectivo,Cyber Week,1,246.17,0.0,246.17,29.54,216.63,116.51,0
2025-002452,2025-09-08 23:34:15,S1010,C00273,P2050,Call Center,Transferencia,Promo 15%,2,219.16,0.2,438.32,52.6,385.72,192.16,0
2025-002453,2025-07-02 07:01:19,S1017,C00251,P2020,Tienda,Billetera Digital,2x1,1,49.36,0.0,49.36,5.92,43.44,32.33,0
2025-002454,2025-10-31 09:54:13,S1009,C00687,P2085,Marketplace,Billetera Digital,Promo 10%,2,26.37,0.15,52.74,6.86,45.88,20.07,0
2025-002455,2025-09-18 05:07:21,S1024,C00371,P2020,Web,Transferencia,Promo 10%,1,41.96,0.15,41.96,6.29,35.67,32.33,0
2025-002456,2025-09-29 00:21:57,S1024,C00800,P2130,Web,Tarjeta,Cyber Week,1,596.1,0.15,596.1,89.42,506.68,404.15,0
2025-002457,2025-03-17 11:40:37,S1031,C00456,P2086,Call Center,Efectivo,Sin Promo,2,87.36,0.2,174.72,26.21,148.51,70.05,0
2025-002458,2025-12-10 10:08:56,S1035,C00250,P2106,Call Center,Tarjeta,2x1,1,415.28,0.1,415.28,62.29,352.99,310.34,0
2025-002459,2025-01-22 07:01:18,S1041,C00762,P2059,Call Center,Efectivo,Black Friday,1,104.57,0.2,104.57,13.59,90.98,101.09,0
2025-002460,2025-10-29 04:12:22,S1036,C00261,P2139,Call Center,Tarjeta,Black Friday,1,18.25,0.1,18.25,2.74,15.51,12.71,0
2025-002461,2025-10-06 07:04:42,S1013,C00789,P2086,Web,Tarjeta,2x1,1,103.74,0.05,103.74,12.45,91.29,70.05,0
2025-002462,2025-04-08 01:35:11,S1009,C00441,P2061,Marketplace,Efectivo,Promo 10%,1,40.55,0.05,40.55,5.27,35.28,26.36,0
2025-002463,2025-07-19 17:17:21,S1013,C00420,P2136,Web,Billetera Digital,Promo 10%,1,154.8,0.0,154.8,18.58,136.22,99.42,0
2025-002464,2025-09-18 20:14:56,S1006,C00245,P2155,Tienda,Billetera Digital,Sin Promo,2,157.33,0.0,314.66,40.91,273.75,71.96,0
2025-002465,2025-02-20 14:42:58,S1026,C00006,P2071,Marketplace,Transferencia,Promo 10%,1,483.57,0.0,483.57,72.54,411.03,243.78,0
2025-002466,2025-11-14 21:06:59,S1011,C00242,P2100,Web,Tarjeta,Cyber Week,1,571.97,0.0,571.97,68.64,503.33,422.9,0
2025-002467,2025-06-13 08:30:10,S1014,C00524,P2085,Marketplace,Financiamiento,2x1,3,31.02,0.0,93.06,11.17,81.89,20.07,0
2025-002468,2025-11-05 20:03:25,S1040,C00798,P2157,Tienda,Tarjeta,2x1,1,223.38,0.0,223.38,29.04,194.34,118.28,0
2025-002469,2025-07-02 22:32:24,S1016,C00110,P2066,Marketplace,Tarjeta,Sin Promo,1,498.47,0.05,498.47,59.82,438.65,297.19,1
2025-002470,2025-03-22 08:17:05,S1045,C00680,P2042,Marketplace,Billetera Digital,Promo 10%,2,381.32,0.05,762.64,99.14,663.5,233.31,0
2025-002471,2025-06-24 19:11:06,S1033,C00484,P2076,Call Center,Efectivo,2x1,1,78.02,0.2,78.02,11.7,66.32,50.2,0
2025-002472,2025-02-10 18:05:16,S1028,C00351,P2129,Marketplace,Financiamiento,Promo 15%,1,479.7,0.05,479.7,71.95,407.75,401.84,0
2025-002473,2025-10-22 21:31:13,S1024,C00056,P2066,Web,Financiamiento,Cyber Week,1,419.77,0.2,419.77,62.97,356.8,297.19,0
2025-002474,2025-10-12 04:57:04,S1008,C00022,P2073,Call Center,Transferencia,2x1,1,164.56,0.0,164.56,21.39,143.17,131.1,1
2025-002475,2025-10-20 19:15:49,S1034,C00682,P2064,Web,Financiamiento,2x1,2,86.74,0.05,173.48,26.02,147.46,57.47,0
2025-002476,2025-08-21 05:27:18,S1041,C00544,P2118,Web,Transferencia,Cyber Week,1,65.15,0.0,65.15,8.47,56.68,45.65,0
2025-002477,2025-11-29 12:30:22,S1014,C00237,P2051,Call Center,Tarjeta,2x1,1,812.69,0.05,812.69,97.52,715.17,394.02,0
2025-002478,2025-06-18 11:39:37,S1042,C00555,P2141,Web,Billetera Digital,Promo 10%,3,832.49,0.0,2497.47,324.67,2172.8,384.64,0
2025-002479,2025-09-01 13:21:33,S1037,C00760,P2013,Call Center,Financiamiento,Black Friday,5,200.2,0.0,1001.0,130.13,870.87,98.1,0
2025-002480,2025-06-11 19:07:23,S1020,C00247,P2013,Call Center,Transferencia,Promo 15%,2,200.2,0.0,400.4,60.06,340.34,98.1,0
2025-002481,2025-02-07 08:27:38,S1036,C00744,P2099,Web,Efectivo,2x1,1,235.66,0.2,235.66,35.35,200.31,231.19,1
2025-002482,2025-12-26 11:41:35,S1044,C00226,P2081,Call Center,Financiamiento,Cyber Week,2,319.45,0.2,638.9,83.06,555.84,192.91,0
2025-002483,2025-07-17 00:29:15,S1004,C00317,P2045,Web,Tarjeta,Black Friday,1,65.46,0.05,65.46,8.51,56.95,46.07,0
2025-002484,2025-03-20 02:35:56,S1032,C00444,P2112,Call Center,Efectivo,Sin Promo,2,361.76,0.0,723.52,108.53,614.99,257.82,0
2025-002485,2025-06-24 18:11:04,S1026,C00256,P2005,Web,Efectivo,2x1,4,491.34,0.1,1965.36,294.8,1670.56,390.45,0
2025-002486,2025-08-18 14:23:58,S1001,C00459,P2012,Web,Tarjeta,Cyber Week,2,788.33,0.0,1576.66,204.97,1371.69,363.05,0
2025-002487,2025-12-08 12:12:04,S1026,C00703,P2001,Tienda,Transferencia,Promo 10%,2,91.03,0.05,182.06,27.31,154.75,59.67,0
2025-002488,2025-03-28 13:31:38,S1027,C00800,P2061,Web,Transferencia,2x1,3,42.68,0.0,128.04,19.21,108.83,26.36,0
2025-002489,2025-11-21 15:41:09,S1040,C00282,P2160,Tienda,Transferencia,Promo 15%,2,812.22,0.0,1624.44,211.18,1413.26,418.28,0
2025-002490,2025-03-31 12:16:19,S1037,C00251,P2058,Marketplace,Transferencia,2x1,1,465.91,0.0,465.91,60.57,405.34,324.41,0
2025-002491,2025-05-23 16:36:28,S1009,C00775,P2074,Tienda,Financiamiento,Promo 10%,2,239.08,0.15,478.16,62.16,416.0,138.92,0
2025-002492,2025-02-18 15:55:51,S1024,C00235,P2132,Call Center,Financiamiento,Sin Promo,1,289.45,0.1,289.45,43.42,246.03,220.13,0
2025-002493,2025-10-07 09:22:37,S1041,C00175,P2074,Marketplace,Billetera Digital,Promo 10%,1,239.08,0.15,239.08,31.08,208.0,138.92,0
2025-002494,2025-12-28 11:02:23,S1004,C00046,P2004,Call Center,Financiamiento,Promo 10%,1,434.92,0.2,434.92,56.54,378.38,298.92,0
2025-002495,2025-05-02 07:24:41,S1020,C00417,P2043,Marketplace,Transferencia,Promo 10%,1,313.61,0.0,313.61,47.04,266.57,244.5,0
2025-002496,2025-10-27 00:55:01,S1032,C00551,P2062,Call Center,Billetera Digital,Black Friday,3,111.89,0.0,335.67,50.35,285.32,74.21,0
2025-002497,2025-03-21 15:04:51,S1031,C00773,P2076,Call Center,Billetera Digital,Black Friday,2,97.52,0.0,195.04,29.26,165.78,50.2,0
2025-002498,2025-11-09 10:34:16,S1018,C00115,P2071,Call Center,Tarjeta,Promo 10%,1,435.21,0.1,435.21,52.23,382.98,243.78,0
2025-002499,2025-01-17 07:59:31,S1021,C00095,P2097,Web,Transferencia,Black Friday,4,416.9,0.2,1667.6,250.14,1417.46,298.37,0
2025-002500,2025-12-11 19:53:01,S1012,C00200,P2058,Marketplace,Efectivo,2x1,1,419.32,0.1,419.32,50.32,369.0,324.41,0
2025-002501,2025-07-09 16:53:44,S1033,C00086,P2070,Call Center,Efectivo,,1,614.79,0.0,614.79,92.22,522.57,281.04,0
2025-002502,2025-11-07 22:02:55,S1005,C00701,P2149,Web,Transferencia,2x1,1,202.33,0.1,202.33,26.3,176.03,173.08,0
2025-002503,2025-07-18 10:41:07,S1044,C00609,P2102,Marketplace,Tarjeta,Cyber Week,2,400.7,0.2,801.4,104.18,697.22,270.07,0
2025-002504,2025-10-16 08:12:16,S1008,C00189,P2033,Web,Financiamiento,Cyber Week,1,68.31,0.15,68.31,8.88,59.43,61.26,0
2025-002505,2025-10-10 13:55:15,S1033,,P2006,Call Center,Efectivo,Sin Promo,1,381.91,0.05,381.91,57.29,324.62,287.52,0
2025-002506,2025-06-03 15:35:15,S1005,C00455,P2089,Tienda,Financiamiento,Sin Promo,3,662.89,0.1,1988.67,258.53,1730.14,351.93,0
2025-002507,2025-12-13 01:48:26,S1028,C00574,P2037,Tienda,Efectivo,Promo 10%,1,623.8,0.0,623.8,93.57,530.23,405.23,0
2025-002508,2025-10-26 17:43:12,S1031,C00242,P2134,Tienda,Tarjeta,Promo 15%,1,241.56,0.0,241.56,36.23,205.33,153.79,0
2025-002509,2025-02-22 18:34:48,S1002,C00088,P2120,Tienda,Efectivo,Sin Promo,2,159.6,0.2,319.2,41.5,277.7,113.2,1
2025-002510,2025-01-05 21:12:01,S1014,C00252,P2039,Web,Financiamiento,Cyber Week,1,429.3,0.1,429.3,51.52,377.78,251.05,0
2025-002511,2025-10-19 16:48:15,S1039,C00101,P2079,Call Center,Efectivo,Promo 15%,1,212.15,0.15,212.15,27.58,184.57,156.92,1
2025-002512,2025-04-19 17:27:56,S1040,C00539,P2157,Call Center,Transferencia,Sin Promo,3,212.21,0.05,636.63,82.76,553.87,118.28,0
2025-002513,2025-04-16 21:04:07,S1039,C00776,P2070,Call Center,Financiamiento,Promo 10%,2,522.57,0.15,1045.14,135.87,909.27,281.04,0
2025-002514,2025-10-07 15:45:01,S1012,,P2030,Call Center,Efectivo,2x1,1,460.22,0.15,460.22,55.23,404.99,418.38,0
2025-002515,2025-08-03 04:13:35,S1040,C00474,P2110,Tienda,Financiamiento,Promo 10%,2,416.72,0.0,833.44,108.35,725.09,314.95,0
2025-002516,2025-03-18 09:11:37,S1024,C00497,P2059,Tienda,Billetera Digital,Promo 10%,3,104.57,0.2,313.71,47.06,266.65,101.09,0
2025-002517,2025-02-15 15:00:14,S1023,C00282,P2065,Tienda,Transferencia,Promo 10%,2,408.29,0.0,816.58,122.49,694.09,269.16,0
2025-002518,2025-04-28 08:05:56,S1022,C00623,P2016,Marketplace,Financiamiento,Promo 15%,2,172.59,0.0,345.18,51.78,293.4,121.18,0
2025-002519,2025-05-06 20:25:49,S1013,C00570,P2047,Tienda,Financiamiento,Cyber Week,2,456.79,0.0,913.58,109.63,803.95,295.44,0
2025-002520,2025-05-17 03:33:46,S1017,C00158,P2103,Marketplace,Efectivo,Cyber Week,1,382.41,0.1,382.41,45.89,336.52,274.37,0
2025-002521,2025-08-23 17:08:58,S1037,C00780,P2100,Web,Transferencia,Black Friday,4,514.77,0.1,2059.08,267.68,1791.4,422.9,0
2025-002522,2025-08-18 11:42:21,S1038,C00360,P2083,Tienda,Billetera Digital,Sin Promo,1,523.42,0.0,523.42,68.04,455.38,334.59,0
2025-002523,2025-08-15 04:01:54,S1001,C00443,P2059,Tienda,Transferencia,2x1,2,117.64,0.1,235.28,30.59,204.69,101.09,0
2025-002524,2025-12-07 19:30:44,S1016,C00767,P2126,Tienda,Financiamiento,2x1,2,684.14,0.0,1368.28,164.19,1204.09,413.19,0
2025-002525,2025-06-07 21:36:39,S1030,C00061,P2112,Marketplace,Tarjeta,2x1,1,307.5,0.15,307.5,46.12,261.38,257.82,0
2025-002526,2025-09-10 07:21:29,S1028,C00392,P2054,Marketplace,Transferencia,Sin Promo,2,440.12,0.05,880.24,132.04,748.2,220.6,0
2025-002527,2025-11-20 09:12:05,S1037,C00523,P2088,Marketplace,Transferencia,Promo 15%,5,486.13,0.15,2430.65,315.98,2114.67,308.2,0
2025-002528,2025-08-20 06:59:28,S1042,C00714,P2101,Web,Efectivo,Black Friday,1,336.53,0.0,336.53,43.75,292.78,262.94,0
2025-002529,2025-05-13 02:55:06,S1009,C00735,P2034,Call Center,Financiamiento,Promo 15%,5,236.66,0.1,1183.3,153.83,1029.47,122.22,1
2025-002530,2025-11-20 08:52:36,S1017,C00041,P2110,Marketplace,Billetera Digital,Black Friday,1,395.88,0.05,395.88,47.51,348.37,314.95,0
2025-002531,2025-12-26 16:42:22,S1004,C00528,P2086,Web,Tarjeta,Cyber Week,3,87.36,0.2,262.08,34.07,228.01,70.05,1
2025-002532,2025-09-09 17:13:35,S1001,C00023,P2108,Web,Financiamiento,Cyber Week,2,240.87,0.15,481.74,62.63,419.11,144.01,0
2025-002533,2025-07-05 18:28:45,S1002,C00319,P2033,Tienda,Efectivo,2x1,1,80.36,0.0,80.36,10.45,69.91,61.26,0
2025-002534,2025-02-02 00:52:16,S1039,C00603,P2157,Marketplace,Financiamiento,Cyber Week,2,201.04,0.1,402.08,52.27,349.81,118.28,0
2025-002535,2025-05-28 13:51:24,S1015,C00752,P2093,Tienda,Tarjeta,Sin Promo,4,118.37,0.2,473.48,56.82,416.66,75.0,0
2025-002536,2025-08-18 20:45:19,S1013,C00233,P2150,Call Center,Tarjeta,Black Friday,3,187.26,0.2,561.78,67.41,494.37,154.53,1
2025-002537,2025-03-08 00:09:41,S1037,C00107,P2104,Marketplace,Tarjeta,Sin Promo,2,596.9,0.15,1193.8,155.19,1038.61,405.18,0
2025-002538,2025-03-26 23:02:01,S1011,C00484,P2056,Marketplace,Efectivo,Black Friday,2,753.9,0.15,1507.8,180.94,1326.86,417.23,0
2025-002539,2025-06-20 15:44:57,S1042,C00516,P2149,Marketplace,Tarjeta,Black Friday,4,191.09,0.15,764.36,99.37,664.99,173.08,0
2025-002540,2025-01-30 16:34:21,S1006,C00383,P2113,Call Center,Transferencia,Cyber Week,2,282.77,0.05,565.54,73.52,492.02,139.53,0
2025-002541,2025-06-13 10:48:38,S1034,C00043,P2140,Tienda,Financiamiento,Sin Promo,1,14.41,0.0,14.41,2.16,12.25,6.63,0
2025-002542,2025-11-28 23:26:09,S1018,C00703,P2098,Web,Transferencia,Cyber Week,1,580.57,0.1,580.57,69.67,510.9,389.5,0
2025-002543,2025-06-08 23:50:47,S1033,C00157,P2151,Web,Financiamiento,2x1,1,221.55,0.1,221.55,33.23,188.32,116.51,0
2025-002544,2025-07-05 09:30:57,S1004,C00039,P2026,Tienda,Billetera Digital,Promo 10%,1,390.93,0.15,390.93,50.82,340.11,230.43,0
2025-002545,2025-08-22 21:47:43,S1028,C00297,P2078,Tienda,Efectivo,Cyber Week,1,165.66,0.0,165.66,24.85,140.81,125.47,0
2025-002546,2025-12-14 20:48:56,S1006,C00100,P2052,Marketplace,Billetera Digital,Promo 15%,3,85.22,0.1,255.66,33.24,222.42,47.67,1
2025-002547,2025-06-06 10:36:13,S1032,C00751,P2045,Web,Transferencia,Promo 15%,2,58.57,0.15,117.14,17.57,99.57,46.07,0
2025-002548,2025-12-04 07:34:43,S1043,C00386,P2155,Marketplace,Billetera Digital,Promo 10%,1,157.33,0.0,157.33,20.45,136.88,71.96,0
2025-002549,2025-04-21 00:46:02,S1037,C00106,P2041,Tienda,Billetera Digital,Cyber Week,1,46.52,0.0,46.52,6.05,40.47,34.06,0
2025-002550,2025-11-25 17:08:53,S1010,C00075,P2136,Call Center,Efectivo,Promo 10%,1,123.84,0.2,123.84,14.86,108.98,99.42,0
2025-002551,2025-09-25 14:02:03,S1041,C00752,P2084,Tienda,Tarjeta,Promo 15%,3,10.89,0.0,32.67,4.25,28.42,8.31,0
2025-002552,2025-08-01 21:55:20,S1031,C00546,P2122,Web,Transferencia,Promo 15%,1,681.62,0.0,681.62,102.24,579.38,324.38,0
2025-002553,2025-05-23 16:35:46,S1023,C00659,P2017,Web,Efectivo,Cyber Week,1,224.24,0.2,224.24,33.64,190.6,182.13,0
2025-002554,2025-04-09 00:29:26,S1014,C00138,P2062,Web,Transferencia,Promo 10%,1,111.89,0.0,111.89,13.43,98.46,74.21,0
2025-002555,2025-06-05 20:12:01,S1005,C00572,P2073,Marketplace,Tarjeta,Cyber Week,6,164.56,0.0,987.36,128.36,859.0,131.1,0
2025-002556,2025-07-30 23:56:26,S1039,C00404,P2089,Web,Financiamiento,Cyber Week,3,589.23,0.2,1767.69,229.8,1537.89,351.93,0
2025-002557,2025-03-17 20:05:15,S1027,C00312,P2014,Call Center,Tarjeta,2x1,1,430.19,0.0,430.19,64.53,365.66,296.33,0
2025-002558,2025-04-05 01:45:19,S1013,C00540,P2073,Call Center,Billetera Digital,Sin Promo,2,164.56,0.0,329.12,39.49,289.63,131.1,0
2025-002559,2025-12-14 04:16:02,S1017,C00667,P2099,Tienda,Billetera Digital,Cyber Week,1,235.66,0.2,235.66,28.28,207.38,231.19,0
2025-002560,2025-10-12 07:56:06,S1007,C00364,P2042,Web,Billetera Digital,Promo 15%,2,341.18,0.15,682.36,88.71,593.65,233.31,0
2025-002561,2025-02-27 04:40:51,S1013,C00623,P2034,Marketplace,Billetera Digital,,1,262.95,0.0,262.95,31.55,231.4,122.22,1
2025-002562,2025-02-11 10:05:45,S1032,C00653,P2034,Marketplace,Billetera Digital,Promo 10%,1,210.36,0.2,210.36,31.55,178.81,122.22,0
2025-002563,2025-07-31 05:46:31,S1033,C00692,P2035,Call Center,Tarjeta,Promo 10%,2,906.6,0.0,1813.2,271.98,1541.22,418.3,0
2025-002564,2025-04-30 05:20:19,S1011,C00274,P2084,Web,Efectivo,Black Friday,3,9.8,0.1,29.4,3.53,25.87,8.31,0
2025-002565,2025-05-20 00:40:57,S1022,C00075,P2082,Marketplace,Tarjeta,Promo 15%,2,253.28,0.1,506.56,75.98,430.58,152.77,0
2025-002566,2025-02-16 14:06:27,S1006,C00243,P2023,Tienda,Efectivo,Cyber Week,4,423.8,0.2,1695.2,220.38,1474.82,346.8,0
2025-002567,2025-05-23 00:28:58,S1039,C00279,P2125,Call Center,Efectivo,Promo 15%,1,275.72,0.2,275.72,35.84,239.88,235.01,0
2025-002568,2025-09-15 14:39:11,S1034,C00627,P2062,Call Center,Financiamiento,2x1,2,100.7,0.1,201.4,30.21,171.19,74.21,0
2025-002569,2025-05-08 10:36:55,S1014,C00068,P2113,Tienda,Billetera Digital,Promo 15%,1,297.65,0.0,297.65,35.72,261.93,139.53,0
2025-002570,2025-05-13 03:25:02,S1020,C00304,P2080,Marketplace,Financiamiento,2x1,4,301.79,0.0,1207.16,181.07,1026.09,221.89,0
2025-002571,2025-09-10 02:29:00,S1017,C00595,P2109,Tienda,Transferencia,Black Friday,2,208.28,0.0,416.56,49.99,366.57,141.94,0
2025-002572,2025-11-25 17:39:47,S1037,C00638,P2057,Web,Billetera Digital,Cyber Week,1,356.83,0.15,356.83,46.39,310.44,314.68,0
2025-002573,2025-07-12 09:04:00,S1016,C00339,P2081,Call Center,Efectivo,2x1,2,379.34,0.05,758.68,91.04,667.64,192.91,0
2025-002574,2025-03-11 21:49:07,S1033,C00448,P2023,Marketplace,Billetera Digital,Black Friday,1,450.29,0.15,450.29,67.54,382.75,346.8,0
2025-002575,2025-09-23 07:46:03,S1036,C00471,P2158,Marketplace,Tarjeta,2x1,1,461.03,0.15,461.03,69.15,391.88,274.83,0
2025-002576,2025-03-20 23:35:45,S1029,C00715,P2080,Tienda,Tarjeta,Black Friday,1,301.79,0.0,301.79,45.27,256.52,221.89,0
2025-002577,2025-04-11 07:10:43,S1014,C00576,P2066,Web,Transferencia,Black Friday,2,524.71,0.0,1049.42,125.93,923.49,297.19,0
2025-002578,2025-01-01 06:42:37,S1038,C00043,P2116,Tienda,Billetera Digital,2x1,3,743.9,0.0,2231.7,290.12,1941.58,358.01,0
2025-002579,2025-08-14 00:04:14,S1025,C00700,P2155,Marketplace,Transferencia,Black Friday,1,133.73,0.15,133.73,20.06,113.67,71.96,1
2025-002580,2025-08-06 14:22:05,S1031,C00557,P2094,Web,Billetera Digital,2x1,3,700.79,0.0,2102.37,315.36,1787.01,392.99,0
2025-002581,2025-08-10 22:08:15,S1039,C00442,P2047,Web,Tarjeta,Promo 10%,3,456.79,0.0,1370.37,178.15,1192.22,295.44,0
2025-002582,2025-07-08 18:55:53,S1001,C00030,P2046,Web,Transferencia,2x1,1,290.06,0.2,290.06,37.71,252.35,192.92,0
2025-002583,2025-05-14 05:24:28,S1006,C00523,P2021,Web,Tarjeta,Sin Promo,3,439.47,0.0,1318.41,171.39,1147.02,239.98,0
2025-002584,2025-11-02 06:25:39,S1029,C00254,P2071,Tienda,Transferencia,Black Friday,1,483.57,0.0,483.57,72.54,411.03,243.78,0
2025-002585,2025-01-26 23:42:44,S1031,C00081,P2015,Marketplace,Transferencia,2x1,5,173.77,0.0,868.85,130.33,738.52,122.14,0
2025-002586,2025-11-06 11:18:44,S1004,C00080,P2020,Call Center,Financiamiento,Promo 10%,1,39.49,0.2,39.49,5.13,34.36,32.33,0
2025-002587,2025-08-31 02:59:48,S1026,C00160,P2024,Call Center,Financiamiento,2x1,1,268.83,0.15,268.83,40.32,228.51,197.91,0
2025-002588,2025-12-22 20:38:43,S1023,C00202,P2126,Tienda,Efectivo,2x1,3,581.52,0.15,1744.56,261.68,1482.88,413.19,0
2025-002589,2025-06-26 22:03:02,S1003,C00775,P2011,Web,Efectivo,Black Friday,2,353.45,0.1,706.9,91.9,615.0,309.34,0
2025-002590,2025-11-18 02:54:16,S1014,C00405,P2114,Tienda,Billetera Digital,2x1,6,470.9,0.15,2825.4,339.05,2486.35,274.57,0
2025-002591,2025-07-18 19:36:37,S1021,C00134,P2041,Marketplace,Billetera Digital,2x1,2,46.52,0.0,93.04,13.96,79.08,34.06,0
2025-002592,2025-03-17 22:11:01,S1015,C00397,P2014,Tienda,Billetera Digital,Sin Promo,2,344.15,0.2,688.3,82.6,605.7,296.33,0
2025-002593,2025-12-26 19:58:33,S1004,C00480,P2084,Web,Financiamiento,Black Friday,3,8.71,0.2,26.13,3.4,22.73,8.31,0
2025-002594,2025-05-30 07:57:01,S1011,C00480,P2008,Web,Transferencia,Black Friday,2,743.1,0.15,1486.2,178.34,1307.86,421.75,0
2025-002595,2025-02-13 01:49:21,S1038,C00261,P2133,Tienda,Billetera Digital,Promo 10%,2,42.07,0.2,84.14,10.94,73.2,38.56,1
2025-002596,2025-11-18 17:16:50,S1015,C00413,P2116,Marketplace,Financiamiento,Black Friday,2,743.9,0.0,1487.8,178.54,1309.26,358.01,0
2025-002597,2025-11-30 08:17:26,S1038,C00130,P2114,Call Center,Billetera Digital,Promo 10%,2,443.2,0.2,886.4,115.23,771.17,274.57,0
2025-002598,2025-01-11 21:33:07,S1007,C00015,P2127,Web,Efectivo,Black Friday,1,732.66,0.0,732.66,95.25,637.41,361.43,1
2025-002599,2025-07-16 03:45:42,S1009,C00596,P2078,Tienda,Financiamiento,Cyber Week,3,149.09,0.1,447.27,58.15,389.12,125.47,0
2025-002600,2025-12-09 07:49:46,S1040,C00574,P2068,Web,Billetera Digital,Cyber Week,1,234.08,0.05,234.08,30.43,203.65,122.46,0
2025-002601,2025-12-18 21:12:04,S1004,C00660,P2097,Web,Financiamiento,2x1,3,521.13,0.0,1563.39,203.24,1360.15,298.37,0
2025-002602,2025-02-02 06:45:26,S1005,C00767,P2136,Tienda,Transferencia,Cyber Week,2,139.32,0.1,278.64,36.22,242.42,99.42,0
2025-002603,2025-12-28 12:42:01,S1019,C00171,P2051,Marketplace,Efectivo,Sin Promo,2,855.46,0.0,1710.92,256.64,1454.28,394.02,0
2025-002604,2025-09-10 22:14:58,S1041,C00670,P2131,Web,Billetera Digital,2x1,1,196.93,0.0,196.93,25.6,171.33,119.6,0
2025-002605,2025-03-14 11:45:59,S1010,C00550,P2079,Tienda,Financiamiento,2x1,1,249.59,0.0,249.59,29.95,219.64,156.92,0
2025-002606,2025-10-05 14:50:29,S1040,C00429,P2040,Tienda,Financiamiento,Cyber Week,1,53.54,0.1,53.54,6.96,46.58,35.66,0
2025-002607,2025-08-25 16:41:41,S1039,C00684,P2013,Marketplace,Billetera Digital,Black Friday,1,170.17,0.15,170.17,22.12,148.05,98.1,0
2025-002608,2025-12-02 15:22:00,S1023,C00129,P2050,Marketplace,Transferencia,Promo 15%,1,219.16,0.2,219.16,32.87,186.29,192.16,0
2025-002609,2025-06-10 22:43:47,S1013,C00558,P2155,Marketplace,Tarjeta,Sin Promo,6,157.33,0.0,943.98,113.28,830.7,71.96,0
2025-002610,2025-08-10 11:31:51,S1017,,P2029,Marketplace,Billetera Digital,2x1,2,417.77,0.15,835.54,100.26,735.28,271.13,1
2025-002611,2025-10-29 21:07:08,S1008,C00760,P2086,Web,Financiamiento,Black Friday,2,92.82,0.15,185.64,24.13,161.51,70.05,0
2025-002612,2025-03-27 18:31:44,S1026,C00676,P2077,Call Center,Transferencia,2x1,2,715.22,0.1,1430.44,214.57,1215.87,400.81,0
2025-002613,2025-05-07 00:45:38,S1022,C00066,P2072,Call Center,Tarjeta,Cyber Week,4,483.7,0.2,1934.8,290.22,1644.58,420.23,0
2025-002614,2025-10-18 09:33:12,S1045,C00543,P2016,Call Center,Financiamiento,Promo 15%,1,163.96,0.05,163.96,21.31,142.65,121.18,0
2025-002615,2025-08-24 02:25:45,S1026,C00779,P2142,Tienda,Transferencia,Sin Promo,3,469.2,0.05,1407.6,211.14,1196.46,331.65,0
2025-002616,2025-04-21 13:15:20,S1017,C00227,P2042,Call Center,Financiamiento,Promo 15%,2,401.39,0.0,802.78,96.33,706.45,233.31,0
2025-002617,2025-12-09 06:12:03,S1011,C00353,P2126,Call Center,Transferencia,Promo 10%,1,684.14,0.0,684.14,82.1,602.04,413.19,1
2025-002618,2025-09-24 18:09:40,S1002,C00380,P2032,Call Center,Efectivo,Promo 10%,2,466.57,0.0,933.14,121.31,811.83,330.43,0
2025-002619,2025-05-15 07:22:48,S1030,C00685,P2096,Call Center,Tarjeta,Cyber Week,1,636.0,0.0,636.0,95.4,540.6,369.96,0
2025-002620,2025-09-04 21:56:06,S1019,C00319,P2137,Marketplace,Tarjeta,Cyber Week,1,364.43,0.15,364.43,54.66,309.77,246.0,0
2025-002621,2025-04-04 11:11:48,S1004,C00672,P2002,Web,Tarjeta,Promo 15%,1,290.16,0.0,290.16,37.72,252.44,134.76,1
2025-002622,2025-09-10 02:15:23,S1021,C00469,P2042,Marketplace,Billetera Digital,Black Friday,2,401.39,0.0,802.78,120.42,682.36,233.31,0
2025-002623,2025-02-12 17:24:33,S1010,C00500,P2097,Tienda,Tarjeta,Promo 10%,3,521.13,0.0,1563.39,187.61,1375.78,298.37,0
2025-002624,2025-09-20 03:01:38,S1011,C00666,P2033,Tienda,Financiamiento,2x1,1,80.36,0.0,80.36,9.64,70.72,61.26,0
2025-002625,2025-06-08 10:27:53,S1032,C00383,P2158,Tienda,Tarjeta,2x1,3,488.15,0.1,1464.45,219.67,1244.78,274.83,0
2025-002626,2025-02-02 16:15:00,S1024,C00601,P2027,Tienda,Efectivo,Black Friday,4,331.73,0.0,1326.92,199.04,1127.88,230.42,0
2025-002627,2025-09-06 22:58:17,S1022,C00658,P2017,Call Center,Tarjeta,Promo 10%,2,252.27,0.1,504.54,75.68,428.86,182.13,0
2025-002628,2025-07-04 02:04:56,S1038,C00344,P2020,Marketplace,Efectivo,Sin Promo,1,44.42,0.1,44.42,5.77,38.65,32.33,0
2025-002629,2025-09-20 02:22:28,S1024,C00286,P2116,Marketplace,Efectivo,Promo 10%,1,632.31,0.15,632.31,94.85,537.46,358.01,0
2025-002630,2025-09-05 02:10:18,S1002,C00121,P2159,Tienda,Transferencia,Cyber Week,1,576.79,0.1,576.79,74.98,501.81,434.27,0
2025-002631,2025-10-20 06:05:35,S1035,C00599,P2104,Web,Financiamiento,Cyber Week,1,702.23,0.0,702.23,105.33,596.9,405.18,0
2025-002632,2025-10-29 00:50:23,S1024,C00653,P2143,Tienda,Tarjeta,Cyber Week,2,175.44,0.0,350.88,52.63,298.25,101.86,0
2025-002633,2025-08-07 22:47:03,S1026,C00797,P2106,Marketplace,Billetera Digital,Sin Promo,1,392.21,0.15,392.21,58.83,333.38,310.34,1
2025-002634,2025-12-15 08:13:21,S1003,C00704,P2094,Web,Efectivo,Sin Promo,3,595.67,0.15,1787.01,232.31,1554.7,392.99,0
2025-002635,2025-04-13 17:11:26,S1023,C00132,P2037,Web,Tarjeta,Sin Promo,2,592.61,0.05,1185.22,177.78,1007.44,405.23,0
2025-002636,2025-04-02 02:43:27,S1025,C00535,P2126,Call Center,Efectivo,Promo 15%,2,649.93,0.05,1299.86,194.98,1104.88,413.19,1
2025-002637,2025-09-30 22:56:29,S1005,C00207,P2020,Marketplace,Transferencia,Sin Promo,2,49.36,0.0,98.72,12.83,85.89,32.33,0
2025-002638,2025-09-19 00:13:12,S1043,C00390,P2003,Web,Transferencia,Sin Promo,2,508.72,0.0,1017.44,132.27,885.17,261.5,0
2025-002639,2025-07-11 01:43:57,S1041,C00120,P2122,Marketplace,Transferencia,Cyber Week,1,647.54,0.05,647.54,84.18,563.36,324.38,0
2025-002640,2025-01-04 16:37:18,S1026,C00542,P2029,Web,Tarjeta,2x1,2,491.5,0.0,983.0,147.45,835.55,271.13,0
2025-002641,2025-07-14 01:47:57,S1025,C00628,P2086,Call Center,Financiamiento,Cyber Week,2,109.2,0.0,218.4,32.76,185.64,70.05,1
2025-002642,2025-07-18 04:56:19,S1004,C00691,P2101,Tienda,Tarjeta,Promo 10%,1,302.88,0.1,302.88,39.37,263.51,262.94,0
2025-002643,2025-08-06 19:39:57,S1030,C00557,P2086,Web,Financiamiento,Promo 15%,2,109.2,0.0,218.4,32.76,185.64,70.05,1
2025-002644,2025-07-18 10:09:04,S1006,C00198,P2036,Tienda,Billetera Digital,2x1,1,230.9,0.2,230.9,30.02,200.88,143.03,0
2025-002645,2025-03-16 16:51:49,S1003,C00584,P2086,Call Center,Tarjeta,Cyber Week,4,87.36,0.2,349.44,45.43,304.01,70.05,1
2025-002646,2025-10-15 07:42:43,S1037,C00099,P2093,Marketplace,Transferencia,Cyber Week,4,133.16,0.1,532.64,69.24,463.4,75.0,0
2025-002647,2025-05-01 17:11:27,S1018,C00773,P2046,Call Center,Efectivo,Black Friday,3,344.44,0.05,1033.32,124.0,909.32,192.92,0
2025-002648,2025-02-11 06:20:36,S1026,C00219,P2004,Marketplace,Financiamiento,2x1,1,434.92,0.2,434.92,65.24,369.68,298.92,0
2025-002649,2025-03-24 23:54:01,S1040,C00294,P2087,Marketplace,Financiamiento,Sin Promo,1,307.59,0.05,307.59,39.99,267.6,166.63,0
2025-002650,2025-04-05 10:26:54,S1035,C00396,P2078,Marketplace,Billetera Digital,2x1,1,165.66,0.0,165.66,24.85,140.81,125.47,1
2025-002651,2025-08-06 20:36:29,S1005,C00011,P2123,Marketplace,Financiamiento,2x1,3,166.35,0.05,499.05,64.88,434.17,112.82,0
2025-002652,2025-04-20 14:25:43,S1001,C00254,P2108,Marketplace,Tarjeta,Promo 15%,1,269.21,0.05,269.21,35.0,234.21,144.01,0
2025-002653,2025-04-02 09:26:44,S1038,C00008,P2089,Marketplace,Efectivo,Promo 15%,2,699.71,0.05,1399.42,181.92,1217.5,351.93,0
2025-002654,2025-10-29 07:30:53,S1018,C00276,P2112,Tienda,Efectivo,Promo 15%,2,325.58,0.1,651.16,78.14,573.02,257.82,1
2025-002655,2025-05-24 02:11:39,S1045,C00208,P2088,Call Center,Billetera Digital,Cyber Week,1,571.92,0.0,571.92,74.35,497.57,308.2,0
2025-002656,2025-06-09 06:43:25,S1007,C00350,P2061,Tienda,Transferencia,Black Friday,1,40.55,0.05,40.55,5.27,35.28,26.36,0
2025-002657,2025-09-24 07:18:00,S1042,C00755,P2136,Call Center,Transferencia,Cyber Week,1,147.06,0.05,147.06,19.12,127.94,99.42,0
2025-002658,2025-07-06 07:07:43,S1010,C00647,P2070,Tienda,Billetera Digital,Promo 10%,1,522.57,0.15,522.57,62.71,459.86,281.04,1
2025-002659,2025-05-15 04:53:32,S1029,C00311,P2031,Tienda,Transferencia,Promo 15%,4,162.88,0.2,651.52,97.73,553.79,111.43,0
2025-002660,2025-08-07 02:41:47,S1002,C00495,P2076,Web,Billetera Digital,2x1,1,97.52,0.0,97.52,12.68,84.84,50.2,0
2025-002661,2025-06-12 13:35:15,S1036,C00719,P2127,Tienda,Financiamiento,Sin Promo,1,659.39,0.1,659.39,98.91,560.48,361.43,0
2025-002662,2025-11-15 17:20:29,S1032,C00102,P2004,Web,Transferencia,Black Friday,2,462.1,0.15,924.2,138.63,785.57,298.92,0
2025-002663,2025-08-26 08:17:10,S1010,C00360,P2146,Tienda,Tarjeta,Black Friday,3,249.01,0.2,747.03,89.64,657.39,242.22,0
2025-002664,2025-06-29 02:33:36,S1003,C00777,P2102,Tienda,Efectivo,Sin Promo,4,500.87,0.0,2003.48,260.45,1743.03,270.07,0
2025-002665,2025-03-07 00:27:52,S1025,C00682,P2055,Web,Billetera Digital,Cyber Week,2,112.62,0.2,225.24,33.79,191.45,77.43,0
2025-002666,2025-06-18 10:06:24,S1022,C00627,P2050,Marketplace,Efectivo,Promo 10%,1,273.95,0.0,273.95,41.09,232.86,192.16,0
2025-002667,2025-11-01 12:46:05,S1044,C00696,P2146,Marketplace,Financiamiento,Promo 15%,2,295.7,0.05,591.4,76.88,514.52,242.22,0
2025-002668,2025-07-19 09:57:52,S1022,C00159,P2033,Tienda,Tarjeta,Black Friday,2,68.31,0.15,136.62,20.49,116.13,61.26,0
2025-002669,2025-05-08 19:14:33,S1030,C00422,P2030,Web,Financiamiento,2x1,3,514.37,0.05,1543.11,231.47,1311.64,418.38,0
2025-002670,2025-08-23 22:11:21,S1003,C00485,P2079,Call Center,Efectivo,Cyber Week,2,224.63,0.1,449.26,58.4,390.86,156.92,0
2025-002671,2025-03-24 16:53:59,S1037,C00748,P2097,Call Center,Tarjeta,Black Friday,2,521.13,0.0,1042.26,135.49,906.77,298.37,0
2025-002672,2025-10-04 07:49:22,S1029,C00123,P2066,Call Center,Transferencia,Promo 15%,1,419.77,0.2,419.77,62.97,356.8,297.19,0
2025-002673,2025-05-29 13:18:54,S1038,C00777,P2022,Web,Financiamiento,2x1,1,427.43,0.05,427.43,55.57,371.86,325.44,0
2025-002674,2025-10-16 13:06:51,S1002,C00267,P2040,Web,Efectivo,Cyber Week,2,53.54,0.1,107.08,13.92,93.16,35.66,0
2025-002675,2025-03-28 14:16:05,S1004,C00443,P2106,Marketplace,Financiamiento,Black Friday,1,415.28,0.1,415.28,53.99,361.29,310.34,0
2025-002676,2025-10-10 03:29:45,S1001,C00569,P2149,Marketplace,Financiamiento,Promo 10%,3,179.85,0.2,539.55,70.14,469.41,173.08,0
2025-002677,2025-01-22 16:35:22,S1026,C00562,P2085,Tienda,Transferencia,Sin Promo,3,31.02,0.0,93.06,13.96,79.1,20.07,0
2025-002678,2025-02-22 18:26:39,S1030,C00737,P2072,Tienda,Billetera Digital,Black Friday,1,483.7,0.2,483.7,72.55,411.15,420.23,0
2025-002679,2025-05-10 05:32:41,S1001,C00223,P2010,Call Center,Billetera Digital,,2,383.89,0.05,767.78,99.81,667.97,210.17,0
2025-002680,2025-02-25 17:03:07,S1005,C00029,P2142,Call Center,Tarjeta,Cyber Week,1,419.81,0.15,419.81,54.58,365.23,331.65,1
2025-002681,2025-12-16 06:43:12,S1038,C00223,P2145,Web,Billetera Digital,Sin Promo,1,100.31,0.15,100.31,13.04,87.27,77.61,0
2025-002682,2025-01-04 18:55:25,S1027,C00012,P2055,Tienda,Billetera Digital,Cyber Week,1,133.73,0.05,133.73,20.06,113.67,77.43,0
2025-002683,2025-01-25 11:59:10,S1040,C00606,P2063,Tienda,Transferencia,Promo 10%,3,59.85,0.15,179.55,23.34,156.21,34.56,1
2025-002684,2025-08-11 14:19:20,S1017,C00140,P2158,Call Center,Transferencia,Cyber Week,1,515.27,0.05,515.27,61.83,453.44,274.83,0
2025-002685,2025-02-08 12:39:28,S1021,C00205,P2012,Web,Billetera Digital,Black Friday,2,630.66,0.2,1261.32,189.2,1072.12,363.05,0
2025-002686,2025-08-21 05:48:45,S1028,C00103,P2054,Tienda,Tarjeta,Black Friday,1,440.12,0.05,440.12,66.02,374.1,220.6,0
2025-002687,2025-03-28 03:27:42,S1038,C00182,P2110,Tienda,Efectivo,Promo 15%,1,354.21,0.15,354.21,46.05,308.16,314.95,0
2025-002688,2025-09-15 05:14:53,S1025,C00712,P2013,Call Center,Efectivo,Sin Promo,2,170.17,0.15,340.34,51.05,289.29,98.1,1
2025-002689,2025-02-20 20:52:24,S1039,C00626,P2079,Marketplace,Billetera Digital,Black Friday,1,249.59,0.0,249.59,32.45,217.14,156.92,0
2025-002690,2025-11-04 11:06:58,S1028,C00459,P2139,Marketplace,Financiamiento,Promo 10%,1,19.27,0.05,19.27,2.89,16.38,12.71,1
2025-002691,2025-09-04 12:19:37,S1017,C00149,P2078,Web,Transferencia,2x1,1,157.38,0.05,157.38,18.89,138.49,125.47,0
2025-002692,2025-05-12 13:31:59,S1036,C00530,P2116,Marketplace,Tarjeta,Promo 15%,1,706.7,0.05,706.7,106.01,600.69,358.01,0
2025-002693,2025-09-19 05:12:51,S1002,C00090,P2140,Call Center,Transferencia,Black Friday,2,12.97,0.1,25.94,3.37,22.57,6.63,0
2025-002694,2025-12-21 09:00:20,S1007,C00547,P2062,Marketplace,Tarjeta,Promo 10%,1,111.89,0.0,111.89,14.55,97.34,74.21,0
2025-002695,2025-09-12 16:29:54,S1036,C00729,P2100,Web,Financiamiento,Cyber Week,2,571.97,0.0,1143.94,171.59,972.35,422.9,0
2025-002696,2025-10-03 14:44:57,S1010,C00383,P2142,Tienda,Efectivo,Cyber Week,4,419.81,0.15,1679.24,201.51,1477.73,331.65,0
2025-002697,2025-10-19 16:11:53,S1019,C00278,P2048,Tienda,Financiamiento,Promo 15%,3,256.13,0.2,768.39,115.26,653.13,183.57,0
2025-002698,2025-09-30 11:47:30,S1035,C00607,P2015,Marketplace,Billetera Digital,Promo 15%,5,147.7,0.15,738.5,110.77,627.73,122.14,0
2025-002699,2025-10-15 03:01:02,S1005,C00663,P2135,Web,Financiamiento,Promo 10%,1,152.93,0.0,152.93,19.88,133.05,71.27,1
2025-002700,2025-02-06 20:11:37,S1043,C00191,P2038,Marketplace,Efectivo,Black Friday,1,118.96,0.15,118.96,15.46,103.5,104.22,0
2025-002701,2025-11-23 10:11:10,S1005,C00019,P2033,Web,Tarjeta,Sin Promo,1,80.36,0.0,80.36,10.45,69.91,61.26,0
2025-002702,2025-05-24 09:33:11,S1002,C00336,P2096,Call Center,Efectivo,2x1,1,636.0,0.0,636.0,82.68,553.32,369.96,0
2025-002703,2025-04-23 21:35:38,S1019,C00727,P2125,Web,Financiamiento,Promo 15%,2,292.95,0.15,585.9,87.88,498.02,235.01,0
2025-002704,2025-09-23 12:22:03,S1030,C00630,P2060,Tienda,Efectivo,Promo 15%,1,383.25,0.0,383.25,57.49,325.76,245.82,0
2025-002705,2025-02-18 03:20:02,S1012,C00090,P2029,Tienda,Transferencia,Black Friday,3,466.92,0.05,1400.76,168.09,1232.67,271.13,0
2025-002706,2025-03-16 22:44:17,S1003,C00225,P2068,Call Center,Tarjeta,Black Friday,1,234.08,0.05,234.08,30.43,203.65,122.46,0
2025-002707,2025-04-30 16:01:56,S1019,C00310,P2085,Call Center,Transferencia,Promo 10%,4,31.02,0.0,124.08,18.61,105.47,20.07,0
2025-002708,2025-05-05 04:06:11,S1041,C00629,P2050,Web,Financiamiento,2x1,1,246.56,0.1,246.56,32.05,214.51,192.16,0
2025-002709,2025-07-30 21:57:00,S1014,C00481,P2093,Web,Tarjeta,2x1,3,140.56,0.05,421.68,50.6,371.08,75.0,0
2025-002710,2025-08-22 21:25:01,S1041,C00392,P2105,Tienda,Efectivo,2x1,1,676.15,0.0,676.15,87.9,588.25,320.12,0
2025-002711,2025-05-24 03:46:16,S1017,C00724,P2144,Call Center,Financiamiento,Cyber Week,1,272.5,0.0,272.5,32.7,239.8,177.43,1
2025-002712,2025-11-12 12:13:43,S1018,C00345,P2141,Call Center,Efectivo,Sin Promo,5,832.49,0.0,4162.45,499.49,3662.96,384.64,0
2025-002713,2025-06-27 02:22:11,S1002,C00498,P2072,Web,Efectivo,2x1,2,604.62,0.0,1209.24,157.2,1052.04,420.23,0
2025-002714,2025-03-29 01:47:55,S1043,C00717,P2001,Call Center,Efectivo,Promo 15%,3,81.45,0.15,244.35,31.77,212.58,59.67,0
2025-002715,2025-11-18 14:37:59,S1005,C00448,P2012,Call Center,Financiamiento,Promo 15%,1,630.66,0.2,630.66,81.99,548.67,363.05,0
2025-002716,2025-09-02 08:16:31,S1021,C00252,P2045,Tienda,Financiamiento,Sin Promo,2,55.13,0.2,110.26,16.54,93.72,46.07,0
2025-002717,2025-06-23 03:06:33,S1001,C00521,P2077,Tienda,Tarjeta,Black Friday,4,715.22,0.1,2860.88,371.91,2488.97,400.81,0
2025-002718,2025-10-14 18:33:27,S1007,C00313,P2023,Call Center,Billetera Digital,Black Friday,3,503.26,0.05,1509.78,196.27,1313.51,346.8,1
2025-002719,2025-12-13 21:32:21,S1011,C00686,P2107,Web,Transferencia,Promo 10%,1,305.9,0.05,305.9,36.71,269.19,196.36,0
2025-002720,2025-04-07 18:32:48,S1045,C00172,P2154,Web,Tarjeta,2x1,2,586.57,0.2,1173.14,152.51,1020.63,427.53,0
2025-002721,2025-08-23 04:19:27,S1017,C00262,P2048,Tienda,Billetera Digital,Promo 10%,1,320.16,0.0,320.16,38.42,281.74,183.57,1
2025-002722,2025-02-15 02:23:38,S1042,C00585,P2147,Web,Billetera Digital,Promo 10%,1,548.18,0.0,548.18,71.26,476.92,299.7,0
2025-002723,2025-05-24 23:35:48,S1041,C00143,P2079,Call Center,Financiamiento,Sin Promo,1,249.59,0.0,249.59,32.45,217.14,156.92,0
2025-002724,2025-03-15 12:07:45,S1043,C00642,P2110,Tienda,Billetera Digital,2x1,1,395.88,0.05,395.88,51.46,344.42,314.95,0
2025-002725,2025-07-16 02:09:28,S1003,C00066,P2025,Call Center,Billetera Digital,Sin Promo,4,597.84,0.1,2391.36,310.88,2080.48,394.63,0
2025-002726,2025-11-21 02:23:48,S1044,,P2063,Call Center,Efectivo,2x1,3,70.41,0.0,211.23,27.46,183.77,34.56,1
2025-002727,2025-10-25 22:21:51,S1035,C00211,P2084,Tienda,Efectivo,Promo 15%,1,9.8,0.1,9.8,1.47,8.33,8.31,0
2025-002728,2025-11-14 14:45:54,S1017,C00183,P2148,Web,Billetera Digital,2x1,2,607.33,0.1,1214.66,145.76,1068.9,390.62,0
2025-002729,2025-10-01 16:47:40,S1016,C00005,P2079,Call Center,Efectivo,Promo 10%,4,249.59,0.0,998.36,119.8,878.56,156.92,0
2025-002730,2025-05-05 20:45:47,S1002,C00602,P2130,Tienda,Efectivo,Sin Promo,2,701.29,0.0,1402.58,182.34,1220.24,404.15,1
2025-002731,2025-02-27 10:38:14,S1026,C00435,P2017,Web,Transferencia,Promo 10%,2,280.3,0.0,560.6,84.09,476.51,182.13,0
2025-002732,2025-11-14 18:52:52,S1011,C00580,P2135,Tienda,Billetera Digital,Cyber Week,1,122.34,0.2,122.34,14.68,107.66,71.27,0
2025-002733,2025-05-30 03:04:37,S1040,C00477,P2071,Marketplace,Financiamiento,Promo 10%,1,386.86,0.2,386.86,50.29,336.57,243.78,0
2025-002734,2025-08-05 05:16:54,S1002,C00715,P2043,Web,Transferencia,Sin Promo,1,266.57,0.15,266.57,34.65,231.92,244.5,1
2025-002735,2025-09-04 10:32:25,S1007,C00585,P2110,Call Center,Efectivo,2x1,1,354.21,0.15,354.21,46.05,308.16,314.95,0
2025-002736,2025-11-24 21:20:44,S1017,C00073,P2155,Marketplace,Transferencia,Promo 10%,4,157.33,0.0,629.32,75.52,553.8,71.96,0
2025-002737,2025-09-13 18:26:49,S1043,C00720,P2058,Marketplace,Transferencia,Promo 10%,3,419.32,0.1,1257.96,163.53,1094.43,324.41,1
2025-002738,2025-09-25 08:01:56,S1005,C00198,P2082,Web,Transferencia,Promo 10%,1,281.42,0.0,281.42,36.58,244.84,152.77,0
2025-002739,2025-02-01 09:43:18,S1038,C00714,P2116,Tienda,Tarjeta,Promo 15%,1,669.51,0.1,669.51,87.04,582.47,358.01,1
2025-002740,2025-04-04 10:57:44,S1010,C00166,P2088,Web,Billetera Digital,Promo 15%,2,571.92,0.0,1143.84,137.26,1006.58,308.2,0
2025-002741,2025-11-04 20:36:52,S1044,C00134,P2006,Web,Billetera Digital,Black Friday,5,361.81,0.1,1809.05,235.18,1573.87,287.52,0
2025-002742,2025-10-01 23:23:50,S1020,C00301,P2136,Call Center,Billetera Digital,Cyber Week,3,154.8,0.0,464.4,69.66,394.74,99.42,0
2025-002743,2025-05-17 06:16:56,S1016,C00467,P2044,Tienda,Tarjeta,Cyber Week,3,363.26,0.2,1089.78,130.77,959.01,214.81,0
2025-002744,2025-10-08 03:32:24,S1027,C00625,P2038,Web,Efectivo,Black Friday,1,139.95,0.0,139.95,20.99,118.96,104.22,0
2025-002745,2025-01-21 23:36:40,S1036,C00003,P2071,Web,Financiamiento,Black Friday,2,483.57,0.0,967.14,145.07,822.07,243.78,0
2025-002746,2025-01-17 06:59:04,S1027,C00491,P2052,Tienda,Financiamiento,2x1,1,85.22,0.1,85.22,12.78,72.44,47.67,0
2025-002747,2025-05-13 08:55:25,S1031,C00733,P2047,Tienda,Billetera Digital,Sin Promo,4,456.79,0.0,1827.16,274.07,1553.09,295.44,1
2025-002748,2025-06-01 09:53:30,S1019,C00291,P2021,Marketplace,Tarjeta,Black Friday,2,351.58,0.2,703.16,105.47,597.69,239.98,0
2025-002749,2025-12-15 11:30:10,S1017,C00514,P2125,Web,Transferencia,Black Friday,3,344.65,0.0,1033.95,124.07,909.88,235.01,1
2025-002750,2025-02-12 22:21:02,S1027,C00046,P2113,Web,Financiamiento,Cyber Week,4,297.65,0.0,1190.6,178.59,1012.01,139.53,0
2025-002751,2025-09-22 00:58:09,S1009,C00143,P2156,Marketplace,Tarjeta,Promo 15%,2,81.43,0.0,162.86,21.17,141.69,55.02,0
2025-002752,2025-01-12 14:24:00,S1010,C00797,P2124,Web,Efectivo,Promo 15%,2,475.69,0.0,951.38,114.17,837.21,351.18,1
2025-002753,2025-09-19 21:50:54,S1041,C00165,P2027,Web,Efectivo,Promo 10%,2,281.97,0.15,563.94,73.31,490.63,230.42,1
2025-002754,2025-06-11 18:53:01,S1001,C00769,P2132,Call Center,Financiamiento,Promo 15%,4,305.53,0.05,1222.12,158.88,1063.24,220.13,0
2025-002755,2025-04-11 04:26:41,S1014,C00464,P2058,Tienda,Billetera Digital,Promo 15%,1,419.32,0.1,419.32,50.32,369.0,324.41,1
2025-002756,2025-10-08 21:51:14,S1031,C00176,P2056,Call Center,Financiamiento,2x1,2,709.55,0.2,1419.1,212.86,1206.24,417.23,1
2025-002757,2025-08-03 10:12:50,S1036,C00785,P2074,Call Center,Financiamiento,Promo 10%,1,267.21,0.05,267.21,40.08,227.13,138.92,0
2025-002758,2025-12-25 19:25:30,S1011,C00647,P2028,Web,Efectivo,2x1,5,478.55,0.2,2392.75,287.13,2105.62,344.08,0
2025-002759,2025-05-20 01:27:05,S1015,C00269,P2003,Call Center,Transferencia,Cyber Week,2,406.98,0.2,813.96,97.68,716.28,261.5,1
2025-002760,2025-06-29 22:22:56,S1041,C00336,P2114,Call Center,Efectivo,2x1,1,470.9,0.15,470.9,61.22,409.68,274.57,0
2025-002761,2025-10-22 03:07:38,S1001,C00449,P2084,Web,Billetera Digital,Black Friday,2,8.71,0.2,17.42,2.26,15.16,8.31,0
2025-002762,2025-05-15 06:26:42,S1036,C00165,P2040,Web,Financiamiento,Black Friday,2,59.49,0.0,118.98,17.85,101.13,35.66,0
2025-002763,2025-09-24 12:20:08,S1023,C00040,P2156,Marketplace,Tarjeta,Black Friday,1,69.22,0.15,69.22,10.38,58.84,55.02,0
2025-002764,2025-03-25 07:18:10,S1032,C00792,P2155,Call Center,Efectivo,2x1,1,133.73,0.15,133.73,20.06,113.67,71.96,0
2025-002765,2025-06-04 03:36:52,S1042,C00754,P2115,Marketplace,Transferencia,Black Friday,3,316.68,0.15,950.04,123.51,826.53,201.2,1
2025-002766,2025-03-27 01:33:54,S1016,C00688,P2045,Marketplace,Efectivo,Cyber Week,1,55.13,0.2,55.13,6.62,48.51,46.07,0
2025-002767,2025-09-04 08:21:51,S1001,C00236,P2035,Marketplace,Efectivo,Cyber Week,2,770.61,0.15,1541.22,200.36,1340.86,418.3,0
2025-002768,2025-11-26 23:32:42,S1002,C00588,P2149,Web,Billetera Digital,2x1,1,224.81,0.0,224.81,29.23,195.58,173.08,0
2025-002769,2025-10-08 19:39:21,S1013,C00046,P2149,Web,Transferencia,Black Friday,1,224.81,0.0,224.81,26.98,197.83,173.08,1
2025-002770,2025-06-02 18:37:35,S1043,C00028,P2007,Web,Transferencia,Promo 10%,3,212.03,0.0,636.09,82.69,553.4,162.45,0
2025-002771,2025-08-11 15:15:56,S1014,C00685,P2116,Marketplace,Financiamiento,2x1,1,743.9,0.0,743.9,89.27,654.63,358.01,0
2025-002772,2025-02-25 03:32:16,S1024,C00351,P2006,Marketplace,Financiamiento,Black Friday,2,321.61,0.2,643.22,96.48,546.74,287.52,0
2025-002773,2025-02-27 11:54:48,S1022,C00760,P2063,Marketplace,Tarjeta,Cyber Week,2,70.41,0.0,140.82,21.12,119.7,34.56,1
2025-002774,2025-06-05 08:46:07,S1015,C00330,P2062,Web,Billetera Digital,Promo 10%,2,106.3,0.05,212.6,25.51,187.09,74.21,0
2025-002775,2025-07-14 16:03:43,S1041,C00392,P2018,Tienda,Efectivo,Cyber Week,2,391.86,0.0,783.72,101.88,681.84,224.11,1
2025-002776,2025-09-02 02:56:31,S1033,C00350,P2060,Call Center,Billetera Digital,Cyber Week,1,325.76,0.15,325.76,48.86,276.9,245.82,0
2025-002777,2025-09-13 06:52:10,S1026,C00527,P2126,Call Center,Efectivo,Promo 10%,3,684.14,0.0,2052.42,307.86,1744.56,413.19,0
2025-002778,2025-12-15 19:51:54,S1042,C00233,P2158,Call Center,Tarjeta,Promo 15%,2,433.91,0.2,867.82,112.82,755.0,274.83,0
2025-002779,2025-08-09 02:24:12,S1033,C00244,P2131,Web,Tarjeta,2x1,1,196.93,0.0,196.93,29.54,167.39,119.6,0
2025-002780,2025-09-05 15:44:39,S1001,C00258,P2103,Marketplace,Transferencia,Cyber Week,2,403.65,0.05,807.3,104.95,702.35,274.37,0
2025-002781,2025-12-07 22:04:06,S1009,C00242,P2109,Call Center,Tarjeta,2x1,1,187.45,0.1,187.45,24.37,163.08,141.94,0
2025-002782,2025-07-10 14:00:11,S1019,C00055,P2065,Tienda,Financiamiento,Cyber Week,3,387.88,0.05,1163.64,174.55,989.09,269.16,0
2025-002783,2025-01-25 09:31:27,S1018,C00081,P2021,Web,Financiamiento,Promo 15%,1,439.47,0.0,439.47,52.74,386.73,239.98,1
2025-002784,2025-11-02 00:55:04,S1027,C00051,P2160,Call Center,Billetera Digital,Cyber Week,1,812.22,0.0,812.22,121.83,690.39,418.28,0
2025-002785,2025-07-07 11:05:27,S1044,C00593,P2146,Tienda,Billetera Digital,Cyber Week,1,264.57,0.15,264.57,34.39,230.18,242.22,0
2025-002786,2025-08-13 04:08:42,S1028,C00376,P2160,Call Center,Financiamiento,Cyber Week,4,731.0,0.1,2924.0,438.6,2485.4,418.28,1
2025-002787,2025-09-03 21:30:33,S1005,C00530,P2013,Call Center,Tarjeta,Promo 10%,6,180.18,0.1,1081.08,140.54,940.54,98.1,0
2025-002788,2025-05-03 18:04:53,S1030,C00671,P2144,Tienda,Tarjeta,2x1,1,218.0,0.2,218.0,32.7,185.3,177.43,0
2025-002789,2025-07-13 23:07:52,S1006,C00076,P2019,Call Center,Transferencia,Sin Promo,1,471.27,0.0,471.27,61.27,410.0,283.84,0
2025-002790,2025-05-30 21:36:34,S1018,C00246,P2006,Call Center,Tarjeta,Promo 10%,6,321.61,0.2,1929.66,231.56,1698.1,287.52,0
2025-002791,2025-09-19 11:28:17,S1024,C00662,P2028,Web,Financiamiento,Black Friday,2,508.46,0.15,1016.92,152.54,864.38,344.08,0
2025-002792,2025-05-17 15:04:53,S1041,C00112,P2077,Call Center,Transferencia,Sin Promo,1,635.75,0.2,635.75,82.65,553.1,400.81,0
2025-002793,2025-04-01 03:17:02,S1013,C00797,P2037,Web,Financiamiento,Promo 10%,1,623.8,0.0,623.8,74.86,548.94,405.23,0
2025-002794,2025-11-15 12:11:04,S1027,C00487,P2127,Marketplace,Tarjeta,Promo 10%,2,732.66,0.0,1465.32,219.8,1245.52,361.43,0
2025-002795,2025-09-25 17:08:45,S1013,C00438,P2070,Marketplace,Efectivo,Cyber Week,1,614.79,0.0,614.79,73.77,541.02,281.04,0
2025-002796,2025-04-29 20:18:48,S1012,C00583,P2049,Tienda,Efectivo,Cyber Week,3,134.53,0.15,403.59,48.43,355.16,89.45,0
2025-002797,2025-01-07 10:39:36,S1041,C00751,P2094,Web,Efectivo,Cyber Week,2,700.79,0.0,1401.58,182.21,1219.37,392.99,0
2025-002798,2025-10-07 22:38:57,S1029,C00723,P2090,Marketplace,Financiamiento,Cyber Week,2,123.88,0.0,247.76,37.16,210.6,72.93,0
2025-002799,2025-12-08 12:36:33,S1037,C00403,P2112,Web,Tarjeta,Black Friday,3,361.76,0.0,1085.28,141.09,944.19,257.82,0
2025-002800,2025-04-20 06:58:31,S1036,C00136,P2094,Tienda,Financiamiento,Promo 15%,1,595.67,0.15,595.67,89.35,506.32,392.99,0
2025-002801,2025-07-30 12:29:43,S1028,C00652,P2154,Call Center,Tarjeta,2x1,2,733.21,0.0,1466.42,219.96,1246.46,427.53,0
2025-002802,2025-04-21 04:58:03,S1036,C00404,P2036,Tienda,Transferencia,Promo 15%,1,274.2,0.05,274.2,41.13,233.07,143.03,0
2025-002803,2025-06-07 04:10:39,S1022,C00008,P2081,Tienda,Efectivo,Promo 10%,5,399.31,0.0,1996.55,299.48,1697.07,192.91,0
2025-002804,2025-03-17 22:04:53,S1028,C00086,P2088,Web,Financiamiento,Black Friday,1,514.73,0.1,514.73,77.21,437.52,308.2,1
2025-002805,2025-09-21 04:10:00,S1030,C00037,P2133,Marketplace,Transferencia,Sin Promo,2,52.59,0.0,105.18,15.78,89.4,38.56,0
2025-002806,2025-03-17 12:34:43,S1037,,P2056,Tienda,Financiamiento,Sin Promo,1,798.25,0.1,798.25,103.77,694.48,417.23,0
2025-002807,2025-07-30 16:05:37,S1017,C00004,P2138,Call Center,Efectivo,Promo 15%,2,720.1,0.0,1440.2,172.82,1267.38,375.47,0
2025-002808,2025-03-30 16:54:01,S1031,C00565,P2086,Web,Tarjeta,Sin Promo,1,103.74,0.05,103.74,15.56,88.18,70.05,0
2025-002809,2025-11-09 11:38:21,S1004,C00783,P2026,Web,Transferencia,Black Friday,1,459.92,0.0,459.92,59.79,400.13,230.43,0
2025-002810,2025-03-23 18:15:52,S1014,C00441,P2155,Marketplace,Financiamiento,2x1,1,141.6,0.1,141.6,16.99,124.61,71.96,0
2025-002811,2025-08-06 05:35:45,S1027,C00312,P2051,Call Center,Tarjeta,Cyber Week,2,855.46,0.0,1710.92,256.64,1454.28,394.02,0
2025-002812,2025-04-09 02:45:32,S1043,C00052,P2017,Tienda,Financiamiento,Cyber Week,3,224.24,0.2,672.72,87.45,585.27,182.13,0
2025-002813,2025-06-07 00:47:46,S1039,C00622,P2012,Web,Efectivo,2x1,1,788.33,0.0,788.33,102.48,685.85,363.05,0
2025-002814,2025-11-13 16:44:13,S1013,C00420,P2048,Marketplace,Efectivo,Promo 15%,1,304.15,0.05,304.15,36.5,267.65,183.57,0
2025-002815,2025-02-13 08:29:48,S1012,C00055,P2012,Tienda,Financiamiento,Promo 10%,2,788.33,0.0,1576.66,189.2,1387.46,363.05,0
2025-002816,2025-06-08 00:00:11,S1030,C00595,P2082,Web,Financiamiento,Promo 10%,3,281.42,0.0,844.26,126.64,717.62,152.77,0
2025-002817,2025-02-18 17:58:33,S1036,C00325,P2093,Call Center,Efectivo,2x1,2,147.96,0.0,295.92,44.39,251.53,75.0,1
2025-002818,2025-01-28 10:24:09,S1024,C00084,P2140,Tienda,Tarjeta,Cyber Week,1,14.41,0.0,14.41,2.16,12.25,6.63,0
2025-002819,2025-05-19 22:39:47,S1008,C00126,P2063,Tienda,Billetera Digital,Black Friday,1,70.41,0.0,70.41,9.15,61.26,34.56,0
2025-002820,2025-12-28 13:57:53,S1030,C00517,P2028,Call Center,Transferencia,2x1,3,598.19,0.0,1794.57,269.19,1525.38,344.08,1
2025-002821,2025-01-08 19:07:56,S1039,C00448,P2071,Tienda,Efectivo,Cyber Week,2,483.57,0.0,967.14,125.73,841.41,243.78,0
2025-002822,2025-02-20 01:54:31,S1028,C00090,P2001,Tienda,Efectivo,Black Friday,1,81.45,0.15,81.45,12.22,69.23,59.67,0
2025-002823,2025-03-18 09:41:29,S1023,C00014,P2120,Marketplace,Tarjeta,Promo 15%,1,179.55,0.1,179.55,26.93,152.62,113.2,0
2025-002824,2025-11-13 04:16:48,S1013,C00025,P2002,Call Center,Billetera Digital,2x1,2,275.65,0.05,551.3,66.16,485.14,134.76,0
2025-002825,2025-02-01 14:55:53,S1031,C00422,P2011,Marketplace,Efectivo,Promo 15%,1,333.81,0.15,333.81,50.07,283.74,309.34,0
2025-002826,2025-09-05 14:06:32,S1005,C00158,P2115,Web,Tarjeta,Sin Promo,2,353.94,0.05,707.88,92.02,615.86,201.2,0
2025-002827,2025-12-04 13:38:56,S1039,C00263,P2031,Web,Transferencia,2x1,1,193.42,0.05,193.42,25.14,168.28,111.43,0
2025-002828,2025-05-21 12:08:24,S1021,C00472,P2022,Tienda,Efectivo,Promo 10%,1,449.93,0.0,449.93,67.49,382.44,325.44,0
2025-002829,2025-04-11 09:38:41,S1022,C00200,P2071,Web,Efectivo,Promo 15%,3,386.86,0.2,1160.58,174.09,986.49,243.78,0
2025-002830,2025-12-09 03:22:15,S1032,C00277,P2011,Call Center,Efectivo,Cyber Week,2,373.08,0.05,746.16,111.92,634.24,309.34,0
2025-002831,2025-12-20 01:35:10,S1010,C00020,P2110,Tienda,Transferencia,Promo 15%,1,333.38,0.2,333.38,40.01,293.37,314.95,0
2025-002832,2025-06-20 11:05:13,S1041,C00697,P2067,Call Center,Financiamiento,Sin Promo,2,524.21,0.1,1048.42,136.29,912.13,420.88,0
2025-002833,2025-05-24 10:42:57,S1026,C00179,P2102,Marketplace,Billetera Digital,Cyber Week,2,475.83,0.05,951.66,142.75,808.91,270.07,0
2025-002834,2025-04-04 12:45:21,S1030,C00730,P2119,Marketplace,Efectivo,Promo 10%,3,763.08,0.0,2289.24,343.39,1945.85,363.73,0
2025-002835,2025-01-26 19:47:47,S1002,C00200,P2001,Call Center,Financiamiento,Black Friday,2,81.45,0.15,162.9,21.18,141.72,59.67,1
2025-002836,2025-01-16 04:30:37,S1012,C00319,P2077,Tienda,Financiamiento,Sin Promo,1,715.22,0.1,715.22,85.83,629.39,400.81,0
2025-002837,2025-07-03 23:12:56,S1028,C00136,P2102,Marketplace,Financiamiento,Promo 15%,3,500.87,0.0,1502.61,225.39,1277.22,270.07,0
2025-002838,2025-06-13 12:19:47,S1033,C00002,P2086,Call Center,Financiamiento,Black Friday,4,98.28,0.1,393.12,58.97,334.15,70.05,0
2025-002839,2025-09-18 16:54:07,S1004,C00658,P2084,Web,Transferencia,Black Friday,2,10.89,0.0,21.78,2.83,18.95,8.31,1
2025-002840,2025-04-02 01:37:46,S1045,C00608,P2081,Web,Transferencia,Black Friday,2,319.45,0.2,638.9,83.06,555.84,192.91,1
2025-002841,2025-01-30 11:02:11,S1018,C00514,P2060,Web,Transferencia,Sin Promo,2,383.25,0.0,766.5,91.98,674.52,245.82,0
2025-002842,2025-03-28 19:36:29,S1033,C00014,P2011,Marketplace,Tarjeta,Black Friday,1,373.08,0.05,373.08,55.96,317.12,309.34,0
2025-002843,2025-05-01 14:31:58,S1006,C00450,P2045,Call Center,Financiamiento,Black Friday,2,68.91,0.0,137.82,17.92,119.9,46.07,0
2025-002844,2025-06-29 10:31:36,S1018,C00219,P2149,Tienda,Financiamiento,Sin Promo,2,224.81,0.0,449.62,53.95,395.67,173.08,0
2025-002845,2025-01-05 23:01:08,S1011,C00795,P2034,Marketplace,Billetera Digital,Sin Promo,1,210.36,0.2,210.36,25.24,185.12,122.22,0
2025-002846,2025-05-17 04:06:06,S1007,C00445,P2133,Tienda,Transferencia,Black Friday,1,47.33,0.1,47.33,6.15,41.18,38.56,1
2025-002847,2025-10-30 11:59:19,S1026,C00682,P2108,Web,Tarjeta,2x1,4,255.04,0.1,1020.16,153.02,867.14,144.01,0
2025-002848,2025-08-25 20:51:27,S1032,C00092,P2054,Web,Efectivo,Promo 10%,3,393.79,0.15,1181.37,177.21,1004.16,220.6,0
2025-002849,2025-09-13 12:17:39,S1016,C00788,P2087,Marketplace,Billetera Digital,Promo 10%,1,307.59,0.05,307.59,36.91,270.68,166.63,1
2025-002850,2025-03-10 23:51:54,S1016,C00177,P2136,Marketplace,Efectivo,Sin Promo,2,147.06,0.05,294.12,35.29,258.83,99.42,0
2025-002851,2025-04-09 09:04:55,S1035,C00545,P2009,Web,Efectivo,Sin Promo,6,496.86,0.05,2981.16,447.17,2533.99,287.2,0
2025-002852,2025-11-09 10:27:56,S1024,C00705,P2015,Web,Transferencia,Promo 10%,1,156.39,0.1,156.39,23.46,132.93,122.14,0
2025-002853,2025-01-13 16:49:29,S1024,C00491,P2036,Call Center,Efectivo,Sin Promo,2,274.2,0.05,548.4,82.26,466.14,143.03,0
2025-002854,2025-03-27 03:28:06,S1029,C00422,P2019,Marketplace,Transferencia,Promo 15%,1,471.27,0.0,471.27,70.69,400.58,283.84,0
2025-002855,2025-11-11 20:27:19,S1034,C00357,P2116,Call Center,Financiamiento,Promo 10%,1,743.9,0.0,743.9,111.58,632.32,358.01,0
2025-002856,2025-04-10 05:28:56,S1036,C00295,P2089,Web,Efectivo,Promo 15%,3,736.54,0.0,2209.62,331.44,1878.18,351.93,0
2025-002857,2025-09-06 06:31:03,S1039,C00148,P2124,Tienda,Billetera Digital,Sin Promo,6,451.91,0.05,2711.46,352.49,2358.97,351.18,0
2025-002858,2025-09-28 09:19:35,S1041,C00796,P2081,Call Center,Billetera Digital,Promo 10%,3,379.34,0.05,1138.02,147.94,990.08,192.91,0
2025-002859,2025-10-03 05:19:58,S1018,C00629,P2106,Tienda,Efectivo,Promo 15%,3,392.21,0.15,1176.63,141.2,1035.43,310.34,0
2025-002860,2025-03-10 14:33:12,S1011,C00297,P2095,Call Center,Financiamiento,Promo 10%,1,620.44,0.15,620.44,74.45,545.99,368.2,0
2025-002861,2025-12-12 13:42:22,S1015,C00693,P2012,Marketplace,Billetera Digital,Sin Promo,3,630.66,0.2,1891.98,227.04,1664.94,363.05,0
2025-002862,2025-05-28 05:36:53,S1030,C00131,P2112,Marketplace,Tarjeta,2x1,5,307.5,0.15,1537.5,230.62,1306.88,257.82,0
2025-002863,2025-09-16 13:56:02,S1007,C00189,P2150,Marketplace,Financiamiento,Cyber Week,1,234.07,0.0,234.07,30.43,203.64,154.53,0
2025-002864,2025-05-07 06:34:22,S1007,C00766,P2046,Marketplace,Billetera Digital,Black Friday,1,362.57,0.0,362.57,47.13,315.44,192.92,0
2025-002865,2025-06-06 09:11:25,S1032,C00050,P2065,Marketplace,Efectivo,Black Friday,1,408.29,0.0,408.29,61.24,347.05,269.16,0
2025-002866,2025-08-02 08:05:11,S1008,C00538,P2130,Marketplace,Financiamiento,2x1,3,666.23,0.05,1998.69,259.83,1738.86,404.15,0
2025-002867,2025-05-04 20:55:14,S1030,C00397,P2124,Marketplace,Transferencia,Promo 15%,1,451.91,0.05,451.91,67.79,384.12,351.18,0
2025-002868,2025-11-22 06:29:47,S1029,C00474,P2088,Web,Financiamiento,Cyber Week,1,571.92,0.0,571.92,85.79,486.13,308.2,0
2025-002869,2025-12-01 02:58:27,S1012,C00319,P2141,Web,Financiamiento,Sin Promo,2,749.24,0.1,1498.48,179.82,1318.66,384.64,0
2025-002870,2025-01-03 12:33:36,S1036,C00605,P2105,Tienda,Financiamiento,Sin Promo,5,676.15,0.0,3380.75,507.11,2873.64,320.12,0
2025-002871,2025-04-01 19:29:13,S1005,C00399,P2028,Marketplace,Tarjeta,2x1,4,538.37,0.1,2153.48,279.95,1873.53,344.08,0
2025-002872,2025-08-23 18:58:46,S1004,C00583,P2059,Call Center,Transferencia,2x1,3,124.17,0.05,372.51,48.43,324.08,101.09,0
2025-002873,2025-01-24 19:51:13,S1028,C00221,P2158,Web,Efectivo,Promo 10%,1,542.39,0.0,542.39,81.36,461.03,274.83,0
2025-002874,2025-07-07 13:45:43,S1016,C00064,P2001,Marketplace,Efectivo,Promo 10%,2,91.03,0.05,182.06,21.85,160.21,59.67,0
2025-002875,2025-10-06 04:09:48,S1007,C00672,P2115,Tienda,Billetera Digital,Promo 15%,1,372.57,0.0,372.57,48.43,324.14,201.2,0
2025-002876,2025-06-11 13:52:11,S1036,C00376,P2007,Marketplace,Efectivo,Promo 15%,3,190.83,0.1,572.49,85.87,486.62,162.45,0
2025-002877,2025-04-04 04:34:06,S1028,C00600,P2089,Call Center,Tarjeta,Sin Promo,2,736.54,0.0,1473.08,220.96,1252.12,351.93,1
2025-002878,2025-08-17 02:59:01,S1012,C00139,P2028,Call Center,Tarjeta,Black Friday,1,598.19,0.0,598.19,71.78,526.41,344.08,1
2025-002879,2025-02-23 13:12:10,S1043,C00546,P2070,Marketplace,Tarjeta,Cyber Week,1,522.57,0.15,522.57,67.93,454.64,281.04,0
2025-002880,2025-02-04 18:41:21,S1009,C00528,P2160,Call Center,Efectivo,Sin Promo,1,731.0,0.1,731.0,95.03,635.97,418.28,0
2025-002881,2025-01-16 07:34:07,S1004,C00477,P2076,Tienda,Financiamiento,Black Friday,1,97.52,0.0,97.52,12.68,84.84,50.2,0
2025-002882,2025-07-08 17:28:19,S1044,C00694,P2100,Web,Financiamiento,Promo 15%,1,571.97,0.0,571.97,74.36,497.61,422.9,1
2025-002883,2025-10-07 19:23:25,S1012,C00728,P2016,Call Center,Financiamiento,Cyber Week,3,146.7,0.15,440.1,52.81,387.29,121.18,0
2025-002884,2025-02-27 21:37:08,S1012,C00758,P2146,Tienda,Transferencia,Promo 10%,1,311.26,0.0,311.26,37.35,273.91,242.22,0
2025-002885,2025-05-31 17:07:49,S1001,C00628,P2004,Call Center,Efectivo,Cyber Week,5,489.28,0.1,2446.4,318.03,2128.37,298.92,0
2025-002886,2025-07-22 00:07:01,S1028,C00584,P2141,Marketplace,Billetera Digital,Promo 10%,2,832.49,0.0,1664.98,249.75,1415.23,384.64,1
2025-002887,2025-12-04 04:47:36,S1028,C00473,P2136,Tienda,Billetera Digital,Promo 15%,2,139.32,0.1,278.64,41.8,236.84,99.42,0
2025-002888,2025-05-10 10:09:14,S1023,C00341,P2092,Tienda,Transferencia,Cyber Week,1,802.49,0.0,802.49,120.37,682.12,416.32,0
2025-002889,2025-01-31 18:40:23,S1002,C00560,P2062,Call Center,Transferencia,Promo 15%,2,111.89,0.0,223.78,29.09,194.69,74.21,0
2025-002890,2025-05-16 09:12:09,S1002,C00254,P2041,Tienda,Transferencia,Promo 15%,3,46.52,0.0,139.56,18.14,121.42,34.06,0
2025-002891,2025-06-05 05:18:53,S1011,C00624,P2063,Marketplace,Billetera Digital,Sin Promo,2,63.37,0.1,126.74,15.21,111.53,34.56,0
2025-002892,2025-03-27 18:40:14,S1022,C00085,P2112,Marketplace,Transferencia,Promo 15%,3,307.5,0.15,922.5,138.38,784.12,257.82,0
2025-002893,2025-12-27 09:25:19,S1009,C00095,P2090,Call Center,Efectivo,Black Friday,4,105.3,0.15,421.2,54.76,366.44,72.93,0
2025-002894,2025-09-05 16:09:04,S1021,C00182,P2152,Marketplace,Transferencia,Promo 10%,5,449.56,0.1,2247.8,337.17,1910.63,338.06,0
2025-002895,2025-03-15 13:24:06,S1043,C00076,P2034,Marketplace,Transferencia,2x1,3,262.95,0.0,788.85,102.55,686.3,122.22,0
2025-002896,2025-05-07 05:45:15,S1004,C00130,P2086,Tienda,Billetera Digital,2x1,4,109.2,0.0,436.8,56.78,380.02,70.05,0
2025-002897,2025-04-17 05:33:13,S1007,C00323,P2070,Marketplace,Billetera Digital,Promo 15%,1,614.79,0.0,614.79,79.92,534.87,281.04,1
2025-002898,2025-03-14 00:04:21,S1010,C00757,P2160,Call Center,Efectivo,Promo 15%,2,690.39,0.15,1380.78,165.69,1215.09,418.28,0
2025-002899,2025-09-13 23:00:10,S1035,C00314,P2015,Web,Transferencia,Sin Promo,3,173.77,0.0,521.31,78.2,443.11,122.14,0
2025-002900,2025-12-02 23:09:37,S1011,C00291,P2152,Marketplace,Billetera Digital,Black Friday,3,424.58,0.15,1273.74,152.85,1120.89,338.06,0
2025-002901,2025-07-12 15:10:27,S1015,C00744,P2002,Tienda,Billetera Digital,2x1,2,275.65,0.05,551.3,66.16,485.14,134.76,0
2025-002902,2025-04-11 23:59:49,S1023,C00681,P2005,Web,Billetera Digital,Black Friday,2,545.93,0.0,1091.86,163.78,928.08,390.45,0
2025-002903,2025-12-26 14:28:22,S1032,C00573,P2141,Marketplace,Efectivo,Cyber Week,1,749.24,0.1,749.24,112.39,636.85,384.64,0
2025-002904,2025-04-01 06:53:56,S1028,C00374,P2013,Marketplace,Efectivo,Promo 10%,1,200.2,0.0,200.2,30.03,170.17,98.1,1
2025-002905,2025-10-23 21:57:02,S1036,C00687,P2150,Call Center,Efectivo,Promo 15%,1,187.26,0.2,187.26,28.09,159.17,154.53,0
2025-002906,2025-01-14 02:29:12,S1035,C00220,P2016,Call Center,Efectivo,Cyber Week,4,146.7,0.15,586.8,88.02,498.78,121.18,0
2025-002907,2025-03-11 06:25:43,S1037,C00444,P2145,Web,Tarjeta,Promo 15%,3,94.41,0.2,283.23,36.82,246.41,77.61,0
2025-002908,2025-11-01 20:01:39,S1019,C00774,P2034,Tienda,Transferencia,Sin Promo,3,236.66,0.1,709.98,106.5,603.48,122.22,1
2025-002909,2025-05-31 23:53:26,S1033,C00731,P2004,Tienda,Efectivo,Promo 15%,5,516.47,0.05,2582.35,387.35,2195.0,298.92,0
2025-002910,2025-12-01 02:36:16,S1018,C00797,P2145,Web,Transferencia,Black Friday,2,112.11,0.05,224.22,26.91,197.31,77.61,0
2025-002911,2025-03-30 07:59:10,S1028,C00633,P2128,Call Center,Billetera Digital,Promo 15%,2,557.39,0.0,1114.78,167.22,947.56,269.57,0
2025-002912,2025-01-15 03:18:26,S1045,C00767,P2050,Marketplace,Billetera Digital,Black Friday,1,273.95,0.0,273.95,35.61,238.34,192.16,0
2025-002913,2025-12-29 01:24:15,S1032,C00200,P2078,Marketplace,Efectivo,Cyber Week,5,157.38,0.05,786.9,118.03,668.87,125.47,0
2025-002914,2025-02-15 14:23:55,S1004,C00092,P2063,Web,Billetera Digital,Black Friday,2,70.41,0.0,140.82,18.31,122.51,34.56,0
2025-002915,2025-09-02 17:10:59,S1025,C00631,P2061,Marketplace,Transferencia,Sin Promo,2,36.28,0.15,72.56,10.88,61.68,26.36,0
2025-002916,2025-02-01 16:38:11,S1020,C00062,P2144,Call Center,Tarjeta,2x1,3,272.5,0.0,817.5,122.62,694.88,177.43,0
2025-002917,2025-08-15 23:36:26,S1028,C00665,P2152,Tienda,Transferencia,Promo 10%,1,499.51,0.0,499.51,74.93,424.58,338.06,1
2025-002918,2025-06-07 16:40:10,S1019,C00738,P2039,Web,Billetera Digital,Promo 15%,3,381.6,0.2,1144.8,171.72,973.08,251.05,0
2025-002919,2025-03-04 20:59:36,S1017,C00560,P2116,Marketplace,Transferencia,Black Friday,1,706.7,0.05,706.7,84.8,621.9,358.01,1
2025-002920,2025-05-09 21:20:41,S1045,C00481,P2116,Web,Billetera Digital,Sin Promo,1,743.9,0.0,743.9,96.71,647.19,358.01,0
2025-002921,2025-02-19 09:43:47,S1003,C00331,P2072,Call Center,Transferencia,Promo 10%,1,604.62,0.0,604.62,78.6,526.02,420.23,0
2025-002922,2025-08-30 00:20:03,S1022,C00211,P2009,Call Center,Billetera Digital,,1,496.86,0.05,496.86,74.53,422.33,287.2,0
2025-002923,2025-05-14 06:54:04,S1010,C00727,P2050,Call Center,Financiamiento,Promo 15%,1,273.95,0.0,273.95,32.87,241.08,192.16,0
2025-002924,2025-02-27 15:50:03,S1032,C00281,P2109,Call Center,Billetera Digital,2x1,2,166.62,0.2,333.24,49.99,283.25,141.94,0
2025-002925,2025-02-19 18:01:08,S1011,C00340,P2104,Tienda,Financiamiento,2x1,2,702.23,0.0,1404.46,168.54,1235.92,405.18,0
2025-002926,2025-03-08 04:30:52,S1040,C00130,P2049,Call Center,Financiamiento,Promo 10%,1,126.62,0.2,126.62,16.46,110.16,89.45,0
2025-002927,2025-10-09 13:30:56,S1027,C00065,P2041,Tienda,Billetera Digital,Promo 10%,1,44.19,0.05,44.19,6.63,37.56,34.06,0
2025-002928,2025-01-14 01:51:32,S1028,C00627,P2052,Call Center,Efectivo,Black Friday,2,80.49,0.15,160.98,24.15,136.83,47.67,0
2025-002929,2025-07-14 09:32:58,S1014,C00093,P2111,Tienda,Transferencia,Promo 10%,1,277.51,0.05,277.51,33.3,244.21,191.52,0
2025-002930,2025-03-18 04:14:10,S1028,C00123,P2059,Call Center,Transferencia,Sin Promo,3,124.17,0.05,372.51,55.88,316.63,101.09,0
2025-002931,2025-10-08 05:17:01,S1005,C00656,P2063,Web,Efectivo,2x1,3,59.85,0.15,179.55,23.34,156.21,34.56,0
2025-002932,2025-07-02 23:19:16,S1029,C00740,P2090,Call Center,Tarjeta,Promo 15%,3,117.69,0.05,353.07,52.96,300.11,72.93,1
2025-002933,2025-10-31 22:45:45,S1039,C00495,P2025,Marketplace,Transferencia,Sin Promo,1,664.27,0.0,664.27,86.36,577.91,394.63,0
2025-002934,2025-11-19 01:02:26,S1014,C00403,P2040,Marketplace,Tarjeta,Black Friday,5,47.59,0.2,237.95,28.55,209.4,35.66,0
2025-002935,2025-04-12 05:15:25,S1008,C00294,P2135,Marketplace,Efectivo,Cyber Week,1,145.28,0.05,145.28,18.89,126.39,71.27,1
2025-002936,2025-12-26 08:59:09,S1037,C00742,P2042,Web,Tarjeta,Black Friday,1,401.39,0.0,401.39,52.18,349.21,233.31,1
2025-002937,2025-03-31 03:40:01,S1008,C00498,P2015,Marketplace,Efectivo,Cyber Week,3,165.08,0.05,495.24,64.38,430.86,122.14,0
2025-002938,2025-06-23 18:15:13,S1024,C00746,P2005,Call Center,Tarjeta,Cyber Week,1,436.74,0.2,436.74,65.51,371.23,390.45,0
2025-002939,2025-09-03 16:28:31,S1024,C00003,P2004,Marketplace,Efectivo,Sin Promo,2,543.65,0.0,1087.3,163.09,924.21,298.92,0
2025-002940,2025-04-29 00:53:52,S1033,C00011,P2052,Tienda,Tarjeta,Black Friday,6,94.69,0.0,568.14,85.22,482.92,47.67,1
2025-002941,2025-06-17 15:54:33,S1033,C00688,P2016,Tienda,Financiamiento,Promo 15%,2,155.33,0.1,310.66,46.6,264.06,121.18,0
2025-002942,2025-08-01 16:20:20,S1041,C00752,P2015,Call Center,Financiamiento,Sin Promo,1,156.39,0.1,156.39,20.33,136.06,122.14,0
2025-002943,2025-12-06 11:07:50,S1010,C00476,P2127,Call Center,Financiamiento,Cyber Week,1,622.76,0.15,622.76,74.73,548.03,361.43,0
2025-002944,2025-03-08 01:15:24,S1003,C00755,P2002,Tienda,Financiamiento,2x1,1,232.13,0.2,232.13,30.18,201.95,134.76,1
2025-002945,2025-01-17 04:16:25,S1007,C00138,P2109,Web,Transferencia,Sin Promo,3,197.87,0.05,593.61,77.17,516.44,141.94,0
2025-002946,2025-03-27 18:33:55,S1042,C00426,P2158,Tienda,Financiamiento,Sin Promo,1,542.39,0.0,542.39,70.51,471.88,274.83,0
2025-002947,2025-05-12 14:49:36,S1037,C00775,P2135,Marketplace,Billetera Digital,Sin Promo,2,122.34,0.2,244.68,31.81,212.87,71.27,1
2025-002948,2025-03-01 21:44:24,S1002,C00186,P2011,Tienda,Financiamiento,Cyber Week,2,392.72,0.0,785.44,102.11,683.33,309.34,1
2025-002949,2025-12-08 14:04:34,S1034,C00244,P2057,Web,Tarjeta,Promo 15%,2,335.84,0.2,671.68,100.75,570.93,314.68,1
2025-002950,2025-10-30 07:05:46,S1026,C00384,P2002,Web,Tarjeta,2x1,4,290.16,0.0,1160.64,174.1,986.54,134.76,0
2025-002951,2025-02-17 11:25:45,S1003,C00088,P2014,Tienda,Tarjeta,2x1,5,408.68,0.05,2043.4,265.64,1777.76,296.33,0
2025-002952,2025-06-27 09:19:37,S1008,C00476,P2010,Tienda,Transferencia,Promo 15%,2,323.27,0.2,646.54,84.05,562.49,210.17,0
2025-002953,2025-11-25 06:54:49,S1005,C00391,P2049,Call Center,Tarjeta,Sin Promo,2,158.27,0.0,316.54,41.15,275.39,89.45,0
2025-002954,2025-12-18 12:30:05,S1012,,P2034,Tienda,Billetera Digital,Cyber Week,1,236.66,0.1,236.66,28.4,208.26,122.22,0
2025-002955,2025-02-21 12:07:10,S1019,C00157,P2103,Tienda,Tarjeta,Promo 10%,1,382.41,0.1,382.41,57.36,325.05,274.37,0
2025-002956,2025-06-06 05:25:47,S1011,C00284,P2061,Marketplace,Financiamiento,Promo 15%,2,34.14,0.2,68.28,8.19,60.09,26.36,1
2025-002957,2025-10-12 13:54:34,S1020,C00591,P2112,Tienda,Billetera Digital,Promo 15%,5,289.41,0.2,1447.05,217.06,1229.99,257.82,0
2025-002958,2025-06-11 06:15:19,S1019,C00574,P2143,Web,Transferencia,2x1,1,140.35,0.2,140.35,21.05,119.3,101.86,1
2025-002959,2025-04-04 19:25:15,S1010,C00413,P2094,Web,Transferencia,Promo 10%,2,665.75,0.05,1331.5,159.78,1171.72,392.99,0
2025-002960,2025-08-31 12:33:01,S1041,C00728,P2075,Marketplace,Billetera Digital,Sin Promo,1,464.04,0.2,464.04,60.33,403.71,301.87,1
2025-002961,2025-09-14 14:20:02,S1042,C00204,P2115,Call Center,Transferencia,Promo 10%,1,372.57,0.0,372.57,48.43,324.14,201.2,0
2025-002962,2025-08-16 01:53:35,S1040,C00555,P2157,Call Center,Tarjeta,Black Friday,1,223.38,0.0,223.38,29.04,194.34,118.28,0
2025-002963,2025-08-14 03:29:08,S1029,C00791,P2036,Tienda,Transferencia,Sin Promo,2,259.77,0.1,519.54,77.93,441.61,143.03,0
2025-002964,2025-05-14 09:01:21,S1007,C00620,P2113,Marketplace,Tarjeta,,1,297.65,0.0,297.65,38.69,258.96,139.53,1
2025-002965,2025-04-22 05:47:28,S1035,C00485,P2054,Tienda,Billetera Digital,2x1,2,393.79,0.15,787.58,118.14,669.44,220.6,0
2025-002966,2025-02-10 16:38:38,S1023,C00415,P2046,Call Center,Transferencia,Promo 10%,1,362.57,0.0,362.57,54.39,308.18,192.92,0
2025-002967,2025-12-04 18:27:14,S1030,C00008,P2158,Tienda,Tarjeta,Cyber Week,1,433.91,0.2,433.91,65.09,368.82,274.83,0
2025-002968,2025-02-01 09:40:47,S1029,C00579,P2038,Web,Tarjeta,Sin Promo,1,132.95,0.05,132.95,19.94,113.01,104.22,0
2025-002969,2025-02-18 09:43:53,S1044,C00088,P2160,Web,Transferencia,2x1,2,812.22,0.0,1624.44,211.18,1413.26,418.28,0
2025-002970,2025-01-24 02:45:44,S1040,C00208,P2001,Web,Efectivo,Promo 15%,1,95.82,0.0,95.82,12.46,83.36,59.67,1
2025-002971,2025-12-08 07:12:21,S1032,C00375,P2041,Tienda,Financiamiento,Promo 15%,1,46.52,0.0,46.52,6.98,39.54,34.06,0
2025-002972,2025-02-19 07:04:01,S1037,C00417,P2091,Web,Billetera Digital,Promo 15%,3,433.2,0.2,1299.6,168.95,1130.65,397.11,0
2025-002973,2025-12-16 19:46:29,S1007,C00610,P2124,Marketplace,Efectivo,Sin Promo,2,451.91,0.05,903.82,117.5,786.32,351.18,0
2025-002974,2025-10-27 13:00:26,S1003,C00383,P2100,Web,Tarjeta,2x1,1,543.37,0.05,543.37,70.64,472.73,422.9,0
2025-002975,2025-03-12 17:06:56,S1025,C00685,P2113,Tienda,Efectivo,Cyber Week,1,297.65,0.0,297.65,44.65,253.0,139.53,0
2025-002976,2025-01-06 10:42:44,S1003,C00246,P2077,Marketplace,Transferencia,Promo 15%,2,794.69,0.0,1589.38,206.62,1382.76,400.81,1
2025-002977,2025-01-14 05:51:23,S1015,C00695,P2103,Call Center,Tarjeta,2x1,1,361.16,0.15,361.16,43.34,317.82,274.37,1
2025-002978,2025-07-22 00:55:53,S1022,C00047,P2083,Call Center,Efectivo,Sin Promo,1,523.42,0.0,523.42,78.51,444.91,334.59,0
2025-002979,2025-05-30 13:08:22,S1030,C00496,P2030,Call Center,Billetera Digital,Sin Promo,1,487.3,0.1,487.3,73.09,414.21,418.38,0
2025-002980,2025-11-19 20:52:56,S1011,C00276,P2148,Tienda,Transferencia,,3,674.81,0.0,2024.43,242.93,1781.5,390.62,1
2025-002981,2025-04-06 20:26:08,S1008,C00495,P2130,Marketplace,Tarjeta,Sin Promo,1,666.23,0.05,666.23,86.61,579.62,404.15,0
2025-002982,2025-03-24 12:54:29,S1042,C00179,P2135,Marketplace,Efectivo,Sin Promo,1,152.93,0.0,152.93,19.88,133.05,71.27,0
2025-002983,2025-02-03 19:43:04,S1001,C00465,P2116,Call Center,Transferencia,Promo 10%,1,743.9,0.0,743.9,96.71,647.19,358.01,0
2025-002984,2025-08-29 19:56:49,S1045,C00453,P2147,Tienda,Efectivo,Black Friday,2,465.95,0.15,931.9,121.15,810.75,299.7,0
2025-002985,2025-07-13 21:21:53,S1020,C00301,P2061,Tienda,Transferencia,Promo 15%,3,34.14,0.2,102.42,15.36,87.06,26.36,0
2025-002986,2025-07-11 22:06:29,S1011,C00515,P2087,Tienda,Billetera Digital,Black Friday,2,259.02,0.2,518.04,62.16,455.88,166.63,0
2025-002987,2025-10-10 09:48:22,S1033,C00512,P2100,Call Center,Transferencia,Promo 15%,1,486.17,0.15,486.17,72.93,413.24,422.9,0
2025-002988,2025-10-13 11:28:11,S1031,C00060,P2115,Tienda,Tarjeta,2x1,2,372.57,0.0,745.14,111.77,633.37,201.2,0
2025-002989,2025-10-10 14:50:35,S1011,C00532,P2042,Call Center,Billetera Digital,Sin Promo,3,361.25,0.1,1083.75,130.05,953.7,233.31,0
2025-002990,2025-07-12 15:55:30,S1037,C00728,P2097,Web,Tarjeta,2x1,2,521.13,0.0,1042.26,135.49,906.77,298.37,0
2025-002991,2025-06-11 21:30:07,S1022,C00598,P2136,Call Center,Billetera Digital,Sin Promo,1,123.84,0.2,123.84,18.58,105.26,99.42,0
2025-002992,2025-07-07 05:51:42,S1032,C00192,P2139,Web,Billetera Digital,Promo 10%,2,20.28,0.0,40.56,6.08,34.48,12.71,0
2025-002993,2025-05-04 11:29:50,S1016,C00278,P2003,Tienda,Financiamiento,Cyber Week,1,457.85,0.1,457.85,54.94,402.91,261.5,0
2025-002994,2025-12-29 22:52:08,S1033,C00466,P2074,Web,Financiamiento,Cyber Week,2,267.21,0.05,534.42,80.16,454.26,138.92,0
2025-002995,2025-01-05 00:53:07,S1020,C00565,P2047,Tienda,Efectivo,Promo 15%,4,433.95,0.05,1735.8,260.37,1475.43,295.44,0
2025-002996,2025-07-13 13:44:50,S1034,C00260,P2088,Call Center,Efectivo,Black Friday,3,571.92,0.0,1715.76,257.36,1458.4,308.2,0
2025-002997,2025-06-20 18:09:40,S1012,C00346,P2064,Web,Tarjeta,Promo 15%,1,91.31,0.0,91.31,10.96,80.35,57.47,0
2025-002998,2025-04-10 21:38:22,S1014,C00753,P2077,Tienda,Transferencia,Sin Promo,1,794.69,0.0,794.69,95.36,699.33,400.81,1
2025-002999,2025-05-18 04:36:50,S1024,C00115,P2070,Web,Tarjeta,Black Friday,1,584.05,0.05,584.05,87.61,496.44,281.04,0
2025-003000,2025-11-02 08:56:10,S1035,C00091,P2015,Call Center,Tarjeta,2x1,1,173.77,0.0,173.77,26.07,147.7,122.14,0
2025-003001,2025-12-11 09:27:30,S1026,C00522,P2109,Web,Financiamiento,2x1,1,187.45,0.1,187.45,28.12,159.33,141.94,1
2025-003002,2025-12-02 02:37:15,S1016,C00069,P2143,Call Center,Transferencia,Sin Promo,5,175.44,0.0,877.2,105.26,771.94,101.86,1
2025-003003,2025-10-30 23:45:38,S1045,C00187,P2125,Tienda,Tarjeta,Cyber Week,4,310.19,0.1,1240.76,161.3,1079.46,235.01,0
2025-003004,2025-01-18 00:30:10,S1025,C00524,P2156,Web,Financiamiento,Black Friday,1,81.43,0.0,81.43,12.21,69.22,55.02,0
2025-003005,2025-04-15 08:56:36,S1020,C00513,P2042,Web,Transferencia,Promo 15%,1,401.39,0.0,401.39,60.21,341.18,233.31,0
2025-003006,2025-01-10 13:58:35,S1029,C00252,P2110,Tienda,Billetera Digital,Cyber Week,3,333.38,0.2,1000.14,150.02,850.12,314.95,0
2025-003007,2025-12-09 00:14:13,S1030,C00656,P2103,Marketplace,Transferencia,2x1,2,424.9,0.0,849.8,127.47,722.33,274.37,0
2025-003008,2025-03-30 23:50:03,S1007,C00391,P2072,Marketplace,Transferencia,Cyber Week,4,574.39,0.05,2297.56,298.68,1998.88,420.23,0
2025-003009,2025-12-11 08:15:41,S1003,C00611,P2120,Tienda,Efectivo,Promo 10%,2,199.5,0.0,399.0,51.87,347.13,113.2,0
2025-003010,2025-02-17 23:38:43,S1023,C00312,P2029,Web,Transferencia,Sin Promo,3,442.35,0.1,1327.05,199.06,1127.99,271.13,0
2025-003011,2025-02-20 17:39:39,S1024,C00578,P2053,Marketplace,Efectivo,Cyber Week,1,887.77,0.05,887.77,133.17,754.6,436.17,0
2025-003012,2025-07-28 04:45:18,S1006,C00595,P2072,Web,Efectivo,Black Friday,2,544.16,0.1,1088.32,141.48,946.84,420.23,1
2025-003013,2025-03-21 10:14:24,S1014,C00321,P2093,Tienda,Billetera Digital,Promo 10%,3,147.96,0.0,443.88,53.27,390.61,75.0,0
2025-003014,2025-04-25 22:20:24,S1017,C00547,P2143,Marketplace,Billetera Digital,Promo 10%,1,166.67,0.05,166.67,20.0,146.67,101.86,1
2025-003015,2025-05-06 22:12:53,S1015,C00111,P2038,Marketplace,Billetera Digital,Promo 10%,2,139.95,0.0,279.9,33.59,246.31,104.22,0
2025-003016,2025-10-03 18:26:39,S1039,C00488,P2013,Tienda,Tarjeta,Promo 15%,2,170.17,0.15,340.34,44.24,296.1,98.1,0
2025-003017,2025-08-26 08:39:48,S1001,C00332,P2004,Tienda,Billetera Digital,Cyber Week,2,516.47,0.05,1032.94,134.28,898.66,298.92,0
2025-003018,2025-02-07 08:45:41,S1030,C00525,P2157,Call Center,Transferencia,2x1,2,223.38,0.0,446.76,67.01,379.75,118.28,1
2025-003019,2025-10-17 02:42:25,S1005,C00044,P2155,Call Center,Tarjeta,Sin Promo,1,149.46,0.05,149.46,19.43,130.03,71.96,0
2025-003020,2025-02-08 21:19:13,S1039,C00579,P2142,Tienda,Financiamiento,Promo 10%,5,469.2,0.05,2346.0,304.98,2041.02,331.65,0
2025-003021,2025-07-13 22:31:39,S1041,C00187,P2098,Call Center,Financiamiento,Cyber Week,4,612.83,0.05,2451.32,318.67,2132.65,389.5,1
2025-003022,2025-12-19 09:25:20,S1014,C00068,P2065,Web,Financiamiento,Cyber Week,2,326.63,0.2,653.26,78.39,574.87,269.16,0
2025-003023,2025-12-07 10:52:22,S1029,C00267,P2029,Marketplace,Financiamiento,Black Friday,1,491.5,0.0,491.5,73.72,417.78,271.13,1
2025-003024,2025-05-16 10:40:31,S1007,C00693,P2144,Web,Billetera Digital,Black Friday,4,272.5,0.0,1090.0,141.7,948.3,177.43,0
2025-003025,2025-07-01 23:39:09,S1027,C00178,P2056,Tienda,Tarjeta,Promo 15%,2,886.94,0.0,1773.88,266.08,1507.8,417.23,0
2025-003026,2025-12-22 23:44:45,S1030,C00314,P2060,Web,Efectivo,Promo 10%,2,364.09,0.05,728.18,109.23,618.95,245.82,0
2025-003027,2025-02-27 21:01:18,S1008,C00403,P2045,Call Center,Transferencia,Sin Promo,1,62.02,0.1,62.02,8.06,53.96,46.07,0
2025-003028,2025-06-03 19:03:19,S1043,C00385,P2098,Marketplace,Billetera Digital,Black Friday,1,645.08,0.0,645.08,83.86,561.22,389.5,0
2025-003029,2025-06-05 22:13:16,S1027,C00676,P2056,Web,Transferencia,Black Friday,5,798.25,0.1,3991.25,598.69,3392.56,417.23,0
2025-003030,2025-03-17 05:44:02,S1022,C00255,P2102,Tienda,Financiamiento,2x1,2,500.87,0.0,1001.74,150.26,851.48,270.07,0
2025-003031,2025-03-18 14:12:49,S1013,C00376,P2017,Call Center,Efectivo,Cyber Week,2,280.3,0.0,560.6,67.27,493.33,182.13,0
2025-003032,2025-04-06 16:05:45,S1032,C00600,P2020,Web,Efectivo,Promo 15%,1,49.36,0.0,49.36,7.4,41.96,32.33,0
2025-003033,2025-11-17 05:13:55,S1012,C00223,P2079,Tienda,Efectivo,Sin Promo,1,237.11,0.05,237.11,28.45,208.66,156.92,0
2025-003034,2025-01-02 19:20:51,S1013,C00028,P2123,Tienda,Efectivo,Black Friday,1,166.35,0.05,166.35,19.96,146.39,112.82,0
2025-003035,2025-04-16 09:50:28,S1026,C00191,P2053,Call Center,Transferencia,Promo 15%,2,934.5,0.0,1869.0,280.35,1588.65,436.17,0
2025-003036,2025-05-26 22:09:31,S1002,C00312,P2109,Marketplace,Tarjeta,Promo 15%,1,208.28,0.0,208.28,27.08,181.2,141.94,0
2025-003037,2025-07-30 03:15:15,S1045,C00129,P2004,Marketplace,Financiamiento,Sin Promo,2,543.65,0.0,1087.3,141.35,945.95,298.92,0
2025-003038,2025-11-22 19:08:09,S1009,C00589,P2116,Marketplace,Financiamiento,Promo 10%,4,743.9,0.0,2975.6,386.83,2588.77,358.01,1
2025-003039,2025-11-24 09:24:48,S1032,C00200,P2060,Marketplace,Transferencia,Sin Promo,1,325.76,0.15,325.76,48.86,276.9,245.82,0
2025-003040,2025-01-26 09:18:29,S1033,C00307,P2033,Call Center,Billetera Digital,Promo 10%,1,64.29,0.2,64.29,9.64,54.65,61.26,1
2025-003041,2025-03-23 03:52:07,S1024,C00262,P2063,Tienda,Financiamiento,Cyber Week,6,66.89,0.05,401.34,60.2,341.14,34.56,0
2025-003042,2025-03-01 21:33:41,S1041,C00224,P2031,Tienda,Financiamiento,2x1,1,203.6,0.0,203.6,26.47,177.13,111.43,0
2025-003043,2025-10-19 23:08:24,S1018,C00647,P2156,Call Center,Financiamiento,2x1,3,81.43,0.0,244.29,29.31,214.98,55.02,0
2025-003044,2025-05-28 21:03:00,S1003,C00269,P2070,Tienda,Tarjeta,Promo 15%,2,553.31,0.1,1106.62,143.86,962.76,281.04,0
2025-003045,2025-09-11 21:27:03,S1032,C00725,P2131,Tienda,Financiamiento,Cyber Week,1,167.39,0.15,167.39,25.11,142.28,119.6,0
2025-003046,2025-12-24 13:58:00,S1025,C00077,P2133,Call Center,Financiamiento,Black Friday,3,49.96,0.05,149.88,22.48,127.4,38.56,0
2025-003047,2025-08-31 15:40:43,S1009,C00221,P2099,Call Center,Financiamiento,2x1,2,265.11,0.1,530.22,68.93,461.29,231.19,1
2025-003048,2025-11-15 17:14:00,S1031,C00050,P2012,Tienda,Transferencia,Cyber Week,2,709.5,0.1,1419.0,212.85,1206.15,363.05,0
2025-003049,2025-07-21 16:28:26,S1025,C00236,P2110,Web,Efectivo,Promo 10%,1,395.88,0.05,395.88,59.38,336.5,314.95,0
2025-003050,2025-05-27 02:48:34,S1008,C00569,P2041,Web,Tarjeta,Black Friday,6,41.87,0.1,251.22,32.66,218.56,34.06,0
2025-003051,2025-06-01 10:42:48,S1044,C00673,P2068,Call Center,Transferencia,Black Friday,4,209.44,0.15,837.76,108.91,728.85,122.46,0
2025-003052,2025-12-24 17:40:18,S1033,C00728,P2012,Marketplace,Tarjeta,Sin Promo,1,709.5,0.1,709.5,106.42,603.08,363.05,0
2025-003053,2025-03-06 16:06:51,S1008,C00496,P2034,Tienda,Billetera Digital,2x1,3,262.95,0.0,788.85,102.55,686.3,122.22,0
2025-003054,2025-01-18 19:27:36,S1021,C00769,P2011,Marketplace,Financiamiento,Cyber Week,1,333.81,0.15,333.81,50.07,283.74,309.34,0
2025-003055,2025-03-27 18:50:10,S1032,C00048,P2101,Marketplace,Billetera Digital,Promo 15%,1,336.53,0.0,336.53,50.48,286.05,262.94,0
2025-003056,2025-10-19 11:23:23,S1001,C00674,P2140,Marketplace,Tarjeta,2x1,1,11.53,0.2,11.53,1.5,10.03,6.63,0
2025-003057,2025-01-01 02:55:29,S1036,C00652,P2009,Web,Tarjeta,Black Friday,3,523.01,0.0,1569.03,235.35,1333.68,287.2,0
2025-003058,2025-08-17 03:27:47,S1028,C00753,P2142,Tienda,Billetera Digital,Promo 15%,1,493.89,0.0,493.89,74.08,419.81,331.65,0
2025-003059,2025-11-08 06:01:40,S1025,C00547,P2066,Call Center,Efectivo,Sin Promo,1,472.24,0.1,472.24,70.84,401.4,297.19,0
2025-003060,2025-03-09 00:23:14,S1012,C00458,P2155,Web,Transferencia,Sin Promo,1,125.86,0.2,125.86,15.1,110.76,71.96,0
2025-003061,2025-06-23 23:05:37,S1036,C00038,P2013,Call Center,Billetera Digital,2x1,1,200.2,0.0,200.2,30.03,170.17,98.1,0
2025-003062,2025-08-31 10:43:38,S1015,C00099,P2031,Call Center,Financiamiento,Cyber Week,3,203.6,0.0,610.8,73.3,537.5,111.43,0
2025-003063,2025-07-02 03:01:41,S1020,C00644,P2007,Call Center,Tarjeta,Promo 10%,1,201.43,0.05,201.43,30.21,171.22,162.45,0
2025-003064,2025-08-01 08:27:23,S1012,C00037,P2047,Tienda,Transferencia,Cyber Week,1,433.95,0.05,433.95,52.07,381.88,295.44,0
2025-003065,2025-07-02 12:50:02,S1004,C00484,P2092,Web,Billetera Digital,2x1,1,802.49,0.0,802.49,104.32,698.17,416.32,0
2025-003066,2025-09-23 08:46:57,S1022,C00734,P2054,Marketplace,Transferencia,Promo 15%,4,370.62,0.2,1482.48,222.37,1260.11,220.6,0
2025-003067,2025-05-08 13:35:07,S1024,C00671,P2032,Call Center,Billetera Digital,Cyber Week,1,419.91,0.1,419.91,62.99,356.92,330.43,0
2025-003068,2025-09-12 05:52:47,S1011,C00475,P2083,Call Center,Transferencia,Sin Promo,3,523.42,0.0,1570.26,188.43,1381.83,334.59,0
2025-003069,2025-12-10 02:49:22,S1031,C00120,P2146,Marketplace,Financiamiento,Cyber Week,2,311.26,0.0,622.52,93.38,529.14,242.22,0
2025-003070,2025-01-14 04:33:56,S1024,C00673,P2107,Marketplace,Financiamiento,Black Friday,6,322.0,0.0,1932.0,289.8,1642.2,196.36,1
2025-003071,2025-11-11 13:27:44,S1017,C00404,P2160,Call Center,Tarjeta,Cyber Week,2,649.78,0.2,1299.56,155.95,1143.61,418.28,1
2025-003072,2025-10-03 22:33:01,S1032,C00227,P2111,Web,Billetera Digital,2x1,4,292.12,0.0,1168.48,175.27,993.21,191.52,0
2025-003073,2025-03-28 04:55:33,S1011,C00310,P2099,Marketplace,Tarjeta,2x1,1,265.11,0.1,265.11,31.81,233.3,231.19,0
2025-003074,2025-09-15 00:56:48,S1013,C00677,P2046,Call Center,Financiamiento,Sin Promo,1,362.57,0.0,362.57,43.51,319.06,192.92,0
2025-003075,2025-01-23 16:08:21,S1007,C00431,P2010,Call Center,Financiamiento,Promo 15%,1,363.68,0.1,363.68,47.28,316.4,210.17,1
2025-003076,2025-12-02 00:06:20,S1043,C00570,P2049,Call Center,Billetera Digital,Promo 15%,1,158.27,0.0,158.27,20.58,137.69,89.45,1
2025-003077,2025-08-25 02:01:35,S1042,C00391,P2083,Tienda,Efectivo,Sin Promo,1,523.42,0.0,523.42,68.04,455.38,334.59,0
2025-003078,2025-12-06 03:50:14,S1007,,P2100,Marketplace,Tarjeta,Promo 15%,2,486.17,0.15,972.34,126.4,845.94,422.9,1
2025-003079,2025-04-20 00:13:38,S1030,C00754,P2018,Tienda,Efectivo,Cyber Week,2,352.67,0.1,705.34,105.8,599.54,224.11,0
2025-003080,2025-07-25 22:14:21,S1026,,P2156,Call Center,Financiamiento,Cyber Week,1,73.29,0.1,73.29,10.99,62.3,55.02,0
2025-003081,2025-05-11 13:22:59,S1038,C00697,P2050,Tienda,Transferencia,Cyber Week,1,246.56,0.1,246.56,32.05,214.51,192.16,1
2025-003082,2025-06-21 02:00:02,S1033,C00173,P2043,Call Center,Tarjeta,2x1,1,313.61,0.0,313.61,47.04,266.57,244.5,0
2025-003083,2025-12-16 18:49:57,S1023,C00721,P2074,Call Center,Tarjeta,Promo 10%,1,239.08,0.15,239.08,35.86,203.22,138.92,0
2025-003084,2025-11-13 16:52:42,S1045,C00701,P2032,Call Center,Financiamiento,Promo 10%,1,443.24,0.05,443.24,57.62,385.62,330.43,0
2025-003085,2025-09-03 09:33:04,S1033,C00259,P2134,Marketplace,Efectivo,Promo 10%,2,217.4,0.1,434.8,65.22,369.58,153.79,0
2025-003086,2025-03-14 14:26:59,S1013,C00130,P2098,Tienda,Transferencia,Black Friday,2,516.06,0.2,1032.12,123.85,908.27,389.5,1
2025-003087,2025-09-19 20:32:08,S1040,C00531,P2032,Tienda,Tarjeta,Promo 10%,5,466.57,0.0,2332.85,303.27,2029.58,330.43,1
2025-003088,2025-07-31 12:09:53,S1025,C00667,P2143,Web,Transferencia,Black Friday,1,157.9,0.1,157.9,23.68,134.22,101.86,0
2025-003089,2025-12-15 12:26:39,S1015,C00456,P2095,Call Center,Efectivo,Sin Promo,2,620.44,0.15,1240.88,148.91,1091.97,368.2,0
2025-003090,2025-10-27 11:55:46,S1022,C00357,P2099,Call Center,Tarjeta,Promo 10%,2,265.11,0.1,530.22,79.53,450.69,231.19,1
2025-003091,2025-07-06 23:32:16,S1036,C00787,P2033,Marketplace,Efectivo,Sin Promo,5,80.36,0.0,401.8,60.27,341.53,61.26,0
2025-003092,2025-01-17 07:22:24,S1030,C00536,P2107,Marketplace,Transferencia,Black Friday,5,322.0,0.0,1610.0,241.5,1368.5,196.36,0
2025-003093,2025-12-25 01:37:59,S1034,C00148,P2080,Tienda,Transferencia,Promo 10%,3,241.43,0.2,724.29,108.64,615.65,221.89,1
2025-003094,2025-04-07 05:40:58,S1023,C00391,P2023,Call Center,Transferencia,Promo 15%,1,529.75,0.0,529.75,79.46,450.29,346.8,0
2025-003095,2025-04-09 14:39:49,S1015,C00037,P2045,Tienda,Billetera Digital,Promo 15%,2,68.91,0.0,137.82,16.54,121.28,46.07,1
2025-003096,2025-02-10 10:46:07,S1037,C00313,P2091,Marketplace,Billetera Digital,Sin Promo,1,433.2,0.2,433.2,56.32,376.88,397.11,0
2025-003097,2025-05-21 08:34:33,S1016,C00717,P2119,Web,Financiamiento,Promo 15%,3,763.08,0.0,2289.24,274.71,2014.53,363.73,1
2025-003098,2025-07-06 23:50:31,S1010,C00366,P2023,Call Center,Billetera Digital,Promo 10%,2,503.26,0.05,1006.52,120.78,885.74,346.8,0
2025-003099,2025-12-20 17:34:55,S1035,C00663,P2001,Tienda,Financiamiento,Cyber Week,4,76.66,0.2,306.64,46.0,260.64,59.67,0
2025-003100,2025-08-09 03:39:47,S1027,,P2121,Call Center,Billetera Digital,Cyber Week,1,376.0,0.1,376.0,56.4,319.6,207.12,0
2025-003101,2025-08-13 20:39:19,S1037,C00099,P2022,Web,Billetera Digital,Promo 15%,2,449.93,0.0,899.86,116.98,782.88,325.44,0
2025-003102,2025-07-02 20:57:31,S1009,C00273,P2125,Marketplace,Transferencia,Cyber Week,2,275.72,0.2,551.44,71.69,479.75,235.01,0
2025-003103,2025-11-02 15:28:33,S1012,C00253,P2070,Tienda,Transferencia,Black Friday,1,491.83,0.2,491.83,59.02,432.81,281.04,0
2025-003104,2025-12-27 15:52:43,S1022,C00789,P2041,Tienda,Tarjeta,Promo 15%,3,46.52,0.0,139.56,20.93,118.63,34.06,0
2025-003105,2025-08-18 11:08:17,S1017,C00204,P2057,Tienda,Billetera Digital,Sin Promo,1,398.81,0.05,398.81,47.86,350.95,314.68,1
2025-003106,2025-10-26 08:01:43,S1014,C00734,P2134,Tienda,Billetera Digital,Promo 10%,1,241.56,0.0,241.56,28.99,212.57,153.79,0
2025-003107,2025-09-25 19:21:43,S1014,C00175,P2098,Call Center,Financiamiento,Promo 10%,1,580.57,0.1,580.57,69.67,510.9,389.5,1
2025-003108,2025-12-22 23:23:54,S1045,C00729,P2136,Tienda,Transferencia,Sin Promo,3,139.32,0.1,417.96,54.33,363.63,99.42,0
2025-003109,2025-08-21 19:39:03,S1031,C00781,P2150,Marketplace,Financiamiento,Promo 10%,1,187.26,0.2,187.26,28.09,159.17,154.53,0
2025-003110,2025-05-17 13:28:02,S1014,C00711,P2026,Tienda,Transferencia,2x1,1,459.92,0.0,459.92,55.19,404.73,230.43,0
2025-003111,2025-07-30 05:47:34,S1002,C00050,P2150,Web,Efectivo,2x1,1,187.26,0.2,187.26,24.34,162.92,154.53,0
2025-003112,2025-02-04 22:58:43,S1024,C00310,P2147,Web,Tarjeta,Black Friday,2,465.95,0.15,931.9,139.78,792.12,299.7,0
2025-003113,2025-10-16 05:55:54,S1034,C00187,P2115,Marketplace,Financiamiento,Black Friday,6,316.68,0.15,1900.08,285.01,1615.07,201.2,0
2025-003114,2025-06-06 05:11:52,S1032,C00217,P2076,Marketplace,Efectivo,Promo 15%,1,97.52,0.0,97.52,14.63,82.89,50.2,0
2025-003115,2025-02-10 23:42:25,S1007,C00304,P2068,Call Center,Financiamiento,Cyber Week,6,246.4,0.0,1478.4,192.19,1286.21,122.46,1
2025-003116,2025-04-19 05:45:56,S1008,C00414,P2115,Marketplace,Efectivo,Sin Promo,1,353.94,0.05,353.94,46.01,307.93,201.2,0
2025-003117,2025-03-01 08:50:00,S1021,C00607,P2080,Call Center,Financiamiento,Black Friday,4,241.43,0.2,965.72,144.86,820.86,221.89,0
2025-003118,2025-01-26 09:05:40,S1005,C00070,P2088,Marketplace,Tarjeta,Sin Promo,2,457.54,0.2,915.08,118.96,796.12,308.2,0
2025-003119,2025-01-20 21:29:39,S1010,C00569,P2021,Call Center,Financiamiento,Promo 10%,1,373.55,0.15,373.55,44.83,328.72,239.98,0
2025-003120,2025-06-05 01:59:48,S1035,C00615,P2080,Web,Billetera Digital,Promo 10%,1,241.43,0.2,241.43,36.21,205.22,221.89,0
2025-003121,2025-12-17 06:12:32,S1030,C00008,P2054,Web,Tarjeta,Promo 15%,3,463.28,0.0,1389.84,208.48,1181.36,220.6,0
2025-003122,2025-05-25 12:26:07,S1032,C00705,P2066,Web,Financiamiento,Promo 15%,2,524.71,0.0,1049.42,157.41,892.01,297.19,0
2025-003123,2025-11-19 22:32:18,S1024,C00381,P2116,Marketplace,Efectivo,2x1,2,743.9,0.0,1487.8,223.17,1264.63,358.01,0
2025-003124,2025-07-13 22:18:58,S1038,C00136,P2019,Tienda,Financiamiento,Black Friday,1,471.27,0.0,471.27,61.27,410.0,283.84,0
2025-003125,2025-09-15 08:24:58,S1024,C00634,P2002,Call Center,Billetera Digital,2x1,1,290.16,0.0,290.16,43.52,246.64,134.76,0
2025-003126,2025-12-26 16:14:37,S1017,C00386,P2056,Web,Efectivo,Sin Promo,3,798.25,0.1,2394.75,287.37,2107.38,417.23,0
2025-003127,2025-01-16 02:37:59,S1044,C00561,P2026,Web,Efectivo,2x1,3,436.92,0.05,1310.76,170.4,1140.36,230.43,1
2025-003128,2025-05-01 22:15:11,S1002,C00515,P2051,Web,Tarjeta,Cyber Week,1,855.46,0.0,855.46,111.21,744.25,394.02,0
2025-003129,2025-02-01 15:31:19,S1010,C00422,P2125,Marketplace,Transferencia,Promo 10%,4,344.65,0.0,1378.6,165.43,1213.17,235.01,0
2025-003130,2025-01-11 03:47:45,S1044,C00263,P2089,Web,Efectivo,2x1,3,662.89,0.1,1988.67,258.53,1730.14,351.93,0
2025-003131,2025-12-25 02:14:53,S1006,C00504,P2035,Tienda,Transferencia,Cyber Week,2,770.61,0.15,1541.22,200.36,1340.86,418.3,0
2025-003132,2025-12-26 09:43:09,S1008,C00013,P2088,Tienda,Transferencia,Sin Promo,1,457.54,0.2,457.54,59.48,398.06,308.2,0
2025-003133,2025-12-26 17:16:00,S1004,C00104,P2046,Call Center,Transferencia,Promo 10%,2,362.57,0.0,725.14,94.27,630.87,192.92,0
2025-003134,2025-11-16 03:59:10,S1024,C00297,P2095,Web,Transferencia,Promo 10%,1,620.44,0.15,620.44,93.07,527.37,368.2,0
2025-003135,2025-04-21 07:50:56,S1035,C00463,P2064,Call Center,Financiamiento,Sin Promo,1,82.18,0.1,82.18,12.33,69.85,57.47,1
2025-003136,2025-10-06 17:44:22,S1006,C00793,P2063,Web,Transferencia,Promo 15%,1,66.89,0.05,66.89,8.7,58.19,34.56,0
2025-003137,2025-02-03 18:44:23,S1004,C00745,P2056,Marketplace,Billetera Digital,Cyber Week,1,886.94,0.0,886.94,115.3,771.64,417.23,0
2025-003138,2025-11-08 02:13:39,S1043,C00701,P2123,Web,Financiamiento,Black Friday,1,175.11,0.0,175.11,22.76,152.35,112.82,0
2025-003139,2025-05-07 19:40:58,S1044,C00133,P2064,Call Center,Tarjeta,Promo 10%,1,73.05,0.2,73.05,9.5,63.55,57.47,1
2025-003140,2025-05-28 09:38:02,S1020,C00284,P2128,Tienda,Tarjeta,Sin Promo,2,557.39,0.0,1114.78,167.22,947.56,269.57,0
2025-003141,2025-12-29 17:49:44,S1001,C00630,P2145,Call Center,Transferencia,Promo 10%,2,94.41,0.2,188.82,24.55,164.27,77.61,1
2025-003142,2025-06-07 07:21:57,S1034,C00743,P2042,Marketplace,Transferencia,Cyber Week,2,381.32,0.05,762.64,114.4,648.24,233.31,1
2025-003143,2025-12-17 07:40:03,S1014,C00264,P2046,Call Center,Financiamiento,Promo 15%,1,290.06,0.2,290.06,34.81,255.25,192.92,0
2025-003144,2025-02-11 07:45:24,S1028,C00436,P2045,Call Center,Efectivo,Cyber Week,1,62.02,0.1,62.02,9.3,52.72,46.07,0
2025-003145,2025-02-24 06:44:46,S1017,C00772,P2116,Tienda,Tarjeta,Promo 10%,3,706.7,0.05,2120.1,254.41,1865.69,358.01,0
2025-003146,2025-09-17 09:50:26,S1032,C00131,P2122,Tienda,Tarjeta,Promo 10%,2,647.54,0.05,1295.08,194.26,1100.82,324.38,1
2025-003147,2025-09-07 09:14:33,S1041,C00064,P2158,Web,Transferencia,Promo 10%,2,542.39,0.0,1084.78,141.02,943.76,274.83,0
2025-003148,2025-03-31 08:23:04,S1037,C00426,P2004,Call Center,Efectivo,Cyber Week,2,462.1,0.15,924.2,120.15,804.05,298.92,0
2025-003149,2025-08-28 17:44:11,S1010,C00722,P2065,Marketplace,Financiamiento,Promo 15%,6,347.05,0.15,2082.3,249.88,1832.42,269.16,0
2025-003150,2025-03-26 18:54:40,S1005,C00192,P2127,Call Center,Efectivo,2x1,6,732.66,0.0,4395.96,571.47,3824.49,361.43,0
2025-003151,2025-07-15 19:06:22,S1045,C00739,P2029,Web,Tarjeta,Promo 15%,4,442.35,0.1,1769.4,230.02,1539.38,271.13,0
2025-003152,2025-04-04 05:21:43,S1004,C00615,P2148,Call Center,Financiamiento,2x1,2,539.85,0.2,1079.7,140.36,939.34,390.62,0
2025-003153,2025-08-30 20:39:45,S1002,C00137,P2140,Marketplace,Billetera Digital,2x1,3,13.69,0.05,41.07,5.34,35.73,6.63,0
2025-003154,2025-04-12 11:01:02,S1030,C00041,P2120,Tienda,Efectivo,Black Friday,2,179.55,0.1,359.1,53.87,305.23,113.2,0
2025-003155,2025-06-02 02:50:04,S1006,C00720,P2140,Web,Billetera Digital,Black Friday,2,14.41,0.0,28.82,3.75,25.07,6.63,0
2025-003156,2025-01-16 05:43:37,S1016,C00489,P2111,Call Center,Transferencia,Promo 15%,2,262.91,0.1,525.82,63.1,462.72,191.52,0
2025-003157,2025-01-21 22:22:52,S1037,C00728,P2019,Marketplace,Tarjeta,Cyber Week,4,447.71,0.05,1790.84,232.81,1558.03,283.84,0
2025-003158,2025-07-14 02:24:24,S1027,C00667,P2066,Marketplace,Transferencia,Sin Promo,1,524.71,0.0,524.71,78.71,446.0,297.19,0
2025-003159,2025-09-23 16:31:32,S1002,C00247,P2007,Marketplace,Transferencia,Black Friday,1,201.43,0.05,201.43,26.19,175.24,162.45,0
2025-003160,2025-11-12 06:15:39,S1015,C00601,P2027,Tienda,Efectivo,Cyber Week,2,315.14,0.05,630.28,75.63,554.65,230.42,0
2025-003161,2025-04-24 05:25:29,S1009,C00437,P2024,Marketplace,Efectivo,2x1,1,300.46,0.05,300.46,39.06,261.4,197.91,0
2025-003162,2025-06-16 18:25:51,S1040,C00168,P2025,Marketplace,Financiamiento,Promo 10%,1,631.06,0.05,631.06,82.04,549.02,394.63,0
2025-003163,2025-02-11 17:41:16,S1021,C00447,P2037,Call Center,Billetera Digital,Black Friday,1,530.23,0.15,530.23,79.53,450.7,405.23,0
2025-003164,2025-01-17 14:52:26,S1018,C00381,P2012,Call Center,Tarjeta,2x1,3,630.66,0.2,1891.98,227.04,1664.94,363.05,0
2025-003165,2025-04-28 22:24:44,S1012,C00124,P2089,Call Center,Efectivo,Cyber Week,1,699.71,0.05,699.71,83.97,615.74,351.93,1
2025-003166,2025-08-22 09:28:21,S1027,C00418,P2108,Call Center,Billetera Digital,Promo 15%,4,269.21,0.05,1076.84,161.53,915.31,144.01,0
2025-003167,2025-05-31 03:02:33,S1017,C00322,P2046,Tienda,Efectivo,Sin Promo,2,290.06,0.2,580.12,69.61,510.51,192.92,0
2025-003168,2025-07-16 03:05:28,S1041,C00599,P2021,Web,Efectivo,Promo 10%,1,351.58,0.2,351.58,45.71,305.87,239.98,0
2025-003169,2025-06-16 16:03:06,S1021,C00188,P2052,Web,Transferencia,Sin Promo,2,75.75,0.2,151.5,22.72,128.78,47.67,0
2025-003170,2025-01-31 06:53:52,S1009,C00747,P2133,Call Center,Efectivo,Promo 15%,2,52.59,0.0,105.18,13.67,91.51,38.56,0
2025-003171,2025-10-15 10:44:20,S1033,C00644,P2049,Web,Financiamiento,Promo 10%,1,158.27,0.0,158.27,23.74,134.53,89.45,0
2025-003172,2025-11-21 00:33:26,S1029,C00415,P2053,Tienda,Efectivo,2x1,1,794.32,0.15,794.32,119.15,675.17,436.17,0
2025-003173,2025-10-14 01:27:58,S1021,C00004,P2151,Tienda,Billetera Digital,Cyber Week,2,196.94,0.2,393.88,59.08,334.8,116.51,0
2025-003174,2025-11-19 02:01:50,S1029,C00254,P2097,Marketplace,Efectivo,Sin Promo,1,521.13,0.0,521.13,78.17,442.96,298.37,0
2025-003175,2025-04-24 09:36:43,S1014,C00508,P2133,Tienda,Billetera Digital,2x1,1,47.33,0.1,47.33,5.68,41.65,38.56,0
2025-003176,2025-06-15 22:34:16,S1035,C00421,P2093,Marketplace,Financiamiento,Cyber Week,4,147.96,0.0,591.84,88.78,503.06,75.0,0
2025-003177,2025-11-23 11:09:12,S1033,C00048,P2108,Tienda,Transferencia,2x1,4,283.38,0.0,1133.52,170.03,963.49,144.01,0
2025-003178,2025-09-15 09:29:48,S1008,C00335,P2016,Tienda,Transferencia,Promo 10%,1,172.59,0.0,172.59,22.44,150.15,121.18,1
2025-003179,2025-08-18 06:05:21,S1004,C00053,P2054,Marketplace,Tarjeta,Cyber Week,6,463.28,0.0,2779.68,361.36,2418.32,220.6,1
2025-003180,2025-11-16 02:47:27,S1041,C00603,P2108,Web,Efectivo,2x1,2,283.38,0.0,566.76,73.68,493.08,144.01,0
2025-003181,2025-07-12 07:55:05,S1026,C00471,P2095,Web,Transferencia,Sin Promo,2,583.94,0.2,1167.88,175.18,992.7,368.2,0
2025-003182,2025-05-06 15:20:05,S1015,C00665,P2006,Web,Efectivo,Sin Promo,2,361.81,0.1,723.62,86.83,636.79,287.52,0
2025-003183,2025-06-12 05:56:32,S1034,C00670,P2145,Web,Financiamiento,Promo 15%,3,118.01,0.0,354.03,53.1,300.93,77.61,0
2025-003184,2025-02-12 02:11:47,S1025,C00574,P2040,Tienda,Billetera Digital,Promo 15%,1,59.49,0.0,59.49,8.92,50.57,35.66,0
2025-003185,2025-09-21 10:40:07,S1026,C00066,P2122,Marketplace,Transferencia,Promo 10%,2,681.62,0.0,1363.24,204.49,1158.75,324.38,0
2025-003186,2025-09-21 09:48:09,S1041,C00491,P2075,Call Center,Transferencia,Black Friday,3,464.04,0.2,1392.12,180.98,1211.14,301.87,0
2025-003187,2025-12-22 09:33:23,S1025,C00747,P2037,Call Center,Tarjeta,Promo 15%,2,623.8,0.0,1247.6,187.14,1060.46,405.23,0
2025-003188,2025-11-18 21:16:22,S1013,C00639,P2070,Call Center,Transferencia,2x1,1,553.31,0.1,553.31,66.4,486.91,281.04,0
2025-003189,2025-05-02 15:32:13,S1019,C00676,P2065,Call Center,Efectivo,Promo 10%,4,347.05,0.15,1388.2,208.23,1179.97,269.16,0
2025-003190,2025-06-27 08:32:39,S1026,C00137,P2068,Tienda,Efectivo,Sin Promo,4,246.4,0.0,985.6,147.84,837.76,122.46,0
2025-003191,2025-09-06 23:40:13,S1020,C00400,P2025,Web,Transferencia,Sin Promo,1,631.06,0.05,631.06,94.66,536.4,394.63,1
2025-003192,2025-03-08 09:04:43,S1024,C00563,P2030,Web,Tarjeta,2x1,2,514.37,0.05,1028.74,154.31,874.43,418.38,0
2025-003193,2025-06-28 07:33:28,S1042,C00109,P2052,Marketplace,Transferencia,Promo 10%,1,94.69,0.0,94.69,12.31,82.38,47.67,0
2025-003194,2025-02-15 13:01:10,S1020,C00067,P2098,Tienda,Transferencia,Black Friday,2,580.57,0.1,1161.14,174.17,986.97,389.5,0
2025-003195,2025-03-31 01:54:41,S1024,C00053,P2065,Call Center,Billetera Digital,2x1,1,367.46,0.1,367.46,55.12,312.34,269.16,0
2025-003196,2025-06-08 06:27:15,S1022,C00707,P2093,Tienda,Financiamiento,Promo 10%,1,133.16,0.1,133.16,19.97,113.19,75.0,0
2025-003197,2025-02-17 08:16:00,S1035,C00137,P2011,Call Center,Financiamiento,Promo 15%,1,392.72,0.0,392.72,58.91,333.81,309.34,0
2025-003198,2025-12-18 03:19:24,S1043,C00361,P2128,Web,Financiamiento,Black Friday,1,445.91,0.2,445.91,57.97,387.94,269.57,0
2025-003199,2025-10-22 06:25:09,S1044,C00718,P2102,Marketplace,Efectivo,Promo 10%,3,475.83,0.05,1427.49,185.57,1241.92,270.07,0
2025-003200,2025-05-08 02:02:20,S1006,C00106,P2041,Call Center,Efectivo,Sin Promo,1,37.22,0.2,37.22,4.84,32.38,34.06,1
2025-003201,2025-03-09 18:30:07,S1043,C00299,P2002,Call Center,Tarjeta,2x1,1,290.16,0.0,290.16,37.72,252.44,134.76,0
2025-003202,2025-05-07 12:54:58,S1016,C00278,P2131,Call Center,Tarjeta,2x1,1,196.93,0.0,196.93,23.63,173.3,119.6,0
2025-003203,2025-02-14 10:18:14,S1037,C00318,P2015,Marketplace,Transferencia,Sin Promo,3,173.77,0.0,521.31,67.77,453.54,122.14,1
2025-003204,2025-07-08 14:33:45,S1007,C00757,P2090,Tienda,Transferencia,Cyber Week,6,117.69,0.05,706.14,91.8,614.34,72.93,1
2025-003205,2025-12-11 15:16:02,S1005,C00232,P2041,Call Center,Billetera Digital,Cyber Week,4,46.52,0.0,186.08,24.19,161.89,34.06,0
2025-003206,2025-09-16 13:41:14,S1016,C00691,P2059,Tienda,Financiamiento,Promo 10%,5,130.71,0.0,653.55,78.43,575.12,101.09,0
2025-003207,2025-12-21 07:08:32,S1031,C00667,P2087,Tienda,Tarjeta,Promo 10%,4,307.59,0.05,1230.36,184.55,1045.81,166.63,0
2025-003208,2025-10-18 15:47:58,S1019,C00318,P2160,Call Center,Billetera Digital,Cyber Week,1,771.61,0.05,771.61,115.74,655.87,418.28,0
2025-003209,2025-08-31 10:39:58,S1016,C00754,P2027,Web,Transferencia,Promo 10%,1,331.73,0.0,331.73,39.81,291.92,230.42,0
2025-003210,2025-04-24 09:16:14,S1011,C00260,P2001,Call Center,Billetera Digital,Sin Promo,2,91.03,0.05,182.06,21.85,160.21,59.67,0
2025-003211,2025-10-12 17:36:51,S1011,C00520,P2120,Tienda,Financiamiento,2x1,1,179.55,0.1,179.55,21.55,158.0,113.2,0
2025-003212,2025-11-01 23:54:01,S1013,C00347,P2066,Web,Efectivo,Promo 10%,3,524.71,0.0,1574.13,188.9,1385.23,297.19,0
2025-003213,2025-06-16 07:44:17,S1027,C00510,P2111,Marketplace,Efectivo,Promo 10%,2,248.3,0.15,496.6,74.49,422.11,191.52,1
2025-003214,2025-03-25 03:16:38,S1006,C00390,P2127,Tienda,Billetera Digital,Black Friday,1,622.76,0.15,622.76,80.96,541.8,361.43,0
2025-003215,2025-11-18 03:19:15,S1011,C00111,P2128,Marketplace,Efectivo,Promo 15%,3,501.65,0.1,1504.95,180.59,1324.36,269.57,0
2025-003216,2025-02-06 02:27:50,S1027,C00590,P2002,Tienda,Financiamiento,Cyber Week,3,246.64,0.15,739.92,110.99,628.93,134.76,0
2025-003217,2025-05-11 17:25:03,S1009,C00490,P2146,Web,Efectivo,Promo 10%,1,311.26,0.0,311.26,40.46,270.8,242.22,0
2025-003218,2025-09-14 13:06:14,S1015,C00029,P2022,Tienda,Financiamiento,Promo 15%,1,449.93,0.0,449.93,53.99,395.94,325.44,0
2025-003219,2025-12-10 05:09:39,S1032,C00611,P2042,Marketplace,Billetera Digital,Cyber Week,1,401.39,0.0,401.39,60.21,341.18,233.31,0
2025-003220,2025-12-12 05:11:46,S1010,C00007,P2131,Marketplace,Financiamiento,2x1,1,196.93,0.0,196.93,23.63,173.3,119.6,1
2025-003221,2025-10-06 07:14:26,S1032,C00324,P2130,Tienda,Transferencia,Black Friday,2,596.1,0.15,1192.2,178.83,1013.37,404.15,0
2025-003222,2025-10-24 08:25:55,S1032,C00215,P2115,Marketplace,Efectivo,2x1,1,298.06,0.2,298.06,44.71,253.35,201.2,0
2025-003223,2025-01-11 13:15:03,S1021,C00401,P2116,Call Center,Tarjeta,2x1,1,743.9,0.0,743.9,111.58,632.32,358.01,0
2025-003224,2025-04-14 12:00:01,S1026,C00201,P2015,Web,Financiamiento,Promo 15%,1,147.7,0.15,147.7,22.15,125.55,122.14,0
2025-003225,2025-03-24 09:07:02,S1027,C00303,P2075,Call Center,Efectivo,Promo 10%,2,580.05,0.0,1160.1,174.01,986.09,301.87,0
2025-003226,2025-05-14 02:04:37,S1037,C00314,P2144,Call Center,Transferencia,Sin Promo,1,231.62,0.15,231.62,30.11,201.51,177.43,0
2025-003227,2025-11-25 05:59:23,S1027,C00380,P2096,Tienda,Tarjeta,Promo 15%,1,604.2,0.05,604.2,90.63,513.57,369.96,1
2025-003228,2025-01-15 06:23:24,S1029,,P2140,Tienda,Financiamiento,2x1,1,14.41,0.0,14.41,2.16,12.25,6.63,0
2025-003229,2025-11-13 02:18:23,S1017,C00462,P2057,Marketplace,Efectivo,Black Friday,2,419.8,0.0,839.6,100.75,738.85,314.68,1
2025-003230,2025-12-27 03:22:39,S1022,C00688,P2038,Marketplace,Tarjeta,2x1,2,118.96,0.15,237.92,35.69,202.23,104.22,0
2025-003231,2025-04-05 01:28:49,S1034,C00439,P2108,Marketplace,Tarjeta,Cyber Week,3,283.38,0.0,850.14,127.52,722.62,144.01,0
2025-003232,2025-10-27 15:18:53,S1016,C00111,P2056,Call Center,Billetera Digital,2x1,1,886.94,0.0,886.94,106.43,780.51,417.23,0
2025-003233,2025-01-09 23:51:25,S1044,C00783,P2021,Web,Efectivo,Black Friday,1,417.5,0.05,417.5,54.27,363.23,239.98,0
2025-003234,2025-06-10 19:52:54,S1014,C00476,P2074,Tienda,Financiamiento,Promo 15%,1,281.27,0.0,281.27,33.75,247.52,138.92,0
2025-003235,2025-07-18 04:09:42,S1031,C00277,P2002,Tienda,Efectivo,2x1,3,232.13,0.2,696.39,104.46,591.93,134.76,0
2025-003236,2025-06-05 08:36:55,S1022,C00686,P2087,Tienda,Tarjeta,Promo 10%,1,307.59,0.05,307.59,46.14,261.45,166.63,0
2025-003237,2025-03-13 20:42:09,S1036,C00446,P2101,Tienda,Transferencia,Black Friday,1,319.7,0.05,319.7,47.95,271.75,262.94,0
2025-003238,2025-10-24 02:36:34,S1006,C00324,P2039,Call Center,Transferencia,Promo 10%,2,381.6,0.2,763.2,99.22,663.98,251.05,0
2025-003239,2025-10-06 21:03:47,S1004,C00381,P2127,Tienda,Billetera Digital,Cyber Week,2,696.03,0.05,1392.06,180.97,1211.09,361.43,0
2025-003240,2025-12-27 02:11:57,S1012,C00628,P2054,Call Center,Tarjeta,Promo 10%,1,370.62,0.2,370.62,44.47,326.15,220.6,0
2025-003241,2025-09-13 07:56:51,S1006,C00132,P2018,Marketplace,Efectivo,Cyber Week,2,372.27,0.05,744.54,96.79,647.75,224.11,1
2025-003242,2025-07-01 21:54:31,S1027,C00493,P2035,Call Center,Tarjeta,Promo 10%,1,861.27,0.05,861.27,129.19,732.08,418.3,0
2025-003243,2025-02-20 09:28:43,S1020,C00671,P2110,Marketplace,Transferencia,Sin Promo,1,354.21,0.15,354.21,53.13,301.08,314.95,0
2025-003244,2025-07-15 23:24:36,S1023,C00656,P2084,Marketplace,Tarjeta,Black Friday,4,9.8,0.1,39.2,5.88,33.32,8.31,0
2025-003245,2025-04-29 10:47:09,S1033,C00658,P2084,Call Center,Efectivo,Cyber Week,1,10.89,0.0,10.89,1.63,9.26,8.31,0
2025-003246,2025-01-18 17:00:54,S1022,C00186,P2066,Web,Transferencia,Sin Promo,1,446.0,0.15,446.0,66.9,379.1,297.19,1
2025-003247,2025-04-25 17:37:18,S1022,C00326,P2046,Marketplace,Billetera Digital,Promo 15%,2,344.44,0.05,688.88,103.33,585.55,192.92,0
2025-003248,2025-12-01 08:19:08,S1030,C00277,P2005,Call Center,Transferencia,Promo 10%,1,518.63,0.05,518.63,77.79,440.84,390.45,0
2025-003249,2025-05-21 09:58:23,S1011,C00632,P2107,Web,Tarjeta,Promo 15%,1,305.9,0.05,305.9,36.71,269.19,196.36,0
2025-003250,2025-05-07 20:17:52,S1007,C00597,P2033,Marketplace,Tarjeta,Black Friday,1,80.36,0.0,80.36,10.45,69.91,61.26,1
2025-003251,2025-09-14 17:47:58,S1022,C00418,P2090,Call Center,Tarjeta,Promo 10%,1,99.1,0.2,99.1,14.86,84.24,72.93,0
2025-003252,2025-11-17 06:58:02,S1028,C00727,P2132,Web,Tarjeta,Black Friday,4,273.37,0.15,1093.48,164.02,929.46,220.13,0
2025-003253,2025-04-21 17:09:28,S1010,C00349,P2153,Web,Tarjeta,2x1,2,407.91,0.0,815.82,97.9,717.92,293.96,0
2025-003254,2025-03-22 16:58:20,S1027,C00718,P2044,Web,Billetera Digital,Black Friday,3,385.97,0.15,1157.91,173.69,984.22,214.81,0
2025-003255,2025-11-06 22:51:53,S1013,C00288,P2134,Tienda,Financiamiento,Promo 15%,1,205.33,0.15,205.33,24.64,180.69,153.79,0
2025-003256,2025-04-07 18:57:04,S1020,C00473,P2060,Web,Financiamiento,Promo 10%,3,344.93,0.1,1034.79,155.22,879.57,245.82,0
2025-003257,2025-06-20 00:26:41,S1039,C00735,P2155,Call Center,Billetera Digital,Cyber Week,2,157.33,0.0,314.66,40.91,273.75,71.96,0
2025-003258,2025-08-17 13:53:35,S1034,C00416,P2137,Tienda,Efectivo,Promo 15%,1,428.74,0.0,428.74,64.31,364.43,246.0,0
2025-003259,2025-09-14 11:28:38,S1002,C00652,P2136,Marketplace,Financiamiento,Promo 10%,3,154.8,0.0,464.4,60.37,404.03,99.42,0
2025-003260,2025-05-19 17:30:54,S1026,C00698,P2041,Marketplace,Tarjeta,Promo 10%,2,46.52,0.0,93.04,13.96,79.08,34.06,0
2025-003261,2025-04-24 06:15:20,S1017,C00648,P2039,Marketplace,Efectivo,Sin Promo,3,477.0,0.0,1431.0,171.72,1259.28,251.05,1
2025-003262,2025-11-15 10:28:31,S1002,C00102,P2033,Tienda,Billetera Digital,Promo 15%,1,80.36,0.0,80.36,10.45,69.91,61.26,0
2025-003263,2025-07-01 18:40:10,S1004,C00381,P2035,Web,Billetera Digital,Promo 15%,1,906.6,0.0,906.6,117.86,788.74,418.3,0
2025-003264,2025-09-17 20:18:08,S1030,C00534,P2159,Marketplace,Financiamiento,Black Friday,5,576.79,0.1,2883.95,432.59,2451.36,434.27,0
2025-003265,2025-10-30 21:03:43,S1019,C00341,P2107,Call Center,Billetera Digital,Cyber Week,1,273.7,0.15,273.7,41.05,232.65,196.36,0
2025-003266,2025-04-18 16:29:58,S1005,C00591,P2052,Call Center,Transferencia,Cyber Week,2,75.75,0.2,151.5,19.7,131.8,47.67,0
2025-003267,2025-09-13 14:49:44,S1015,C00684,P2005,Call Center,Efectivo,Promo 10%,1,545.93,0.0,545.93,65.51,480.42,390.45,0
2025-003268,2025-02-01 05:49:49,S1040,C00478,P2118,Tienda,Billetera Digital,Cyber Week,3,61.89,0.05,185.67,24.14,161.53,45.65,0
2025-003269,2025-09-25 13:35:47,S1008,C00240,P2147,Marketplace,Transferencia,Sin Promo,3,548.18,0.0,1644.54,213.79,1430.75,299.7,0
2025-003270,2025-11-11 03:55:53,S1036,C00101,P2108,Call Center,Financiamiento,Black Friday,1,255.04,0.1,255.04,38.26,216.78,144.01,1
2025-003271,2025-04-18 01:37:58,S1023,C00340,P2023,Marketplace,Transferencia,Black Friday,1,529.75,0.0,529.75,79.46,450.29,346.8,0
2025-003272,2025-03-02 20:33:27,S1038,C00601,P2041,Web,Financiamiento,,4,41.87,0.1,167.48,21.77,145.71,34.06,0
2025-003273,2025-03-16 21:48:42,S1020,C00090,P2106,Marketplace,Billetera Digital,Promo 10%,1,438.35,0.05,438.35,65.75,372.6,310.34,0
2025-003274,2025-12-28 22:41:24,S1032,C00315,P2076,Tienda,Financiamiento,Promo 15%,1,97.52,0.0,97.52,14.63,82.89,50.2,0
2025-003275,2025-04-10 03:45:43,S1023,C00515,P2159,Web,Billetera Digital,Black Friday,1,544.75,0.15,544.75,81.71,463.04,434.27,0
2025-003276,2025-01-17 00:36:14,S1029,C00701,P2042,Tienda,Tarjeta,Cyber Week,3,341.18,0.15,1023.54,153.53,870.01,233.31,0
2025-003277,2025-08-29 16:18:32,S1012,C00597,P2077,Tienda,Financiamiento,Sin Promo,4,794.69,0.0,3178.76,381.45,2797.31,400.81,1
2025-003278,2025-11-15 17:01:09,S1006,C00291,P2019,Web,Billetera Digital,Promo 15%,1,447.71,0.05,447.71,58.2,389.51,283.84,0
2025-003279,2025-10-16 04:41:55,S1037,C00649,P2123,Marketplace,Billetera Digital,Sin Promo,1,166.35,0.05,166.35,21.63,144.72,112.82,0
2025-003280,2025-12-26 22:25:38,S1012,C00408,P2033,Tienda,Efectivo,Black Friday,5,80.36,0.0,401.8,48.22,353.58,61.26,0
2025-003281,2025-11-25 02:30:16,S1001,C00754,P2139,Marketplace,Transferencia,Cyber Week,1,17.24,0.15,17.24,2.24,15.0,12.71,0
2025-003282,2025-12-27 16:48:04,S1014,,P2067,Call Center,Efectivo,2x1,1,582.45,0.0,582.45,69.89,512.56,420.88,0
2025-003283,2025-04-23 09:59:53,S1034,C00642,P2026,Web,Transferencia,Promo 15%,1,367.94,0.2,367.94,55.19,312.75,230.43,0
2025-003284,2025-05-12 07:22:56,S1012,C00548,P2125,Marketplace,Transferencia,,2,275.72,0.2,551.44,66.17,485.27,235.01,1
2025-003285,2025-04-12 17:55:22,S1039,C00445,P2144,Marketplace,Transferencia,Promo 15%,1,245.25,0.1,245.25,31.88,213.37,177.43,0
2025-003286,2025-06-25 21:37:56,S1019,C00524,P2020,Tienda,Transferencia,Promo 15%,2,49.36,0.0,98.72,14.81,83.91,32.33,0
2025-003287,2025-12-02 21:45:51,S1020,C00030,P2135,Call Center,Tarjeta,Sin Promo,1,152.93,0.0,152.93,22.94,129.99,71.27,1
2025-003288,2025-01-19 06:05:52,S1008,C00712,P2014,Marketplace,Financiamiento,2x1,1,387.17,0.1,387.17,50.33,336.84,296.33,0
2025-003289,2025-07-30 00:41:41,S1034,C00774,P2080,Call Center,Financiamiento,Sin Promo,4,301.79,0.0,1207.16,181.07,1026.09,221.89,0
2025-003290,2025-12-19 15:07:26,S1014,C00030,P2153,Marketplace,Efectivo,Black Friday,2,407.91,0.0,815.82,97.9,717.92,293.96,1
2025-003291,2025-07-12 16:17:55,S1036,C00660,P2092,Web,Transferencia,Black Friday,3,641.99,0.2,1925.97,288.9,1637.07,416.32,0
2025-003292,2025-05-18 08:50:35,S1039,C00759,P2089,Tienda,Financiamiento,Promo 15%,1,589.23,0.2,589.23,76.6,512.63,351.93,0
2025-003293,2025-09-29 01:58:07,S1040,C00364,P2043,Marketplace,Transferencia,Cyber Week,2,313.61,0.0,627.22,81.54,545.68,244.5,0
2025-003294,2025-05-06 01:04:15,S1025,C00140,P2080,Web,Financiamiento,Sin Promo,1,286.7,0.05,286.7,43.0,243.7,221.89,0
2025-003295,2025-04-29 12:54:36,S1005,C00181,P2011,Marketplace,Transferencia,Sin Promo,2,333.81,0.15,667.62,86.79,580.83,309.34,0
2025-003296,2025-09-01 05:11:51,S1044,C00723,P2086,Call Center,Billetera Digital,Cyber Week,2,109.2,0.0,218.4,28.39,190.01,70.05,0
2025-003297,2025-11-09 12:26:18,S1019,C00686,P2026,Tienda,Tarjeta,Promo 15%,1,459.92,0.0,459.92,68.99,390.93,230.43,0
2025-003298,2025-08-12 20:01:01,S1033,C00493,P2038,Tienda,Financiamiento,Promo 10%,3,132.95,0.05,398.85,59.83,339.02,104.22,0
2025-003299,2025-11-07 08:57:53,S1014,C00593,P2153,Call Center,Financiamiento,Cyber Week,1,407.91,0.0,407.91,48.95,358.96,293.96,0
2025-003300,2025-08-23 11:44:50,S1040,C00217,P2142,Web,Financiamiento,Cyber Week,2,419.81,0.15,839.62,109.15,730.47,331.65,0
2025-003301,2025-02-04 18:54:22,S1028,C00092,P2049,Tienda,Efectivo,Black Friday,2,158.27,0.0,316.54,47.48,269.06,89.45,0
2025-003302,2025-02-22 08:32:07,S1031,C00136,P2119,Call Center,Billetera Digital,Cyber Week,4,763.08,0.0,3052.32,457.85,2594.47,363.73,0
2025-003303,2025-07-17 10:10:51,S1019,C00630,P2010,Tienda,Financiamiento,Promo 10%,1,343.48,0.15,343.48,51.52,291.96,210.17,0
2025-003304,2025-07-06 13:34:33,S1021,C00459,P2033,Tienda,Efectivo,Black Friday,2,80.36,0.0,160.72,24.11,136.61,61.26,0
2025-003305,2025-06-04 10:16:29,S1023,C00142,P2030,Tienda,Efectivo,2x1,3,487.3,0.1,1461.9,219.28,1242.62,418.38,0
2025-003306,2025-01-26 05:23:02,S1031,C00073,P2043,Marketplace,Financiamiento,Promo 15%,1,313.61,0.0,313.61,47.04,266.57,244.5,0
2025-003307,2025-03-13 16:29:37,S1030,C00654,P2123,Tienda,Billetera Digital,2x1,1,175.11,0.0,175.11,26.27,148.84,112.82,1
2025-003308,2025-02-19 21:29:59,S1013,C00424,P2101,Call Center,Tarjeta,Cyber Week,5,269.22,0.2,1346.1,161.53,1184.57,262.94,0
2025-003309,2025-02-28 11:06:04,S1011,C00611,P2143,Marketplace,Transferencia,Promo 10%,2,140.35,0.2,280.7,33.68,247.02,101.86,0
2025-003310,2025-04-27 03:26:02,S1030,C00765,P2036,Tienda,Efectivo,Promo 10%,5,288.63,0.0,1443.15,216.47,1226.68,143.03,0
2025-003311,2025-07-08 04:09:56,S1005,C00274,P2036,Tienda,Efectivo,Promo 15%,4,288.63,0.0,1154.52,150.09,1004.43,143.03,0
2025-003312,2025-03-11 23:49:59,S1021,C00083,P2047,Tienda,Efectivo,Sin Promo,4,433.95,0.05,1735.8,260.37,1475.43,295.44,0
2025-003313,2025-06-15 04:33:52,S1023,C00614,P2003,Tienda,Financiamiento,Black Friday,1,457.85,0.1,457.85,68.68,389.17,261.5,0
2025-003314,2025-04-01 20:15:49,S1012,C00301,P2054,Marketplace,Billetera Digital,2x1,4,370.62,0.2,1482.48,177.9,1304.58,220.6,0
2025-003315,2025-08-10 11:30:55,S1026,C00783,P2123,Marketplace,Financiamiento,Sin Promo,6,175.11,0.0,1050.66,157.6,893.06,112.82,0
2025-003316,2025-05-08 14:09:11,S1042,C00649,P2031,Tienda,Tarjeta,Promo 15%,1,183.24,0.1,183.24,23.82,159.42,111.43,0
2025-003317,2025-09-01 13:50:44,S1021,C00246,P2089,Marketplace,Financiamiento,Sin Promo,1,699.71,0.05,699.71,104.96,594.75,351.93,0
2025-003318,2025-04-06 23:58:24,S1040,C00372,P2157,Tienda,Financiamiento,2x1,2,223.38,0.0,446.76,58.08,388.68,118.28,0
2025-003319,2025-09-16 22:51:29,S1002,C00188,P2070,Call Center,Financiamiento,Black Friday,4,522.57,0.15,2090.28,271.74,1818.54,281.04,0
2025-003320,2025-04-03 14:58:15,S1006,C00060,P2130,Web,Billetera Digital,Sin Promo,6,561.03,0.2,3366.18,437.6,2928.58,404.15,0
2025-003321,2025-03-15 06:13:57,S1009,C00416,P2074,Tienda,Efectivo,Cyber Week,1,253.14,0.1,253.14,32.91,220.23,138.92,0
2025-003322,2025-12-29 23:15:33,S1008,C00616,P2081,Marketplace,Tarjeta,Promo 15%,2,399.31,0.0,798.62,103.82,694.8,192.91,0
2025-003323,2025-06-22 08:51:31,S1008,C00673,P2149,Marketplace,Billetera Digital,Promo 15%,2,224.81,0.0,449.62,58.45,391.17,173.08,0
2025-003324,2025-07-29 17:40:12,S1022,C00785,P2018,Marketplace,Efectivo,Black Friday,4,352.67,0.1,1410.68,211.6,1199.08,224.11,0
2025-003325,2025-05-17 13:50:00,S1005,C00712,P2111,Tienda,Efectivo,Promo 10%,1,292.12,0.0,292.12,37.98,254.14,191.52,0
2025-003326,2025-08-16 07:10:33,S1043,C00114,P2078,Tienda,Financiamiento,Cyber Week,2,165.66,0.0,331.32,43.07,288.25,125.47,0
2025-003327,2025-07-08 16:56:40,S1024,C00073,P2049,Web,Tarjeta,2x1,2,158.27,0.0,316.54,47.48,269.06,89.45,0
2025-003328,2025-11-21 01:15:37,S1027,C00028,P2096,Call Center,Billetera Digital,2x1,3,636.0,0.0,1908.0,286.2,1621.8,369.96,0
2025-003329,2025-01-18 08:56:11,S1027,C00246,P2022,Web,Tarjeta,Cyber Week,1,382.44,0.15,382.44,57.37,325.07,325.44,0
2025-003330,2025-09-11 06:52:13,S1034,C00379,P2056,Marketplace,Financiamiento,2x1,3,886.94,0.0,2660.82,399.12,2261.7,417.23,0
2025-003331,2025-03-23 11:39:01,S1026,C00749,P2016,Call Center,Efectivo,Sin Promo,1,155.33,0.1,155.33,23.3,132.03,121.18,0
2025-003332,2025-04-20 03:01:17,S1026,C00746,P2130,Web,Tarjeta,Sin Promo,1,596.1,0.15,596.1,89.42,506.68,404.15,0
2025-003333,2025-11-10 20:50:38,S1028,C00665,P2102,Call Center,Billetera Digital,Sin Promo,2,400.7,0.2,801.4,120.21,681.19,270.07,0
2025-003334,2025-12-09 16:44:03,S1002,C00214,P2061,Web,Transferencia,Cyber Week,3,34.14,0.2,102.42,13.31,89.11,26.36,0
2025-003335,2025-05-02 14:31:27,S1005,C00725,P2088,Web,Billetera Digital,Sin Promo,4,571.92,0.0,2287.68,297.4,1990.28,308.2,0
2025-003336,2025-12-10 05:31:03,S1012,C00570,P2006,Call Center,Efectivo,Promo 10%,1,341.71,0.15,341.71,41.01,300.7,287.52,0
2025-003337,2025-09-17 11:23:23,S1042,C00188,P2064,Web,Billetera Digital,Black Friday,1,91.31,0.0,91.31,11.87,79.44,57.47,0
2025-003338,2025-06-09 08:47:14,S1013,C00444,P2087,Call Center,Efectivo,Black Friday,3,307.59,0.05,922.77,110.73,812.04,166.63,0
2025-003339,2025-08-25 04:03:20,S1036,C00116,P2037,Call Center,Financiamiento,Cyber Week,1,530.23,0.15,530.23,79.53,450.7,405.23,0
2025-003340,2025-04-12 05:33:56,S1021,C00109,P2033,Web,Tarjeta,2x1,3,80.36,0.0,241.08,36.16,204.92,61.26,1
2025-003341,2025-09-05 19:38:27,S1042,C00477,P2063,Call Center,Financiamiento,Black Friday,6,56.33,0.2,337.98,43.94,294.04,34.56,0
2025-003342,2025-12-15 01:55:09,S1007,C00619,P2061,Tienda,Financiamiento,Promo 15%,1,42.68,0.0,42.68,5.55,37.13,26.36,0
2025-003343,2025-05-28 03:27:15,S1005,C00360,P2143,Marketplace,Tarjeta,Cyber Week,1,157.9,0.1,157.9,20.53,137.37,101.86,0
2025-003344,2025-12-21 10:41:51,S1027,C00543,P2018,Call Center,Efectivo,Black Friday,2,333.08,0.15,666.16,99.92,566.24,224.11,0
2025-003345,2025-10-31 21:09:26,S1045,,P2062,Tienda,Tarjeta,2x1,3,111.89,0.0,335.67,43.64,292.03,74.21,0
2025-003346,2025-09-16 06:28:47,S1004,C00749,P2098,Tienda,Transferencia,Cyber Week,3,645.08,0.0,1935.24,251.58,1683.66,389.5,1
2025-003347,2025-07-25 14:13:55,S1004,C00745,P2139,Web,Tarjeta,2x1,1,18.25,0.1,18.25,2.37,15.88,12.71,0
2025-003348,2025-04-28 18:47:15,S1030,C00544,P2097,Marketplace,Billetera Digital,Promo 15%,3,495.07,0.05,1485.21,222.78,1262.43,298.37,1
2025-003349,2025-12-14 01:42:15,S1013,C00726,P2079,Web,Transferencia,Promo 10%,2,199.67,0.2,399.34,47.92,351.42,156.92,0
2025-003350,2025-03-22 04:37:13,S1039,C00318,P2136,Web,Billetera Digital,Promo 10%,5,123.84,0.2,619.2,80.5,538.7,99.42,1
2025-003351,2025-03-03 11:56:45,S1021,C00370,P2122,Web,Tarjeta,Sin Promo,1,613.46,0.1,613.46,92.02,521.44,324.38,0
2025-003352,2025-06-08 05:33:04,S1032,C00258,P2069,Marketplace,Billetera Digital,Promo 10%,1,172.4,0.1,172.4,25.86,146.54,145.02,0
2025-003353,2025-05-19 18:46:16,S1033,C00294,P2024,Marketplace,Billetera Digital,Sin Promo,1,300.46,0.05,300.46,45.07,255.39,197.91,0
2025-003354,2025-05-15 10:17:37,S1012,C00531,P2048,Call Center,Efectivo,Sin Promo,3,304.15,0.05,912.45,109.49,802.96,183.57,1
2025-003355,2025-04-01 10:59:32,S1031,C00512,P2046,Call Center,Billetera Digital,Sin Promo,2,308.18,0.15,616.36,92.45,523.91,192.92,0
2025-003356,2025-09-12 03:44:21,S1045,C00221,P2032,Marketplace,Billetera Digital,2x1,1,466.57,0.0,466.57,60.65,405.92,330.43,0
2025-003357,2025-06-30 18:37:58,S1037,C00295,P2152,Marketplace,Transferencia,Cyber Week,2,449.56,0.1,899.12,116.89,782.23,338.06,0
2025-003358,2025-03-01 05:10:00,S1012,C00042,P2110,Web,Tarjeta,Black Friday,4,416.72,0.0,1666.88,200.03,1466.85,314.95,1
2025-003359,2025-10-11 00:38:39,S1003,C00031,P2030,Web,Financiamiento,Promo 15%,3,487.3,0.1,1461.9,190.05,1271.85,418.38,1
2025-003360,2025-10-05 18:54:59,S1030,C00310,P2074,Web,Financiamiento,Cyber Week,1,281.27,0.0,281.27,42.19,239.08,138.92,0
2025-003361,2025-07-20 04:12:51,S1002,C00076,P2064,Tienda,Efectivo,Cyber Week,2,82.18,0.1,164.36,21.37,142.99,57.47,0
2025-003362,2025-03-13 21:38:37,S1044,C00573,P2118,Tienda,Efectivo,2x1,2,52.12,0.2,104.24,13.55,90.69,45.65,0
2025-003363,2025-04-26 06:32:32,S1031,C00711,P2130,Tienda,Tarjeta,Cyber Week,1,701.29,0.0,701.29,105.19,596.1,404.15,0
2025-003364,2025-10-28 21:32:03,S1023,C00667,P2051,Call Center,Transferencia,Promo 10%,1,855.46,0.0,855.46,128.32,727.14,394.02,0
2025-003365,2025-06-15 02:15:53,S1001,C00410,P2124,Web,Financiamiento,Promo 10%,2,404.34,0.15,808.68,105.13,703.55,351.18,0
2025-003366,2025-05-30 02:30:19,S1020,C00390,P2071,Call Center,Efectivo,Sin Promo,1,435.21,0.1,435.21,65.28,369.93,243.78,0
2025-003367,2025-02-10 06:03:24,S1005,C00714,P2047,Web,Efectivo,Cyber Week,5,456.79,0.0,2283.95,296.91,1987.04,295.44,1
2025-003368,2025-07-02 17:58:26,S1004,C00729,P2029,Marketplace,Efectivo,Sin Promo,1,491.5,0.0,491.5,63.9,427.6,271.13,0
2025-003369,2025-10-24 16:29:36,S1014,C00547,P2068,Marketplace,Transferencia,Promo 15%,2,246.4,0.0,492.8,59.14,433.66,122.46,0
2025-003370,2025-10-12 14:15:03,S1037,C00701,P2121,Call Center,Financiamiento,Black Friday,1,334.22,0.2,334.22,43.45,290.77,207.12,0
2025-003371,2025-11-13 10:27:30,S1034,C00647,P2134,Web,Billetera Digital,Promo 10%,1,193.25,0.2,193.25,28.99,164.26,153.79,0
2025-003372,2025-04-10 18:47:23,S1019,C00630,P2143,Tienda,Efectivo,Promo 10%,1,175.44,0.0,175.44,26.32,149.12,101.86,0
2025-003373,2025-08-24 09:56:29,S1034,C00352,P2099,Web,Efectivo,Sin Promo,3,235.66,0.2,706.98,106.05,600.93,231.19,0
2025-003374,2025-06-30 08:46:13,S1035,C00089,P2108,Marketplace,Billetera Digital,Black Friday,2,283.38,0.0,566.76,85.01,481.75,144.01,0
2025-003375,2025-03-27 05:38:30,S1021,C00023,P2144,Tienda,Tarjeta,Cyber Week,4,245.25,0.1,981.0,147.15,833.85,177.43,0
2025-003376,2025-03-04 05:30:06,S1002,C00309,P2001,Web,Tarjeta,2x1,3,76.66,0.2,229.98,29.9,200.08,59.67,0
2025-003377,2025-01-29 17:08:20,S1010,C00525,P2080,Web,Transferencia,2x1,5,271.61,0.1,1358.05,162.97,1195.08,221.89,0
2025-003378,2025-07-30 09:49:42,S1035,C00755,P2021,Call Center,Financiamiento,Black Friday,1,439.47,0.0,439.47,65.92,373.55,239.98,0
2025-003379,2025-12-17 06:47:38,S1043,C00386,P2107,Tienda,Financiamiento,Promo 15%,1,257.6,0.2,257.6,33.49,224.11,196.36,0
2025-003380,2025-04-04 23:41:52,S1021,C00567,P2062,Call Center,Transferencia,Cyber Week,1,89.51,0.2,89.51,13.43,76.08,74.21,0
2025-003381,2025-07-30 19:49:01,S1039,C00139,P2097,Web,Transferencia,2x1,1,416.9,0.2,416.9,54.2,362.7,298.37,0
2025-003382,2025-09-09 10:59:14,S1039,C00340,P2039,Marketplace,Transferencia,Promo 15%,2,429.3,0.1,858.6,111.62,746.98,251.05,0
2025-003383,2025-09-17 08:36:09,S1014,C00327,P2113,Call Center,Tarjeta,Sin Promo,2,267.88,0.1,535.76,64.29,471.47,139.53,0
2025-003384,2025-07-01 21:11:40,S1006,C00145,P2131,Marketplace,Financiamiento,Promo 10%,1,187.08,0.05,187.08,24.32,162.76,119.6,0
2025-003385,2025-04-10 23:34:06,S1024,C00016,P2129,Web,Financiamiento,Sin Promo,1,504.95,0.0,504.95,75.74,429.21,401.84,0
2025-003386,2025-03-08 08:44:51,S1005,C00460,P2032,Web,Financiamiento,Sin Promo,4,396.58,0.15,1586.32,206.22,1380.1,330.43,0
2025-003387,2025-04-20 15:05:44,S1016,C00725,P2002,Marketplace,Transferencia,Promo 15%,2,290.16,0.0,580.32,69.64,510.68,134.76,1
2025-003388,2025-10-22 03:43:14,S1016,C00428,P2048,Web,Efectivo,Promo 15%,1,320.16,0.0,320.16,38.42,281.74,183.57,1
2025-003389,2025-08-19 20:29:48,S1045,C00256,P2080,Web,Efectivo,2x1,1,256.52,0.15,256.52,33.35,223.17,221.89,1
2025-003390,2025-07-06 02:28:56,S1043,C00585,P2152,Marketplace,Transferencia,Promo 10%,1,424.58,0.15,424.58,55.2,369.38,338.06,1
2025-003391,2025-06-01 23:50:29,S1008,C00173,P2036,Web,Efectivo,2x1,1,259.77,0.1,259.77,33.77,226.0,143.03,0
2025-003392,2025-12-22 13:32:48,S1039,C00604,P2068,Call Center,Financiamiento,Cyber Week,1,246.4,0.0,246.4,32.03,214.37,122.46,0
2025-003393,2025-03-30 19:45:13,S1043,C00236,P2160,Web,Financiamiento,Promo 10%,4,812.22,0.0,3248.88,422.35,2826.53,418.28,0
2025-003394,2025-02-26 11:29:13,S1002,C00498,P2026,Call Center,Efectivo,Sin Promo,2,459.92,0.0,919.84,119.58,800.26,230.43,0
2025-003395,2025-10-17 22:22:06,S1016,C00759,P2143,Web,Financiamiento,Sin Promo,2,175.44,0.0,350.88,42.11,308.77,101.86,0
2025-003396,2025-05-13 08:06:31,S1018,C00712,P2001,Tienda,Efectivo,Promo 15%,1,81.45,0.15,81.45,9.77,71.68,59.67,0
2025-003397,2025-07-13 11:39:28,S1045,C00463,P2014,Web,Billetera Digital,2x1,3,430.19,0.0,1290.57,167.77,1122.8,296.33,1
2025-003398,2025-02-17 17:09:27,S1026,C00746,P2108,Call Center,Efectivo,2x1,2,240.87,0.15,481.74,72.26,409.48,144.01,0
2025-003399,2025-12-31 05:35:24,S1025,C00323,P2149,Web,Billetera Digital,Sin Promo,2,179.85,0.2,359.7,53.95,305.75,173.08,1
2025-003400,2025-04-14 01:10:34,S1002,C00408,P2067,Tienda,Efectivo,Promo 10%,1,582.45,0.0,582.45,75.72,506.73,420.88,1
2025-003401,2025-10-27 04:29:55,S1022,C00450,P2050,Marketplace,Transferencia,2x1,4,246.56,0.1,986.24,147.94,838.3,192.16,1
2025-003402,2025-10-03 09:02:18,S1010,C00673,P2138,Marketplace,Tarjeta,Promo 15%,2,576.08,0.2,1152.16,138.26,1013.9,375.47,1
2025-003403,2025-12-04 08:22:54,S1011,C00569,P2028,Tienda,Billetera Digital,Promo 10%,2,568.28,0.05,1136.56,136.39,1000.17,344.08,1
2025-003404,2025-02-11 14:14:54,S1022,C00165,P2061,Call Center,Transferencia,Promo 15%,3,42.68,0.0,128.04,19.21,108.83,26.36,1
2025-003405,2025-10-02 14:52:59,S1026,C00622,P2013,Call Center,Tarjeta,Sin Promo,3,170.17,0.15,510.51,76.58,433.93,98.1,1
2025-003406,2025-03-15 15:37:55,S1013,C00156,P2145,Tienda,Financiamiento,Sin Promo,3,100.31,0.15,300.93,36.11,264.82,77.61,0
2025-003407,2025-04-26 14:20:06,S1009,C00617,P2044,Marketplace,Transferencia,Sin Promo,4,385.97,0.15,1543.88,200.7,1343.18,214.81,0
2025-003408,2025-07-01 02:19:14,S1038,C00032,P2091,Tienda,Transferencia,Promo 10%,2,460.27,0.15,920.54,119.67,800.87,397.11,0
2025-003409,2025-03-17 11:30:19,S1041,C00244,P2058,Web,Efectivo,Promo 15%,1,465.91,0.0,465.91,60.57,405.34,324.41,0
2025-003410,2025-01-29 05:14:20,S1023,C00424,P2018,Call Center,Billetera Digital,Cyber Week,1,333.08,0.15,333.08,49.96,283.12,224.11,0
2025-003411,2025-04-09 19:56:19,S1021,C00076,P2145,Tienda,Financiamiento,2x1,1,106.21,0.1,106.21,15.93,90.28,77.61,0
2025-003412,2025-10-19 21:41:17,S1011,C00693,P2033,Marketplace,Financiamiento,Cyber Week,5,72.32,0.1,361.6,43.39,318.21,61.26,0
2025-003413,2025-07-12 04:33:59,S1004,C00013,P2149,Web,Tarjeta,Sin Promo,2,213.57,0.05,427.14,55.53,371.61,173.08,0
2025-003414,2025-04-29 02:18:15,S1012,C00781,P2101,Tienda,Transferencia,Cyber Week,1,269.22,0.2,269.22,32.31,236.91,262.94,0
2025-003415,2025-07-25 08:24:46,S1009,C00367,P2123,Tienda,Transferencia,Promo 10%,1,157.6,0.1,157.6,20.49,137.11,112.82,0
2025-003416,2025-02-24 09:05:12,S1040,C00774,P2005,Web,Billetera Digital,Promo 15%,1,545.93,0.0,545.93,70.97,474.96,390.45,0
2025-003417,2025-02-19 23:37:15,S1043,C00462,P2118,Web,Billetera Digital,Cyber Week,2,65.15,0.0,130.3,16.94,113.36,45.65,0
2025-003418,2025-11-27 20:05:34,S1042,C00192,P2152,Call Center,Transferencia,Cyber Week,3,499.51,0.0,1498.53,194.81,1303.72,338.06,1
2025-003419,2025-12-09 18:54:26,S1030,C00231,P2096,Tienda,Tarjeta,Promo 10%,1,636.0,0.0,636.0,95.4,540.6,369.96,0
2025-003420,2025-10-07 20:43:01,S1045,C00799,P2008,Tienda,Financiamiento,Sin Promo,1,874.23,0.0,874.23,113.65,760.58,421.75,0
2025-003421,2025-09-01 12:07:53,S1023,C00210,P2142,Web,Tarjeta,Promo 15%,3,493.89,0.0,1481.67,222.25,1259.42,331.65,0
2025-003422,2025-09-20 04:51:00,S1030,C00312,P2098,Tienda,Billetera Digital,Black Friday,2,645.08,0.0,1290.16,193.52,1096.64,389.5,1
2025-003423,2025-02-27 10:15:40,S1020,C00533,P2131,Call Center,Transferencia,Promo 15%,4,167.39,0.15,669.56,100.43,569.13,119.6,0
2025-003424,2025-02-14 21:28:04,S1013,C00376,P2006,Web,Billetera Digital,Promo 15%,2,402.01,0.0,804.02,96.48,707.54,287.52,1
2025-003425,2025-02-21 15:27:10,S1007,C00204,P2065,Tienda,Transferencia,Sin Promo,1,387.88,0.05,387.88,50.42,337.46,269.16,0
2025-003426,2025-03-14 06:01:07,S1004,C00257,P2052,Marketplace,Transferencia,Black Friday,1,94.69,0.0,94.69,12.31,82.38,47.67,1
2025-003427,2025-06-19 18:34:03,S1028,C00110,P2111,Web,Transferencia,Promo 10%,2,292.12,0.0,584.24,87.64,496.6,191.52,0
2025-003428,2025-01-04 09:45:48,S1034,C00537,P2075,Call Center,Transferencia,Promo 10%,4,580.05,0.0,2320.2,348.03,1972.17,301.87,0
2025-003429,2025-11-10 22:38:01,S1020,C00366,P2093,Marketplace,Tarjeta,Promo 10%,2,118.37,0.2,236.74,35.51,201.23,75.0,0
2025-003430,2025-10-24 15:58:58,S1012,C00341,P2138,Tienda,Financiamiento,2x1,1,648.09,0.1,648.09,77.77,570.32,375.47,0
2025-003431,2025-09-12 00:53:28,S1045,C00648,P2046,Tienda,Financiamiento,Black Friday,1,326.31,0.1,326.31,42.42,283.89,192.92,0
2025-003432,2025-10-28 13:31:10,S1017,C00651,P2050,Tienda,Billetera Digital,Sin Promo,3,273.95,0.0,821.85,98.62,723.23,192.16,0
2025-003433,2025-12-15 14:42:32,S1024,C00014,P2150,Marketplace,Transferencia,Black Friday,5,222.37,0.05,1111.85,166.78,945.07,154.53,0
2025-003434,2025-07-10 01:12:52,S1005,C00309,P2056,Marketplace,Financiamiento,2x1,3,886.94,0.0,2660.82,345.91,2314.91,417.23,0
2025-003435,2025-05-08 19:02:36,S1034,C00126,P2089,Call Center,Efectivo,Promo 10%,3,736.54,0.0,2209.62,331.44,1878.18,351.93,1
2025-003436,2025-05-01 11:21:45,S1019,C00028,P2095,Marketplace,Transferencia,Cyber Week,5,729.93,0.0,3649.65,547.45,3102.2,368.2,1
2025-003437,2025-04-11 20:26:45,S1042,C00318,P2018,Marketplace,Transferencia,Black Friday,2,313.49,0.2,626.98,81.51,545.47,224.11,0
2025-003438,2025-12-19 07:40:14,S1034,C00446,P2080,Marketplace,Financiamiento,Promo 10%,1,241.43,0.2,241.43,36.21,205.22,221.89,0
2025-003439,2025-06-07 07:42:44,S1008,C00671,P2052,Tienda,Tarjeta,2x1,1,94.69,0.0,94.69,12.31,82.38,47.67,0
2025-003440,2025-03-06 11:05:40,S1002,C00614,P2081,Tienda,Transferencia,Black Friday,2,339.41,0.15,678.82,88.25,590.57,192.91,0
2025-003441,2025-04-03 12:28:22,S1032,C00486,P2127,Tienda,Tarjeta,2x1,3,622.76,0.15,1868.28,280.24,1588.04,361.43,1
2025-003442,2025-01-29 14:46:54,S1001,C00349,P2027,Marketplace,Efectivo,Promo 15%,1,281.97,0.15,281.97,36.66,245.31,230.42,0
2025-003443,2025-01-16 00:03:44,S1006,C00780,P2085,Call Center,Billetera Digital,Black Friday,2,27.92,0.1,55.84,7.26,48.58,20.07,0
2025-003444,2025-03-22 02:49:03,S1013,C00202,P2159,Web,Tarjeta,Promo 15%,1,640.88,0.0,640.88,76.91,563.97,434.27,0
2025-003445,2025-10-28 22:40:23,S1013,C00642,P2152,Marketplace,Transferencia,2x1,3,499.51,0.0,1498.53,179.82,1318.71,338.06,0
2025-003446,2025-07-20 05:08:57,S1015,C00785,P2052,Marketplace,Billetera Digital,Promo 15%,2,89.96,0.05,179.92,21.59,158.33,47.67,0
2025-003447,2025-06-28 00:01:01,S1009,C00506,P2114,Tienda,Efectivo,2x1,3,470.9,0.15,1412.7,183.65,1229.05,274.57,0
2025-003448,2025-11-18 02:17:07,S1033,C00246,P2067,Call Center,Billetera Digital,Sin Promo,2,582.45,0.0,1164.9,174.74,990.16,420.88,1
2025-003449,2025-08-02 16:41:37,S1022,C00149,P2107,Web,Billetera Digital,Black Friday,2,257.6,0.2,515.2,77.28,437.92,196.36,0
2025-003450,2025-12-13 07:16:07,S1039,C00213,P2094,Web,Tarjeta,2x1,1,595.67,0.15,595.67,77.44,518.23,392.99,1
2025-003451,2025-01-02 07:58:57,S1007,C00672,P2027,Web,Financiamiento,Cyber Week,2,298.56,0.1,597.12,77.63,519.49,230.42,0
2025-003452,2025-10-04 12:48:05,S1039,C00292,P2101,Web,Efectivo,Cyber Week,2,319.7,0.05,639.4,83.12,556.28,262.94,0
2025-003453,2025-09-14 05:51:35,S1020,C00611,P2155,Marketplace,Transferencia,2x1,1,125.86,0.2,125.86,18.88,106.98,71.96,0
2025-003454,2025-05-28 15:35:54,S1037,C00763,P2111,Call Center,Tarjeta,Promo 15%,2,262.91,0.1,525.82,68.36,457.46,191.52,0
2025-003455,2025-08-02 15:58:58,S1040,C00300,P2040,Web,Billetera Digital,Promo 10%,1,50.57,0.15,50.57,6.57,44.0,35.66,0
2025-003456,2025-11-07 18:04:48,S1037,C00691,P2140,Marketplace,Efectivo,Promo 15%,2,12.97,0.1,25.94,3.37,22.57,6.63,0
2025-003457,2025-01-04 01:56:26,S1023,,P2129,Marketplace,Tarjeta,Black Friday,1,504.95,0.0,504.95,75.74,429.21,401.84,0
2025-003458,2025-03-30 23:54:06,S1002,C00219,P2147,Tienda,Transferencia,Promo 15%,1,520.77,0.05,520.77,67.7,453.07,299.7,0
2025-003459,2025-01-28 17:49:23,S1035,C00697,P2066,Tienda,Tarjeta,,1,419.77,0.2,419.77,62.97,356.8,297.19,1
2025-003460,2025-03-01 05:24:43,S1016,C00237,P2039,Call Center,Transferencia,Promo 10%,1,405.45,0.15,405.45,48.65,356.8,251.05,0
2025-003461,2025-04-21 17:57:13,S1012,C00120,P2054,Call Center,Financiamiento,Sin Promo,1,463.28,0.0,463.28,55.59,407.69,220.6,0
2025-003462,2025-04-01 22:01:08,S1020,C00315,P2055,Marketplace,Billetera Digital,Promo 10%,1,112.62,0.2,112.62,16.89,95.73,77.43,0
2025-003463,2025-03-02 11:52:06,S1022,C00433,P2086,Marketplace,Transferencia,Promo 15%,1,98.28,0.1,98.28,14.74,83.54,70.05,0
2025-003464,2025-07-27 22:16:26,S1022,C00432,P2003,Tienda,Efectivo,Sin Promo,1,508.72,0.0,508.72,76.31,432.41,261.5,0
2025-003465,2025-08-02 08:36:02,S1045,C00475,P2038,Web,Transferencia,Black Friday,3,139.95,0.0,419.85,54.58,365.27,104.22,0
2025-003466,2025-07-21 06:52:05,S1035,C00761,P2018,Tienda,Efectivo,,2,391.86,0.0,783.72,117.56,666.16,224.11,1
2025-003467,2025-10-27 04:17:44,S1011,C00502,P2049,Tienda,Tarjeta,2x1,2,158.27,0.0,316.54,37.98,278.56,89.45,0
2025-003468,2025-07-09 00:52:07,S1023,C00560,P2070,Tienda,Tarjeta,Black Friday,5,614.79,0.0,3073.95,461.09,2612.86,281.04,0
2025-003469,2025-11-26 11:00:39,S1016,C00646,P2004,Web,Billetera Digital,Promo 15%,2,434.92,0.2,869.84,104.38,765.46,298.92,1
2025-003470,2025-09-04 00:56:42,S1008,C00678,P2051,Marketplace,Efectivo,Sin Promo,1,727.14,0.15,727.14,94.53,632.61,394.02,0
2025-003471,2025-01-15 19:53:32,S1045,C00141,P2032,Tienda,Billetera Digital,Promo 15%,6,466.57,0.0,2799.42,363.92,2435.5,330.43,0
2025-003472,2025-01-19 14:40:08,S1001,C00513,P2143,Web,Tarjeta,Sin Promo,1,175.44,0.0,175.44,22.81,152.63,101.86,0
2025-003473,2025-12-22 07:21:44,S1038,C00427,P2057,Marketplace,Transferencia,Promo 10%,3,419.8,0.0,1259.4,163.72,1095.68,314.68,1
2025-003474,2025-03-10 10:47:41,S1034,C00408,P2106,Marketplace,Efectivo,Promo 15%,1,392.21,0.15,392.21,58.83,333.38,310.34,1
2025-003475,2025-07-04 02:57:18,S1006,C00515,P2115,Call Center,Transferencia,2x1,1,335.31,0.1,335.31,43.59,291.72,201.2,0
2025-003476,2025-04-22 15:09:35,S1043,C00405,P2092,Call Center,Financiamiento,2x1,1,641.99,0.2,641.99,83.46,558.53,416.32,0
2025-003477,2025-07-30 00:54:14,S1002,,P2098,Tienda,Transferencia,Black Friday,4,516.06,0.2,2064.24,268.35,1795.89,389.5,0
2025-003478,2025-07-18 19:00:37,S1014,C00198,P2129,Web,Tarjeta,Black Friday,3,429.21,0.15,1287.63,154.52,1133.11,401.84,0
2025-003479,2025-07-18 19:08:06,S1039,C00328,P2114,Marketplace,Financiamiento,Cyber Week,1,526.3,0.05,526.3,68.42,457.88,274.57,0
2025-003480,2025-02-10 22:25:52,S1043,C00527,P2022,Call Center,Efectivo,2x1,1,427.43,0.05,427.43,55.57,371.86,325.44,0
2025-003481,2025-01-19 17:09:22,S1031,C00576,P2139,Tienda,Efectivo,Promo 10%,3,20.28,0.0,60.84,9.13,51.71,12.71,0
2025-003482,2025-05-30 22:59:40,S1028,C00037,P2131,Marketplace,Billetera Digital,2x1,3,196.93,0.0,590.79,88.62,502.17,119.6,1
2025-003483,2025-08-17 20:35:26,S1025,C00551,P2077,Tienda,Tarjeta,Black Friday,1,635.75,0.2,635.75,95.36,540.39,400.81,1
2025-003484,2025-09-30 16:50:21,S1020,C00721,P2127,Web,Tarjeta,Sin Promo,1,622.76,0.15,622.76,93.41,529.35,361.43,0
2025-003485,2025-02-23 01:30:08,S1004,C00117,P2041,Tienda,Transferencia,Black Friday,2,39.54,0.15,79.08,10.28,68.8,34.06,1
2025-003486,2025-07-09 19:10:31,S1021,C00205,P2156,Web,Tarjeta,2x1,2,69.22,0.15,138.44,20.77,117.67,55.02,0
2025-003487,2025-05-03 17:25:56,S1005,C00202,P2002,Marketplace,Transferencia,Promo 10%,2,232.13,0.2,464.26,60.35,403.91,134.76,1
2025-003488,2025-02-01 00:12:09,S1044,C00787,P2138,Web,Billetera Digital,Promo 10%,1,720.1,0.0,720.1,93.61,626.49,375.47,0
2025-003489,2025-08-12 13:04:07,S1001,C00313,P2066,Tienda,Tarjeta,2x1,3,446.0,0.15,1338.0,173.94,1164.06,297.19,0
2025-003490,2025-10-20 05:27:49,S1021,C00279,P2047,Web,Efectivo,Cyber Week,1,433.95,0.05,433.95,65.09,368.86,295.44,0
2025-003491,2025-04-10 19:44:31,S1016,C00155,P2145,Call Center,Tarjeta,Promo 15%,4,112.11,0.05,448.44,53.81,394.63,77.61,0
2025-003492,2025-12-11 12:57:25,S1005,C00688,P2004,Tienda,Efectivo,Cyber Week,3,543.65,0.0,1630.95,212.02,1418.93,298.92,0
2025-003493,2025-08-07 05:49:36,S1017,C00654,P2119,Tienda,Transferencia,Cyber Week,5,763.08,0.0,3815.4,457.85,3357.55,363.73,1
2025-003494,2025-05-10 03:09:41,S1040,C00157,P2018,Web,Transferencia,Promo 10%,3,391.86,0.0,1175.58,152.83,1022.75,224.11,0
2025-003495,2025-09-28 06:16:10,S1022,C00525,P2109,Web,Tarjeta,Promo 15%,1,208.28,0.0,208.28,31.24,177.04,141.94,0
2025-003496,2025-09-07 04:29:23,S1018,C00137,P2120,Web,Transferencia,Sin Promo,1,159.6,0.2,159.6,19.15,140.45,113.2,0
2025-003497,2025-06-28 12:34:41,S1033,C00770,P2141,Tienda,Transferencia,Cyber Week,4,832.49,0.0,3329.96,499.49,2830.47,384.64,0
2025-003498,2025-03-30 21:52:02,S1009,C00249,P2076,Web,Billetera Digital,Sin Promo,1,82.89,0.15,82.89,10.78,72.11,50.2,0
2025-003499,2025-01-05 20:08:37,S1002,C00084,P2146,Marketplace,Tarjeta,Cyber Week,1,295.7,0.05,295.7,38.44,257.26,242.22,0
2025-003500,2025-02-15 15:05:59,S1020,C00501,P2128,Call Center,Transferencia,Cyber Week,1,557.39,0.0,557.39,83.61,473.78,269.57,0
2025-003501,2025-07-25 22:23:05,S1018,C00262,P2083,Web,Billetera Digital,Promo 15%,1,497.25,0.05,497.25,59.67,437.58,334.59,1
2025-003502,2025-03-14 17:06:43,S1021,C00338,P2111,Tienda,Tarjeta,Sin Promo,2,262.91,0.1,525.82,78.87,446.95,191.52,0
2025-003503,2025-10-02 13:43:04,S1035,C00585,P2041,Web,Financiamiento,Black Friday,2,44.19,0.05,88.38,13.26,75.12,34.06,0
2025-003504,2025-10-11 23:42:23,S1027,C00151,P2024,Call Center,Efectivo,Cyber Week,1,316.27,0.0,316.27,47.44,268.83,197.91,1
2025-003505,2025-07-11 01:49:08,S1044,C00674,P2085,Marketplace,Financiamiento,Sin Promo,2,31.02,0.0,62.04,8.07,53.97,20.07,1
2025-003506,2025-12-07 17:07:30,S1032,C00449,P2117,Tienda,Financiamiento,2x1,3,71.57,0.15,214.71,32.21,182.5,41.82,0
2025-003507,2025-09-04 10:43:13,S1021,C00301,P2064,Tienda,Financiamiento,Promo 10%,3,82.18,0.1,246.54,36.98,209.56,57.47,0
2025-003508,2025-08-21 01:15:56,S1018,C00401,P2072,Web,Tarjeta,Sin Promo,4,604.62,0.0,2418.48,290.22,2128.26,420.23,0
2025-003509,2025-03-28 00:05:37,S1020,C00088,P2139,Web,Billetera Digital,Promo 15%,3,16.22,0.2,48.66,7.3,41.36,12.71,0
2025-003510,2025-09-05 10:07:33,S1038,C00787,P2127,Web,Transferencia,Sin Promo,2,732.66,0.0,1465.32,190.49,1274.83,361.43,0
2025-003511,2025-03-26 22:41:27,S1021,C00556,P2113,Call Center,Billetera Digital,Promo 10%,2,267.88,0.1,535.76,80.36,455.4,139.53,1
2025-003512,2025-10-04 09:30:10,S1004,C00246,P2061,Web,Transferencia,2x1,2,40.55,0.05,81.1,10.54,70.56,26.36,0
2025-003513,2025-09-19 04:06:52,S1019,C00742,P2095,Call Center,Efectivo,Promo 10%,2,656.94,0.1,1313.88,197.08,1116.8,368.2,0
2025-003514,2025-04-11 14:59:58,S1003,C00440,P2081,Web,Tarjeta,Promo 15%,4,319.45,0.2,1277.8,166.11,1111.69,192.91,0
2025-003515,2025-05-09 02:41:04,S1014,C00500,P2093,Call Center,Financiamiento,2x1,1,140.56,0.05,140.56,16.87,123.69,75.0,0
2025-003516,2025-03-22 10:02:20,S1002,C00732,P2084,Tienda,Billetera Digital,Black Friday,1,10.89,0.0,10.89,1.42,9.47,8.31,1
2025-003517,2025-03-21 22:51:57,S1027,C00684,P2028,Web,Tarjeta,Cyber Week,1,598.19,0.0,598.19,89.73,508.46,344.08,0
2025-003518,2025-12-12 12:07:32,S1024,C00324,P2053,Call Center,Billetera Digital,2x1,3,841.05,0.1,2523.15,378.47,2144.68,436.17,1
2025-003519,2025-06-23 00:54:23,S1011,C00800,P2143,Web,Transferencia,Promo 15%,1,149.12,0.15,149.12,17.89,131.23,101.86,1
2025-003520,2025-10-16 23:20:50,S1037,C00144,P2033,Web,Financiamiento,Black Friday,1,76.34,0.05,76.34,9.92,66.42,61.26,0
2025-003521,2025-08-15 05:38:47,S1020,C00353,P2082,Call Center,Financiamiento,Promo 10%,1,239.21,0.15,239.21,35.88,203.33,152.77,0
2025-003522,2025-06-17 12:44:59,S1010,C00495,P2007,Marketplace,Billetera Digital,Promo 10%,1,190.83,0.1,190.83,22.9,167.93,162.45,0
2025-003523,2025-09-03 14:58:49,S1007,C00633,P2066,Tienda,Efectivo,Cyber Week,2,524.71,0.0,1049.42,136.42,913.0,297.19,1
2025-003524,2025-10-05 21:02:12,S1009,C00613,P2058,Web,Tarjeta,Promo 10%,5,442.61,0.05,2213.05,287.7,1925.35,324.41,0
2025-003525,2025-03-19 05:00:38,S1042,C00749,P2147,Marketplace,Billetera Digital,Sin Promo,2,493.36,0.1,986.72,128.27,858.45,299.7,0
2025-003526,2025-02-03 10:59:41,S1007,C00656,P2064,Web,Efectivo,2x1,1,77.61,0.15,77.61,10.09,67.52,57.47,0
2025-003527,2025-10-04 12:44:42,S1024,C00197,P2027,Web,Efectivo,Promo 15%,1,265.38,0.2,265.38,39.81,225.57,230.42,0
2025-003528,2025-08-16 00:03:43,S1010,C00790,P2105,Web,Billetera Digital,Sin Promo,6,676.15,0.0,4056.9,486.83,3570.07,320.12,0
2025-003529,2025-01-09 09:44:56,S1003,C00173,P2153,Call Center,Billetera Digital,Promo 15%,4,407.91,0.0,1631.64,212.11,1419.53,293.96,0
2025-003530,2025-02-07 04:30:13,S1011,C00265,P2009,Call Center,Tarjeta,Black Friday,1,444.56,0.15,444.56,53.35,391.21,287.2,0
2025-003531,2025-11-26 00:47:23,S1002,C00073,P2099,Call Center,Financiamiento,Promo 10%,2,279.84,0.05,559.68,72.76,486.92,231.19,0
2025-003532,2025-04-09 14:34:09,S1012,C00520,P2107,Marketplace,Tarjeta,Cyber Week,2,322.0,0.0,644.0,77.28,566.72,196.36,1
2025-003533,2025-07-18 14:47:52,S1018,C00698,P2097,Tienda,Financiamiento,Promo 15%,1,442.96,0.15,442.96,53.16,389.8,298.37,0
2025-003534,2025-12-12 21:07:21,S1029,C00459,P2034,Web,Efectivo,Promo 10%,4,249.8,0.05,999.2,149.88,849.32,122.22,0
2025-003535,2025-07-18 06:24:19,S1018,C00705,P2018,Marketplace,Efectivo,Sin Promo,2,352.67,0.1,705.34,84.64,620.7,224.11,1
2025-003536,2025-08-13 13:56:30,S1029,C00396,P2136,Web,Billetera Digital,Sin Promo,2,123.84,0.2,247.68,37.15,210.53,99.42,0
2025-003537,2025-10-23 02:04:34,S1004,C00170,P2099,Web,Transferencia,Promo 10%,5,265.11,0.1,1325.55,172.32,1153.23,231.19,0
2025-003538,2025-11-23 16:15:39,S1019,C00015,P2011,Call Center,Efectivo,Cyber Week,1,373.08,0.05,373.08,55.96,317.12,309.34,0
2025-003539,2025-08-28 07:23:14,S1035,C00304,P2018,Marketplace,Financiamiento,Sin Promo,2,391.86,0.0,783.72,117.56,666.16,224.11,0
2025-003540,2025-05-12 20:02:04,S1026,C00518,P2129,Call Center,Efectivo,2x1,1,504.95,0.0,504.95,75.74,429.21,401.84,0
2025-003541,2025-03-10 19:33:50,S1034,C00403,P2065,Tienda,Transferencia,Promo 15%,2,326.63,0.2,653.26,97.99,555.27,269.16,0
2025-003542,2025-09-02 09:12:40,S1035,C00460,P2091,Call Center,Efectivo,Sin Promo,2,541.5,0.0,1083.0,162.45,920.55,397.11,0
2025-003543,2025-11-21 00:45:15,S1041,C00026,P2150,Tienda,Efectivo,2x1,2,234.07,0.0,468.14,60.86,407.28,154.53,0
2025-003544,2025-01-23 22:47:39,S1001,C00351,P2031,Marketplace,Efectivo,Promo 10%,2,193.42,0.05,386.84,50.29,336.55,111.43,0
2025-003545,2025-09-27 09:14:07,S1021,C00429,P2126,Web,Efectivo,Sin Promo,5,684.14,0.0,3420.7,513.1,2907.6,413.19,0
2025-003546,2025-03-27 22:14:27,S1036,C00514,P2127,Tienda,Transferencia,Sin Promo,1,622.76,0.15,622.76,93.41,529.35,361.43,0
2025-003547,2025-03-17 07:54:53,S1031,C00727,P2036,Tienda,Efectivo,Cyber Week,3,245.34,0.15,736.02,110.4,625.62,143.03,0
2025-003548,2025-08-02 19:49:40,S1019,C00399,P2055,Call Center,Efectivo,Cyber Week,3,126.69,0.1,380.07,57.01,323.06,77.43,1
2025-003549,2025-11-18 23:25:56,S1021,C00378,P2086,Tienda,Transferencia,Promo 10%,4,92.82,0.15,371.28,55.69,315.59,70.05,0
2025-003550,2025-03-13 23:15:26,S1036,C00746,P2045,Web,Efectivo,2x1,2,68.91,0.0,137.82,20.67,117.15,46.07,0
2025-003551,2025-10-28 09:23:22,S1020,C00756,P2130,Call Center,Efectivo,Cyber Week,3,596.1,0.15,1788.3,268.25,1520.05,404.15,0
2025-003552,2025-08-13 07:38:55,S1010,C00713,P2134,Web,Financiamiento,Promo 15%,4,205.33,0.15,821.32,98.56,722.76,153.79,0
2025-003553,2025-03-21 08:34:55,S1001,C00632,P2071,Tienda,Billetera Digital,Promo 10%,3,435.21,0.1,1305.63,169.73,1135.9,243.78,1
2025-003554,2025-03-01 19:57:54,S1033,C00164,P2019,Marketplace,Tarjeta,Sin Promo,1,447.71,0.05,447.71,67.16,380.55,283.84,0
2025-003555,2025-12-25 06:11:28,S1024,C00125,P2012,Web,Transferencia,Black Friday,1,788.33,0.0,788.33,118.25,670.08,363.05,0
2025-003556,2025-09-19 16:33:54,S1007,C00627,P2023,Call Center,Efectivo,Promo 15%,1,529.75,0.0,529.75,68.87,460.88,346.8,0
2025-003557,2025-01-11 20:06:45,S1019,C00737,P2143,Call Center,Billetera Digital,,1,166.67,0.05,166.67,25.0,141.67,101.86,0
2025-003558,2025-02-15 11:09:57,S1027,C00523,P2042,Tienda,Billetera Digital,Sin Promo,1,341.18,0.15,341.18,51.18,290.0,233.31,1
2025-003559,2025-09-01 15:49:41,S1016,C00447,P2031,Marketplace,Transferencia,Black Friday,1,203.6,0.0,203.6,24.43,179.17,111.43,0
2025-003560,2025-05-14 17:49:32,S1041,C00522,P2142,Marketplace,Tarjeta,Promo 15%,2,469.2,0.05,938.4,121.99,816.41,331.65,0
2025-003561,2025-09-13 03:49:51,S1014,,P2042,Call Center,Tarjeta,Cyber Week,1,401.39,0.0,401.39,48.17,353.22,233.31,0
2025-003562,2025-09-09 16:28:06,S1019,C00285,P2138,Tienda,Billetera Digital,Promo 15%,3,720.1,0.0,2160.3,324.05,1836.25,375.47,0
2025-003563,2025-04-30 07:29:06,S1010,C00313,P2034,Tienda,Financiamiento,Sin Promo,1,249.8,0.05,249.8,29.98,219.82,122.22,0
2025-003564,2025-02-28 13:20:04,S1034,C00583,P2159,Web,Billetera Digital,Sin Promo,1,544.75,0.15,544.75,81.71,463.04,434.27,0
2025-003565,2025-08-26 09:01:53,S1008,C00758,P2116,Marketplace,Tarjeta,Sin Promo,1,743.9,0.0,743.9,96.71,647.19,358.01,0
2025-003566,2025-11-24 06:36:14,S1037,C00723,P2052,Call Center,Tarjeta,Promo 10%,2,75.75,0.2,151.5,19.7,131.8,47.67,0
2025-003567,2025-11-02 17:36:21,S1039,C00485,P2126,Web,Transferencia,Promo 15%,3,684.14,0.0,2052.42,266.81,1785.61,413.19,1
2025-003568,2025-03-18 01:04:47,S1015,C00343,P2157,Tienda,Efectivo,Promo 10%,3,212.21,0.05,636.63,76.4,560.23,118.28,0
2025-003569,2025-06-15 15:03:22,S1017,C00504,P2030,Tienda,Efectivo,Black Friday,1,541.44,0.0,541.44,64.97,476.47,418.38,0
2025-003570,2025-02-16 18:26:18,S1022,C00163,P2086,Tienda,Financiamiento,Promo 15%,1,103.74,0.05,103.74,15.56,88.18,70.05,1
2025-003571,2025-07-10 23:02:23,S1029,C00648,P2011,Marketplace,Efectivo,Cyber Week,1,392.72,0.0,392.72,58.91,333.81,309.34,0
2025-003572,2025-08-19 09:53:20,S1035,C00604,P2052,Tienda,Transferencia,2x1,2,80.49,0.15,160.98,24.15,136.83,47.67,0
2025-003573,2025-05-08 19:48:42,S1024,C00759,P2126,Call Center,Financiamiento,Promo 10%,1,684.14,0.0,684.14,102.62,581.52,413.19,0
2025-003574,2025-03-31 13:02:23,S1040,C00543,P2144,Tienda,Efectivo,2x1,1,272.5,0.0,272.5,35.43,237.07,177.43,0
2025-003575,2025-12-13 09:52:07,S1039,C00024,P2013,Tienda,Transferencia,2x1,2,200.2,0.0,400.4,52.05,348.35,98.1,0
2025-003576,2025-05-14 14:17:35,S1032,C00783,P2046,Marketplace,Efectivo,2x1,2,344.44,0.05,688.88,103.33,585.55,192.92,1
2025-003577,2025-03-06 20:05:42,S1030,C00629,P2041,Marketplace,Efectivo,Black Friday,5,41.87,0.1,209.35,31.4,177.95,34.06,1
2025-003578,2025-03-10 02:06:33,S1017,C00500,P2077,Web,Transferencia,Promo 10%,1,794.69,0.0,794.69,95.36,699.33,400.81,0
2025-003579,2025-05-02 12:19:08,S1032,C00664,P2154,Marketplace,Efectivo,Promo 10%,2,696.55,0.05,1393.1,208.96,1184.14,427.53,0
2025-003580,2025-11-05 10:37:43,S1002,C00584,P2078,Call Center,Efectivo,Promo 10%,2,165.66,0.0,331.32,43.07,288.25,125.47,0
2025-003581,2025-10-19 14:16:40,S1040,C00266,P2113,Marketplace,Transferencia,2x1,2,297.65,0.0,595.3,77.39,517.91,139.53,0
2025-003582,2025-01-20 10:30:12,S1002,C00590,P2030,Call Center,Transferencia,2x1,1,541.44,0.0,541.44,70.39,471.05,418.38,0
2025-003583,2025-11-06 19:58:19,S1025,C00583,P2112,Call Center,Tarjeta,Promo 10%,1,289.41,0.2,289.41,43.41,246.0,257.82,0
2025-003584,2025-05-22 22:21:54,S1011,C00644,P2070,Marketplace,Tarjeta,Cyber Week,1,522.57,0.15,522.57,62.71,459.86,281.04,1
2025-003585,2025-08-06 05:03:19,S1007,C00588,P2011,Call Center,Tarjeta,Sin Promo,6,314.18,0.2,1885.08,245.06,1640.02,309.34,0
2025-003586,2025-07-06 02:42:05,S1039,C00332,P2017,Web,Efectivo,Sin Promo,3,238.25,0.15,714.75,92.92,621.83,182.13,0
2025-003587,2025-04-22 10:33:16,S1028,C00586,P2141,Web,Transferencia,Promo 10%,4,832.49,0.0,3329.96,499.49,2830.47,384.64,0
2025-003588,2025-05-11 05:06:58,S1038,C00312,P2115,Call Center,Efectivo,2x1,3,298.06,0.2,894.18,116.24,777.94,201.2,0
2025-003589,2025-09-20 11:44:00,S1041,C00655,P2064,Call Center,Billetera Digital,Promo 15%,2,82.18,0.1,164.36,21.37,142.99,57.47,1
2025-003590,2025-09-14 07:28:16,S1040,C00010,P2152,Tienda,Tarjeta,Promo 15%,1,499.51,0.0,499.51,64.94,434.57,338.06,0
2025-003591,2025-02-12 18:34:31,S1037,C00383,P2062,Tienda,Transferencia,Black Friday,1,95.11,0.15,95.11,12.36,82.75,74.21,1
2025-003592,2025-07-31 22:00:42,S1010,C00366,P2152,Web,Tarjeta,Sin Promo,1,474.53,0.05,474.53,56.94,417.59,338.06,0
2025-003593,2025-03-17 11:45:23,S1012,C00616,P2113,Call Center,Financiamiento,Promo 15%,3,297.65,0.0,892.95,107.15,785.8,139.53,0
2025-003594,2025-06-14 12:34:32,S1034,C00332,P2138,Call Center,Transferencia,Sin Promo,1,684.1,0.05,684.1,102.61,581.49,375.47,1
2025-003595,2025-02-08 23:12:08,S1043,C00617,P2051,Tienda,Billetera Digital,Promo 10%,1,855.46,0.0,855.46,111.21,744.25,394.02,1
2025-003596,2025-04-12 09:16:14,S1027,C00276,P2017,Web,Transferencia,Promo 10%,1,280.3,0.0,280.3,42.05,238.25,182.13,0
2025-003597,2025-02-12 12:47:05,S1036,C00533,P2090,Tienda,Billetera Digital,Sin Promo,1,123.88,0.0,123.88,18.58,105.3,72.93,0
2025-003598,2025-01-05 23:49:05,S1009,C00349,P2157,Tienda,Tarjeta,2x1,2,223.38,0.0,446.76,58.08,388.68,118.28,0
2025-003599,2025-03-21 09:01:00,S1037,C00226,P2119,Marketplace,Transferencia,Promo 15%,4,686.77,0.1,2747.08,357.12,2389.96,363.73,0
2025-003600,2025-09-30 15:58:51,S1025,C00214,P2126,Web,Financiamiento,Sin Promo,2,547.31,0.2,1094.62,164.19,930.43,413.19,0
2025-003601,2025-12-07 23:58:03,S1029,C00292,P2050,Tienda,Tarjeta,Promo 10%,2,219.16,0.2,438.32,65.75,372.57,192.16,0
2025-003602,2025-09-26 22:03:50,S1010,C00326,P2105,Web,Tarjeta,Black Friday,1,574.73,0.15,574.73,68.97,505.76,320.12,0
2025-003603,2025-09-08 11:27:56,S1039,C00347,P2101,Web,Efectivo,Cyber Week,3,302.88,0.1,908.64,118.12,790.52,262.94,0
2025-003604,2025-05-08 01:26:48,S1011,C00783,P2019,Web,Transferencia,Promo 10%,3,424.14,0.1,1272.42,152.69,1119.73,283.84,0
2025-003605,2025-07-13 09:26:47,S1027,C00024,P2133,Tienda,Billetera Digital,Promo 15%,1,52.59,0.0,52.59,7.89,44.7,38.56,0
2025-003606,2025-09-09 20:26:31,S1028,C00783,P2104,Tienda,Transferencia,Cyber Week,1,702.23,0.0,702.23,105.33,596.9,405.18,0
2025-003607,2025-04-28 04:20:36,S1021,C00523,P2010,Call Center,Tarjeta,Promo 15%,3,404.09,0.0,1212.27,181.84,1030.43,210.17,0
2025-003608,2025-03-16 12:22:23,S1004,C00415,P2074,Tienda,Transferencia,,2,253.14,0.1,506.28,65.82,440.46,138.92,0
2025-003609,2025-03-03 05:55:25,S1042,C00545,P2002,Call Center,Efectivo,Sin Promo,2,290.16,0.0,580.32,75.44,504.88,134.76,1
2025-003610,2025-02-13 15:20:25,S1021,C00715,P2048,Call Center,Financiamiento,Promo 15%,4,288.14,0.1,1152.56,172.88,979.68,183.57,0
2025-003611,2025-12-22 09:33:38,S1028,C00072,P2120,Marketplace,Financiamiento,Sin Promo,1,189.52,0.05,189.52,28.43,161.09,113.2,0
2025-003612,2025-06-19 07:36:45,S1039,C00746,P2113,Web,Efectivo,2x1,3,282.77,0.05,848.31,110.28,738.03,139.53,1
2025-003613,2025-02-12 09:59:31,S1045,C00031,P2057,Web,Billetera Digital,Black Friday,1,356.83,0.15,356.83,46.39,310.44,314.68,0
2025-003614,2025-12-14 00:34:20,S1026,C00149,P2105,Web,Billetera Digital,Cyber Week,2,676.15,0.0,1352.3,202.84,1149.46,320.12,0
2025-003615,2025-07-24 19:04:45,S1021,C00220,P2051,Tienda,Transferencia,Cyber Week,4,855.46,0.0,3421.84,513.28,2908.56,394.02,0
2025-003616,2025-02-06 22:27:58,S1009,C00450,P2149,Web,Tarjeta,Sin Promo,2,224.81,0.0,449.62,58.45,391.17,173.08,0
2025-003617,2025-10-06 11:43:40,S1005,C00303,P2147,Call Center,Transferencia,Promo 10%,2,548.18,0.0,1096.36,142.53,953.83,299.7,0
2025-003618,2025-07-28 08:04:40,S1007,C00144,P2042,Marketplace,Billetera Digital,2x1,6,341.18,0.15,2047.08,266.12,1780.96,233.31,0
2025-003619,2025-12-08 19:59:42,S1007,C00610,P2022,Web,Financiamiento,2x1,3,449.93,0.0,1349.79,175.47,1174.32,325.44,0
2025-003620,2025-05-09 10:26:17,S1017,C00575,P2080,Web,Financiamiento,Sin Promo,1,301.79,0.0,301.79,36.21,265.58,221.89,0
2025-003621,2025-12-07 07:37:16,S1003,C00744,P2156,Tienda,Transferencia,Cyber Week,1,77.36,0.05,77.36,10.06,67.3,55.02,0
2025-003622,2025-04-23 22:02:05,S1043,C00544,P2115,Tienda,Billetera Digital,2x1,1,372.57,0.0,372.57,48.43,324.14,201.2,0
2025-003623,2025-02-27 02:27:00,S1019,C00186,P2107,Web,Transferencia,Promo 15%,2,257.6,0.2,515.2,77.28,437.92,196.36,0
2025-003624,2025-12-06 01:09:57,S1045,C00657,P2066,Tienda,Efectivo,2x1,1,498.47,0.05,498.47,64.8,433.67,297.19,0
2025-003625,2025-01-03 06:15:06,S1006,C00710,P2088,Web,Transferencia,Sin Promo,5,571.92,0.0,2859.6,371.75,2487.85,308.2,0
2025-003626,2025-07-17 11:00:05,S1045,C00483,P2096,Marketplace,Efectivo,Promo 10%,2,508.8,0.2,1017.6,132.29,885.31,369.96,0
2025-003627,2025-11-19 18:24:53,S1034,C00058,P2103,Marketplace,Transferencia,Promo 10%,5,382.41,0.1,1912.05,286.81,1625.24,274.37,0
2025-003628,2025-10-01 07:22:43,S1014,C00362,P2117,Web,Tarjeta,Cyber Week,1,71.57,0.15,71.57,8.59,62.98,41.82,1
2025-003629,2025-06-04 22:52:23,S1019,C00455,P2010,Call Center,Transferencia,,6,404.09,0.0,2424.54,363.68,2060.86,210.17,1
2025-003630,2025-04-19 13:15:29,S1002,C00253,P2078,Tienda,Transferencia,Cyber Week,3,165.66,0.0,496.98,64.61,432.37,125.47,0
2025-003631,2025-03-12 08:06:04,S1018,C00362,P2104,Marketplace,Efectivo,Promo 10%,1,667.12,0.05,667.12,80.05,587.07,405.18,0
2025-003632,2025-09-12 13:32:23,S1036,C00716,P2090,Marketplace,Efectivo,2x1,3,123.88,0.0,371.64,55.75,315.89,72.93,0
2025-003633,2025-11-21 23:06:31,S1043,C00181,P2010,Call Center,Efectivo,Cyber Week,2,404.09,0.0,808.18,105.06,703.12,210.17,0
2025-003634,2025-06-02 12:04:41,S1012,C00627,P2155,Call Center,Transferencia,Black Friday,3,157.33,0.0,471.99,56.64,415.35,71.96,0
2025-003635,2025-02-19 19:13:09,S1010,C00782,P2010,Marketplace,Financiamiento,,2,363.68,0.1,727.36,87.28,640.08,210.17,1
2025-003636,2025-03-04 07:01:19,S1041,C00761,P2128,Tienda,Tarjeta,2x1,2,473.78,0.15,947.56,123.18,824.38,269.57,1
2025-003637,2025-08-24 10:22:28,S1007,C00347,P2101,Tienda,Billetera Digital,Promo 10%,2,336.53,0.0,673.06,87.5,585.56,262.94,0
2025-003638,2025-06-28 04:06:10,S1042,C00760,P2066,Web,Efectivo,Promo 10%,1,446.0,0.15,446.0,57.98,388.02,297.19,0
2025-003639,2025-06-28 04:33:27,S1023,C00013,P2012,Marketplace,Tarjeta,Cyber Week,1,788.33,0.0,788.33,118.25,670.08,363.05,1
2025-003640,2025-05-17 15:20:08,S1045,C00610,P2027,Marketplace,Financiamiento,Promo 15%,1,331.73,0.0,331.73,43.12,288.61,230.42,0
2025-003641,2025-04-24 14:35:32,S1009,C00292,P2010,Tienda,Tarjeta,2x1,2,343.48,0.15,686.96,89.3,597.66,210.17,0
2025-003642,2025-01-30 06:44:06,S1020,C00723,P2058,Call Center,Tarjeta,2x1,1,372.73,0.2,372.73,55.91,316.82,324.41,0
2025-003643,2025-11-09 00:28:59,S1020,C00644,P2136,Call Center,Transferencia,Promo 10%,2,139.32,0.1,278.64,41.8,236.84,99.42,0
2025-003644,2025-06-23 19:27:35,S1016,C00264,P2047,Marketplace,Transferencia,Black Friday,1,411.11,0.1,411.11,49.33,361.78,295.44,1
2025-003645,2025-08-31 18:28:39,S1038,C00157,P2046,Marketplace,Financiamiento,Sin Promo,5,344.44,0.05,1722.2,223.89,1498.31,192.92,0
2025-003646,2025-07-17 03:46:29,S1045,C00651,P2147,Marketplace,Tarjeta,2x1,1,548.18,0.0,548.18,71.26,476.92,299.7,0
2025-003647,2025-05-28 11:22:53,S1012,C00251,P2132,Marketplace,Billetera Digital,Sin Promo,1,321.61,0.0,321.61,38.59,283.02,220.13,0
2025-003648,2025-04-03 20:41:52,S1002,C00474,P2121,Call Center,Efectivo,Promo 10%,1,396.89,0.05,396.89,51.6,345.29,207.12,0
2025-003649,2025-06-07 10:44:49,S1006,C00643,P2031,Marketplace,Tarjeta,Black Friday,1,173.06,0.15,173.06,22.5,150.56,111.43,0
2025-003650,2025-11-14 13:58:02,S1032,C00010,P2138,Tienda,Billetera Digital,Promo 15%,1,684.1,0.05,684.1,102.61,581.49,375.47,0
2025-003651,2025-08-22 02:23:50,S1020,C00775,P2066,Marketplace,Financiamiento,Cyber Week,1,524.71,0.0,524.71,78.71,446.0,297.19,0
2025-003652,2025-01-08 15:41:15,S1036,,P2158,Call Center,Efectivo,Sin Promo,1,542.39,0.0,542.39,81.36,461.03,274.83,0
2025-003653,2025-11-03 19:20:13,S1002,C00800,P2078,Tienda,Efectivo,Cyber Week,6,165.66,0.0,993.96,129.21,864.75,125.47,0
2025-003654,2025-08-11 20:00:38,S1010,C00008,P2020,Web,Financiamiento,Sin Promo,1,39.49,0.2,39.49,4.74,34.75,32.33,1
2025-003655,2025-07-01 22:54:02,S1021,C00571,P2115,Call Center,Efectivo,Sin Promo,2,372.57,0.0,745.14,111.77,633.37,201.2,0
2025-003656,2025-03-30 08:57:34,S1040,C00600,P2002,Tienda,Billetera Digital,Promo 10%,5,275.65,0.05,1378.25,179.17,1199.08,134.76,0
2025-003657,2025-02-27 22:22:39,S1019,C00494,P2033,Web,Tarjeta,Black Friday,1,80.36,0.0,80.36,12.05,68.31,61.26,0
2025-003658,2025-06-07 03:21:13,S1003,C00775,P2057,Call Center,Efectivo,Cyber Week,1,377.82,0.1,377.82,49.12,328.7,314.68,0
2025-003659,2025-03-01 06:25:15,S1027,C00454,P2031,Web,Tarjeta,Sin Promo,1,183.24,0.1,183.24,27.49,155.75,111.43,1
2025-003660,2025-07-29 21:00:50,S1011,C00314,P2121,Call Center,Financiamiento,Black Friday,1,376.0,0.1,376.0,45.12,330.88,207.12,0
2025-003661,2025-03-25 01:11:29,S1032,C00722,P2115,Web,Transferencia,Cyber Week,5,298.06,0.2,1490.3,223.54,1266.76,201.2,1
2025-003662,2025-07-13 08:28:46,S1018,C00386,P2105,Call Center,Billetera Digital,Cyber Week,5,574.73,0.15,2873.65,344.84,2528.81,320.12,0
2025-003663,2025-06-30 05:07:24,S1020,C00587,P2004,Call Center,Financiamiento,Sin Promo,2,489.28,0.1,978.56,146.78,831.78,298.92,0
2025-003664,2025-08-17 23:21:22,S1040,C00523,P2088,Tienda,Transferencia,2x1,2,571.92,0.0,1143.84,148.7,995.14,308.2,1
2025-003665,2025-03-21 01:59:42,S1016,C00416,P2104,Marketplace,Transferencia,2x1,2,667.12,0.05,1334.24,160.11,1174.13,405.18,0
2025-003666,2025-08-15 19:06:48,S1017,C00224,P2030,Web,Billetera Digital,2x1,3,487.3,0.1,1461.9,175.43,1286.47,418.38,0
2025-003667,2025-07-16 08:24:14,S1041,C00043,P2130,Marketplace,Financiamiento,Black Friday,1,596.1,0.15,596.1,77.49,518.61,404.15,1
2025-003668,2025-01-13 22:10:52,S1007,C00533,P2024,Web,Tarjeta,Cyber Week,1,284.64,0.1,284.64,37.0,247.64,197.91,0
2025-003669,2025-01-02 01:14:09,S1033,C00324,P2138,Call Center,Billetera Digital,2x1,1,720.1,0.0,720.1,108.02,612.08,375.47,0
2025-003670,2025-06-25 09:54:53,S1006,C00050,P2082,Call Center,Financiamiento,Sin Promo,1,239.21,0.15,239.21,31.1,208.11,152.77,0
2025-003671,2025-12-28 20:52:07,S1013,C00307,P2138,Call Center,Transferencia,Black Friday,1,684.1,0.05,684.1,82.09,602.01,375.47,1
2025-003672,2025-06-26 06:43:10,S1015,C00287,P2114,Call Center,Efectivo,Promo 10%,3,526.3,0.05,1578.9,189.47,1389.43,274.57,0
2025-003673,2025-02-03 03:55:41,S1044,C00011,P2147,Call Center,Billetera Digital,Black Friday,2,520.77,0.05,1041.54,135.4,906.14,299.7,0
2025-003674,2025-12-23 12:25:31,S1032,C00663,P2051,Call Center,Financiamiento,Promo 10%,2,684.37,0.2,1368.74,205.31,1163.43,394.02,1
2025-003675,2025-12-12 13:23:13,S1002,C00096,P2160,Tienda,Tarjeta,Black Friday,1,812.22,0.0,812.22,105.59,706.63,418.28,0
2025-003676,2025-07-29 06:19:52,S1024,C00576,P2057,Tienda,Financiamiento,Promo 10%,2,419.8,0.0,839.6,125.94,713.66,314.68,0
2025-003677,2025-09-10 21:34:57,S1015,C00073,P2066,Marketplace,Efectivo,Promo 15%,2,498.47,0.05,996.94,119.63,877.31,297.19,0
2025-003678,2025-10-21 23:05:43,S1037,C00009,P2011,Marketplace,Billetera Digital,Promo 10%,1,392.72,0.0,392.72,51.05,341.67,309.34,0
2025-003679,2025-03-30 07:48:45,S1007,C00348,P2023,Marketplace,Efectivo,2x1,4,529.75,0.0,2119.0,275.47,1843.53,346.8,0
2025-003680,2025-03-12 19:02:17,S1031,C00591,P2102,Web,Transferencia,,2,425.74,0.15,851.48,127.72,723.76,270.07,0
2025-003681,2025-05-24 23:46:26,S1045,C00369,P2006,Tienda,Efectivo,2x1,1,402.01,0.0,402.01,52.26,349.75,287.52,1
2025-003682,2025-05-20 18:57:39,S1003,C00093,P2078,Tienda,Financiamiento,Cyber Week,2,165.66,0.0,331.32,43.07,288.25,125.47,0
2025-003683,2025-04-29 15:42:44,S1019,C00093,P2133,Tienda,Efectivo,2x1,1,52.59,0.0,52.59,7.89,44.7,38.56,1
2025-003684,2025-12-09 00:04:19,S1038,C00409,P2006,Tienda,Transferencia,Promo 15%,5,402.01,0.0,2010.05,261.31,1748.74,287.52,0
2025-003685,2025-11-20 10:40:38,S1018,C00771,P2095,Marketplace,Billetera Digital,Sin Promo,1,729.93,0.0,729.93,87.59,642.34,368.2,0
2025-003686,2025-10-06 11:02:25,S1041,C00654,P2117,Marketplace,Transferencia,Sin Promo,3,67.36,0.2,202.08,26.27,175.81,41.82,0
2025-003687,2025-07-22 22:19:09,S1028,C00491,P2104,Marketplace,Billetera Digital,Promo 15%,4,632.01,0.1,2528.04,379.21,2148.83,405.18,0
2025-003688,2025-01-27 19:53:00,S1003,C00557,P2088,Tienda,Financiamiento,Promo 15%,4,457.54,0.2,1830.16,237.92,1592.24,308.2,0
2025-003689,2025-11-02 05:11:08,S1011,C00127,P2078,Web,Tarjeta,Black Friday,2,165.66,0.0,331.32,39.76,291.56,125.47,0
2025-003690,2025-06-02 21:34:24,S1039,C00440,P2101,Call Center,Financiamiento,Sin Promo,1,302.88,0.1,302.88,39.37,263.51,262.94,0
2025-003691,2025-11-21 12:15:30,S1020,C00610,P2071,Web,Financiamiento,Cyber Week,5,435.21,0.1,2176.05,326.41,1849.64,243.78,0
2025-003692,2025-08-12 14:30:34,S1006,C00278,P2121,Web,Efectivo,Promo 15%,4,355.11,0.15,1420.44,184.66,1235.78,207.12,0
2025-003693,2025-09-16 18:16:16,S1039,C00001,P2067,Web,Transferencia,Promo 15%,3,582.45,0.0,1747.35,227.16,1520.19,420.88,1
2025-003694,2025-07-04 05:19:40,S1007,C00593,P2111,Call Center,Transferencia,Promo 15%,1,233.7,0.2,233.7,30.38,203.32,191.52,0
2025-003695,2025-06-30 21:07:36,S1024,C00692,P2027,Call Center,Billetera Digital,Promo 15%,3,281.97,0.15,845.91,126.89,719.02,230.42,0
2025-003696,2025-09-20 10:18:12,S1029,C00401,P2015,Call Center,Efectivo,Black Friday,1,165.08,0.05,165.08,24.76,140.32,122.14,0
2025-003697,2025-12-14 14:56:03,S1032,C00138,P2102,Call Center,Financiamiento,Black Friday,5,475.83,0.05,2379.15,356.87,2022.28,270.07,0
2025-003698,2025-03-16 11:49:16,S1026,C00092,P2004,Web,Transferencia,2x1,1,489.28,0.1,489.28,73.39,415.89,298.92,0
2025-003699,2025-04-23 10:27:07,S1043,C00595,P2117,Marketplace,Financiamiento,Promo 15%,1,75.78,0.1,75.78,9.85,65.93,41.82,0
2025-003700,2025-03-12 11:01:29,S1022,C00338,P2074,Tienda,Transferencia,Sin Promo,2,239.08,0.15,478.16,71.72,406.44,138.92,1
2025-003701,2025-08-31 10:06:46,S1017,C00668,P2023,Web,Transferencia,2x1,2,503.26,0.05,1006.52,120.78,885.74,346.8,0
2025-003702,2025-10-12 03:19:50,S1014,C00755,P2107,Web,Billetera Digital,Black Friday,2,322.0,0.0,644.0,77.28,566.72,196.36,1
2025-003703,2025-10-18 17:51:04,S1044,C00719,P2040,Marketplace,Transferencia,2x1,2,47.59,0.2,95.18,12.37,82.81,35.66,0
2025-003704,2025-10-13 00:05:44,S1030,C00362,P2125,Marketplace,Tarjeta,Sin Promo,1,327.42,0.05,327.42,49.11,278.31,235.01,1
2025-003705,2025-02-23 23:21:30,S1021,C00277,P2108,Marketplace,Transferencia,Cyber Week,1,283.38,0.0,283.38,42.51,240.87,144.01,0
2025-003706,2025-10-25 08:55:14,S1036,C00742,P2063,Call Center,Billetera Digital,Promo 10%,1,63.37,0.1,63.37,9.51,53.86,34.56,0
2025-003707,2025-03-17 03:34:50,S1012,C00280,P2083,Marketplace,Financiamiento,Cyber Week,2,523.42,0.0,1046.84,125.62,921.22,334.59,0
2025-003708,2025-08-04 13:47:06,S1017,C00314,P2055,Call Center,Tarjeta,2x1,3,140.77,0.0,422.31,50.68,371.63,77.43,0
2025-003709,2025-07-26 01:09:44,S1018,C00520,P2143,Tienda,Tarjeta,Black Friday,2,175.44,0.0,350.88,42.11,308.77,101.86,0
2025-003710,2025-01-30 05:29:11,S1005,C00576,P2057,Marketplace,Billetera Digital,2x1,1,419.8,0.0,419.8,54.57,365.23,314.68,0
2025-003711,2025-08-04 15:46:52,S1013,C00412,P2028,Marketplace,Transferencia,Cyber Week,2,508.46,0.15,1016.92,122.03,894.89,344.08,0
2025-003712,2025-07-16 17:13:40,S1027,C00768,P2008,Web,Financiamiento,Promo 10%,5,874.23,0.0,4371.15,655.67,3715.48,421.75,0
2025-003713,2025-05-14 18:23:15,S1012,C00111,P2094,Marketplace,Efectivo,Cyber Week,2,700.79,0.0,1401.58,168.19,1233.39,392.99,0
2025-003714,2025-03-02 14:01:11,S1027,C00715,P2020,Marketplace,Efectivo,Promo 15%,1,41.96,0.15,41.96,6.29,35.67,32.33,0
2025-003715,2025-08-19 16:01:23,S1028,C00397,P2023,Web,Billetera Digital,Cyber Week,3,503.26,0.05,1509.78,226.47,1283.31,346.8,0
2025-003716,2025-10-10 23:26:48,S1012,C00737,P2030,Tienda,Efectivo,Promo 15%,3,541.44,0.0,1624.32,194.92,1429.4,418.38,0
2025-003717,2025-05-10 16:18:44,S1002,C00178,P2129,Marketplace,Tarjeta,Promo 10%,1,479.7,0.05,479.7,62.36,417.34,401.84,1
2025-003718,2025-03-23 10:59:29,S1040,C00742,P2065,Web,Tarjeta,Cyber Week,5,408.29,0.0,2041.45,265.39,1776.06,269.16,0
2025-003719,2025-10-17 16:39:37,S1033,C00474,P2034,Marketplace,Tarjeta,Sin Promo,1,262.95,0.0,262.95,39.44,223.51,122.22,1
2025-003720,2025-06-10 09:20:53,S1022,C00136,P2141,Web,Financiamiento,Cyber Week,4,832.49,0.0,3329.96,499.49,2830.47,384.64,0
2025-003721,2025-03-16 21:37:24,S1014,C00650,P2116,Call Center,Transferencia,Sin Promo,3,669.51,0.1,2008.53,241.02,1767.51,358.01,0
2025-003722,2025-04-01 10:02:54,S1044,C00488,P2128,Marketplace,Tarjeta,2x1,1,529.52,0.05,529.52,68.84,460.68,269.57,0
2025-003723,2025-01-11 21:17:07,S1004,C00387,P2050,Web,Billetera Digital,2x1,2,273.95,0.0,547.9,71.23,476.67,192.16,0
2025-003724,2025-06-09 07:10:27,S1020,C00029,P2100,Marketplace,Billetera Digital,Promo 15%,1,571.97,0.0,571.97,85.8,486.17,422.9,0
2025-003725,2025-03-17 03:54:53,S1033,C00555,P2084,Tienda,Billetera Digital,Promo 10%,1,9.8,0.1,9.8,1.47,8.33,8.31,1
2025-003726,2025-10-16 08:11:14,S1038,C00310,P2133,Tienda,Efectivo,Promo 15%,3,49.96,0.05,149.88,19.48,130.4,38.56,0
2025-003727,2025-10-17 15:44:21,S1013,C00595,P2082,Web,Tarjeta,2x1,1,281.42,0.0,281.42,33.77,247.65,152.77,1
2025-003728,2025-04-21 02:50:54,S1026,C00147,P2022,Tienda,Transferencia,Promo 15%,3,449.93,0.0,1349.79,202.47,1147.32,325.44,0
2025-003729,2025-01-20 13:28:06,S1023,C00773,P2022,Web,Billetera Digital,Promo 15%,4,404.94,0.1,1619.76,242.96,1376.8,325.44,0
2025-003730,2025-08-21 22:21:18,S1044,C00174,P2072,Call Center,Billetera Digital,Promo 10%,1,604.62,0.0,604.62,78.6,526.02,420.23,0
2025-003731,2025-11-16 02:10:08,S1027,C00491,P2157,Marketplace,Efectivo,Black Friday,1,201.04,0.1,201.04,30.16,170.88,118.28,0
2025-003732,2025-08-08 21:59:12,S1019,C00118,P2011,Tienda,Billetera Digital,Promo 15%,5,392.72,0.0,1963.6,294.54,1669.06,309.34,1
2025-003733,2025-07-07 14:22:05,S1007,C00342,P2039,Tienda,Efectivo,Promo 15%,1,477.0,0.0,477.0,62.01,414.99,251.05,0
2025-003734,2025-02-28 06:01:50,S1018,C00680,P2126,Marketplace,Transferencia,Promo 10%,6,581.52,0.15,3489.12,418.69,3070.43,413.19,0
2025-003735,2025-12-13 22:37:42,S1043,C00149,P2157,Marketplace,Transferencia,Sin Promo,2,223.38,0.0,446.76,58.08,388.68,118.28,0
2025-003736,2025-12-27 02:43:04,S1044,C00397,P2042,Marketplace,Financiamiento,Sin Promo,1,401.39,0.0,401.39,52.18,349.21,233.31,0
2025-003737,2025-02-23 07:46:37,S1031,C00049,P2065,Web,Transferencia,Cyber Week,3,367.46,0.1,1102.38,165.36,937.02,269.16,0
2025-003738,2025-02-15 03:01:54,S1035,C00391,P2106,Marketplace,Billetera Digital,Black Friday,4,461.42,0.0,1845.68,276.85,1568.83,310.34,0
2025-003739,2025-07-09 04:14:24,S1045,C00379,P2051,Web,Tarjeta,Cyber Week,2,727.14,0.15,1454.28,189.06,1265.22,394.02,0
2025-003740,2025-04-01 02:27:22,S1021,C00517,P2059,Call Center,Billetera Digital,Black Friday,6,130.71,0.0,784.26,117.64,666.62,101.09,0
2025-003741,2025-12-28 21:47:29,S1022,C00730,P2139,Tienda,Efectivo,Cyber Week,5,16.22,0.2,81.1,12.16,68.94,12.71,0
2025-003742,2025-06-06 12:46:09,S1002,C00736,P2106,Web,Tarjeta,Promo 15%,1,415.28,0.1,415.28,53.99,361.29,310.34,0
2025-003743,2025-06-02 22:54:34,S1007,C00246,P2116,Call Center,Efectivo,Promo 10%,1,706.7,0.05,706.7,91.87,614.83,358.01,0
2025-003744,2025-08-12 09:45:05,S1002,C00532,P2115,Web,Transferencia,2x1,4,298.06,0.2,1192.24,154.99,1037.25,201.2,0
2025-003745,2025-04-09 01:53:06,S1029,C00791,P2001,Web,Financiamiento,Promo 10%,1,95.82,0.0,95.82,14.37,81.45,59.67,0
2025-003746,2025-07-06 19:45:17,S1021,C00558,P2106,Tienda,Billetera Digital,Sin Promo,2,438.35,0.05,876.7,131.5,745.2,310.34,0
2025-003747,2025-06-15 04:35:15,S1031,C00292,P2032,Marketplace,Financiamiento,2x1,1,443.24,0.05,443.24,66.49,376.75,330.43,0
2025-003748,2025-09-22 03:21:11,S1016,C00741,P2149,Call Center,Transferencia,Promo 15%,2,224.81,0.0,449.62,53.95,395.67,173.08,0
2025-003749,2025-04-08 08:03:02,S1006,C00598,P2149,Marketplace,Financiamiento,Promo 10%,1,224.81,0.0,224.81,29.23,195.58,173.08,0
2025-003750,2025-10-29 23:45:02,S1036,C00128,P2088,Marketplace,Tarjeta,Black Friday,2,571.92,0.0,1143.84,171.58,972.26,308.2,1
2025-003751,2025-05-25 22:27:08,S1038,C00459,P2159,Web,Financiamiento,Cyber Week,2,544.75,0.15,1089.5,141.63,947.87,434.27,1
2025-003752,2025-02-10 14:20:02,S1027,C00660,P2003,Tienda,Tarjeta,Promo 10%,2,406.98,0.2,813.96,122.09,691.87,261.5,0
2025-003753,2025-07-21 22:01:59,S1005,C00041,P2093,Tienda,Efectivo,Cyber Week,3,147.96,0.0,443.88,57.7,386.18,75.0,0
2025-003754,2025-10-27 01:13:22,S1014,C00073,P2152,Tienda,Tarjeta,Black Friday,3,499.51,0.0,1498.53,179.82,1318.71,338.06,1
2025-003755,2025-10-19 06:40:03,S1011,C00100,P2033,Call Center,Efectivo,Promo 10%,2,80.36,0.0,160.72,19.29,141.43,61.26,0
2025-003756,2025-01-12 19:01:10,S1022,C00530,P2091,Marketplace,Transferencia,Promo 15%,3,487.35,0.1,1462.05,219.31,1242.74,397.11,1
2025-003757,2025-02-18 22:03:33,S1031,C00473,P2133,Call Center,Financiamiento,Cyber Week,2,52.59,0.0,105.18,15.78,89.4,38.56,0
2025-003758,2025-11-03 12:28:11,S1028,C00594,P2091,Call Center,Financiamiento,2x1,5,541.5,0.0,2707.5,406.12,2301.38,397.11,0
2025-003759,2025-11-20 05:02:36,S1043,C00078,P2042,Call Center,Financiamiento,Promo 10%,2,341.18,0.15,682.36,88.71,593.65,233.31,0
2025-003760,2025-10-26 12:02:39,S1038,C00576,P2011,Web,Efectivo,Black Friday,1,314.18,0.2,314.18,40.84,273.34,309.34,0
2025-003761,2025-07-09 17:28:37,S1020,C00010,P2034,Web,Billetera Digital,2x1,1,210.36,0.2,210.36,31.55,178.81,122.22,0
2025-003762,2025-12-10 00:54:41,S1040,C00225,P2094,Marketplace,Billetera Digital,Sin Promo,2,700.79,0.0,1401.58,182.21,1219.37,392.99,0
2025-003763,2025-07-19 22:30:04,S1014,C00208,P2071,Web,Financiamiento,Black Friday,2,483.57,0.0,967.14,116.06,851.08,243.78,0
2025-003764,2025-06-14 13:57:28,S1004,C00081,P2136,Marketplace,Efectivo,Sin Promo,3,154.8,0.0,464.4,60.37,404.03,99.42,0
2025-003765,2025-04-30 08:41:54,S1041,C00583,P2035,Call Center,Billetera Digital,Promo 10%,1,815.94,0.1,815.94,106.07,709.87,418.3,0
2025-003766,2025-05-07 20:05:05,S1032,C00783,P2070,Web,Transferencia,Sin Promo,1,553.31,0.1,553.31,83.0,470.31,281.04,1
2025-003767,2025-06-29 12:17:59,S1001,C00328,P2066,Tienda,Efectivo,Cyber Week,1,446.0,0.15,446.0,57.98,388.02,297.19,0
2025-003768,2025-04-10 01:07:05,S1014,C00055,P2154,Call Center,Efectivo,Cyber Week,2,733.21,0.0,1466.42,175.97,1290.45,427.53,0
2025-003769,2025-05-15 21:29:14,S1013,C00603,P2087,Marketplace,Financiamiento,Sin Promo,2,323.78,0.0,647.56,77.71,569.85,166.63,0
2025-003770,2025-12-19 14:22:30,S1019,C00735,P2018,Tienda,Tarjeta,Cyber Week,3,391.86,0.0,1175.58,176.34,999.24,224.11,0
2025-003771,2025-01-14 09:00:39,S1028,C00791,P2093,Web,Transferencia,Promo 10%,2,125.77,0.15,251.54,37.73,213.81,75.0,0
2025-003772,2025-06-07 07:53:25,S1028,C00424,P2086,Marketplace,Financiamiento,Sin Promo,4,98.28,0.1,393.12,58.97,334.15,70.05,0
2025-003773,2025-07-06 22:06:00,S1041,C00245,P2105,Call Center,Efectivo,Promo 15%,3,608.53,0.1,1825.59,237.33,1588.26,320.12,0
2025-003774,2025-03-17 15:27:26,S1007,C00311,P2145,Tienda,Tarjeta,2x1,1,94.41,0.2,94.41,12.27,82.14,77.61,1
2025-003775,2025-04-13 03:16:02,S1013,C00291,P2073,Marketplace,Transferencia,Promo 15%,2,164.56,0.0,329.12,39.49,289.63,131.1,0
2025-003776,2025-09-02 15:49:06,S1037,C00763,P2076,Marketplace,Transferencia,Cyber Week,4,92.64,0.05,370.56,48.17,322.39,50.2,0
2025-003777,2025-08-09 18:48:33,S1029,C00607,P2002,Marketplace,Financiamiento,Promo 15%,2,232.13,0.2,464.26,69.64,394.62,134.76,0
2025-003778,2025-09-10 05:02:37,S1014,C00427,P2126,Call Center,Billetera Digital,Black Friday,3,615.73,0.1,1847.19,221.66,1625.53,413.19,0
2025-003779,2025-01-31 09:43:21,S1026,C00622,P2089,Call Center,Transferencia,Black Friday,1,589.23,0.2,589.23,88.38,500.85,351.93,1
2025-003780,2025-12-13 16:21:20,S1032,C00480,P2013,Tienda,Transferencia,Sin Promo,1,180.18,0.1,180.18,27.03,153.15,98.1,0
2025-003781,2025-12-26 20:28:34,S1017,C00413,P2089,Tienda,Billetera Digital,Cyber Week,2,736.54,0.0,1473.08,176.77,1296.31,351.93,1
2025-003782,2025-09-07 16:45:13,S1030,C00753,P2039,Marketplace,Financiamiento,Promo 15%,2,477.0,0.0,954.0,143.1,810.9,251.05,1
2025-003783,2025-07-24 21:33:51,S1042,C00788,P2022,Call Center,Efectivo,2x1,4,449.93,0.0,1799.72,233.96,1565.76,325.44,0
2025-003784,2025-07-22 11:05:09,S1003,C00683,P2066,Tienda,Transferencia,Cyber Week,4,498.47,0.05,1993.88,259.2,1734.68,297.19,1
2025-003785,2025-01-21 10:02:40,S1022,C00572,P2133,Call Center,Tarjeta,Cyber Week,3,44.7,0.15,134.1,20.11,113.99,38.56,0
2025-003786,2025-06-23 13:11:57,S1034,C00667,P2030,Tienda,Transferencia,Promo 15%,1,487.3,0.1,487.3,73.09,414.21,418.38,0
2025-003787,2025-08-11 04:22:29,S1035,C00745,P2103,Call Center,Billetera Digital,2x1,1,361.16,0.15,361.16,54.17,306.99,274.37,0
2025-003788,2025-12-22 14:22:45,S1029,C00582,P2114,Marketplace,Transferencia,Promo 10%,2,526.3,0.05,1052.6,157.89,894.71,274.57,0
2025-003789,2025-11-21 22:13:15,S1043,C00388,P2138,Call Center,Tarjeta,Promo 10%,4,648.09,0.1,2592.36,337.01,2255.35,375.47,0
2025-003790,2025-02-03 08:47:44,S1041,C00186,P2021,Call Center,Efectivo,Black Friday,5,439.47,0.0,2197.35,285.66,1911.69,239.98,0
2025-003791,2025-07-20 09:44:01,S1009,C00400,P2056,Tienda,Financiamiento,Promo 10%,2,709.55,0.2,1419.1,184.48,1234.62,417.23,0
2025-003792,2025-01-22 17:32:06,S1026,C00268,P2117,Marketplace,Billetera Digital,Promo 10%,3,84.2,0.0,252.6,37.89,214.71,41.82,1
2025-003793,2025-06-23 23:28:16,S1011,C00148,P2060,Tienda,Tarjeta,Promo 15%,2,325.76,0.15,651.52,78.18,573.34,245.82,0
2025-003794,2025-04-02 10:55:47,S1009,C00676,P2118,Web,Tarjeta,Sin Promo,1,52.12,0.2,52.12,6.78,45.34,45.65,0
2025-003795,2025-08-01 23:32:46,S1034,C00708,P2104,Marketplace,Transferencia,Sin Promo,2,561.78,0.2,1123.56,168.53,955.03,405.18,0
2025-003796,2025-04-05 05:10:28,S1028,C00183,P2108,Tienda,Transferencia,2x1,2,255.04,0.1,510.08,76.51,433.57,144.01,0
2025-003797,2025-05-24 09:59:41,S1008,C00549,P2001,Tienda,Tarjeta,Promo 15%,1,95.82,0.0,95.82,12.46,83.36,59.67,0
2025-003798,2025-04-23 11:11:54,S1031,C00175,P2078,Web,Billetera Digital,Promo 15%,1,149.09,0.1,149.09,22.36,126.73,125.47,0
2025-003799,2025-12-17 09:18:27,S1022,C00603,P2070,Web,Transferencia,Promo 10%,6,584.05,0.05,3504.3,525.64,2978.66,281.04,0
2025-003800,2025-01-08 03:07:33,S1006,C00422,P2045,Web,Transferencia,Black Friday,1,68.91,0.0,68.91,8.96,59.95,46.07,0
2025-003801,2025-10-05 15:10:43,S1007,C00207,P2001,Call Center,Tarjeta,Promo 15%,4,81.45,0.15,325.8,42.35,283.45,59.67,0
2025-003802,2025-11-11 14:03:25,S1004,C00507,P2021,Marketplace,Tarjeta,Promo 15%,1,395.52,0.1,395.52,51.42,344.1,239.98,0
2025-003803,2025-04-14 10:13:43,S1015,C00249,P2094,Tienda,Tarjeta,Cyber Week,2,560.63,0.2,1121.26,134.55,986.71,392.99,1
2025-003804,2025-04-13 12:11:41,S1028,C00491,P2046,Call Center,Efectivo,Promo 15%,1,290.06,0.2,290.06,43.51,246.55,192.92,0
2025-003805,2025-04-01 21:21:53,S1039,C00601,P2131,Call Center,Tarjeta,2x1,1,196.93,0.0,196.93,25.6,171.33,119.6,0
2025-003806,2025-11-13 17:34:32,S1036,C00070,P2145,Call Center,Efectivo,Cyber Week,2,118.01,0.0,236.02,35.4,200.62,77.61,0
2025-003807,2025-01-26 13:39:50,S1009,C00144,P2104,Web,Financiamiento,Sin Promo,2,667.12,0.05,1334.24,173.45,1160.79,405.18,0
2025-003808,2025-03-31 14:28:50,S1040,C00193,P2005,Call Center,Financiamiento,Promo 10%,5,545.93,0.0,2729.65,354.85,2374.8,390.45,0
2025-003809,2025-05-03 07:54:59,S1013,C00023,P2101,Marketplace,Transferencia,Sin Promo,2,269.22,0.2,538.44,64.61,473.83,262.94,0
2025-003810,2025-05-03 11:05:44,S1021,C00420,P2040,Call Center,Efectivo,Sin Promo,1,59.49,0.0,59.49,8.92,50.57,35.66,0
2025-003811,2025-10-12 06:20:33,S1041,C00100,P2038,Marketplace,Billetera Digital,Sin Promo,2,139.95,0.0,279.9,36.39,243.51,104.22,1
2025-003812,2025-04-08 00:22:16,S1037,C00092,P2006,Tienda,Transferencia,Sin Promo,3,402.01,0.0,1206.03,156.78,1049.25,287.52,1
2025-003813,2025-08-24 07:15:23,S1032,C00257,P2086,Call Center,Efectivo,Sin Promo,2,109.2,0.0,218.4,32.76,185.64,70.05,1
2025-003814,2025-05-14 16:53:07,S1019,C00221,P2160,Web,Financiamiento,2x1,1,731.0,0.1,731.0,109.65,621.35,418.28,0
2025-003815,2025-12-16 20:50:49,S1028,C00743,P2055,Tienda,Tarjeta,Promo 10%,1,119.65,0.15,119.65,17.95,101.7,77.43,0
2025-003816,2025-09-13 07:22:17,S1015,C00563,P2148,Call Center,Billetera Digital,Cyber Week,2,674.81,0.0,1349.62,161.95,1187.67,390.62,0
2025-003817,2025-03-29 19:05:46,S1010,C00199,P2076,Tienda,Efectivo,Black Friday,4,78.02,0.2,312.08,37.45,274.63,50.2,0
2025-003818,2025-12-28 03:51:27,S1004,C00745,P2108,Web,Billetera Digital,Black Friday,1,269.21,0.05,269.21,35.0,234.21,144.01,1
2025-003819,2025-09-19 19:32:52,S1020,C00640,P2144,Web,Financiamiento,Black Friday,1,258.88,0.05,258.88,38.83,220.05,177.43,0
2025-003820,2025-04-28 18:02:08,S1028,C00053,P2013,Tienda,Financiamiento,Sin Promo,2,170.17,0.15,340.34,51.05,289.29,98.1,0
2025-003821,2025-03-05 14:55:44,S1021,C00234,P2020,Tienda,Tarjeta,Sin Promo,1,41.96,0.15,41.96,6.29,35.67,32.33,0
2025-003822,2025-11-19 15:25:50,S1029,C00144,P2048,Web,Tarjeta,Promo 15%,2,320.16,0.0,640.32,96.05,544.27,183.57,0
2025-003823,2025-09-19 18:13:40,S1043,C00418,P2101,Tienda,Transferencia,2x1,1,286.05,0.15,286.05,37.19,248.86,262.94,0
2025-003824,2025-07-25 11:53:56,S1026,,P2101,Tienda,Financiamiento,2x1,1,336.53,0.0,336.53,50.48,286.05,262.94,1
2025-003825,2025-08-29 03:45:23,S1009,C00259,P2112,Tienda,Efectivo,2x1,3,361.76,0.0,1085.28,141.09,944.19,257.82,0
2025-003826,2025-01-30 13:43:01,S1034,C00568,P2027,Call Center,Tarjeta,Promo 10%,4,331.73,0.0,1326.92,199.04,1127.88,230.42,0
2025-003827,2025-08-03 18:47:49,S1027,C00556,P2028,Tienda,Transferencia,Black Friday,1,598.19,0.0,598.19,89.73,508.46,344.08,0
2025-003828,2025-10-17 13:45:36,S1020,C00052,P2084,Call Center,Financiamiento,Sin Promo,2,10.89,0.0,21.78,3.27,18.51,8.31,0
2025-003829,2025-05-23 04:49:13,S1026,C00389,P2020,Web,Financiamiento,Cyber Week,1,41.96,0.15,41.96,6.29,35.67,32.33,0
2025-003830,2025-04-28 03:31:14,S1027,C00144,P2098,Web,Tarjeta,2x1,3,645.08,0.0,1935.24,290.29,1644.95,389.5,1
2025-003831,2025-10-08 07:13:53,S1004,C00727,P2114,Marketplace,Billetera Digital,2x1,5,554.0,0.0,2770.0,360.1,2409.9,274.57,0
2025-003832,2025-10-14 04:49:24,S1008,C00586,P2008,Web,Efectivo,2x1,1,874.23,0.0,874.23,113.65,760.58,421.75,0
2025-003833,2025-02-25 21:38:13,S1025,C00171,P2112,Call Center,Efectivo,Promo 10%,2,307.5,0.15,615.0,92.25,522.75,257.82,0
2025-003834,2025-04-07 13:22:38,S1011,C00201,P2003,Call Center,Efectivo,Promo 15%,1,508.72,0.0,508.72,61.05,447.67,261.5,0
2025-003835,2025-09-11 09:57:39,S1037,C00703,P2107,Call Center,Billetera Digital,2x1,2,273.7,0.15,547.4,71.16,476.24,196.36,0
2025-003836,2025-11-26 09:08:09,S1033,C00079,P2113,Web,Tarjeta,Black Friday,1,238.12,0.2,238.12,35.72,202.4,139.53,0
2025-003837,2025-08-14 19:07:02,S1008,C00224,P2009,Web,Transferencia,Cyber Week,5,523.01,0.0,2615.05,339.96,2275.09,287.2,0
2025-003838,2025-09-28 20:00:00,S1043,C00429,P2004,Marketplace,Tarjeta,Black Friday,2,516.47,0.05,1032.94,134.28,898.66,298.92,0
2025-003839,2025-08-15 15:24:16,S1029,C00292,P2029,Call Center,Transferencia,Promo 15%,2,417.77,0.15,835.54,125.33,710.21,271.13,0
2025-003840,2025-09-12 05:30:16,S1010,C00276,P2116,Marketplace,Billetera Digital,2x1,2,669.51,0.1,1339.02,160.68,1178.34,358.01,1
2025-003841,2025-12-10 01:36:01,S1013,C00569,P2144,Call Center,Tarjeta,Cyber Week,1,272.5,0.0,272.5,32.7,239.8,177.43,0
2025-003842,2025-06-08 19:50:44,S1012,C00163,P2044,Marketplace,Transferencia,Promo 10%,3,454.08,0.0,1362.24,163.47,1198.77,214.81,0
2025-003843,2025-02-17 21:23:02,S1017,C00263,P2093,Call Center,Billetera Digital,Sin Promo,1,147.96,0.0,147.96,17.76,130.2,75.0,0
2025-003844,2025-02-09 22:39:03,S1034,C00719,P2035,Web,Efectivo,Sin Promo,1,815.94,0.1,815.94,122.39,693.55,418.3,0
2025-003845,2025-06-26 18:36:48,S1002,C00722,P2129,Marketplace,Efectivo,Sin Promo,1,403.96,0.2,403.96,52.51,351.45,401.84,0
2025-003846,2025-12-22 07:07:36,S1017,C00348,P2114,Marketplace,Efectivo,Promo 15%,2,443.2,0.2,886.4,106.37,780.03,274.57,0
2025-003847,2025-03-22 11:09:55,S1030,C00669,P2158,Call Center,Efectivo,Sin Promo,4,488.15,0.1,1952.6,292.89,1659.71,274.83,0
2025-003848,2025-06-16 14:02:49,S1003,C00546,P2111,Web,Financiamiento,Black Friday,2,292.12,0.0,584.24,75.95,508.29,191.52,0
2025-003849,2025-07-30 06:20:03,S1012,C00571,P2140,Marketplace,Financiamiento,2x1,2,12.25,0.15,24.5,2.94,21.56,6.63,0
2025-003850,2025-11-17 12:25:56,S1040,C00666,P2023,Marketplace,Efectivo,Promo 15%,3,529.75,0.0,1589.25,206.6,1382.65,346.8,0
2025-003851,2025-06-29 15:52:48,S1028,,P2118,Web,Financiamiento,Promo 10%,6,58.64,0.1,351.84,52.78,299.06,45.65,0
2025-003852,2025-01-02 13:49:50,S1035,C00594,P2117,Marketplace,Tarjeta,Promo 10%,5,75.78,0.1,378.9,56.83,322.07,41.82,0
2025-003853,2025-07-02 11:18:22,S1034,C00685,P2101,Marketplace,Billetera Digital,2x1,3,286.05,0.15,858.15,128.72,729.43,262.94,1
2025-003854,2025-01-29 14:12:43,S1009,C00788,P2041,Call Center,Efectivo,Black Friday,1,46.52,0.0,46.52,6.05,40.47,34.06,0
2025-003855,2025-09-23 22:58:26,S1040,C00062,P2020,Web,Billetera Digital,Sin Promo,1,39.49,0.2,39.49,5.13,34.36,32.33,0
2025-003856,2025-01-15 13:25:50,S1032,C00552,P2151,Tienda,Financiamiento,Promo 10%,2,221.55,0.1,443.1,66.47,376.63,116.51,0
2025-003857,2025-05-22 07:31:46,S1030,C00772,P2160,Tienda,Efectivo,Promo 15%,1,690.39,0.15,690.39,103.56,586.83,418.28,0
2025-003858,2025-05-28 20:41:06,S1017,C00174,P2006,Call Center,Billetera Digital,Promo 10%,3,321.61,0.2,964.83,115.78,849.05,287.52,0
2025-003859,2025-06-27 04:34:16,S1022,C00622,P2135,Call Center,Transferencia,Promo 15%,2,145.28,0.05,290.56,43.58,246.98,71.27,0
2025-003860,2025-01-16 16:34:24,S1038,C00148,P2036,Marketplace,Financiamiento,2x1,1,288.63,0.0,288.63,37.52,251.11,143.03,1
2025-003861,2025-01-13 08:03:09,S1010,C00088,P2101,Tienda,Transferencia,Promo 15%,2,269.22,0.2,538.44,64.61,473.83,262.94,0
2025-003862,2025-08-11 23:07:02,S1018,C00593,P2014,Tienda,Tarjeta,Cyber Week,1,430.19,0.0,430.19,51.62,378.57,296.33,0
2025-003863,2025-02-11 05:26:51,S1004,C00732,P2076,Marketplace,Efectivo,Cyber Week,2,87.77,0.1,175.54,22.82,152.72,50.2,0
2025-003864,2025-01-22 20:23:34,S1023,C00023,P2015,Web,Tarjeta,Promo 15%,1,173.77,0.0,173.77,26.07,147.7,122.14,0
2025-003865,2025-11-07 13:45:05,S1011,,P2015,Tienda,Transferencia,Promo 15%,1,156.39,0.1,156.39,18.77,137.62,122.14,0
2025-003866,2025-03-12 03:23:57,S1003,C00746,P2150,Marketplace,Tarjeta,2x1,4,234.07,0.0,936.28,121.72,814.56,154.53,0
2025-003867,2025-11-01 00:57:24,S1040,C00747,P2006,Marketplace,Transferencia,Promo 15%,2,341.71,0.15,683.42,88.84,594.58,287.52,1
2025-003868,2025-01-08 17:00:52,S1033,C00366,P2030,Tienda,Transferencia,Black Friday,5,460.22,0.15,2301.1,345.16,1955.94,418.38,0
2025-003869,2025-04-22 17:53:21,S1042,C00474,P2010,Web,Efectivo,Sin Promo,2,404.09,0.0,808.18,105.06,703.12,210.17,0
2025-003870,2025-11-21 00:17:29,S1015,C00389,P2153,Call Center,Efectivo,2x1,3,346.72,0.15,1040.16,124.82,915.34,293.96,1
2025-003871,2025-03-01 01:07:38,S1005,C00043,P2006,Web,Transferencia,Sin Promo,1,341.71,0.15,341.71,44.42,297.29,287.52,0
2025-003872,2025-08-12 17:45:12,S1030,C00389,P2134,Web,Financiamiento,Promo 10%,1,241.56,0.0,241.56,36.23,205.33,153.79,1
2025-003873,2025-04-19 05:18:43,S1022,C00236,P2027,Call Center,Tarjeta,Black Friday,1,281.97,0.15,281.97,42.3,239.67,230.42,0
2025-003874,2025-08-09 15:34:57,S1029,,P2034,Call Center,Tarjeta,Promo 15%,1,223.51,0.15,223.51,33.53,189.98,122.22,0
2025-003875,2025-11-06 05:00:00,S1033,C00545,P2080,Call Center,Financiamiento,Cyber Week,1,241.43,0.2,241.43,36.21,205.22,221.89,0
2025-003876,2025-04-01 07:36:26,S1009,C00519,P2142,Call Center,Transferencia,Promo 10%,2,493.89,0.0,987.78,128.41,859.37,331.65,0
2025-003877,2025-01-08 19:37:20,S1003,C00653,P2016,Web,Tarjeta,2x1,2,138.07,0.2,276.14,35.9,240.24,121.18,0
2025-003878,2025-08-16 06:38:41,S1001,C00435,P2107,Web,Efectivo,Promo 10%,1,289.8,0.1,289.8,37.67,252.13,196.36,0
2025-003879,2025-02-11 14:23:28,S1035,C00400,P2051,Web,Transferencia,Promo 15%,2,769.91,0.1,1539.82,230.97,1308.85,394.02,1
2025-003880,2025-12-04 17:32:18,S1006,C00450,P2023,Web,Tarjeta,Sin Promo,3,529.75,0.0,1589.25,206.6,1382.65,346.8,0
2025-003881,2025-04-27 20:23:24,S1018,C00079,P2157,Web,Tarjeta,Promo 10%,4,223.38,0.0,893.52,107.22,786.3,118.28,0
2025-003882,2025-04-22 10:09:55,S1017,C00500,P2096,Marketplace,Financiamiento,Black Friday,1,636.0,0.0,636.0,76.32,559.68,369.96,0
2025-003883,2025-01-04 05:36:03,S1002,C00369,P2028,Tienda,Billetera Digital,2x1,2,508.46,0.15,1016.92,132.2,884.72,344.08,0
2025-003884,2025-12-10 08:31:53,S1016,C00406,P2043,Call Center,Billetera Digital,2x1,1,282.25,0.1,282.25,33.87,248.38,244.5,0
2025-003885,2025-08-28 17:49:50,S1041,C00589,P2035,Marketplace,Tarjeta,Cyber Week,4,906.6,0.0,3626.4,471.43,3154.97,418.3,1
2025-003886,2025-06-21 14:02:30,S1005,C00401,P2015,Marketplace,Financiamiento,2x1,3,139.02,0.2,417.06,54.22,362.84,122.14,0
2025-003887,2025-09-26 22:00:05,S1039,C00417,P2008,Call Center,Tarjeta,2x1,1,874.23,0.0,874.23,113.65,760.58,421.75,0
2025-003888,2025-01-27 22:07:44,S1045,C00052,P2091,Marketplace,Financiamiento,Sin Promo,1,541.5,0.0,541.5,70.39,471.11,397.11,1
2025-003889,2025-03-02 00:51:25,S1028,,P2073,Call Center,Transferencia,Black Friday,2,164.56,0.0,329.12,49.37,279.75,131.1,0
2025-003890,2025-11-11 23:20:06,S1025,C00394,P2090,Marketplace,Billetera Digital,Promo 15%,4,99.1,0.2,396.4,59.46,336.94,72.93,1
2025-003891,2025-11-20 00:53:03,S1024,C00413,P2109,Web,Tarjeta,Promo 10%,1,208.28,0.0,208.28,31.24,177.04,141.94,0
2025-003892,2025-06-13 05:55:52,S1012,C00118,P2079,Tienda,Transferencia,Cyber Week,6,249.59,0.0,1497.54,179.7,1317.84,156.92,0
2025-003893,2025-06-17 00:14:23,S1012,C00276,P2006,Marketplace,Billetera Digital,Promo 10%,1,361.81,0.1,361.81,43.42,318.39,287.52,0
2025-003894,2025-05-25 19:01:02,S1006,C00673,P2016,Tienda,Tarjeta,Sin Promo,1,172.59,0.0,172.59,22.44,150.15,121.18,0
2025-003895,2025-03-02 19:45:45,S1005,C00631,P2025,Marketplace,Billetera Digital,2x1,3,564.63,0.15,1693.89,220.21,1473.68,394.63,0
2025-003896,2025-06-10 16:01:28,S1041,C00357,P2005,Tienda,Tarjeta,Promo 10%,1,464.04,0.15,464.04,60.33,403.71,390.45,0
2025-003897,2025-11-15 21:06:50,S1009,C00380,P2038,Web,Financiamiento,2x1,2,139.95,0.0,279.9,36.39,243.51,104.22,0
2025-003898,2025-03-16 07:40:29,S1036,C00120,P2021,Tienda,Efectivo,Cyber Week,3,439.47,0.0,1318.41,197.76,1120.65,239.98,0
2025-003899,2025-08-15 07:07:36,S1011,C00643,P2093,Marketplace,Financiamiento,Black Friday,3,147.96,0.0,443.88,53.27,390.61,75.0,1
2025-003900,2025-07-21 22:13:51,S1038,C00669,P2157,Web,Tarjeta,Promo 15%,1,223.38,0.0,223.38,29.04,194.34,118.28,0
2025-003901,2025-01-24 01:57:05,S1037,C00692,P2142,Marketplace,Financiamiento,Cyber Week,1,419.81,0.15,419.81,54.58,365.23,331.65,0
2025-003902,2025-02-01 03:45:43,S1009,C00178,P2136,Tienda,Financiamiento,Sin Promo,1,154.8,0.0,154.8,20.12,134.68,99.42,0
2025-003903,2025-05-04 13:01:12,S1035,C00433,P2002,Web,Financiamiento,Black Friday,1,290.16,0.0,290.16,43.52,246.64,134.76,0
2025-003904,2025-07-05 02:16:30,S1028,C00279,P2125,Tienda,Transferencia,Black Friday,1,310.19,0.1,310.19,46.53,263.66,235.01,0
2025-003905,2025-11-22 09:30:51,S1002,C00648,P2055,Call Center,Financiamiento,Sin Promo,2,140.77,0.0,281.54,36.6,244.94,77.43,0
2025-003906,2025-03-29 05:08:47,S1008,C00674,P2155,Call Center,Transferencia,Promo 10%,1,133.73,0.15,133.73,17.38,116.35,71.96,0
2025-003907,2025-04-28 21:02:13,S1014,,P2088,Web,Transferencia,Cyber Week,2,571.92,0.0,1143.84,137.26,1006.58,308.2,1
2025-003908,2025-08-01 06:46:48,S1043,C00010,P2101,Call Center,Billetera Digital,2x1,2,336.53,0.0,673.06,87.5,585.56,262.94,1
2025-003909,2025-06-08 17:09:28,S1010,C00525,P2112,Marketplace,Financiamiento,2x1,2,361.76,0.0,723.52,86.82,636.7,257.82,1
2025-003910,2025-09-30 03:44:39,S1030,C00799,P2106,Tienda,Financiamiento,Sin Promo,1,369.14,0.2,369.14,55.37,313.77,310.34,0
2025-003911,2025-10-10 11:44:20,S1027,C00134,P2052,Marketplace,Tarjeta,Sin Promo,1,75.75,0.2,75.75,11.36,64.39,47.67,1
2025-003912,2025-07-05 19:07:05,S1045,C00505,P2097,Call Center,Efectivo,2x1,2,521.13,0.0,1042.26,135.49,906.77,298.37,0
2025-003913,2025-03-23 23:34:03,S1013,C00380,P2037,Marketplace,Billetera Digital,Promo 15%,1,623.8,0.0,623.8,74.86,548.94,405.23,0
2025-003914,2025-03-17 03:31:05,S1045,C00467,P2036,Call Center,Financiamiento,2x1,5,288.63,0.0,1443.15,187.61,1255.54,143.03,1
2025-003915,2025-03-10 15:16:16,S1030,C00110,P2040,Call Center,Tarjeta,Black Friday,1,59.49,0.0,59.49,8.92,50.57,35.66,0
2025-003916,2025-09-03 00:23:13,S1030,C00793,P2075,Marketplace,Transferencia,Sin Promo,1,580.05,0.0,580.05,87.01,493.04,301.87,1
2025-003917,2025-08-11 05:01:00,S1029,C00600,P2093,Tienda,Tarjeta,Promo 15%,2,147.96,0.0,295.92,44.39,251.53,75.0,0
2025-003918,2025-10-07 00:49:46,S1010,C00350,P2041,Tienda,Tarjeta,Black Friday,3,46.52,0.0,139.56,16.75,122.81,34.06,0
2025-003919,2025-07-11 06:06:23,S1041,C00454,P2057,Marketplace,Transferencia,Promo 15%,2,377.82,0.1,755.64,98.23,657.41,314.68,0
2025-003920,2025-12-11 01:52:19,S1037,C00650,P2011,Call Center,Transferencia,Black Friday,6,333.81,0.15,2002.86,260.37,1742.49,309.34,0
2025-003921,2025-05-06 16:03:19,S1028,C00149,P2040,Tienda,Billetera Digital,Promo 15%,3,59.49,0.0,178.47,26.77,151.7,35.66,1
2025-003922,2025-12-11 03:28:35,S1030,C00625,P2065,Call Center,Billetera Digital,Black Friday,1,347.05,0.15,347.05,52.06,294.99,269.16,0
2025-003923,2025-05-11 06:53:11,S1012,C00569,P2086,Marketplace,Billetera Digital,Promo 15%,1,109.2,0.0,109.2,13.1,96.1,70.05,0
2025-003924,2025-12-25 13:36:46,S1034,C00154,P2059,Tienda,Efectivo,Promo 15%,1,124.17,0.05,124.17,18.63,105.54,101.09,0
2025-003925,2025-11-10 09:05:12,S1037,C00594,P2123,Marketplace,Billetera Digital,2x1,2,157.6,0.1,315.2,40.98,274.22,112.82,0
2025-003926,2025-12-25 05:56:28,S1019,C00441,P2057,Call Center,Financiamiento,Promo 10%,1,356.83,0.15,356.83,53.52,303.31,314.68,0
2025-003927,2025-08-24 01:14:01,S1038,C00446,P2132,Call Center,Efectivo,Promo 15%,1,305.53,0.05,305.53,39.72,265.81,220.13,0
2025-003928,2025-04-08 17:40:37,S1038,C00782,P2064,Web,Billetera Digital,Promo 15%,2,91.31,0.0,182.62,23.74,158.88,57.47,0
2025-003929,2025-07-31 15:53:32,S1007,C00237,P2146,Tienda,Financiamiento,2x1,3,280.13,0.1,840.39,109.25,731.14,242.22,0
2025-003930,2025-11-11 18:55:46,S1041,C00656,P2115,Tienda,Billetera Digital,Black Friday,2,298.06,0.2,596.12,77.5,518.62,201.2,0
2025-003931,2025-06-15 03:57:50,S1045,C00795,P2031,Call Center,Transferencia,Sin Promo,1,203.6,0.0,203.6,26.47,177.13,111.43,0
2025-003932,2025-11-20 16:13:44,S1026,C00335,P2043,Marketplace,Billetera Digital,Promo 10%,1,266.57,0.15,266.57,39.99,226.58,244.5,0
2025-003933,2025-03-01 07:24:51,S1027,,P2150,Web,Transferencia,Cyber Week,2,198.96,0.15,397.92,59.69,338.23,154.53,1
2025-003934,2025-10-25 04:12:40,S1022,C00446,P2044,Call Center,Financiamiento,Black Friday,1,408.67,0.1,408.67,61.3,347.37,214.81,1
2025-003935,2025-05-21 03:07:37,S1001,C00700,P2098,Web,Transferencia,Cyber Week,2,516.06,0.2,1032.12,134.18,897.94,389.5,0
2025-003936,2025-02-26 12:37:41,S1018,C00344,P2063,Tienda,Billetera Digital,Cyber Week,1,66.89,0.05,66.89,8.03,58.86,34.56,0
2025-003937,2025-05-28 06:36:26,S1002,C00144,P2075,Marketplace,Transferencia,Black Friday,3,580.05,0.0,1740.15,226.22,1513.93,301.87,0
2025-003938,2025-09-30 19:13:43,S1027,C00227,P2072,Web,Efectivo,Sin Promo,2,574.39,0.05,1148.78,172.32,976.46,420.23,0
2025-003939,2025-08-19 22:50:14,S1010,C00340,P2119,Web,Tarjeta,Promo 10%,1,763.08,0.0,763.08,91.57,671.51,363.73,0
2025-003940,2025-04-02 07:16:10,S1032,,P2062,Call Center,Tarjeta,Promo 15%,5,95.11,0.15,475.55,71.33,404.22,74.21,0
2025-003941,2025-10-05 16:03:55,S1040,C00264,P2019,Tienda,Financiamiento,Promo 10%,3,471.27,0.0,1413.81,183.8,1230.01,283.84,0
2025-003942,2025-10-27 00:13:47,S1022,C00553,P2128,Web,Billetera Digital,Black Friday,1,529.52,0.05,529.52,79.43,450.09,269.57,0
2025-003943,2025-07-10 18:24:24,S1020,C00100,P2096,Tienda,Efectivo,Cyber Week,3,636.0,0.0,1908.0,286.2,1621.8,369.96,0
2025-003944,2025-01-24 03:28:38,S1042,C00179,P2065,Call Center,Billetera Digital,Cyber Week,2,408.29,0.0,816.58,106.16,710.42,269.16,0
2025-003945,2025-07-19 09:17:26,S1015,C00514,P2076,Web,Billetera Digital,Sin Promo,4,92.64,0.05,370.56,44.47,326.09,50.2,0
2025-003946,2025-05-28 22:41:13,S1001,C00017,P2046,Call Center,Billetera Digital,Black Friday,1,362.57,0.0,362.57,47.13,315.44,192.92,1
2025-003947,2025-12-13 20:58:55,S1009,C00154,P2122,Marketplace,Financiamiento,Cyber Week,5,613.46,0.1,3067.3,398.75,2668.55,324.38,0
2025-003948,2025-11-25 22:31:33,S1018,C00107,P2121,Marketplace,Efectivo,Black Friday,3,355.11,0.15,1065.33,127.84,937.49,207.12,0
2025-003949,2025-03-05 18:20:12,S1018,,P2129,Tienda,Transferencia,Promo 10%,5,479.7,0.05,2398.5,287.82,2110.68,401.84,0
2025-003950,2025-06-08 12:02:51,S1007,C00421,P2039,Web,Financiamiento,Black Friday,2,429.3,0.1,858.6,111.62,746.98,251.05,0
2025-003951,2025-09-29 00:03:43,S1019,C00419,P2080,Web,Transferencia,Cyber Week,1,256.52,0.15,256.52,38.48,218.04,221.89,1
2025-003952,2025-02-14 12:00:02,S1026,C00732,P2071,Tienda,Efectivo,Promo 10%,1,483.57,0.0,483.57,72.54,411.03,243.78,0
2025-003953,2025-11-20 21:37:41,S1030,C00495,P2001,Marketplace,Tarjeta,Promo 10%,1,95.82,0.0,95.82,14.37,81.45,59.67,0
2025-003954,2025-02-14 17:47:07,S1042,C00134,P2140,Web,Transferencia,2x1,1,14.41,0.0,14.41,1.87,12.54,6.63,0
2025-003955,2025-05-18 06:40:34,S1020,C00638,P2007,Call Center,Tarjeta,Promo 15%,4,212.03,0.0,848.12,127.22,720.9,162.45,1
2025-003956,2025-02-20 15:35:31,S1030,C00312,P2051,Tienda,Financiamiento,Sin Promo,3,684.37,0.2,2053.11,307.97,1745.14,394.02,0
2025-003957,2025-10-10 08:00:09,S1021,C00047,P2129,Marketplace,Efectivo,Promo 10%,2,504.95,0.0,1009.9,151.48,858.42,401.84,0
2025-003958,2025-01-07 11:35:52,S1012,C00530,P2125,Web,Financiamiento,Promo 15%,1,327.42,0.05,327.42,39.29,288.13,235.01,0
2025-003959,2025-06-11 20:33:26,S1013,C00196,P2036,Tienda,Efectivo,2x1,1,259.77,0.1,259.77,31.17,228.6,143.03,0
2025-003960,2025-11-16 01:43:12,S1024,C00360,P2022,Marketplace,Transferencia,Black Friday,1,404.94,0.1,404.94,60.74,344.2,325.44,1
2025-003961,2025-09-03 19:52:27,S1030,C00521,P2140,Marketplace,Efectivo,Promo 10%,2,14.41,0.0,28.82,4.32,24.5,6.63,1
2025-003962,2025-06-29 13:55:38,S1037,C00262,P2052,Tienda,Financiamiento,Black Friday,1,75.75,0.2,75.75,9.85,65.9,47.67,0
2025-003963,2025-03-11 11:16:24,S1025,C00200,P2049,Marketplace,Tarjeta,Promo 15%,2,142.44,0.1,284.88,42.73,242.15,89.45,0
2025-003964,2025-05-28 16:01:41,S1019,C00096,P2036,Tienda,Billetera Digital,Cyber Week,1,259.77,0.1,259.77,38.97,220.8,143.03,0
2025-003965,2025-11-24 06:35:40,S1024,C00563,P2081,Call Center,Tarjeta,Promo 10%,1,399.31,0.0,399.31,59.9,339.41,192.91,1
2025-003966,2025-11-02 17:25:57,S1042,C00110,P2143,Marketplace,Financiamiento,Sin Promo,2,140.35,0.2,280.7,36.49,244.21,101.86,0
2025-003967,2025-03-31 15:32:52,S1009,C00289,P2058,Tienda,Transferencia,Black Friday,1,465.91,0.0,465.91,60.57,405.34,324.41,0
2025-003968,2025-03-07 19:42:56,S1017,C00021,P2007,Tienda,Efectivo,Cyber Week,2,201.43,0.05,402.86,48.34,354.52,162.45,0
2025-003969,2025-09-04 16:47:26,S1021,C00150,P2120,Marketplace,Tarjeta,Promo 10%,5,199.5,0.0,997.5,149.62,847.88,113.2,0
2025-003970,2025-06-25 14:45:21,S1010,C00576,P2015,Call Center,Financiamiento,Promo 15%,1,156.39,0.1,156.39,18.77,137.62,122.14,0
2025-003971,2025-08-12 06:41:14,S1038,C00288,P2066,Call Center,Tarjeta,Promo 15%,1,472.24,0.1,472.24,61.39,410.85,297.19,0
2025-003972,2025-02-17 17:43:30,S1015,C00703,P2124,Tienda,Financiamiento,Promo 10%,1,451.91,0.05,451.91,54.23,397.68,351.18,0
2025-003973,2025-12-05 17:41:16,S1045,C00655,P2151,Web,Efectivo,Black Friday,3,233.86,0.05,701.58,91.21,610.37,116.51,1
2025-003974,2025-06-11 21:14:46,S1005,C00158,P2008,Web,Billetera Digital,Black Friday,2,874.23,0.0,1748.46,227.3,1521.16,421.75,0
2025-003975,2025-01-29 12:04:46,S1011,C00534,P2081,Marketplace,Efectivo,Promo 15%,1,379.34,0.05,379.34,45.52,333.82,192.91,1
2025-003976,2025-09-12 23:15:07,S1006,C00058,P2114,Web,Billetera Digital,Cyber Week,3,526.3,0.05,1578.9,205.26,1373.64,274.57,0
2025-003977,2025-08-29 03:23:01,S1002,C00085,P2141,Call Center,Efectivo,Cyber Week,1,749.24,0.1,749.24,97.4,651.84,384.64,1
2025-003978,2025-08-04 13:52:17,S1043,C00144,P2124,Call Center,Transferencia,Promo 10%,1,451.91,0.05,451.91,58.75,393.16,351.18,0
2025-003979,2025-01-12 12:31:29,S1015,C00463,P2153,Web,Efectivo,Promo 10%,1,407.91,0.0,407.91,48.95,358.96,293.96,0
2025-003980,2025-08-14 12:50:11,S1011,C00468,P2006,Call Center,Tarjeta,Promo 15%,1,361.81,0.1,361.81,43.42,318.39,287.52,0
2025-003981,2025-07-28 23:12:34,S1041,C00311,P2029,Tienda,Financiamiento,2x1,1,417.77,0.15,417.77,54.31,363.46,271.13,0
2025-003982,2025-01-04 12:47:37,S1045,C00781,P2064,Call Center,Billetera Digital,Cyber Week,1,91.31,0.0,91.31,11.87,79.44,57.47,0
2025-003983,2025-12-16 09:09:42,S1035,C00201,P2095,Web,Financiamiento,2x1,4,620.44,0.15,2481.76,372.26,2109.5,368.2,0
2025-003984,2025-06-23 14:00:54,S1044,C00131,P2114,Marketplace,Financiamiento,2x1,1,554.0,0.0,554.0,72.02,481.98,274.57,0
2025-003985,2025-01-05 09:16:31,S1029,C00464,P2067,Web,Efectivo,Cyber Week,6,582.45,0.0,3494.7,524.2,2970.5,420.88,0
2025-003986,2025-11-14 06:06:54,S1018,C00158,P2093,Marketplace,Financiamiento,Promo 15%,1,118.37,0.2,118.37,14.2,104.17,75.0,0
2025-003987,2025-05-15 21:33:39,S1005,C00680,P2050,Call Center,Tarjeta,Promo 15%,1,273.95,0.0,273.95,35.61,238.34,192.16,0
2025-003988,2025-12-14 19:15:04,S1019,C00729,P2145,Tienda,Efectivo,Cyber Week,1,118.01,0.0,118.01,17.7,100.31,77.61,0
2025-003989,2025-07-01 09:21:46,S1027,C00201,P2139,Tienda,Financiamiento,Promo 15%,2,20.28,0.0,40.56,6.08,34.48,12.71,0
2025-003990,2025-12-27 01:09:51,S1033,C00421,P2029,Call Center,Efectivo,Promo 15%,1,491.5,0.0,491.5,73.72,417.78,271.13,1
2025-003991,2025-05-01 22:16:18,S1034,C00203,P2085,Call Center,Billetera Digital,2x1,1,27.92,0.1,27.92,4.19,23.73,20.07,1
2025-003992,2025-12-04 17:09:00,S1026,C00211,P2112,Web,Billetera Digital,Sin Promo,6,325.58,0.1,1953.48,293.02,1660.46,257.82,0
2025-003993,2025-08-26 04:52:15,S1003,C00627,P2021,Web,Efectivo,2x1,2,395.52,0.1,791.04,102.84,688.2,239.98,0
2025-003994,2025-06-13 15:27:35,S1007,C00073,P2089,Call Center,Billetera Digital,2x1,2,736.54,0.0,1473.08,191.5,1281.58,351.93,0
2025-003995,2025-08-12 03:42:44,S1036,C00607,P2142,Tienda,Tarjeta,Black Friday,3,395.11,0.2,1185.33,177.8,1007.53,331.65,0
2025-003996,2025-09-30 04:47:07,S1024,C00117,P2081,Web,Billetera Digital,Promo 10%,1,399.31,0.0,399.31,59.9,339.41,192.91,0
2025-003997,2025-07-02 11:53:47,S1015,C00689,P2136,Tienda,Financiamiento,Black Friday,1,154.8,0.0,154.8,18.58,136.22,99.42,0
2025-003998,2025-01-31 23:41:02,S1036,C00382,P2112,Web,Financiamiento,Sin Promo,3,343.67,0.05,1031.01,154.65,876.36,257.82,0
2025-003999,2025-08-15 13:24:03,S1006,C00496,P2054,Call Center,Billetera Digital,2x1,1,393.79,0.15,393.79,51.19,342.6,220.6,0
2025-004000,2025-12-05 17:56:17,S1044,C00759,P2112,Web,Tarjeta,Cyber Week,1,361.76,0.0,361.76,47.03,314.73,257.82,0
2025-004001,2025-01-23 16:38:15,S1018,C00647,P2017,Web,Transferencia,Promo 10%,1,252.27,0.1,252.27,30.27,222.0,182.13,0
2025-004002,2025-06-27 20:18:41,S1033,C00516,P2006,Marketplace,Financiamiento,Cyber Week,2,321.61,0.2,643.22,96.48,546.74,287.52,0
2025-004003,2025-09-03 19:34:21,S1043,C00338,P2133,Tienda,Billetera Digital,Promo 10%,3,49.96,0.05,149.88,19.48,130.4,38.56,0
2025-004004,2025-07-12 00:24:24,S1041,C00784,P2077,Call Center,Efectivo,Sin Promo,1,635.75,0.2,635.75,82.65,553.1,400.81,0
2025-004005,2025-01-18 09:40:46,S1043,C00123,P2124,Call Center,Efectivo,2x1,4,451.91,0.05,1807.64,234.99,1572.65,351.18,0
2025-004006,2025-10-25 03:35:59,S1029,C00179,P2133,Marketplace,Tarjeta,Promo 15%,3,49.96,0.05,149.88,22.48,127.4,38.56,0
2025-004007,2025-02-20 14:45:41,S1013,C00425,P2050,Marketplace,Tarjeta,Sin Promo,4,260.25,0.05,1041.0,124.92,916.08,192.16,0
2025-004008,2025-04-10 17:21:00,S1027,C00527,P2034,Tienda,Tarjeta,Promo 15%,5,210.36,0.2,1051.8,157.77,894.03,122.22,0
2025-004009,2025-02-01 10:19:34,S1029,C00658,P2100,Marketplace,Billetera Digital,Promo 10%,2,543.37,0.05,1086.74,163.01,923.73,422.9,0
2025-004010,2025-01-16 05:51:50,S1033,C00296,P2117,Web,Financiamiento,2x1,2,84.2,0.0,168.4,25.26,143.14,41.82,0
2025-004011,2025-01-20 04:22:07,S1014,C00528,P2133,Call Center,Transferencia,Black Friday,1,49.96,0.05,49.96,6.0,43.96,38.56,1
2025-004012,2025-09-24 17:17:28,S1007,C00201,P2027,Tienda,Efectivo,Sin Promo,3,331.73,0.0,995.19,129.37,865.82,230.42,0
2025-004013,2025-11-23 23:37:54,S1020,C00127,P2076,Call Center,Billetera Digital,Cyber Week,2,97.52,0.0,195.04,29.26,165.78,50.2,0
2025-004014,2025-11-06 01:21:22,S1034,C00057,P2089,Tienda,Billetera Digital,Sin Promo,1,699.71,0.05,699.71,104.96,594.75,351.93,0
2025-004015,2025-11-24 21:17:11,S1013,C00546,P2119,Marketplace,Financiamiento,Promo 15%,1,763.08,0.0,763.08,91.57,671.51,363.73,1
2025-004016,2025-04-25 18:44:56,S1018,C00490,P2120,Call Center,Transferencia,2x1,2,199.5,0.0,399.0,47.88,351.12,113.2,0
2025-004017,2025-10-04 22:32:31,S1008,C00219,P2037,Call Center,Financiamiento,Promo 15%,1,623.8,0.0,623.8,81.09,542.71,405.23,0
2025-004018,2025-04-21 19:11:26,S1040,C00711,P2121,Call Center,Billetera Digital,Black Friday,4,417.78,0.0,1671.12,217.25,1453.87,207.12,0
2025-004019,2025-10-12 02:13:31,S1022,C00399,P2124,Call Center,Transferencia,Sin Promo,2,475.69,0.0,951.38,142.71,808.67,351.18,0
2025-004020,2025-04-05 22:11:04,S1033,C00300,P2131,Call Center,Financiamiento,Cyber Week,2,196.93,0.0,393.86,59.08,334.78,119.6,1
2025-004021,2025-10-24 22:43:13,S1001,C00420,P2154,Web,Billetera Digital,Cyber Week,1,623.23,0.15,623.23,81.02,542.21,427.53,0
2025-004022,2025-07-14 03:15:23,S1045,C00587,P2080,Marketplace,Financiamiento,Promo 10%,1,301.79,0.0,301.79,39.23,262.56,221.89,0
2025-004023,2025-07-03 02:00:10,S1003,C00735,P2160,Web,Transferencia,2x1,1,812.22,0.0,812.22,105.59,706.63,418.28,1
2025-004024,2025-10-28 15:25:29,S1004,C00187,P2149,Call Center,Tarjeta,2x1,1,191.09,0.15,191.09,24.84,166.25,173.08,0
2025-004025,2025-02-27 08:15:29,S1017,C00754,P2063,Call Center,Financiamiento,Cyber Week,6,70.41,0.0,422.46,50.7,371.76,34.56,0
2025-004026,2025-08-19 15:05:09,S1004,C00259,P2150,Tienda,Transferencia,2x1,2,187.26,0.2,374.52,48.69,325.83,154.53,0
2025-004027,2025-01-21 10:06:40,S1004,C00408,P2048,Call Center,Transferencia,Cyber Week,1,320.16,0.0,320.16,41.62,278.54,183.57,0
2025-004028,2025-08-05 07:48:40,S1017,C00740,P2057,Call Center,Billetera Digital,2x1,3,356.83,0.15,1070.49,128.46,942.03,314.68,0
2025-004029,2025-02-20 20:15:45,S1038,C00578,P2106,Web,Billetera Digital,Sin Promo,2,392.21,0.15,784.42,101.97,682.45,310.34,0
2025-004030,2025-09-02 08:16:03,S1009,C00070,P2099,Web,Billetera Digital,2x1,2,294.57,0.0,589.14,76.59,512.55,231.19,0
2025-004031,2025-05-02 17:45:16,S1045,C00589,P2087,Marketplace,Transferencia,Promo 10%,2,275.21,0.15,550.42,71.55,478.87,166.63,0
2025-004032,2025-08-03 15:39:23,S1005,C00618,P2067,Call Center,Financiamiento,Cyber Week,1,524.21,0.1,524.21,68.15,456.06,420.88,0
2025-004033,2025-03-27 22:36:54,S1021,C00201,P2159,Marketplace,Billetera Digital,Black Friday,1,640.88,0.0,640.88,96.13,544.75,434.27,0
2025-004034,2025-10-13 14:57:02,S1039,C00199,P2080,Call Center,Efectivo,Promo 15%,2,286.7,0.05,573.4,74.54,498.86,221.89,1
2025-004035,2025-02-15 06:30:17,S1044,C00253,P2035,Tienda,Transferencia,Promo 15%,1,906.6,0.0,906.6,117.86,788.74,418.3,0
2025-004036,2025-06-02 12:41:46,S1034,C00306,P2054,Tienda,Transferencia,Cyber Week,1,440.12,0.05,440.12,66.02,374.1,220.6,1
2025-004037,2025-01-16 19:03:45,S1036,C00521,P2156,Web,Financiamiento,Black Friday,5,69.22,0.15,346.1,51.91,294.19,55.02,0
2025-004038,2025-11-30 07:01:23,S1032,C00226,P2026,Web,Efectivo,Black Friday,5,436.92,0.05,2184.6,327.69,1856.91,230.43,0
2025-004039,2025-03-05 02:49:21,S1008,C00046,P2144,Web,Transferencia,Sin Promo,1,272.5,0.0,272.5,35.43,237.07,177.43,0
2025-004040,2025-05-13 03:15:45,S1006,C00571,P2105,Call Center,Efectivo,Cyber Week,5,642.34,0.05,3211.7,417.52,2794.18,320.12,0
2025-004041,2025-02-11 21:06:41,S1013,C00582,P2003,Web,Financiamiento,Cyber Week,1,432.41,0.15,432.41,51.89,380.52,261.5,0
2025-004042,2025-03-22 19:30:01,S1016,C00216,P2022,Web,Tarjeta,Cyber Week,1,449.93,0.0,449.93,53.99,395.94,325.44,0
2025-004043,2025-03-19 11:45:07,S1037,C00339,P2017,Tienda,Transferencia,,2,280.3,0.0,560.6,72.88,487.72,182.13,1
2025-004044,2025-12-04 04:13:59,S1021,C00452,P2063,Marketplace,Efectivo,Cyber Week,5,70.41,0.0,352.05,52.81,299.24,34.56,0
2025-004045,2025-03-24 19:55:40,S1042,C00199,P2124,Web,Tarjeta,Black Friday,2,475.69,0.0,951.38,123.68,827.7,351.18,1
2025-004046,2025-11-16 13:42:21,S1036,C00360,P2124,Call Center,Tarjeta,Cyber Week,2,475.69,0.0,951.38,142.71,808.67,351.18,1
2025-004047,2025-07-01 10:52:23,S1039,C00639,P2044,Web,Transferencia,2x1,2,454.08,0.0,908.16,118.06,790.1,214.81,0
2025-004048,2025-10-10 00:02:20,S1004,C00714,P2085,Tienda,Tarjeta,Promo 15%,2,26.37,0.15,52.74,6.86,45.88,20.07,0
2025-004049,2025-06-20 04:15:18,S1018,C00195,P2010,Web,Transferencia,Promo 15%,1,323.27,0.2,323.27,38.79,284.48,210.17,0
2025-004050,2025-11-19 10:35:17,S1026,C00340,P2050,Web,Transferencia,2x1,2,219.16,0.2,438.32,65.75,372.57,192.16,0
2025-004051,2025-03-10 15:25:20,S1004,C00096,P2139,Call Center,Tarjeta,Sin Promo,2,16.22,0.2,32.44,4.22,28.22,12.71,0
2025-004052,2025-09-23 11:12:21,S1002,C00267,P2114,Web,Tarjeta,Black Friday,1,498.6,0.1,498.6,64.82,433.78,274.57,1
2025-004053,2025-12-06 08:58:05,S1022,C00791,P2153,Tienda,Transferencia,Promo 10%,4,346.72,0.15,1386.88,208.03,1178.85,293.96,0
2025-004054,2025-12-06 05:23:10,S1045,C00430,P2120,Marketplace,Financiamiento,Promo 15%,2,199.5,0.0,399.0,51.87,347.13,113.2,0
2025-004055,2025-07-23 16:56:58,S1030,C00063,P2021,Web,Efectivo,Black Friday,1,351.58,0.2,351.58,52.74,298.84,239.98,0
2025-004056,2025-09-21 18:54:32,S1004,C00385,P2035,Call Center,Financiamiento,Sin Promo,1,906.6,0.0,906.6,117.86,788.74,418.3,1
2025-004057,2025-05-25 01:49:36,S1026,C00363,P2004,Tienda,Financiamiento,Black Friday,3,434.92,0.2,1304.76,195.71,1109.05,298.92,0
2025-004058,2025-06-24 03:13:31,S1009,C00558,P2014,Marketplace,Tarjeta,Promo 10%,1,387.17,0.1,387.17,50.33,336.84,296.33,0
2025-004059,2025-12-26 22:54:37,S1002,C00682,P2093,Call Center,Transferencia,Sin Promo,1,125.77,0.15,125.77,16.35,109.42,75.0,0
2025-004060,2025-04-20 01:36:53,S1029,C00487,P2051,Tienda,Tarjeta,Promo 10%,2,855.46,0.0,1710.92,256.64,1454.28,394.02,1
2025-004061,2025-03-23 10:28:10,S1040,C00162,P2034,Tienda,Billetera Digital,Promo 15%,3,262.95,0.0,788.85,102.55,686.3,122.22,0
2025-004062,2025-05-18 22:05:15,S1010,C00730,P2033,Call Center,Transferencia,Promo 15%,1,80.36,0.0,80.36,9.64,70.72,61.26,0
2025-004063,2025-12-13 23:07:50,S1041,C00174,P2028,Marketplace,Tarjeta,Cyber Week,1,598.19,0.0,598.19,77.76,520.43,344.08,1
2025-004064,2025-02-22 15:26:05,S1015,C00638,P2002,Marketplace,Tarjeta,2x1,6,261.14,0.1,1566.84,188.02,1378.82,134.76,0
2025-004065,2025-01-21 15:40:38,S1023,C00299,P2103,Marketplace,Financiamiento,Sin Promo,1,361.16,0.15,361.16,54.17,306.99,274.37,1
2025-004066,2025-09-18 15:41:23,S1030,C00160,P2085,Tienda,Financiamiento,Black Friday,1,26.37,0.15,26.37,3.96,22.41,20.07,0
2025-004067,2025-03-20 03:56:03,S1008,C00208,P2071,Tienda,Transferencia,Cyber Week,1,435.21,0.1,435.21,56.58,378.63,243.78,1
2025-004068,2025-08-10 10:53:03,S1034,C00177,P2014,Tienda,Efectivo,Sin Promo,4,430.19,0.0,1720.76,258.11,1462.65,296.33,1
2025-004069,2025-11-09 10:03:38,S1029,C00753,P2091,Call Center,Billetera Digital,Black Friday,1,460.27,0.15,460.27,69.04,391.23,397.11,0
2025-004070,2025-02-27 04:32:59,S1026,C00270,P2129,Marketplace,Tarjeta,Black Friday,3,504.95,0.0,1514.85,227.23,1287.62,401.84,0
2025-004071,2025-05-15 02:49:17,S1028,C00043,P2106,Marketplace,Transferencia,Cyber Week,1,461.42,0.0,461.42,69.21,392.21,310.34,0
2025-004072,2025-04-28 06:47:58,S1018,C00366,P2021,Tienda,Transferencia,Cyber Week,1,351.58,0.2,351.58,42.19,309.39,239.98,0
2025-004073,2025-03-29 10:22:08,S1030,C00491,P2119,Call Center,Efectivo,Promo 15%,1,763.08,0.0,763.08,114.46,648.62,363.73,0
2025-004074,2025-10-11 10:06:30,S1041,C00268,P2029,Tienda,Transferencia,Promo 10%,1,393.2,0.2,393.2,51.12,342.08,271.13,0
2025-004075,2025-12-07 17:26:28,S1040,C00365,P2150,Web,Tarjeta,Sin Promo,2,187.26,0.2,374.52,48.69,325.83,154.53,0
2025-004076,2025-02-21 13:37:52,S1016,C00694,P2100,Tienda,Tarjeta,Promo 10%,2,457.58,0.2,915.16,109.82,805.34,422.9,0
2025-004077,2025-08-02 02:33:43,S1030,C00211,P2089,Marketplace,Efectivo,2x1,3,736.54,0.0,2209.62,331.44,1878.18,351.93,0
2025-004078,2025-03-02 10:57:28,S1028,C00669,P2026,Web,Tarjeta,Cyber Week,2,367.94,0.2,735.88,110.38,625.5,230.43,0
2025-004079,2025-08-05 02:17:06,S1030,C00648,P2062,Web,Efectivo,Black Friday,4,106.3,0.05,425.2,63.78,361.42,74.21,0
2025-004080,2025-05-21 14:01:38,S1032,C00787,P2108,Tienda,Tarjeta,Promo 15%,4,240.87,0.15,963.48,144.52,818.96,144.01,1
2025-004081,2025-09-12 09:29:17,S1013,C00332,P2015,Marketplace,Tarjeta,2x1,2,139.02,0.2,278.04,33.36,244.68,122.14,0
2025-004082,2025-10-23 02:31:04,S1041,C00411,P2008,Call Center,Transferencia,Promo 15%,3,874.23,0.0,2622.69,340.95,2281.74,421.75,0
2025-004083,2025-08-19 16:02:43,S1001,C00137,P2103,Marketplace,Transferencia,Black Friday,1,424.9,0.0,424.9,55.24,369.66,274.37,0
2025-004084,2025-04-28 00:26:15,S1004,C00404,P2084,Web,Efectivo,Cyber Week,1,10.89,0.0,10.89,1.42,9.47,8.31,0
2025-004085,2025-08-13 13:27:16,S1018,C00236,P2004,Call Center,Transferencia,Promo 10%,3,434.92,0.2,1304.76,156.57,1148.19,298.92,0
2025-004086,2025-01-19 16:44:24,S1007,C00655,P2033,Web,Financiamiento,2x1,1,68.31,0.15,68.31,8.88,59.43,61.26,0
2025-004087,2025-10-24 23:20:21,S1024,C00656,P2143,Tienda,Tarjeta,2x1,1,175.44,0.0,175.44,26.32,149.12,101.86,0
2025-004088,2025-12-20 16:28:41,S1036,C00007,P2145,Web,Efectivo,Promo 15%,2,94.41,0.2,188.82,28.32,160.5,77.61,0
2025-004089,2025-12-16 11:08:54,S1024,C00351,P2008,Marketplace,Financiamiento,Sin Promo,3,699.38,0.2,2098.14,314.72,1783.42,421.75,0
2025-004090,2025-05-24 10:50:34,S1008,C00762,P2005,Web,Transferencia,Black Friday,1,518.63,0.05,518.63,67.42,451.21,390.45,0
2025-004091,2025-12-07 19:49:12,S1037,C00173,P2144,Call Center,Financiamiento,Black Friday,4,272.5,0.0,1090.0,141.7,948.3,177.43,0
2025-004092,2025-08-02 18:28:56,S1016,C00375,P2060,Web,Tarjeta,Promo 10%,2,364.09,0.05,728.18,87.38,640.8,245.82,0
2025-004093,2025-07-01 19:38:51,S1009,C00341,P2040,Tienda,Efectivo,Sin Promo,3,50.57,0.15,151.71,19.72,131.99,35.66,0
2025-004094,2025-11-10 12:22:22,S1011,C00441,P2048,Tienda,Tarjeta,Promo 15%,2,256.13,0.2,512.26,61.47,450.79,183.57,0
2025-004095,2025-08-19 13:54:32,S1024,C00015,P2127,Web,Transferencia,Cyber Week,1,732.66,0.0,732.66,109.9,622.76,361.43,1
2025-004096,2025-08-18 13:06:03,S1020,C00475,P2117,Call Center,Efectivo,Promo 10%,1,84.2,0.0,84.2,12.63,71.57,41.82,0
2025-004097,2025-05-01 00:56:49,S1021,C00333,P2013,Tienda,Efectivo,2x1,1,180.18,0.1,180.18,27.03,153.15,98.1,0
2025-004098,2025-02-21 18:35:30,S1001,C00554,P2052,Marketplace,Financiamiento,2x1,2,94.69,0.0,189.38,24.62,164.76,47.67,0
2025-004099,2025-07-18 15:22:04,S1012,C00066,P2147,Tienda,Efectivo,Black Friday,2,493.36,0.1,986.72,118.41,868.31,299.7,0
2025-004100,2025-02-03 03:04:19,S1037,C00022,P2147,Tienda,Transferencia,Sin Promo,1,493.36,0.1,493.36,64.14,429.22,299.7,0
2025-004101,2025-03-31 13:41:15,S1042,C00768,P2016,Call Center,Billetera Digital,Promo 10%,2,172.59,0.0,345.18,44.87,300.31,121.18,1
2025-004102,2025-09-08 13:28:57,S1016,C00137,P2009,Tienda,Billetera Digital,Promo 10%,2,444.56,0.15,889.12,106.69,782.43,287.2,0
2025-004103,2025-02-17 18:10:06,S1026,C00509,P2056,Web,Financiamiento,2x1,3,886.94,0.0,2660.82,399.12,2261.7,417.23,0
2025-004104,2025-03-08 18:58:28,S1004,C00332,P2012,Call Center,Billetera Digital,Sin Promo,1,788.33,0.0,788.33,102.48,685.85,363.05,0
2025-004105,2025-02-27 01:35:36,S1008,C00613,P2158,Marketplace,Transferencia,Sin Promo,2,515.27,0.05,1030.54,133.97,896.57,274.83,1
2025-004106,2025-12-01 07:00:16,S1033,C00029,P2067,Marketplace,Financiamiento,Cyber Week,3,582.45,0.0,1747.35,262.1,1485.25,420.88,0
2025-004107,2025-01-06 15:55:43,S1045,C00086,P2141,Marketplace,Billetera Digital,Promo 10%,2,832.49,0.0,1664.98,216.45,1448.53,384.64,0
2025-004108,2025-12-04 21:30:15,S1019,C00055,P2075,Tienda,Efectivo,2x1,5,580.05,0.0,2900.25,435.04,2465.21,301.87,1
2025-004109,2025-07-05 07:57:08,S1008,C00212,P2129,Marketplace,Transferencia,2x1,1,504.95,0.0,504.95,65.64,439.31,401.84,0
2025-004110,2025-01-09 21:41:39,S1026,C00172,P2045,Web,Financiamiento,Cyber Week,1,62.02,0.1,62.02,9.3,52.72,46.07,0
2025-004111,2025-12-14 09:54:17,S1027,C00276,P2079,Tienda,Efectivo,Promo 15%,1,199.67,0.2,199.67,29.95,169.72,156.92,1
2025-004112,2025-02-04 10:59:38,S1025,C00011,P2154,Web,Billetera Digital,Promo 10%,4,733.21,0.0,2932.84,439.93,2492.91,427.53,0
2025-004113,2025-02-02 03:15:02,S1039,C00732,P2056,Marketplace,Financiamiento,Sin Promo,1,886.94,0.0,886.94,115.3,771.64,417.23,0
2025-004114,2025-04-16 01:25:43,S1001,C00486,P2078,Tienda,Tarjeta,Black Friday,1,132.53,0.2,132.53,17.23,115.3,125.47,0
2025-004115,2025-09-03 13:53:45,S1021,C00217,P2156,Marketplace,Tarjeta,Cyber Week,1,81.43,0.0,81.43,12.21,69.22,55.02,0
2025-004116,2025-11-22 00:52:27,S1031,C00641,P2113,Tienda,Efectivo,Sin Promo,1,253.0,0.15,253.0,37.95,215.05,139.53,0
2025-004117,2025-10-08 04:00:05,S1020,C00386,P2039,Call Center,Financiamiento,2x1,2,405.45,0.15,810.9,121.63,689.27,251.05,0
2025-004118,2025-04-01 18:32:59,S1002,C00316,P2003,Marketplace,Transferencia,Cyber Week,1,508.72,0.0,508.72,66.13,442.59,261.5,0
2025-004119,2025-01-24 21:11:47,S1027,C00604,P2014,Call Center,Efectivo,Promo 10%,1,387.17,0.1,387.17,58.08,329.09,296.33,0
2025-004120,2025-03-10 21:30:29,S1006,C00404,P2038,Call Center,Financiamiento,2x1,3,139.95,0.0,419.85,54.58,365.27,104.22,0
2025-004121,2025-12-07 19:18:44,S1039,C00226,P2054,Call Center,Tarjeta,Promo 15%,2,463.28,0.0,926.56,120.45,806.11,220.6,0
2025-004122,2025-01-15 12:50:45,S1025,C00204,P2144,Call Center,Transferencia,Black Friday,2,272.5,0.0,545.0,81.75,463.25,177.43,0
2025-004123,2025-04-17 02:22:51,S1008,C00013,P2005,Tienda,Efectivo,Promo 10%,6,545.93,0.0,3275.58,425.83,2849.75,390.45,0
2025-004124,2025-09-21 23:09:03,S1025,C00644,P2071,Web,Billetera Digital,Cyber Week,1,386.86,0.2,386.86,58.03,328.83,243.78,1
2025-004125,2025-11-08 06:50:17,S1009,C00686,P2028,Call Center,Tarjeta,Promo 10%,1,478.55,0.2,478.55,62.21,416.34,344.08,0
2025-004126,2025-11-09 10:30:49,S1019,C00002,P2093,Tienda,Tarjeta,Cyber Week,2,118.37,0.2,236.74,35.51,201.23,75.0,0
2025-004127,2025-05-03 11:11:26,S1016,C00161,P2155,Web,Billetera Digital,Cyber Week,5,157.33,0.0,786.65,94.4,692.25,71.96,0
2025-004128,2025-09-23 15:04:39,S1013,C00062,P2039,Tienda,Efectivo,2x1,1,429.3,0.1,429.3,51.52,377.78,251.05,0
2025-004129,2025-07-29 01:43:00,S1021,C00030,P2032,Tienda,Transferencia,Cyber Week,3,466.57,0.0,1399.71,209.96,1189.75,330.43,0
2025-004130,2025-08-29 10:12:28,S1008,C00631,P2131,Tienda,Billetera Digital,Promo 10%,1,167.39,0.15,167.39,21.76,145.63,119.6,0
2025-004131,2025-01-10 14:34:55,S1045,C00778,P2158,Web,Transferencia,Promo 15%,2,433.91,0.2,867.82,112.82,755.0,274.83,0
2025-004132,2025-12-12 20:24:38,S1041,C00616,P2107,Tienda,Tarjeta,Sin Promo,1,289.8,0.1,289.8,37.67,252.13,196.36,0
2025-004133,2025-03-30 21:21:47,S1002,C00532,P2149,Tienda,Transferencia,Cyber Week,5,202.33,0.1,1011.65,131.51,880.14,173.08,0
2025-004134,2025-01-19 06:26:12,S1040,C00233,P2065,Tienda,Transferencia,Promo 10%,2,367.46,0.1,734.92,95.54,639.38,269.16,0
2025-004135,2025-06-04 13:11:41,S1033,C00553,P2128,Tienda,Billetera Digital,Cyber Week,1,473.78,0.15,473.78,71.07,402.71,269.57,0
2025-004136,2025-08-17 14:10:14,S1041,C00705,P2008,Web,Transferencia,Sin Promo,1,874.23,0.0,874.23,113.65,760.58,421.75,0
2025-004137,2025-06-26 20:16:40,S1044,C00454,P2139,Marketplace,Financiamiento,Cyber Week,3,20.28,0.0,60.84,7.91,52.93,12.71,0
2025-004138,2025-02-04 05:43:37,S1022,C00118,P2119,Marketplace,Financiamiento,2x1,2,724.93,0.05,1449.86,217.48,1232.38,363.73,0
2025-004139,2025-04-27 20:04:20,S1012,C00316,P2046,Tienda,Billetera Digital,Cyber Week,6,362.57,0.0,2175.42,261.05,1914.37,192.92,0
2025-004140,2025-03-07 18:50:03,S1011,C00400,P2002,Tienda,Financiamiento,Sin Promo,1,232.13,0.2,232.13,27.86,204.27,134.76,0
2025-004141,2025-04-15 11:08:55,S1021,C00723,P2006,Call Center,Transferencia,Black Friday,2,402.01,0.0,804.02,120.6,683.42,287.52,1
2025-004142,2025-04-06 23:21:44,S1024,C00653,P2120,Web,Transferencia,Sin Promo,2,199.5,0.0,399.0,59.85,339.15,113.2,0
2025-004143,2025-10-24 16:01:14,S1008,C00771,P2005,Marketplace,Billetera Digital,Cyber Week,1,436.74,0.2,436.74,56.78,379.96,390.45,0
2025-004144,2025-04-09 06:26:19,S1002,C00210,P2049,Tienda,Transferencia,Cyber Week,1,158.27,0.0,158.27,20.58,137.69,89.45,1
2025-004145,2025-12-23 20:55:07,S1011,,P2153,Tienda,Efectivo,Cyber Week,2,407.91,0.0,815.82,97.9,717.92,293.96,0
2025-004146,2025-01-15 05:17:13,S1019,C00267,P2108,Tienda,Tarjeta,Black Friday,1,283.38,0.0,283.38,42.51,240.87,144.01,1
2025-004147,2025-10-21 22:02:01,S1010,C00680,P2060,Call Center,Transferencia,Cyber Week,3,383.25,0.0,1149.75,137.97,1011.78,245.82,0
2025-004148,2025-09-02 03:46:09,S1013,C00592,P2113,Marketplace,Billetera Digital,Cyber Week,1,238.12,0.2,238.12,28.57,209.55,139.53,0
2025-004149,2025-07-29 02:03:50,S1001,C00488,P2092,Marketplace,Financiamiento,2x1,3,641.99,0.2,1925.97,250.38,1675.59,416.32,0
2025-004150,2025-04-16 03:22:19,S1031,C00386,P2034,Tienda,Billetera Digital,Sin Promo,4,236.66,0.1,946.64,142.0,804.64,122.22,0
2025-004151,2025-08-05 06:32:26,S1021,C00698,P2043,Marketplace,Transferencia,Promo 10%,3,313.61,0.0,940.83,141.12,799.71,244.5,0
2025-004152,2025-06-28 07:24:16,S1015,C00118,P2138,Marketplace,Transferencia,Sin Promo,6,720.1,0.0,4320.6,518.47,3802.13,375.47,0
2025-004153,2025-01-22 18:21:05,S1039,C00559,P2145,Call Center,Transferencia,2x1,3,100.31,0.15,300.93,39.12,261.81,77.61,0
2025-004154,2025-08-17 09:52:24,S1029,C00689,P2069,Tienda,Financiamiento,Black Friday,1,191.55,0.0,191.55,28.73,162.82,145.02,0
2025-004155,2025-02-23 14:15:34,S1009,C00425,P2120,Tienda,Financiamiento,Sin Promo,1,199.5,0.0,199.5,25.94,173.56,113.2,0
2025-004156,2025-11-28 18:45:34,S1038,C00402,P2015,Tienda,Financiamiento,Sin Promo,1,173.77,0.0,173.77,22.59,151.18,122.14,0
2025-004157,2025-06-06 06:26:02,S1016,C00208,P2060,Tienda,Efectivo,Cyber Week,4,325.76,0.15,1303.04,156.36,1146.68,245.82,0
2025-004158,2025-12-17 09:40:17,S1009,C00095,P2075,Web,Financiamiento,Promo 15%,3,580.05,0.0,1740.15,226.22,1513.93,301.87,0
2025-004159,2025-02-18 16:55:20,S1015,C00427,P2088,Tienda,Transferencia,Promo 10%,1,486.13,0.15,486.13,58.34,427.79,308.2,0
2025-004160,2025-02-22 11:06:51,S1013,C00044,P2006,Call Center,Transferencia,Promo 10%,3,321.61,0.2,964.83,115.78,849.05,287.52,0
2025-004161,2025-01-14 23:13:29,S1042,C00216,P2144,Tienda,Tarjeta,Cyber Week,1,272.5,0.0,272.5,35.43,237.07,177.43,0
2025-004162,2025-07-21 11:28:17,S1043,C00185,P2029,Tienda,Transferencia,Promo 10%,1,417.77,0.15,417.77,54.31,363.46,271.13,1
2025-004163,2025-11-16 21:18:51,S1005,C00624,P2097,Call Center,Transferencia,Black Friday,1,521.13,0.0,521.13,67.75,453.38,298.37,0
2025-004164,2025-04-25 03:21:18,S1038,C00800,P2096,Call Center,Transferencia,Sin Promo,1,636.0,0.0,636.0,82.68,553.32,369.96,0
2025-004165,2025-11-11 22:36:01,S1037,C00101,P2123,Marketplace,Financiamiento,Sin Promo,1,166.35,0.05,166.35,21.63,144.72,112.82,0
2025-004166,2025-02-21 05:12:08,S1009,C00345,P2068,Call Center,Financiamiento,Promo 10%,1,246.4,0.0,246.4,32.03,214.37,122.46,0
2025-004167,2025-02-15 16:45:51,S1001,C00032,P2076,Tienda,Billetera Digital,Sin Promo,2,78.02,0.2,156.04,20.29,135.75,50.2,0
2025-004168,2025-12-31 07:49:33,S1015,C00303,P2033,Tienda,Financiamiento,Black Friday,2,80.36,0.0,160.72,19.29,141.43,61.26,0
2025-004169,2025-09-10 15:03:28,S1024,C00794,P2069,Web,Tarjeta,Black Friday,1,191.55,0.0,191.55,28.73,162.82,145.02,0
2025-004170,2025-04-29 01:44:12,S1019,C00025,P2104,Tienda,Financiamiento,Black Friday,1,561.78,0.2,561.78,84.27,477.51,405.18,0
2025-004171,2025-03-21 00:28:23,S1039,C00074,P2099,Tienda,Efectivo,2x1,2,279.84,0.05,559.68,72.76,486.92,231.19,0
2025-004172,2025-02-24 03:01:03,S1042,C00266,P2148,Call Center,Efectivo,Sin Promo,1,641.07,0.05,641.07,83.34,557.73,390.62,1
2025-004173,2025-08-16 23:08:16,S1016,C00234,P2061,Web,Transferencia,Cyber Week,2,36.28,0.15,72.56,8.71,63.85,26.36,1
2025-004174,2025-11-16 12:24:32,S1044,C00188,P2005,Call Center,Transferencia,Promo 15%,1,464.04,0.15,464.04,60.33,403.71,390.45,0
2025-004175,2025-08-12 20:26:46,S1036,C00430,P2131,Tienda,Tarjeta,Promo 15%,1,177.24,0.1,177.24,26.59,150.65,119.6,0
2025-004176,2025-05-31 12:48:19,S1023,C00114,P2057,Call Center,Financiamiento,Sin Promo,5,419.8,0.0,2099.0,314.85,1784.15,314.68,0
2025-004177,2025-12-08 06:38:48,S1039,C00511,P2159,Call Center,Billetera Digital,2x1,1,608.84,0.05,608.84,79.15,529.69,434.27,1
2025-004178,2025-03-08 05:32:06,S1034,C00389,P2084,Tienda,Transferencia,Sin Promo,6,10.35,0.05,62.1,9.31,52.79,8.31,0
2025-004179,2025-02-15 15:22:02,S1001,C00354,P2091,Web,Tarjeta,2x1,1,541.5,0.0,541.5,70.39,471.11,397.11,0
2025-004180,2025-02-08 17:51:16,S1035,C00620,P2122,Call Center,Efectivo,Sin Promo,1,681.62,0.0,681.62,102.24,579.38,324.38,0
2025-004181,2025-01-02 17:54:29,S1019,C00772,P2104,Marketplace,Billetera Digital,Promo 10%,2,702.23,0.0,1404.46,210.67,1193.79,405.18,0
2025-004182,2025-11-08 20:22:39,S1033,C00601,P2066,Marketplace,Tarjeta,Cyber Week,1,524.71,0.0,524.71,78.71,446.0,297.19,0
2025-004183,2025-08-15 13:30:04,S1031,C00094,P2008,Web,Transferencia,2x1,1,874.23,0.0,874.23,131.13,743.1,421.75,0
2025-004184,2025-06-06 00:07:11,S1036,C00732,P2113,Tienda,Tarjeta,2x1,1,297.65,0.0,297.65,44.65,253.0,139.53,0
2025-004185,2025-01-19 09:55:33,S1028,C00743,P2105,Marketplace,Financiamiento,Black Friday,3,676.15,0.0,2028.45,304.27,1724.18,320.12,0
2025-004186,2025-12-21 22:03:03,S1018,C00617,P2107,Marketplace,Tarjeta,Sin Promo,2,322.0,0.0,644.0,77.28,566.72,196.36,0
2025-004187,2025-11-21 17:15:02,S1004,C00522,P2081,Tienda,Efectivo,Promo 10%,1,319.45,0.2,319.45,41.53,277.92,192.91,0
2025-004188,2025-10-10 15:51:31,S1019,C00458,P2082,Web,Billetera Digital,Promo 15%,1,253.28,0.1,253.28,37.99,215.29,152.77,0
2025-004189,2025-06-21 02:58:26,S1008,C00662,P2117,Web,Tarjeta,Promo 15%,2,84.2,0.0,168.4,21.89,146.51,41.82,0
2025-004190,2025-08-02 07:03:45,S1044,C00342,P2017,Call Center,Efectivo,Black Friday,1,280.3,0.0,280.3,36.44,243.86,182.13,0
2025-004191,2025-05-26 04:44:12,S1028,C00674,P2084,Call Center,Transferencia,Sin Promo,4,10.89,0.0,43.56,6.53,37.03,8.31,0
2025-004192,2025-06-28 15:19:14,S1001,C00107,P2154,Call Center,Financiamiento,Cyber Week,4,659.89,0.1,2639.56,343.14,2296.42,427.53,0
2025-004193,2025-03-09 23:04:30,S1020,C00429,P2115,Marketplace,Billetera Digital,Black Friday,2,298.06,0.2,596.12,89.42,506.7,201.2,0
2025-004194,2025-07-23 07:03:37,S1017,C00770,P2018,Call Center,Transferencia,Promo 15%,2,372.27,0.05,744.54,89.34,655.2,224.11,0
2025-004195,2025-11-29 11:10:47,S1012,C00197,P2032,Web,Tarjeta,Promo 10%,3,373.26,0.2,1119.78,134.37,985.41,330.43,0
2025-004196,2025-09-19 21:28:06,S1002,C00483,P2023,Tienda,Billetera Digital,Black Friday,2,503.26,0.05,1006.52,130.85,875.67,346.8,1
2025-004197,2025-09-21 16:40:47,S1021,C00024,P2027,Marketplace,Transferencia,Black Friday,1,331.73,0.0,331.73,49.76,281.97,230.42,1
2025-004198,2025-04-17 17:15:21,S1026,C00522,P2138,Call Center,Billetera Digital,Promo 15%,1,720.1,0.0,720.1,108.02,612.08,375.47,0
2025-004199,2025-05-28 03:07:05,S1024,C00292,P2090,Call Center,Efectivo,Sin Promo,1,123.88,0.0,123.88,18.58,105.3,72.93,0
2025-004200,2025-04-20 08:36:21,S1009,C00498,P2085,Tienda,Transferencia,2x1,1,24.82,0.2,24.82,3.23,21.59,20.07,0
2025-004201,2025-12-28 21:21:59,S1019,C00781,P2025,Marketplace,Billetera Digital,Promo 15%,1,564.63,0.15,564.63,84.69,479.94,394.63,0
2025-004202,2025-12-12 21:45:53,S1026,C00636,P2097,Marketplace,Tarjeta,Black Friday,1,469.02,0.1,469.02,70.35,398.67,298.37,0
2025-004203,2025-01-09 18:09:00,S1005,C00261,P2157,Tienda,Tarjeta,Promo 10%,1,189.87,0.15,189.87,24.68,165.19,118.28,0
2025-004204,2025-04-04 14:37:16,S1027,C00493,P2134,Marketplace,Transferencia,Cyber Week,1,241.56,0.0,241.56,36.23,205.33,153.79,1
2025-004205,2025-05-04 04:29:47,S1030,C00252,P2034,Web,Tarjeta,Sin Promo,2,210.36,0.2,420.72,63.11,357.61,122.22,0
2025-004206,2025-07-15 18:51:44,S1011,,P2095,Marketplace,Billetera Digital,Sin Promo,2,729.93,0.0,1459.86,175.18,1284.68,368.2,0
2025-004207,2025-02-10 13:00:18,S1013,C00366,P2026,Call Center,Tarjeta,2x1,2,459.92,0.0,919.84,110.38,809.46,230.43,0
2025-004208,2025-08-02 00:17:13,S1009,C00020,P2118,Call Center,Efectivo,Cyber Week,4,61.89,0.05,247.56,32.18,215.38,45.65,1
2025-004209,2025-05-25 20:01:23,S1041,C00717,P2121,Tienda,Transferencia,2x1,1,417.78,0.0,417.78,54.31,363.47,207.12,1
2025-004210,2025-12-10 17:43:22,S1001,C00581,P2010,Marketplace,Transferencia,Promo 15%,1,404.09,0.0,404.09,52.53,351.56,210.17,0
2025-004211,2025-09-30 09:31:14,S1020,C00237,P2143,Call Center,Financiamiento,Cyber Week,2,140.35,0.2,280.7,42.1,238.6,101.86,1
2025-004212,2025-10-14 06:05:54,S1023,C00638,P2019,Marketplace,Efectivo,Sin Promo,3,471.27,0.0,1413.81,212.07,1201.74,283.84,0
2025-004213,2025-03-08 10:09:51,S1031,C00302,P2018,Web,Transferencia,2x1,1,372.27,0.05,372.27,55.84,316.43,224.11,0
2025-004214,2025-07-27 12:52:51,S1032,C00110,P2136,Marketplace,Billetera Digital,2x1,2,154.8,0.0,309.6,46.44,263.16,99.42,0
2025-004215,2025-10-10 15:06:15,S1004,C00765,P2083,Marketplace,Transferencia,Black Friday,2,523.42,0.0,1046.84,136.09,910.75,334.59,0
2025-004216,2025-08-16 06:18:05,S1044,C00511,P2014,Web,Financiamiento,2x1,1,430.19,0.0,430.19,55.92,374.27,296.33,0
2025-004217,2025-01-04 08:04:00,S1019,C00328,P2154,Tienda,Tarjeta,Sin Promo,3,659.89,0.1,1979.67,296.95,1682.72,427.53,1
2025-004218,2025-07-26 05:36:30,S1012,C00401,P2147,Web,Transferencia,Promo 10%,3,548.18,0.0,1644.54,197.34,1447.2,299.7,0
2025-004219,2025-04-22 13:12:49,S1003,C00428,P2004,Call Center,Billetera Digital,Cyber Week,1,462.1,0.15,462.1,60.07,402.03,298.92,0
2025-004220,2025-10-24 10:26:06,S1011,C00178,P2016,Marketplace,Efectivo,Promo 10%,2,138.07,0.2,276.14,33.14,243.0,121.18,0
2025-004221,2025-10-05 18:26:57,S1025,C00608,P2070,Web,Financiamiento,Promo 15%,2,614.79,0.0,1229.58,184.44,1045.14,281.04,0
2025-004222,2025-01-15 19:37:51,S1030,C00556,P2070,Marketplace,Billetera Digital,Promo 10%,2,553.31,0.1,1106.62,165.99,940.63,281.04,0
2025-004223,2025-03-01 11:23:43,S1013,C00264,P2113,Tienda,Financiamiento,Promo 10%,2,267.88,0.1,535.76,64.29,471.47,139.53,0
2025-004224,2025-10-05 10:42:51,S1031,C00784,P2089,Web,Efectivo,Sin Promo,2,736.54,0.0,1473.08,220.96,1252.12,351.93,0
2025-004225,2025-01-21 18:31:44,S1043,C00449,P2058,Call Center,Billetera Digital,Sin Promo,1,465.91,0.0,465.91,60.57,405.34,324.41,0
2025-004226,2025-07-06 03:37:56,S1012,C00668,P2029,Call Center,Billetera Digital,Promo 10%,2,491.5,0.0,983.0,117.96,865.04,271.13,0
2025-004227,2025-08-27 17:41:25,S1045,C00567,P2123,Marketplace,Financiamiento,Sin Promo,2,175.11,0.0,350.22,45.53,304.69,112.82,0
2025-004228,2025-03-07 17:41:20,S1031,C00595,P2008,Tienda,Financiamiento,Black Friday,1,786.81,0.1,786.81,118.02,668.79,421.75,0
2025-004229,2025-05-13 02:34:18,S1031,C00241,P2028,Web,Tarjeta,Black Friday,3,478.55,0.2,1435.65,215.35,1220.3,344.08,0
2025-004230,2025-02-28 10:43:03,S1045,C00176,P2062,Tienda,Tarjeta,Promo 15%,3,106.3,0.05,318.9,41.46,277.44,74.21,1
2025-004231,2025-01-17 06:32:19,S1023,C00041,P2088,Web,Transferencia,Cyber Week,3,486.13,0.15,1458.39,218.76,1239.63,308.2,0
2025-004232,2025-02-16 00:18:35,S1042,C00715,P2064,Call Center,Efectivo,Promo 10%,1,86.74,0.05,86.74,11.28,75.46,57.47,1
2025-004233,2025-08-21 06:46:30,S1021,C00610,P2095,Call Center,Efectivo,Promo 15%,2,656.94,0.1,1313.88,197.08,1116.8,368.2,1
2025-004234,2025-03-01 21:12:06,S1006,C00602,P2076,Marketplace,Financiamiento,Promo 10%,2,92.64,0.05,185.28,24.09,161.19,50.2,0
2025-004235,2025-10-20 03:56:21,S1015,C00273,P2029,Tienda,Efectivo,2x1,1,491.5,0.0,491.5,58.98,432.52,271.13,0
2025-004236,2025-04-06 06:52:01,S1022,C00045,P2102,Web,Efectivo,Black Friday,3,450.78,0.1,1352.34,202.85,1149.49,270.07,0
2025-004237,2025-07-21 23:26:44,S1015,C00174,P2061,Tienda,Billetera Digital,Promo 10%,1,36.28,0.15,36.28,4.35,31.93,26.36,0
2025-004238,2025-11-29 14:03:03,S1044,C00099,P2116,Web,Billetera Digital,Sin Promo,1,632.31,0.15,632.31,82.2,550.11,358.01,0
2025-004239,2025-10-07 03:40:00,S1001,C00760,P2053,Call Center,Billetera Digital,2x1,3,934.5,0.0,2803.5,364.45,2439.05,436.17,0
2025-004240,2025-05-20 13:05:27,S1005,C00693,P2104,Web,Tarjeta,Promo 10%,1,702.23,0.0,702.23,91.29,610.94,405.18,0
2025-004241,2025-04-16 06:05:56,S1041,C00534,P2065,Marketplace,Billetera Digital,Sin Promo,1,326.63,0.2,326.63,42.46,284.17,269.16,0
2025-004242,2025-06-13 21:44:23,S1004,C00776,P2106,Marketplace,Transferencia,Promo 10%,2,461.42,0.0,922.84,119.97,802.87,310.34,0
2025-004243,2025-04-26 08:50:55,S1045,C00272,P2096,Call Center,Financiamiento,Cyber Week,2,572.4,0.1,1144.8,148.82,995.98,369.96,0
2025-004244,2025-02-28 10:32:25,S1031,C00415,P2132,Marketplace,Billetera Digital,Sin Promo,1,257.29,0.2,257.29,38.59,218.7,220.13,0
2025-004245,2025-03-09 10:53:06,S1038,C00520,P2034,Marketplace,Efectivo,Cyber Week,2,249.8,0.05,499.6,64.95,434.65,122.22,1
2025-004246,2025-01-09 16:21:12,S1005,C00227,P2023,Tienda,Billetera Digital,Cyber Week,6,450.29,0.15,2701.74,351.23,2350.51,346.8,0
2025-004247,2025-03-05 13:34:34,S1010,C00023,P2120,Marketplace,Efectivo,Black Friday,4,179.55,0.1,718.2,86.18,632.02,113.2,0
2025-004248,2025-09-28 11:23:45,S1025,C00599,P2016,Tienda,Tarjeta,Black Friday,4,155.33,0.1,621.32,93.2,528.12,121.18,0
2025-004249,2025-02-07 03:21:25,S1017,,P2093,Tienda,Financiamiento,Promo 15%,4,147.96,0.0,591.84,71.02,520.82,75.0,0
2025-004250,2025-03-08 01:01:51,S1018,C00476,P2064,Tienda,Billetera Digital,2x1,2,91.31,0.0,182.62,21.91,160.71,57.47,0
2025-004251,2025-12-02 18:48:28,S1042,C00082,P2108,Tienda,Efectivo,Sin Promo,1,240.87,0.15,240.87,31.31,209.56,144.01,0
2025-004252,2025-01-25 21:57:31,S1016,C00162,P2028,Web,Billetera Digital,Promo 10%,3,538.37,0.1,1615.11,193.81,1421.3,344.08,0
2025-004253,2025-06-07 14:28:23,S1036,C00220,P2020,Tienda,Tarjeta,Cyber Week,1,49.36,0.0,49.36,7.4,41.96,32.33,0
2025-004254,2025-01-19 21:27:56,S1027,C00397,P2107,Call Center,Efectivo,Cyber Week,1,322.0,0.0,322.0,48.3,273.7,196.36,1
2025-004255,2025-03-13 11:34:56,S1034,C00192,P2081,Tienda,Billetera Digital,Promo 15%,1,359.38,0.1,359.38,53.91,305.47,192.91,1
2025-004256,2025-12-21 21:46:52,S1024,C00311,P2107,Web,Financiamiento,Promo 10%,4,322.0,0.0,1288.0,193.2,1094.8,196.36,0
2025-004257,2025-12-04 06:14:12,S1030,C00118,P2031,Call Center,Efectivo,2x1,2,193.42,0.05,386.84,58.03,328.81,111.43,0
2025-004258,2025-11-30 18:07:59,S1010,C00341,P2098,Marketplace,Efectivo,2x1,1,612.83,0.05,612.83,73.54,539.29,389.5,0
2025-004259,2025-05-15 18:58:42,S1039,C00445,P2073,Call Center,Tarjeta,Promo 10%,2,164.56,0.0,329.12,42.79,286.33,131.1,0
2025-004260,2025-09-16 19:49:32,S1015,C00038,P2107,Web,Efectivo,Promo 15%,4,322.0,0.0,1288.0,154.56,1133.44,196.36,0
2025-004261,2025-06-07 01:13:11,S1014,C00515,P2097,Tienda,Efectivo,Promo 15%,2,442.96,0.15,885.92,106.31,779.61,298.37,0
2025-004262,2025-04-24 18:54:05,S1007,C00415,P2005,Tienda,Transferencia,Cyber Week,2,464.04,0.15,928.08,120.65,807.43,390.45,0
2025-004263,2025-11-18 08:28:13,S1006,C00782,P2032,Call Center,Financiamiento,2x1,2,443.24,0.05,886.48,115.24,771.24,330.43,0
2025-004264,2025-12-25 16:30:45,S1007,C00178,P2085,Call Center,Efectivo,Promo 15%,2,31.02,0.0,62.04,8.07,53.97,20.07,0
2025-004265,2025-01-29 16:18:35,S1032,C00308,P2031,Marketplace,Tarjeta,Cyber Week,3,203.6,0.0,610.8,91.62,519.18,111.43,1
2025-004266,2025-11-01 11:27:59,S1035,C00710,P2127,Tienda,Efectivo,Promo 15%,1,696.03,0.05,696.03,104.4,591.63,361.43,0
2025-004267,2025-09-17 14:28:25,S1040,C00305,P2002,Tienda,Transferencia,Cyber Week,5,232.13,0.2,1160.65,150.88,1009.77,134.76,0
2025-004268,2025-06-28 06:24:48,S1002,C00631,P2015,Web,Tarjeta,Black Friday,3,173.77,0.0,521.31,67.77,453.54,122.14,0
2025-004269,2025-12-06 15:50:08,S1023,C00752,P2065,Call Center,Efectivo,Promo 10%,5,408.29,0.0,2041.45,306.22,1735.23,269.16,0
2025-004270,2025-03-17 17:43:05,S1002,C00214,P2063,Tienda,Financiamiento,Promo 10%,2,63.37,0.1,126.74,16.48,110.26,34.56,0
2025-004271,2025-07-17 11:35:11,S1005,C00421,P2061,Web,Financiamiento,Black Friday,1,36.28,0.15,36.28,4.72,31.56,26.36,1
2025-004272,2025-04-26 08:52:49,S1030,C00532,P2095,Web,Tarjeta,Black Friday,2,693.43,0.05,1386.86,208.03,1178.83,368.2,0
2025-004273,2025-02-24 15:01:42,S1030,C00195,P2150,Tienda,Billetera Digital,Promo 10%,1,222.37,0.05,222.37,33.36,189.01,154.53,1
2025-004274,2025-02-01 19:30:29,S1014,C00465,P2151,Marketplace,Efectivo,Cyber Week,2,233.86,0.05,467.72,56.13,411.59,116.51,0
2025-004275,2025-06-07 13:27:54,S1001,C00268,P2065,Tienda,Tarjeta,Sin Promo,6,387.88,0.05,2327.28,302.55,2024.73,269.16,0
2025-004276,2025-12-25 05:41:44,S1044,C00240,P2060,Marketplace,Tarjeta,Promo 15%,1,364.09,0.05,364.09,47.33,316.76,245.82,0
2025-004277,2025-09-14 20:57:34,S1034,C00018,P2052,Web,Efectivo,Promo 15%,2,94.69,0.0,189.38,28.41,160.97,47.67,0
2025-004278,2025-11-07 11:37:00,S1005,C00598,P2145,Tienda,Transferencia,Promo 15%,1,118.01,0.0,118.01,15.34,102.67,77.61,0
2025-004279,2025-10-13 18:51:36,S1022,C00635,P2045,Web,Tarjeta,2x1,2,68.91,0.0,137.82,20.67,117.15,46.07,1
2025-004280,2025-08-09 00:28:46,S1042,C00085,P2127,Web,Tarjeta,Promo 10%,1,659.39,0.1,659.39,85.72,573.67,361.43,1
2025-004281,2025-05-12 13:09:44,S1009,C00116,P2065,Tienda,Financiamiento,Sin Promo,4,408.29,0.0,1633.16,212.31,1420.85,269.16,0
2025-004282,2025-05-27 00:04:40,S1030,C00316,P2104,Web,Financiamiento,Cyber Week,2,632.01,0.1,1264.02,189.6,1074.42,405.18,1
2025-004283,2025-10-17 12:39:09,S1025,C00430,P2028,Tienda,Transferencia,2x1,2,478.55,0.2,957.1,143.56,813.54,344.08,0
2025-004284,2025-06-11 15:18:05,S1021,C00176,P2159,Call Center,Billetera Digital,Sin Promo,1,576.79,0.1,576.79,86.52,490.27,434.27,0
2025-004285,2025-06-05 00:13:10,S1028,C00313,P2019,Call Center,Transferencia,Promo 15%,2,400.58,0.15,801.16,120.17,680.99,283.84,0
2025-004286,2025-10-04 19:17:45,S1019,C00212,P2100,Tienda,Efectivo,2x1,4,486.17,0.15,1944.68,291.7,1652.98,422.9,0
2025-004287,2025-10-12 19:47:50,S1033,C00391,P2107,Call Center,Efectivo,Promo 10%,2,322.0,0.0,644.0,96.6,547.4,196.36,0
2025-004288,2025-11-11 16:47:09,S1043,C00696,P2160,Call Center,Billetera Digital,Promo 15%,2,771.61,0.05,1543.22,200.62,1342.6,418.28,0
2025-004289,2025-03-03 22:07:03,S1015,C00110,P2086,Call Center,Tarjeta,Promo 10%,1,92.82,0.15,92.82,11.14,81.68,70.05,0
2025-004290,2025-11-12 21:01:32,S1041,C00531,P2069,Call Center,Tarjeta,Promo 10%,1,191.55,0.0,191.55,24.9,166.65,145.02,0
2025-004291,2025-12-13 03:09:20,S1002,C00028,P2121,Web,Billetera Digital,Cyber Week,1,417.78,0.0,417.78,54.31,363.47,207.12,0
2025-004292,2025-09-28 03:20:25,S1040,C00148,P2092,Call Center,Efectivo,Black Friday,1,802.49,0.0,802.49,104.32,698.17,416.32,0
2025-004293,2025-10-01 07:56:37,S1015,C00310,P2101,Web,Financiamiento,Black Friday,4,286.05,0.15,1144.2,137.3,1006.9,262.94,0
2025-004294,2025-11-23 07:58:40,S1006,C00626,P2151,Marketplace,Tarjeta,2x1,1,246.17,0.0,246.17,32.0,214.17,116.51,0
2025-004295,2025-10-20 18:48:59,S1038,C00541,P2128,Tienda,Financiamiento,Sin Promo,1,473.78,0.15,473.78,61.59,412.19,269.57,0
2025-004296,2025-05-28 09:50:17,S1034,C00597,P2114,Marketplace,Billetera Digital,2x1,1,554.0,0.0,554.0,83.1,470.9,274.57,1
2025-004297,2025-05-19 16:05:25,S1027,C00769,P2085,Web,Efectivo,Promo 10%,4,27.92,0.1,111.68,16.75,94.93,20.07,0
2025-004298,2025-02-27 02:36:10,S1037,C00019,P2121,Web,Billetera Digital,Promo 15%,1,417.78,0.0,417.78,54.31,363.47,207.12,0
2025-004299,2025-04-06 16:39:32,S1021,C00168,P2157,Call Center,Financiamiento,Black Friday,2,223.38,0.0,446.76,67.01,379.75,118.28,0
2025-004300,2025-05-09 19:52:49,S1008,C00656,P2152,Marketplace,Transferencia,Cyber Week,1,474.53,0.05,474.53,61.69,412.84,338.06,1
2025-004301,2025-01-19 07:35:09,S1030,C00661,P2083,Web,Billetera Digital,Promo 10%,2,523.42,0.0,1046.84,157.03,889.81,334.59,0
2025-004302,2025-11-08 22:18:17,S1008,C00556,P2116,Call Center,Efectivo,Promo 10%,1,669.51,0.1,669.51,87.04,582.47,358.01,0
2025-004303,2025-12-14 09:51:49,S1044,C00004,P2088,Call Center,Tarjeta,Black Friday,1,457.54,0.2,457.54,59.48,398.06,308.2,0
2025-004304,2025-10-23 07:23:39,S1038,C00713,P2023,Web,Transferencia,Promo 15%,3,503.26,0.05,1509.78,196.27,1313.51,346.8,0
2025-004305,2025-07-24 13:58:56,S1036,,P2102,Web,Tarjeta,,1,400.7,0.2,400.7,60.1,340.6,270.07,0
2025-004306,2025-10-19 00:51:04,S1009,C00183,P2098,Call Center,Billetera Digital,2x1,2,516.06,0.2,1032.12,134.18,897.94,389.5,0
2025-004307,2025-03-13 23:49:05,S1022,C00249,P2006,Web,Tarjeta,Promo 15%,5,381.91,0.05,1909.55,286.43,1623.12,287.52,0
2025-004308,2025-01-19 22:34:42,S1032,C00280,P2054,Tienda,Tarjeta,Black Friday,1,393.79,0.15,393.79,59.07,334.72,220.6,0
2025-004309,2025-06-29 17:33:34,S1003,C00490,P2018,Tienda,Transferencia,Sin Promo,2,352.67,0.1,705.34,91.69,613.65,224.11,0
2025-004310,2025-06-01 00:53:48,S1016,C00742,P2020,Marketplace,Financiamiento,Black Friday,3,46.89,0.05,140.67,16.88,123.79,32.33,0
2025-004311,2025-12-07 07:23:58,S1023,C00621,P2138,Tienda,Billetera Digital,Promo 15%,1,720.1,0.0,720.1,108.02,612.08,375.47,0
2025-004312,2025-03-04 09:07:41,S1032,C00359,P2134,Web,Billetera Digital,Promo 10%,2,241.56,0.0,483.12,72.47,410.65,153.79,0
2025-004313,2025-05-09 22:19:35,S1022,C00108,P2057,Call Center,Efectivo,2x1,4,335.84,0.2,1343.36,201.5,1141.86,314.68,0
2025-004314,2025-10-14 06:46:48,S1034,C00139,P2147,Call Center,Financiamiento,2x1,2,465.95,0.15,931.9,139.78,792.12,299.7,0
2025-004315,2025-12-16 14:05:19,S1018,C00073,P2147,Call Center,Financiamiento,Black Friday,5,438.54,0.2,2192.7,263.12,1929.58,299.7,0
2025-004316,2025-01-14 05:11:24,S1026,C00195,P2080,Web,Transferencia,Black Friday,2,301.79,0.0,603.58,90.54,513.04,221.89,0
2025-004317,2025-04-07 23:24:33,S1002,C00777,P2013,Tienda,Tarjeta,Sin Promo,2,200.2,0.0,400.4,52.05,348.35,98.1,0
2025-004318,2025-01-10 09:43:13,S1034,C00177,P2134,Marketplace,Tarjeta,2x1,1,193.25,0.2,193.25,28.99,164.26,153.79,0
2025-004319,2025-01-21 21:58:39,S1028,C00103,P2160,Web,Financiamiento,Black Friday,2,812.22,0.0,1624.44,243.67,1380.77,418.28,1
2025-004320,2025-06-23 01:47:49,S1014,C00399,P2120,Call Center,Billetera Digital,2x1,2,159.6,0.2,319.2,38.3,280.9,113.2,0
2025-004321,2025-03-30 05:07:10,S1023,C00738,P2151,Tienda,Efectivo,Sin Promo,3,233.86,0.05,701.58,105.24,596.34,116.51,0
2025-004322,2025-01-26 06:18:51,S1026,C00285,P2122,Web,Efectivo,Promo 15%,3,579.38,0.15,1738.14,260.72,1477.42,324.38,1
2025-004323,2025-10-07 00:14:41,S1015,C00274,P2076,Call Center,Transferencia,Black Friday,3,92.64,0.05,277.92,33.35,244.57,50.2,0
2025-004324,2025-05-31 02:20:16,S1011,C00355,P2108,Web,Efectivo,Sin Promo,2,283.38,0.0,566.76,68.01,498.75,144.01,0
2025-004325,2025-08-25 15:57:40,S1004,C00140,P2056,Call Center,Financiamiento,2x1,4,842.59,0.05,3370.36,438.15,2932.21,417.23,1
2025-004326,2025-11-10 07:53:56,S1014,C00774,P2089,Marketplace,Transferencia,,3,662.89,0.1,1988.67,238.64,1750.03,351.93,0
2025-004327,2025-10-07 04:45:52,S1012,C00126,P2063,Web,Tarjeta,Promo 15%,4,63.37,0.1,253.48,30.42,223.06,34.56,0
2025-004328,2025-07-01 02:52:00,S1025,C00420,P2160,Web,Transferencia,Promo 15%,2,649.78,0.2,1299.56,194.93,1104.63,418.28,0
2025-004329,2025-05-08 18:22:15,S1002,C00780,P2055,Marketplace,Billetera Digital,Promo 10%,1,133.73,0.05,133.73,17.38,116.35,77.43,0
2025-004330,2025-05-12 08:59:45,S1028,C00147,P2122,Marketplace,Billetera Digital,Promo 10%,1,647.54,0.05,647.54,97.13,550.41,324.38,0
2025-004331,2025-06-10 06:13:23,S1019,C00652,P2131,Marketplace,Tarjeta,Black Friday,4,196.93,0.0,787.72,118.16,669.56,119.6,0
2025-004332,2025-11-25 23:46:57,S1029,C00604,P2078,Marketplace,Financiamiento,2x1,1,140.81,0.15,140.81,21.12,119.69,125.47,0
2025-004333,2025-09-28 06:53:22,S1043,C00771,P2061,Tienda,Financiamiento,Promo 15%,2,42.68,0.0,85.36,11.1,74.26,26.36,0
2025-004334,2025-08-22 18:16:25,S1003,C00053,P2053,Tienda,Financiamiento,2x1,2,747.6,0.2,1495.2,194.38,1300.82,436.17,0
2025-004335,2025-01-23 05:43:05,S1003,C00455,P2064,Web,Billetera Digital,Sin Promo,1,91.31,0.0,91.31,11.87,79.44,57.47,0
2025-004336,2025-09-29 14:30:32,S1038,C00306,P2052,Call Center,Billetera Digital,2x1,1,80.49,0.15,80.49,10.46,70.03,47.67,0
2025-004337,2025-01-12 04:06:20,S1027,C00101,P2147,Call Center,Billetera Digital,Promo 15%,2,548.18,0.0,1096.36,164.45,931.91,299.7,0
2025-004338,2025-12-15 19:36:33,S1045,C00389,P2006,Tienda,Efectivo,Cyber Week,3,381.91,0.05,1145.73,148.94,996.79,287.52,0
2025-004339,2025-09-09 20:33:23,S1012,C00786,P2142,Tienda,Transferencia,Promo 10%,1,419.81,0.15,419.81,50.38,369.43,331.65,0
2025-004340,2025-09-11 03:40:31,S1035,C00658,P2026,Web,Transferencia,2x1,1,459.92,0.0,459.92,68.99,390.93,230.43,0
2025-004341,2025-02-05 01:28:36,S1020,C00555,P2122,Web,Transferencia,Promo 10%,1,579.38,0.15,579.38,86.91,492.47,324.38,0
2025-004342,2025-03-27 00:59:31,S1020,C00623,P2094,Call Center,Efectivo,Promo 10%,2,630.71,0.1,1261.42,189.21,1072.21,392.99,0
2025-004343,2025-07-12 17:27:37,S1045,C00287,P2066,Marketplace,Billetera Digital,Sin Promo,1,498.47,0.05,498.47,64.8,433.67,297.19,0
2025-004344,2025-07-13 18:56:42,S1042,C00661,P2154,Marketplace,Financiamiento,Sin Promo,5,696.55,0.05,3482.75,452.76,3029.99,427.53,0
2025-004345,2025-07-01 03:18:47,S1029,C00327,P2074,Web,Efectivo,Promo 15%,2,281.27,0.0,562.54,84.38,478.16,138.92,0
2025-004346,2025-09-19 11:00:41,S1032,C00197,P2053,Web,Efectivo,Black Friday,1,887.77,0.05,887.77,133.17,754.6,436.17,0
2025-004347,2025-10-29 22:25:00,S1033,C00398,P2120,Web,Billetera Digital,Promo 15%,5,159.6,0.2,798.0,119.7,678.3,113.2,0
2025-004348,2025-12-31 00:50:44,S1007,C00720,P2034,Web,Financiamiento,Black Friday,3,210.36,0.2,631.08,82.04,549.04,122.22,0
2025-004349,2025-01-08 12:45:40,S1007,C00077,P2101,Tienda,Efectivo,Promo 10%,1,336.53,0.0,336.53,43.75,292.78,262.94,0
2025-004350,2025-02-25 09:49:30,S1038,C00156,P2128,Marketplace,Transferencia,Promo 15%,2,557.39,0.0,1114.78,144.92,969.86,269.57,0
2025-004351,2025-02-16 11:38:00,S1004,C00230,P2148,Marketplace,Transferencia,Black Friday,1,607.33,0.1,607.33,78.95,528.38,390.62,0
2025-004352,2025-12-13 03:55:51,S1003,C00127,P2158,Call Center,Efectivo,Sin Promo,1,542.39,0.0,542.39,70.51,471.88,274.83,0
2025-004353,2025-03-21 04:39:29,S1025,C00786,P2155,Marketplace,Financiamiento,Black Friday,2,125.86,0.2,251.72,37.76,213.96,71.96,0
2025-004354,2025-03-27 23:21:31,S1035,C00277,P2009,Tienda,Tarjeta,Cyber Week,3,523.01,0.0,1569.03,235.35,1333.68,287.2,0
2025-004355,2025-07-08 10:30:01,S1017,C00252,P2133,Web,Efectivo,Cyber Week,1,52.59,0.0,52.59,6.31,46.28,38.56,0
2025-004356,2025-01-09 14:45:06,S1009,C00388,P2136,Tienda,Billetera Digital,Sin Promo,1,123.84,0.2,123.84,16.1,107.74,99.42,0
2025-004357,2025-01-11 07:21:07,S1026,C00514,P2124,Web,Billetera Digital,Promo 10%,5,475.69,0.0,2378.45,356.77,2021.68,351.18,0
2025-004358,2025-04-13 16:02:26,S1011,C00435,P2082,Web,Efectivo,Promo 15%,1,239.21,0.15,239.21,28.71,210.5,152.77,0
2025-004359,2025-02-15 07:00:27,S1028,C00498,P2096,Call Center,Efectivo,Black Friday,2,636.0,0.0,1272.0,190.8,1081.2,369.96,0
2025-004360,2025-07-21 23:26:46,S1023,C00792,P2150,Tienda,Tarjeta,Sin Promo,1,234.07,0.0,234.07,35.11,198.96,154.53,0
2025-004361,2025-08-25 02:35:24,S1043,C00741,P2065,Tienda,Financiamiento,Promo 15%,3,347.05,0.15,1041.15,135.35,905.8,269.16,0
2025-004362,2025-12-22 12:58:54,S1042,C00566,P2034,Tienda,Billetera Digital,Promo 10%,5,249.8,0.05,1249.0,162.37,1086.63,122.22,0
2025-004363,2025-12-16 20:08:38,S1014,C00689,P2115,Call Center,Efectivo,Promo 10%,4,372.57,0.0,1490.28,178.83,1311.45,201.2,0
2025-004364,2025-06-06 19:09:52,S1027,C00737,P2011,Marketplace,Transferencia,Cyber Week,2,392.72,0.0,785.44,117.82,667.62,309.34,1
2025-004365,2025-04-17 19:29:14,S1017,C00503,P2058,Tienda,Transferencia,Cyber Week,1,372.73,0.2,372.73,44.73,328.0,324.41,0
2025-004366,2025-01-08 23:53:41,S1022,C00690,P2100,Tienda,Financiamiento,Promo 15%,2,457.58,0.2,915.16,137.27,777.89,422.9,0
2025-004367,2025-01-27 05:04:35,S1009,C00259,P2002,Call Center,Tarjeta,Promo 10%,2,261.14,0.1,522.28,67.9,454.38,134.76,0
2025-004368,2025-01-19 20:23:45,S1029,C00502,P2016,Tienda,Tarjeta,2x1,2,172.59,0.0,345.18,51.78,293.4,121.18,0
2025-004369,2025-12-11 10:22:36,S1027,C00113,P2137,Tienda,Transferencia,Promo 15%,1,364.43,0.15,364.43,54.66,309.77,246.0,1
2025-004370,2025-03-28 12:27:28,S1028,C00143,P2063,Web,Transferencia,Cyber Week,2,70.41,0.0,140.82,21.12,119.7,34.56,0
2025-004371,2025-07-02 13:51:44,S1011,C00681,P2136,Web,Transferencia,Promo 15%,2,131.58,0.15,263.16,31.58,231.58,99.42,0
2025-004372,2025-08-13 12:05:52,S1041,C00656,P2081,Marketplace,Transferencia,2x1,4,359.38,0.1,1437.52,186.88,1250.64,192.91,0
2025-004373,2025-04-02 03:36:54,S1026,C00438,P2029,Tienda,Efectivo,Black Friday,2,466.92,0.05,933.84,140.08,793.76,271.13,0
2025-004374,2025-01-14 06:15:39,S1033,C00511,P2099,Web,Tarjeta,Sin Promo,2,250.38,0.15,500.76,75.11,425.65,231.19,0
2025-004375,2025-02-23 15:05:43,S1024,C00450,P2127,Tienda,Transferencia,2x1,1,586.13,0.2,586.13,87.92,498.21,361.43,1
2025-004376,2025-01-15 09:46:31,S1014,C00045,P2075,Web,Financiamiento,Black Friday,2,551.05,0.05,1102.1,132.25,969.85,301.87,0
2025-004377,2025-02-17 12:36:40,S1008,C00503,P2063,Tienda,Transferencia,Sin Promo,1,63.37,0.1,63.37,8.24,55.13,34.56,0
2025-004378,2025-07-19 20:15:05,S1028,C00630,P2109,Web,Financiamiento,2x1,4,187.45,0.1,749.8,112.47,637.33,141.94,0
2025-004379,2025-11-20 08:28:39,S1033,C00184,P2099,Web,Financiamiento,Promo 10%,1,279.84,0.05,279.84,41.98,237.86,231.19,0
2025-004380,2025-02-11 18:24:21,S1022,C00654,P2030,Web,Financiamiento,Promo 15%,3,541.44,0.0,1624.32,243.65,1380.67,418.38,0
2025-004381,2025-08-27 08:04:19,S1043,C00279,P2078,Tienda,Financiamiento,Promo 15%,2,157.38,0.05,314.76,40.92,273.84,125.47,0
2025-004382,2025-03-19 16:01:20,S1032,C00119,P2117,Tienda,Tarjeta,Promo 15%,2,71.57,0.15,143.14,21.47,121.67,41.82,0
2025-004383,2025-04-24 15:36:52,S1003,C00352,P2043,Call Center,Billetera Digital,Promo 15%,1,297.93,0.05,297.93,38.73,259.2,244.5,1
2025-004384,2025-08-02 16:11:41,S1027,C00351,P2037,Marketplace,Financiamiento,Sin Promo,5,530.23,0.15,2651.15,397.67,2253.48,405.23,1
2025-004385,2025-03-19 18:59:28,S1044,C00286,P2087,Tienda,Tarjeta,Promo 10%,1,259.02,0.2,259.02,33.67,225.35,166.63,0
2025-004386,2025-12-22 09:03:22,S1009,C00055,P2009,Tienda,Financiamiento,Promo 10%,1,523.01,0.0,523.01,67.99,455.02,287.2,0
2025-004387,2025-01-18 09:35:50,S1008,C00427,P2149,Web,Tarjeta,Black Friday,2,179.85,0.2,359.7,46.76,312.94,173.08,0
2025-004388,2025-10-22 21:52:42,S1012,C00781,P2060,Web,Efectivo,2x1,2,306.6,0.2,613.2,73.58,539.62,245.82,0
2025-004389,2025-02-23 06:26:45,S1008,C00285,P2129,Call Center,Transferencia,Cyber Week,1,504.95,0.0,504.95,65.64,439.31,401.84,0
2025-004390,2025-04-14 04:39:52,S1037,C00743,P2032,Call Center,Billetera Digital,Cyber Week,1,466.57,0.0,466.57,60.65,405.92,330.43,0
2025-004391,2025-05-13 12:25:07,S1017,C00145,P2096,Call Center,Financiamiento,2x1,1,636.0,0.0,636.0,76.32,559.68,369.96,0
2025-004392,2025-05-07 18:43:03,S1044,C00568,P2128,Call Center,Efectivo,Cyber Week,2,473.78,0.15,947.56,123.18,824.38,269.57,0
2025-004393,2025-05-25 12:52:59,S1041,C00505,P2042,Call Center,Tarjeta,Sin Promo,2,401.39,0.0,802.78,104.36,698.42,233.31,0
2025-004394,2025-10-14 22:45:49,S1022,C00340,P2026,Marketplace,Billetera Digital,Black Friday,2,367.94,0.2,735.88,110.38,625.5,230.43,1
2025-004395,2025-04-09 19:27:46,S1005,C00149,P2057,Web,Financiamiento,2x1,1,335.84,0.2,335.84,43.66,292.18,314.68,0
2025-004396,2025-04-14 08:24:16,S1037,,P2094,Marketplace,Tarjeta,Black Friday,2,630.71,0.1,1261.42,163.98,1097.44,392.99,0
2025-004397,2025-10-04 22:08:06,S1020,C00319,P2007,Web,Efectivo,Promo 15%,5,169.62,0.2,848.1,127.22,720.88,162.45,0
2025-004398,2025-07-26 20:05:08,S1014,C00102,P2061,Tienda,Tarjeta,Black Friday,1,36.28,0.15,36.28,4.35,31.93,26.36,0
2025-004399,2025-09-21 16:54:15,S1013,C00505,P2078,Marketplace,Financiamiento,2x1,2,149.09,0.1,298.18,35.78,262.4,125.47,0
2025-004400,2025-10-12 23:31:01,S1009,C00530,P2160,Web,Transferencia,Sin Promo,2,731.0,0.1,1462.0,190.06,1271.94,418.28,0
2025-004401,2025-05-04 07:33:47,S1001,C00339,P2152,Call Center,Tarjeta,2x1,5,399.61,0.2,1998.05,259.75,1738.3,338.06,0
2025-004402,2025-03-16 13:57:13,S1040,C00375,P2047,Web,Financiamiento,Promo 15%,1,433.95,0.05,433.95,56.41,377.54,295.44,1
2025-004403,2025-10-02 06:31:19,S1022,C00063,P2105,Web,Financiamiento,Cyber Week,2,540.92,0.2,1081.84,162.28,919.56,320.12,1
2025-004404,2025-06-10 10:32:32,S1033,C00180,P2091,Call Center,Transferencia,Promo 10%,2,541.5,0.0,1083.0,162.45,920.55,397.11,1
2025-004405,2025-05-30 06:10:21,S1045,C00375,P2152,Call Center,Financiamiento,Black Friday,1,499.51,0.0,499.51,64.94,434.57,338.06,0
2025-004406,2025-11-09 03:44:57,S1036,C00719,P2084,Tienda,Efectivo,Cyber Week,1,10.89,0.0,10.89,1.63,9.26,8.31,0
2025-004407,2025-10-20 10:06:45,S1035,C00697,P2026,Tienda,Transferencia,Sin Promo,3,459.92,0.0,1379.76,206.96,1172.8,230.43,0
2025-004408,2025-05-10 00:52:43,S1013,,P2143,Tienda,Tarjeta,Promo 15%,1,175.44,0.0,175.44,21.05,154.39,101.86,0
2025-004409,2025-09-06 21:17:48,S1001,C00370,P2025,Web,Tarjeta,Sin Promo,1,664.27,0.0,664.27,86.36,577.91,394.63,0
2025-004410,2025-12-22 07:36:20,S1014,C00637,P2142,Call Center,Billetera Digital,Promo 15%,2,469.2,0.05,938.4,112.61,825.79,331.65,0
2025-004411,2025-09-19 22:21:41,S1043,C00075,P2149,Marketplace,Efectivo,Black Friday,4,191.09,0.15,764.36,99.37,664.99,173.08,0
2025-004412,2025-12-17 06:45:25,S1020,C00609,P2138,Tienda,Efectivo,Promo 15%,2,720.1,0.0,1440.2,216.03,1224.17,375.47,1
2025-004413,2025-01-10 11:02:10,S1006,C00228,P2097,Marketplace,Billetera Digital,Promo 10%,1,521.13,0.0,521.13,67.75,453.38,298.37,0
2025-004414,2025-04-05 14:24:24,S1023,C00342,P2038,Tienda,Financiamiento,2x1,2,111.96,0.2,223.92,33.59,190.33,104.22,1
2025-004415,2025-03-13 01:07:29,S1001,C00345,P2064,Web,Transferencia,Black Friday,2,73.05,0.2,146.1,18.99,127.11,57.47,1
2025-004416,2025-07-14 12:49:44,S1023,C00609,P2136,Web,Efectivo,Cyber Week,3,139.32,0.1,417.96,62.69,355.27,99.42,0
2025-004417,2025-10-30 07:07:23,S1031,C00273,P2131,Web,Billetera Digital,2x1,6,157.54,0.2,945.24,141.79,803.45,119.6,0
2025-004418,2025-02-25 01:49:43,S1026,C00788,P2073,Tienda,Financiamiento,Promo 10%,2,164.56,0.0,329.12,49.37,279.75,131.1,0
2025-004419,2025-11-04 09:59:18,S1019,C00228,P2142,Tienda,Billetera Digital,Promo 15%,2,395.11,0.2,790.22,118.53,671.69,331.65,0
2025-004420,2025-07-20 02:36:08,S1029,C00515,P2073,Web,Tarjeta,Black Friday,1,164.56,0.0,164.56,24.68,139.88,131.1,0
2025-004421,2025-08-15 19:00:09,S1026,C00256,P2086,Call Center,Efectivo,2x1,2,109.2,0.0,218.4,32.76,185.64,70.05,0
2025-004422,2025-08-07 04:14:01,S1011,C00560,P2148,Web,Efectivo,Promo 10%,2,573.59,0.15,1147.18,137.66,1009.52,390.62,1
2025-004423,2025-01-21 09:10:45,S1006,C00631,P2114,Tienda,Billetera Digital,Promo 15%,1,526.3,0.05,526.3,68.42,457.88,274.57,0
2025-004424,2025-07-27 02:39:23,S1044,C00049,P2014,Call Center,Efectivo,2x1,1,387.17,0.1,387.17,50.33,336.84,296.33,0
2025-004425,2025-08-06 15:26:59,S1034,C00712,P2096,Web,Billetera Digital,2x1,1,572.4,0.1,572.4,85.86,486.54,369.96,0
2025-004426,2025-01-03 13:27:05,S1018,C00448,P2081,Call Center,Tarjeta,Sin Promo,1,399.31,0.0,399.31,47.92,351.39,192.91,0
2025-004427,2025-08-29 04:51:01,S1005,C00480,P2126,Web,Transferencia,Sin Promo,1,684.14,0.0,684.14,88.94,595.2,413.19,0
2025-004428,2025-04-13 05:41:18,S1042,C00170,P2062,Marketplace,Financiamiento,2x1,2,111.89,0.0,223.78,29.09,194.69,74.21,1
2025-004429,2025-03-17 16:32:44,S1005,C00119,P2125,Tienda,Transferencia,Black Friday,2,292.95,0.15,585.9,76.17,509.73,235.01,0
2025-004430,2025-12-17 12:09:20,S1035,C00434,P2060,Tienda,Transferencia,Cyber Week,1,383.25,0.0,383.25,57.49,325.76,245.82,0
2025-004431,2025-07-30 08:29:47,S1031,C00766,P2004,Web,Financiamiento,Cyber Week,5,462.1,0.15,2310.5,346.57,1963.93,298.92,0
2025-004432,2025-04-18 01:42:16,S1031,C00093,P2033,Marketplace,Efectivo,Sin Promo,4,72.32,0.1,289.28,43.39,245.89,61.26,0
2025-004433,2025-11-15 15:34:32,S1042,C00392,P2048,Web,Tarjeta,Promo 15%,2,272.14,0.15,544.28,70.76,473.52,183.57,0
2025-004434,2025-02-15 13:45:13,S1006,C00218,P2148,Tienda,Billetera Digital,Cyber Week,3,674.81,0.0,2024.43,263.18,1761.25,390.62,0
2025-004435,2025-10-18 18:29:43,S1045,C00545,P2147,Call Center,Billetera Digital,Black Friday,2,465.95,0.15,931.9,121.15,810.75,299.7,1
2025-004436,2025-10-16 09:31:47,S1043,C00105,P2160,Call Center,Tarjeta,Promo 15%,2,812.22,0.0,1624.44,211.18,1413.26,418.28,0
2025-004437,2025-01-07 23:22:30,S1027,C00292,P2053,Web,Tarjeta,Promo 15%,2,794.32,0.15,1588.64,238.3,1350.34,436.17,0
2025-004438,2025-04-23 01:49:18,S1013,C00488,P2019,Call Center,Billetera Digital,Promo 10%,3,400.58,0.15,1201.74,144.21,1057.53,283.84,0
2025-004439,2025-07-25 23:17:22,S1034,C00280,P2078,Marketplace,Transferencia,Cyber Week,2,157.38,0.05,314.76,47.21,267.55,125.47,0
2025-004440,2025-03-05 15:35:07,S1018,C00669,P2001,Call Center,Financiamiento,Black Friday,3,86.24,0.1,258.72,31.05,227.67,59.67,0
2025-004441,2025-11-11 19:56:48,S1004,C00715,P2051,Call Center,Efectivo,Black Friday,3,855.46,0.0,2566.38,333.63,2232.75,394.02,0
2025-004442,2025-08-11 09:05:43,S1004,C00371,P2098,Marketplace,Financiamiento,Promo 10%,2,516.06,0.2,1032.12,134.18,897.94,389.5,0
2025-004443,2025-05-29 00:52:14,S1041,C00074,P2148,Tienda,Financiamiento,Promo 15%,1,674.81,0.0,674.81,87.73,587.08,390.62,0
2025-004444,2025-03-03 18:34:07,S1001,C00151,P2026,Tienda,Efectivo,Promo 10%,3,390.93,0.15,1172.79,152.46,1020.33,230.43,0
2025-004445,2025-08-29 10:43:33,S1019,C00617,P2154,Call Center,Tarjeta,Sin Promo,2,733.21,0.0,1466.42,219.96,1246.46,427.53,0
2025-004446,2025-11-29 18:06:57,S1033,C00180,P2025,Call Center,Efectivo,2x1,5,664.27,0.0,3321.35,498.2,2823.15,394.63,0
2025-004447,2025-12-28 00:04:19,S1003,C00097,P2084,Web,Transferencia,Cyber Week,1,9.26,0.15,9.26,1.2,8.06,8.31,0
2025-004448,2025-05-28 11:33:17,S1013,C00492,P2004,Tienda,Financiamiento,Promo 15%,1,434.92,0.2,434.92,52.19,382.73,298.92,0
2025-004449,2025-01-23 03:28:06,S1004,C00420,P2064,Web,Efectivo,2x1,4,82.18,0.1,328.72,42.73,285.99,57.47,1
2025-004450,2025-01-22 01:40:15,S1036,C00660,P2009,Web,Financiamiento,Cyber Week,4,418.41,0.2,1673.64,251.05,1422.59,287.2,0
2025-004451,2025-11-19 23:55:52,S1037,C00762,P2113,Marketplace,Financiamiento,Promo 15%,2,253.0,0.15,506.0,65.78,440.22,139.53,0
2025-004452,2025-12-03 17:11:29,S1016,C00781,P2114,Web,Financiamiento,Black Friday,2,526.3,0.05,1052.6,126.31,926.29,274.57,0
2025-004453,2025-07-11 17:41:21,S1040,C00476,P2075,Tienda,Transferencia,Black Friday,2,464.04,0.2,928.08,120.65,807.43,301.87,0
2025-004454,2025-11-09 12:12:17,S1034,C00701,P2096,Tienda,Efectivo,Sin Promo,1,604.2,0.05,604.2,90.63,513.57,369.96,1
2025-004455,2025-01-20 00:10:37,S1025,C00646,P2075,Marketplace,Billetera Digital,Cyber Week,3,522.04,0.1,1566.12,234.92,1331.2,301.87,0
2025-004456,2025-05-23 12:26:01,S1034,C00753,P2135,Web,Transferencia,Sin Promo,2,152.93,0.0,305.86,45.88,259.98,71.27,0
2025-004457,2025-04-26 21:29:45,S1005,C00251,P2071,Tienda,Transferencia,Promo 15%,1,411.03,0.15,411.03,53.43,357.6,243.78,0
2025-004458,2025-02-05 17:29:59,S1017,C00761,P2037,Marketplace,Transferencia,Black Friday,3,530.23,0.15,1590.69,190.88,1399.81,405.23,0
2025-004459,2025-02-20 04:48:35,S1042,C00506,P2044,Web,Billetera Digital,Promo 15%,1,363.26,0.2,363.26,47.22,316.04,214.81,0
2025-004460,2025-10-06 18:44:13,S1005,C00223,P2106,Web,Tarjeta,Sin Promo,1,461.42,0.0,461.42,59.98,401.44,310.34,0
2025-004461,2025-02-20 20:45:30,S1001,C00227,P2043,Web,Billetera Digital,Sin Promo,4,266.57,0.15,1066.28,138.62,927.66,244.5,1
2025-004462,2025-11-10 02:34:45,S1031,C00290,P2147,Web,Efectivo,2x1,1,465.95,0.15,465.95,69.89,396.06,299.7,1
2025-004463,2025-05-16 07:14:09,S1023,C00465,P2039,Web,Tarjeta,Black Friday,1,477.0,0.0,477.0,71.55,405.45,251.05,1
2025-004464,2025-09-12 04:57:31,S1019,C00129,P2148,Tienda,Transferencia,Promo 15%,1,674.81,0.0,674.81,101.22,573.59,390.62,0
2025-004465,2025-07-31 03:35:30,S1009,C00341,P2066,Call Center,Billetera Digital,2x1,2,524.71,0.0,1049.42,136.42,913.0,297.19,0
2025-004466,2025-04-15 07:13:37,S1034,C00692,P2097,Tienda,Billetera Digital,Black Friday,2,469.02,0.1,938.04,140.71,797.33,298.37,1
2025-004467,2025-12-23 06:21:39,S1029,C00592,P2128,Tienda,Efectivo,2x1,2,557.39,0.0,1114.78,167.22,947.56,269.57,0
2025-004468,2025-02-25 08:53:13,S1043,C00734,P2153,Web,Billetera Digital,2x1,2,326.33,0.2,652.66,84.85,567.81,293.96,0
2025-004469,2025-05-07 17:13:48,S1005,C00302,P2098,Marketplace,Billetera Digital,Cyber Week,2,580.57,0.1,1161.14,150.95,1010.19,389.5,1
2025-004470,2025-04-11 17:30:34,S1042,C00528,P2092,Web,Tarjeta,Black Friday,2,802.49,0.0,1604.98,208.65,1396.33,416.32,1
2025-004471,2025-04-16 11:01:29,S1031,C00050,P2057,Tienda,Transferencia,Sin Promo,1,419.8,0.0,419.8,62.97,356.83,314.68,0
2025-004472,2025-05-24 15:37:14,S1017,C00620,P2082,Call Center,Financiamiento,Promo 10%,1,239.21,0.15,239.21,28.71,210.5,152.77,0
2025-004473,2025-09-10 13:55:34,S1007,C00478,P2076,Tienda,Efectivo,Promo 15%,1,92.64,0.05,92.64,12.04,80.6,50.2,0
2025-004474,2025-01-08 01:08:01,S1045,C00144,P2049,Web,Efectivo,Sin Promo,1,158.27,0.0,158.27,20.58,137.69,89.45,0
2025-004475,2025-06-15 07:02:06,S1033,C00446,P2043,Marketplace,Transferencia,Sin Promo,1,266.57,0.15,266.57,39.99,226.58,244.5,0
2025-004476,2025-06-07 22:21:23,S1031,C00040,P2144,Call Center,Efectivo,Cyber Week,2,272.5,0.0,545.0,81.75,463.25,177.43,0
2025-004477,2025-08-22 14:34:52,S1028,C00716,P2105,Tienda,Financiamiento,Black Friday,1,642.34,0.05,642.34,96.35,545.99,320.12,0
2025-004478,2025-12-28 01:21:15,S1013,C00611,P2100,Tienda,Transferencia,Promo 10%,2,571.97,0.0,1143.94,137.27,1006.67,422.9,0
2025-004479,2025-01-03 17:15:41,S1029,C00552,P2129,Marketplace,Billetera Digital,Promo 10%,3,504.95,0.0,1514.85,227.23,1287.62,401.84,0
2025-004480,2025-05-09 04:23:17,S1022,C00285,P2004,Marketplace,Transferencia,Promo 10%,2,489.28,0.1,978.56,146.78,831.78,298.92,0
2025-004481,2025-01-19 21:33:17,S1035,C00489,P2104,Marketplace,Efectivo,Sin Promo,4,667.12,0.05,2668.48,400.27,2268.21,405.18,0
2025-004482,2025-07-21 08:28:04,S1006,C00320,P2049,Tienda,Billetera Digital,Promo 15%,2,158.27,0.0,316.54,41.15,275.39,89.45,0
2025-004483,2025-08-10 19:16:37,S1029,C00588,P2081,Tienda,Billetera Digital,Sin Promo,1,319.45,0.2,319.45,47.92,271.53,192.91,0
2025-004484,2025-02-25 13:10:09,S1043,C00087,P2050,Web,Transferencia,Promo 15%,2,232.86,0.15,465.72,60.54,405.18,192.16,0
2025-004485,2025-12-31 19:08:54,S1037,C00160,P2063,Tienda,Billetera Digital,Promo 10%,4,70.41,0.0,281.64,36.61,245.03,34.56,0
2025-004486,2025-12-11 14:06:34,S1037,C00135,P2154,Call Center,Financiamiento,Black Friday,2,696.55,0.05,1393.1,181.1,1212.0,427.53,0
2025-004487,2025-07-05 02:17:42,S1011,C00257,P2006,Tienda,Billetera Digital,,6,402.01,0.0,2412.06,289.45,2122.61,287.52,0
2025-004488,2025-12-07 03:50:38,S1021,C00065,P2069,Web,Billetera Digital,Promo 15%,2,181.97,0.05,363.94,54.59,309.35,145.02,0
2025-004489,2025-06-12 07:15:13,S1002,C00559,P2070,Call Center,Financiamiento,,1,491.83,0.2,491.83,63.94,427.89,281.04,0
2025-004490,2025-10-03 20:27:25,S1002,C00119,P2031,Tienda,Tarjeta,Promo 10%,2,193.42,0.05,386.84,50.29,336.55,111.43,0
2025-004491,2025-06-06 01:16:33,S1038,C00151,P2023,Call Center,Efectivo,Promo 15%,1,529.75,0.0,529.75,68.87,460.88,346.8,0
2025-004492,2025-03-28 03:47:21,S1021,C00601,P2080,Call Center,Tarjeta,Sin Promo,3,301.79,0.0,905.37,135.81,769.56,221.89,0
2025-004493,2025-04-21 01:43:03,S1014,C00780,P2056,Call Center,Tarjeta,2x1,1,886.94,0.0,886.94,106.43,780.51,417.23,0
2025-004494,2025-06-22 19:02:55,S1013,,P2075,Tienda,Tarjeta,Promo 15%,1,551.05,0.05,551.05,66.13,484.92,301.87,0
2025-004495,2025-05-02 18:16:06,S1017,C00753,P2017,Marketplace,Financiamiento,Black Friday,1,252.27,0.1,252.27,30.27,222.0,182.13,0
2025-004496,2025-04-30 20:13:14,S1032,C00133,P2114,Tienda,Tarjeta,Promo 15%,3,554.0,0.0,1662.0,249.3,1412.7,274.57,0
2025-004497,2025-07-02 03:58:50,S1008,C00258,P2011,Call Center,Transferencia,2x1,3,392.72,0.0,1178.16,153.16,1025.0,309.34,1
2025-004498,2025-12-25 15:34:55,S1013,C00043,P2060,Call Center,Financiamiento,Cyber Week,2,383.25,0.0,766.5,91.98,674.52,245.82,0
2025-004499,2025-06-30 19:00:13,S1025,C00434,P2005,Web,Tarjeta,Black Friday,2,545.93,0.0,1091.86,163.78,928.08,390.45,0
2025-004500,2025-03-17 01:49:18,S1036,C00267,P2006,Call Center,Efectivo,Promo 10%,3,321.61,0.2,964.83,144.72,820.11,287.52,0
2025-004501,2025-01-27 18:29:31,S1034,C00110,P2037,Tienda,Transferencia,Promo 10%,1,499.04,0.2,499.04,74.86,424.18,405.23,0
2025-004502,2025-01-02 10:03:33,S1029,C00527,P2030,Tienda,Financiamiento,Cyber Week,2,541.44,0.0,1082.88,162.43,920.45,418.38,0
2025-004503,2025-10-14 03:46:45,S1015,C00115,P2065,Web,Financiamiento,Promo 10%,3,347.05,0.15,1041.15,124.94,916.21,269.16,0
2025-004504,2025-03-15 12:53:19,S1012,C00572,P2082,Call Center,Billetera Digital,Promo 10%,4,253.28,0.1,1013.12,121.57,891.55,152.77,0
2025-004505,2025-02-15 15:53:14,S1033,C00029,P2138,Marketplace,Billetera Digital,Sin Promo,2,720.1,0.0,1440.2,216.03,1224.17,375.47,0
2025-004506,2025-12-29 17:10:53,S1005,C00113,P2069,Marketplace,Billetera Digital,Promo 10%,1,162.82,0.15,162.82,21.17,141.65,145.02,0
2025-004507,2025-12-21 10:24:10,S1031,C00245,P2077,Tienda,Billetera Digital,2x1,1,754.96,0.05,754.96,113.24,641.72,400.81,1
2025-004508,2025-09-19 22:18:09,S1019,C00012,P2034,Web,Efectivo,Promo 10%,5,223.51,0.15,1117.55,167.63,949.92,122.22,0
2025-004509,2025-04-19 03:15:05,S1028,C00160,P2111,Tienda,Transferencia,2x1,1,248.3,0.15,248.3,37.24,211.06,191.52,0
2025-004510,2025-03-16 21:45:48,S1017,C00762,P2121,Web,Tarjeta,Cyber Week,5,417.78,0.0,2088.9,250.67,1838.23,207.12,0
2025-004511,2025-01-09 15:02:16,S1015,C00510,P2050,Web,Financiamiento,Promo 10%,1,273.95,0.0,273.95,32.87,241.08,192.16,0
2025-004512,2025-07-02 01:12:21,S1020,C00529,P2068,Call Center,Tarjeta,Cyber Week,1,246.4,0.0,246.4,36.96,209.44,122.46,0
2025-004513,2025-03-26 04:34:33,S1042,C00351,P2034,Web,Financiamiento,Black Friday,5,249.8,0.05,1249.0,162.37,1086.63,122.22,0
2025-004514,2025-04-30 11:44:52,S1040,,P2010,Call Center,Financiamiento,Cyber Week,1,363.68,0.1,363.68,47.28,316.4,210.17,0
2025-004515,2025-07-25 07:14:26,S1027,C00123,P2144,Tienda,Financiamiento,Black Friday,2,258.88,0.05,517.76,77.66,440.1,177.43,0
2025-004516,2025-11-14 21:50:54,S1023,C00555,P2119,Call Center,Efectivo,2x1,1,763.08,0.0,763.08,114.46,648.62,363.73,1
2025-004517,2025-01-16 17:51:37,S1002,C00202,P2120,Tienda,Financiamiento,Promo 10%,1,199.5,0.0,199.5,25.94,173.56,113.2,0
2025-004518,2025-10-14 17:24:58,S1017,C00323,P2133,Web,Efectivo,Cyber Week,2,47.33,0.1,94.66,11.36,83.3,38.56,0
2025-004519,2025-08-23 10:31:24,S1028,C00148,P2030,Tienda,Billetera Digital,Promo 10%,5,541.44,0.0,2707.2,406.08,2301.12,418.38,0
2025-004520,2025-10-09 13:41:24,S1026,C00743,P2030,Web,Efectivo,2x1,2,541.44,0.0,1082.88,162.43,920.45,418.38,0
2025-004521,2025-08-09 02:51:36,S1016,C00726,P2132,Call Center,Transferencia,Sin Promo,1,321.61,0.0,321.61,38.59,283.02,220.13,0
2025-004522,2025-02-06 11:29:20,S1022,C00042,P2065,Tienda,Billetera Digital,Promo 15%,2,387.88,0.05,775.76,116.36,659.4,269.16,0
2025-004523,2025-12-10 16:41:30,S1021,C00094,P2133,Marketplace,Efectivo,,2,49.96,0.05,99.92,14.99,84.93,38.56,0
2025-004524,2025-11-08 16:52:48,S1032,C00435,P2155,Marketplace,Tarjeta,Sin Promo,3,133.73,0.15,401.19,60.18,341.01,71.96,0
2025-004525,2025-04-11 16:22:26,S1003,C00040,P2115,Tienda,Transferencia,Promo 10%,3,335.31,0.1,1005.93,130.77,875.16,201.2,0
2025-004526,2025-09-09 12:11:37,S1030,C00585,P2121,Web,Efectivo,Cyber Week,1,417.78,0.0,417.78,62.67,355.11,207.12,0
2025-004527,2025-10-17 14:53:52,S1021,C00218,P2085,Marketplace,Billetera Digital,Black Friday,2,27.92,0.1,55.84,8.38,47.46,20.07,0
2025-004528,2025-05-28 21:58:05,S1020,C00272,P2146,Web,Tarjeta,Sin Promo,1,311.26,0.0,311.26,46.69,264.57,242.22,0
2025-004529,2025-02-18 16:23:20,S1005,C00037,P2004,Marketplace,Efectivo,Sin Promo,1,543.65,0.0,543.65,70.67,472.98,298.92,0
2025-004530,2025-04-03 04:52:19,S1036,C00167,P2079,Web,Tarjeta,Sin Promo,5,249.59,0.0,1247.95,187.19,1060.76,156.92,0
2025-004531,2025-10-19 16:23:02,S1017,C00278,P2065,Call Center,Efectivo,2x1,1,326.63,0.2,326.63,39.2,287.43,269.16,0
2025-004532,2025-01-28 08:59:35,S1029,C00075,P2077,Marketplace,Billetera Digital,Promo 10%,2,715.22,0.1,1430.44,214.57,1215.87,400.81,1
2025-004533,2025-12-16 18:22:23,S1014,C00712,P2073,Tienda,Efectivo,Black Friday,4,156.33,0.05,625.32,75.04,550.28,131.1,0
2025-004534,2025-08-18 10:38:41,S1003,C00593,P2131,Call Center,Efectivo,Cyber Week,1,196.93,0.0,196.93,25.6,171.33,119.6,0
2025-004535,2025-01-25 21:25:18,S1014,C00047,P2129,Tienda,Efectivo,Sin Promo,2,479.7,0.05,959.4,115.13,844.27,401.84,0
2025-004536,2025-06-09 16:56:35,S1030,C00260,P2027,Tienda,Efectivo,Promo 15%,2,315.14,0.05,630.28,94.54,535.74,230.42,0
2025-004537,2025-07-02 09:02:12,S1026,C00764,P2024,Marketplace,Transferencia,Cyber Week,4,316.27,0.0,1265.08,189.76,1075.32,197.91,0
2025-004538,2025-11-15 12:30:11,S1043,C00038,P2155,Call Center,Transferencia,Sin Promo,2,157.33,0.0,314.66,40.91,273.75,71.96,0
2025-004539,2025-04-08 15:55:51,S1030,C00047,P2013,Web,Billetera Digital,Cyber Week,2,200.2,0.0,400.4,60.06,340.34,98.1,0
2025-004540,2025-07-15 12:15:17,S1032,C00312,P2088,Marketplace,Billetera Digital,Black Friday,1,543.32,0.05,543.32,81.5,461.82,308.2,0
2025-004541,2025-04-06 11:07:37,S1019,C00208,P2126,Tienda,Billetera Digital,2x1,3,684.14,0.0,2052.42,307.86,1744.56,413.19,0
2025-004542,2025-03-07 17:52:34,S1021,C00022,P2115,Marketplace,Billetera Digital,Promo 10%,6,298.06,0.2,1788.36,268.25,1520.11,201.2,0
2025-004543,2025-03-04 10:13:19,S1028,C00376,P2139,Marketplace,Tarjeta,2x1,4,20.28,0.0,81.12,12.17,68.95,12.71,0
2025-004544,2025-04-24 11:33:04,S1013,C00617,P2041,Tienda,Billetera Digital,Black Friday,6,46.52,0.0,279.12,33.49,245.63,34.06,0
2025-004545,2025-08-06 00:33:30,S1026,C00181,P2017,Tienda,Transferencia,Cyber Week,3,224.24,0.2,672.72,100.91,571.81,182.13,0
2025-004546,2025-06-20 16:38:36,S1026,C00770,P2146,Call Center,Billetera Digital,2x1,1,295.7,0.05,295.7,44.35,251.35,242.22,1
2025-004547,2025-03-29 17:33:55,S1026,C00068,P2153,Marketplace,Billetera Digital,2x1,1,407.91,0.0,407.91,61.19,346.72,293.96,1
2025-004548,2025-08-02 03:09:33,S1024,C00335,P2009,Call Center,Billetera Digital,Promo 15%,1,444.56,0.15,444.56,66.68,377.88,287.2,0
2025-004549,2025-03-29 13:18:30,S1043,C00275,P2102,Marketplace,Transferencia,Sin Promo,1,450.78,0.1,450.78,58.6,392.18,270.07,0
2025-004550,2025-11-07 06:07:16,S1007,C00379,P2127,Web,Transferencia,Promo 15%,1,622.76,0.15,622.76,80.96,541.8,361.43,0
2025-004551,2025-04-15 18:28:39,S1038,C00308,P2150,Call Center,Financiamiento,Sin Promo,2,234.07,0.0,468.14,60.86,407.28,154.53,0
2025-004552,2025-09-07 22:16:55,S1023,C00143,P2133,Web,Transferencia,Sin Promo,2,44.7,0.15,89.4,13.41,75.99,38.56,0
2025-004553,2025-05-19 03:20:25,S1030,C00605,P2066,Call Center,Tarjeta,Sin Promo,4,524.71,0.0,2098.84,314.83,1784.01,297.19,0
2025-004554,2025-09-18 12:03:02,S1002,C00158,P2020,Marketplace,Tarjeta,,3,41.96,0.15,125.88,16.36,109.52,32.33,1
2025-004555,2025-07-23 08:25:01,S1027,C00673,P2151,Marketplace,Financiamiento,Promo 10%,1,246.17,0.0,246.17,36.93,209.24,116.51,1
2025-004556,2025-07-27 05:02:20,S1016,C00406,P2095,Tienda,Transferencia,Promo 15%,1,729.93,0.0,729.93,87.59,642.34,368.2,1
2025-004557,2025-12-04 17:30:06,S1009,C00606,P2003,Call Center,Efectivo,Black Friday,2,406.98,0.2,813.96,105.81,708.15,261.5,0
2025-004558,2025-06-13 22:04:18,S1012,C00322,P2099,Call Center,Tarjeta,Black Friday,2,265.11,0.1,530.22,63.63,466.59,231.19,0
2025-004559,2025-02-18 12:04:30,S1044,C00208,P2058,Marketplace,Billetera Digital,2x1,1,465.91,0.0,465.91,60.57,405.34,324.41,0
2025-004560,2025-09-10 10:40:37,S1013,C00025,P2086,Marketplace,Financiamiento,Sin Promo,2,109.2,0.0,218.4,26.21,192.19,70.05,1
2025-004561,2025-05-08 17:55:05,S1032,C00350,P2066,Marketplace,Efectivo,Sin Promo,1,524.71,0.0,524.71,78.71,446.0,297.19,0
2025-004562,2025-12-11 13:23:58,S1043,C00700,P2063,Call Center,Efectivo,Black Friday,2,66.89,0.05,133.78,17.39,116.39,34.56,0
2025-004563,2025-07-10 06:44:50,S1003,C00269,P2131,Web,Tarjeta,Cyber Week,1,196.93,0.0,196.93,25.6,171.33,119.6,0
2025-004564,2025-08-12 21:13:23,S1031,C00613,P2093,Tienda,Efectivo,2x1,2,118.37,0.2,236.74,35.51,201.23,75.0,0
2025-004565,2025-10-13 09:17:53,S1006,C00248,P2008,Web,Transferencia,Black Friday,1,874.23,0.0,874.23,113.65,760.58,421.75,0
2025-004566,2025-06-23 21:07:52,S1027,C00773,P2045,Call Center,Tarjeta,Promo 10%,2,58.57,0.15,117.14,17.57,99.57,46.07,0
2025-004567,2025-08-01 01:03:56,S1016,C00114,P2021,Marketplace,Billetera Digital,Sin Promo,4,395.52,0.1,1582.08,189.85,1392.23,239.98,0
2025-004568,2025-05-05 08:49:03,S1034,C00695,P2072,Marketplace,Billetera Digital,Cyber Week,3,513.93,0.15,1541.79,231.27,1310.52,420.23,0
2025-004569,2025-04-01 04:33:05,S1039,C00449,P2098,Call Center,Tarjeta,Black Friday,3,645.08,0.0,1935.24,251.58,1683.66,389.5,0
2025-004570,2025-11-07 02:53:34,S1032,C00747,P2083,Marketplace,Transferencia,2x1,2,523.42,0.0,1046.84,157.03,889.81,334.59,1
2025-004571,2025-12-23 09:02:35,S1010,C00022,P2060,Web,Tarjeta,,3,383.25,0.0,1149.75,137.97,1011.78,245.82,1
2025-004572,2025-04-26 15:02:23,S1044,C00535,P2067,Tienda,Tarjeta,Cyber Week,1,524.21,0.1,524.21,68.15,456.06,420.88,0
2025-004573,2025-03-04 10:53:28,S1015,C00791,P2084,Tienda,Financiamiento,2x1,3,9.8,0.1,29.4,3.53,25.87,8.31,1
2025-004574,2025-10-04 13:48:20,S1020,C00056,P2101,Web,Efectivo,2x1,1,336.53,0.0,336.53,50.48,286.05,262.94,0
2025-004575,2025-02-06 08:48:41,S1018,C00499,P2138,Tienda,Transferencia,Sin Promo,1,648.09,0.1,648.09,77.77,570.32,375.47,0
2025-004576,2025-04-29 06:25:04,S1009,C00251,P2042,Marketplace,Efectivo,Cyber Week,3,401.39,0.0,1204.17,156.54,1047.63,233.31,0
2025-004577,2025-12-26 00:03:33,S1027,C00436,P2129,Web,Billetera Digital,Cyber Week,2,403.96,0.2,807.92,121.19,686.73,401.84,0
2025-004578,2025-08-30 22:54:53,S1044,C00112,P2117,Call Center,Transferencia,Promo 15%,2,75.78,0.1,151.56,19.7,131.86,41.82,1
2025-004579,2025-09-24 11:57:16,S1025,C00538,P2038,Web,Efectivo,Cyber Week,2,139.95,0.0,279.9,41.98,237.92,104.22,0
2025-004580,2025-08-19 04:38:49,S1023,C00256,P2019,Tienda,Efectivo,Sin Promo,1,424.14,0.1,424.14,63.62,360.52,283.84,0
2025-004581,2025-10-08 05:19:33,S1040,C00192,P2084,Call Center,Tarjeta,Promo 10%,2,9.8,0.1,19.6,2.55,17.05,8.31,0
2025-004582,2025-03-09 03:38:05,S1005,C00558,P2107,Marketplace,Transferencia,Sin Promo,5,305.9,0.05,1529.5,198.84,1330.66,196.36,0
2025-004583,2025-08-03 06:13:45,S1017,C00515,P2077,Tienda,Billetera Digital,Cyber Week,3,794.69,0.0,2384.07,286.09,2097.98,400.81,0
2025-004584,2025-07-18 17:28:08,S1004,C00720,P2077,Marketplace,Efectivo,Promo 15%,1,675.49,0.15,675.49,87.81,587.68,400.81,0
2025-004585,2025-12-01 06:53:40,S1012,C00326,P2117,Web,Transferencia,2x1,1,67.36,0.2,67.36,8.08,59.28,41.82,0
2025-004586,2025-07-07 23:23:37,S1021,C00374,P2070,Tienda,Efectivo,,1,614.79,0.0,614.79,92.22,522.57,281.04,0
2025-004587,2025-01-31 00:52:08,S1042,C00674,P2136,Tienda,Financiamiento,Promo 15%,4,154.8,0.0,619.2,80.5,538.7,99.42,1
2025-004588,2025-11-29 10:50:37,S1031,C00029,P2141,Call Center,Efectivo,Sin Promo,1,790.87,0.05,790.87,118.63,672.24,384.64,0
2025-004589,2025-07-27 13:34:38,S1005,C00010,P2130,Call Center,Billetera Digital,Cyber Week,1,701.29,0.0,701.29,91.17,610.12,404.15,0
2025-004590,2025-05-28 17:10:40,S1011,C00003,P2004,Call Center,Financiamiento,Promo 10%,6,543.65,0.0,3261.9,391.43,2870.47,298.92,0
2025-004591,2025-03-25 23:42:15,S1021,C00054,P2104,Web,Billetera Digital,Black Friday,5,702.23,0.0,3511.15,526.67,2984.48,405.18,0
2025-004592,2025-05-05 12:23:48,S1021,C00618,P2003,Web,Efectivo,Cyber Week,1,406.98,0.2,406.98,61.05,345.93,261.5,0
2025-004593,2025-01-11 13:03:45,S1043,C00159,P2011,Tienda,Financiamiento,Promo 15%,6,314.18,0.2,1885.08,245.06,1640.02,309.34,0
2025-004594,2025-03-13 16:05:28,S1036,C00059,P2040,Web,Transferencia,2x1,1,47.59,0.2,47.59,7.14,40.45,35.66,0
2025-004595,2025-10-07 00:39:09,S1030,C00660,P2008,Call Center,Billetera Digital,Black Friday,4,874.23,0.0,3496.92,524.54,2972.38,421.75,0
2025-004596,2025-10-20 06:14:17,S1042,C00287,P2104,Marketplace,Transferencia,2x1,2,667.12,0.05,1334.24,173.45,1160.79,405.18,1
2025-004597,2025-11-24 23:03:46,S1038,C00176,P2026,Call Center,Financiamiento,Black Friday,1,367.94,0.2,367.94,47.83,320.11,230.43,1
2025-004598,2025-02-08 12:38:04,S1007,C00538,P2128,Tienda,Financiamiento,Promo 15%,1,557.39,0.0,557.39,72.46,484.93,269.57,1
2025-004599,2025-10-12 22:11:28,S1018,C00547,P2062,Marketplace,Tarjeta,Cyber Week,1,95.11,0.15,95.11,11.41,83.7,74.21,0
2025-004600,2025-03-24 15:46:40,S1041,C00788,P2139,Marketplace,Transferencia,Promo 10%,1,20.28,0.0,20.28,2.64,17.64,12.71,0
2025-004601,2025-06-27 02:13:42,S1010,C00028,P2060,Tienda,Billetera Digital,2x1,2,383.25,0.0,766.5,91.98,674.52,245.82,0
2025-004602,2025-02-07 17:30:47,S1034,C00148,P2022,Call Center,Efectivo,Black Friday,1,382.44,0.15,382.44,57.37,325.07,325.44,0
2025-004603,2025-12-31 15:28:26,S1039,C00225,P2104,Call Center,Financiamiento,Promo 15%,2,702.23,0.0,1404.46,182.58,1221.88,405.18,0
2025-004604,2025-06-02 00:23:25,S1033,C00480,P2012,Call Center,Efectivo,2x1,5,788.33,0.0,3941.65,591.25,3350.4,363.05,0
2025-004605,2025-10-02 08:23:36,S1031,C00418,P2045,Web,Financiamiento,Promo 10%,5,62.02,0.1,310.1,46.52,263.58,46.07,0
2025-004606,2025-07-04 04:33:15,S1001,C00772,P2084,Web,Billetera Digital,Cyber Week,1,10.89,0.0,10.89,1.42,9.47,8.31,1
2025-004607,2025-01-19 22:53:32,S1030,C00800,P2020,Tienda,Tarjeta,Promo 15%,6,44.42,0.1,266.52,39.98,226.54,32.33,0
2025-004608,2025-03-21 23:31:32,S1019,C00099,P2098,Tienda,Billetera Digital,2x1,1,516.06,0.2,516.06,77.41,438.65,389.5,0
2025-004609,2025-12-13 22:16:48,S1036,C00507,P2032,Tienda,Tarjeta,Black Friday,1,466.57,0.0,466.57,69.99,396.58,330.43,0
2025-004610,2025-09-12 03:12:38,S1038,C00040,P2147,Web,Transferencia,Sin Promo,1,548.18,0.0,548.18,71.26,476.92,299.7,1
2025-004611,2025-10-07 08:17:43,S1022,C00529,P2043,Web,Tarjeta,Black Friday,1,297.93,0.05,297.93,44.69,253.24,244.5,0
2025-004612,2025-01-20 05:44:41,S1035,C00392,P2020,Marketplace,Tarjeta,Promo 15%,2,49.36,0.0,98.72,14.81,83.91,32.33,0
2025-004613,2025-08-04 09:43:58,S1026,C00227,P2119,Call Center,Financiamiento,Promo 15%,6,686.77,0.1,4120.62,618.09,3502.53,363.73,0
2025-004614,2025-12-17 01:58:44,S1032,C00208,P2134,Web,Transferencia,Promo 15%,1,241.56,0.0,241.56,36.23,205.33,153.79,0
2025-004615,2025-09-10 20:41:30,S1005,,P2064,Call Center,Tarjeta,2x1,1,77.61,0.15,77.61,10.09,67.52,57.47,0
2025-004616,2025-07-28 19:25:47,S1030,C00370,P2125,Call Center,Financiamiento,Black Friday,2,292.95,0.15,585.9,87.88,498.02,235.01,0
2025-004617,2025-02-05 08:11:34,S1005,C00728,P2150,Tienda,Transferencia,Black Friday,2,234.07,0.0,468.14,60.86,407.28,154.53,1
2025-004618,2025-03-13 10:45:54,S1003,C00589,P2132,Tienda,Efectivo,Promo 10%,1,273.37,0.15,273.37,35.54,237.83,220.13,0
2025-004619,2025-08-31 11:43:29,S1001,C00264,P2079,Tienda,Efectivo,Sin Promo,1,249.59,0.0,249.59,32.45,217.14,156.92,0
2025-004620,2025-04-25 22:05:12,S1003,C00635,P2087,Web,Billetera Digital,Cyber Week,2,275.21,0.15,550.42,71.55,478.87,166.63,0
2025-004621,2025-06-01 19:00:27,S1044,C00332,P2001,Call Center,Financiamiento,Promo 15%,1,95.82,0.0,95.82,12.46,83.36,59.67,0
2025-004622,2025-03-18 13:08:41,S1006,C00087,P2151,Tienda,Financiamiento,Promo 10%,1,246.17,0.0,246.17,32.0,214.17,116.51,0
2025-004623,2025-02-27 03:56:46,S1001,C00680,P2018,Marketplace,Transferencia,Promo 15%,3,391.86,0.0,1175.58,152.83,1022.75,224.11,0
2025-004624,2025-01-16 18:05:28,S1004,C00505,P2094,Tienda,Tarjeta,Promo 15%,4,700.79,0.0,2803.16,364.41,2438.75,392.99,0
2025-004625,2025-08-17 14:35:12,S1030,C00721,P2095,Call Center,Tarjeta,Promo 15%,3,583.94,0.2,1751.82,262.77,1489.05,368.2,0
2025-004626,2025-06-30 14:23:47,S1024,C00542,P2009,Marketplace,Efectivo,Promo 15%,1,523.01,0.0,523.01,78.45,444.56,287.2,0
2025-004627,2025-02-09 18:32:25,S1002,C00201,P2153,Marketplace,Tarjeta,Sin Promo,2,387.51,0.05,775.02,100.75,674.27,293.96,0
2025-004628,2025-04-30 16:07:43,S1036,C00183,P2123,Tienda,Financiamiento,Promo 15%,1,175.11,0.0,175.11,26.27,148.84,112.82,0
2025-004629,2025-04-24 04:11:23,S1004,C00467,P2073,Tienda,Efectivo,2x1,3,164.56,0.0,493.68,64.18,429.5,131.1,0
2025-004630,2025-02-26 18:21:23,S1009,C00642,P2150,Tienda,Transferencia,Black Friday,2,187.26,0.2,374.52,48.69,325.83,154.53,0
2025-004631,2025-09-30 03:28:30,S1038,C00585,P2094,Marketplace,Billetera Digital,2x1,1,665.75,0.05,665.75,86.55,579.2,392.99,0
2025-004632,2025-06-27 20:56:55,S1036,C00680,P2053,Marketplace,Transferencia,Promo 10%,5,934.5,0.0,4672.5,700.88,3971.62,436.17,0
2025-004633,2025-01-27 17:13:17,S1039,C00303,P2077,Marketplace,Billetera Digital,Sin Promo,1,675.49,0.15,675.49,87.81,587.68,400.81,0
2025-004634,2025-07-07 04:50:56,S1012,C00693,P2135,Tienda,Tarjeta,Cyber Week,2,152.93,0.0,305.86,36.7,269.16,71.27,1
2025-004635,2025-08-07 00:11:45,S1036,C00335,P2052,Tienda,Financiamiento,Promo 10%,2,85.22,0.1,170.44,25.57,144.87,47.67,1
2025-004636,2025-09-29 11:30:01,S1016,C00342,P2107,Tienda,Tarjeta,Cyber Week,3,257.6,0.2,772.8,92.74,680.06,196.36,0
2025-004637,2025-01-08 16:27:11,S1044,C00755,P2084,Marketplace,Transferencia,2x1,1,10.35,0.05,10.35,1.35,9.0,8.31,0
2025-004638,2025-04-23 05:01:47,S1027,C00291,P2132,Tienda,Tarjeta,Black Friday,2,321.61,0.0,643.22,96.48,546.74,220.13,0
2025-004639,2025-06-28 17:21:39,S1033,C00021,P2104,Call Center,Billetera Digital,Sin Promo,1,632.01,0.1,632.01,94.8,537.21,405.18,1
2025-004640,2025-07-28 19:02:27,S1035,C00323,P2022,Web,Transferencia,Promo 10%,1,449.93,0.0,449.93,67.49,382.44,325.44,0
2025-004641,2025-08-20 12:15:26,S1012,C00541,P2087,Marketplace,Tarjeta,Black Friday,3,259.02,0.2,777.06,93.25,683.81,166.63,0
2025-004642,2025-01-03 02:41:02,S1027,C00556,P2052,Tienda,Financiamiento,Promo 10%,2,80.49,0.15,160.98,24.15,136.83,47.67,0
2025-004643,2025-04-05 07:30:17,S1010,C00193,P2127,Marketplace,Billetera Digital,Sin Promo,2,732.66,0.0,1465.32,175.84,1289.48,361.43,0
2025-004644,2025-01-04 05:02:24,S1028,C00133,P2151,Web,Billetera Digital,Cyber Week,1,246.17,0.0,246.17,36.93,209.24,116.51,1
2025-004645,2025-07-27 22:48:51,S1024,C00681,P2020,Marketplace,Financiamiento,2x1,5,49.36,0.0,246.8,37.02,209.78,32.33,0
2025-004646,2025-12-09 18:23:47,S1042,C00490,P2160,Web,Billetera Digital,Black Friday,2,690.39,0.15,1380.78,179.5,1201.28,418.28,1
2025-004647,2025-10-29 15:53:31,S1010,C00319,P2084,Web,Efectivo,Cyber Week,2,10.35,0.05,20.7,2.48,18.22,8.31,1
2025-004648,2025-07-14 06:11:25,S1027,C00339,P2120,Web,Financiamiento,Promo 15%,1,189.52,0.05,189.52,28.43,161.09,113.2,1
2025-004649,2025-03-01 03:53:36,S1012,C00480,P2126,Marketplace,Billetera Digital,2x1,3,649.93,0.05,1949.79,233.97,1715.82,413.19,0
2025-004650,2025-01-28 01:11:12,S1021,C00209,P2004,Marketplace,Transferencia,Black Friday,1,543.65,0.0,543.65,81.55,462.1,298.92,0
2025-004651,2025-11-14 03:19:15,S1036,C00560,P2015,Web,Tarjeta,Black Friday,5,139.02,0.2,695.1,104.27,590.83,122.14,0
2025-004652,2025-06-12 20:59:31,S1031,C00132,P2087,Web,Billetera Digital,Promo 15%,2,323.78,0.0,647.56,97.13,550.43,166.63,0
2025-004653,2025-06-05 15:42:53,S1042,C00722,P2052,Call Center,Tarjeta,Promo 10%,1,89.96,0.05,89.96,11.69,78.27,47.67,0
2025-004654,2025-04-27 23:29:21,S1013,C00446,P2058,Marketplace,Tarjeta,2x1,2,396.02,0.15,792.04,95.04,697.0,324.41,0
2025-004655,2025-06-21 16:50:47,S1005,C00502,P2156,Tienda,Transferencia,Sin Promo,3,77.36,0.05,232.08,30.17,201.91,55.02,0
2025-004656,2025-03-14 13:09:14,S1021,C00147,P2073,Web,Billetera Digital,Black Friday,1,164.56,0.0,164.56,24.68,139.88,131.1,0
2025-004657,2025-01-08 10:12:18,S1029,C00027,P2093,Web,Billetera Digital,Black Friday,1,133.16,0.1,133.16,19.97,113.19,75.0,0
2025-004658,2025-09-11 14:20:03,S1029,C00382,P2152,Marketplace,Tarjeta,Sin Promo,1,499.51,0.0,499.51,74.93,424.58,338.06,0
2025-004659,2025-11-27 13:21:12,S1004,C00387,P2112,Web,Transferencia,Promo 15%,2,361.76,0.0,723.52,94.06,629.46,257.82,0
2025-004660,2025-05-21 17:59:12,S1019,C00740,P2070,Call Center,Financiamiento,Promo 10%,3,553.31,0.1,1659.93,248.99,1410.94,281.04,1
2025-004661,2025-05-08 16:30:52,S1007,C00539,P2054,Tienda,Tarjeta,2x1,3,463.28,0.0,1389.84,180.68,1209.16,220.6,0
2025-004662,2025-08-17 15:06:34,S1031,C00031,P2145,Marketplace,Financiamiento,Sin Promo,2,118.01,0.0,236.02,35.4,200.62,77.61,0
2025-004663,2025-11-14 07:05:35,S1043,C00573,P2157,Call Center,Financiamiento,Promo 15%,1,212.21,0.05,212.21,27.59,184.62,118.28,0
2025-004664,2025-04-16 21:10:43,S1008,C00503,P2031,Tienda,Transferencia,Sin Promo,2,203.6,0.0,407.2,52.94,354.26,111.43,0
2025-004665,2025-01-25 19:38:59,S1007,C00444,P2111,Call Center,Billetera Digital,Sin Promo,1,292.12,0.0,292.12,37.98,254.14,191.52,0
2025-004666,2025-10-13 01:09:52,S1030,C00759,P2072,Tienda,Financiamiento,Black Friday,1,513.93,0.15,513.93,77.09,436.84,420.23,0
2025-004667,2025-06-01 17:05:10,S1041,C00553,P2001,Web,Efectivo,Cyber Week,1,91.03,0.05,91.03,11.83,79.2,59.67,0
2025-004668,2025-07-24 23:32:29,S1045,C00260,P2120,Tienda,Transferencia,Cyber Week,2,199.5,0.0,399.0,51.87,347.13,113.2,0
2025-004669,2025-01-22 21:38:23,S1012,C00032,P2028,Call Center,Financiamiento,Black Friday,1,568.28,0.05,568.28,68.19,500.09,344.08,0
2025-004670,2025-06-16 17:40:43,S1044,C00758,P2020,Web,Billetera Digital,Sin Promo,2,49.36,0.0,98.72,12.83,85.89,32.33,0
2025-004671,2025-04-01 23:05:27,S1019,C00198,P2061,Call Center,Billetera Digital,Promo 10%,2,36.28,0.15,72.56,10.88,61.68,26.36,1
2025-004672,2025-08-26 08:59:27,S1010,C00183,P2036,Call Center,Efectivo,Cyber Week,1,288.63,0.0,288.63,34.64,253.99,143.03,0
2025-004673,2025-04-14 05:50:26,S1028,C00563,P2133,Tienda,Billetera Digital,Promo 15%,1,42.07,0.2,42.07,6.31,35.76,38.56,0
2025-004674,2025-06-15 12:51:20,S1008,C00216,P2013,Marketplace,Efectivo,Cyber Week,3,170.17,0.15,510.51,66.37,444.14,98.1,0
2025-004675,2025-01-13 12:16:14,S1003,C00323,P2036,Call Center,Financiamiento,Sin Promo,5,230.9,0.2,1154.5,150.09,1004.41,143.03,0
2025-004676,2025-10-02 16:25:17,S1045,C00638,P2117,Web,Billetera Digital,Black Friday,1,79.99,0.05,79.99,10.4,69.59,41.82,1
2025-004677,2025-07-01 22:50:34,S1008,C00155,P2144,Call Center,Transferencia,Cyber Week,2,218.0,0.2,436.0,56.68,379.32,177.43,0
2025-004678,2025-01-13 07:03:14,S1027,C00648,P2130,Call Center,Efectivo,Cyber Week,1,701.29,0.0,701.29,105.19,596.1,404.15,0
2025-004679,2025-07-21 15:41:33,S1045,C00321,P2080,Web,Financiamiento,Promo 10%,1,271.61,0.1,271.61,35.31,236.3,221.89,0
2025-004680,2025-12-30 17:32:26,S1016,C00227,P2127,Marketplace,Efectivo,Promo 15%,5,622.76,0.15,3113.8,373.66,2740.14,361.43,0
2025-004681,2025-08-20 03:26:44,S1024,C00232,P2144,Web,Financiamiento,Cyber Week,1,245.25,0.1,245.25,36.79,208.46,177.43,0
2025-004682,2025-11-24 17:34:30,S1029,C00375,P2110,Tienda,Transferencia,Promo 15%,1,395.88,0.05,395.88,59.38,336.5,314.95,1
2025-004683,2025-10-22 01:09:44,S1043,C00308,P2040,Tienda,Transferencia,Black Friday,3,47.59,0.2,142.77,18.56,124.21,35.66,0
2025-004684,2025-05-18 17:49:30,S1019,,P2144,Web,Tarjeta,Black Friday,4,245.25,0.1,981.0,147.15,833.85,177.43,0
2025-004685,2025-11-13 01:01:26,S1034,C00409,P2144,Web,Billetera Digital,Black Friday,1,272.5,0.0,272.5,40.88,231.62,177.43,0
2025-004686,2025-11-03 05:50:39,S1039,C00797,P2087,Tienda,Tarjeta,Black Friday,1,307.59,0.05,307.59,39.99,267.6,166.63,0
2025-004687,2025-06-05 02:17:17,S1028,C00549,P2094,Tienda,Billetera Digital,Promo 15%,2,665.75,0.05,1331.5,199.72,1131.78,392.99,0
2025-004688,2025-08-05 20:34:27,S1029,C00705,P2141,Marketplace,Efectivo,Promo 15%,3,832.49,0.0,2497.47,374.62,2122.85,384.64,0
2025-004689,2025-08-22 20:49:26,S1044,,P2115,Marketplace,Efectivo,,1,298.06,0.2,298.06,38.75,259.31,201.2,0
2025-004690,2025-07-29 14:15:09,S1035,C00593,P2024,Call Center,Efectivo,Cyber Week,2,268.83,0.15,537.66,80.65,457.01,197.91,0
2025-004691,2025-03-25 00:53:40,S1044,C00248,P2014,Marketplace,Billetera Digital,Black Friday,2,365.66,0.15,731.32,95.07,636.25,296.33,0
2025-004692,2025-08-12 18:25:47,S1043,C00190,P2002,Call Center,Efectivo,Promo 10%,2,290.16,0.0,580.32,75.44,504.88,134.76,0
2025-004693,2025-12-21 00:06:39,S1033,C00091,P2047,Marketplace,Transferencia,Sin Promo,1,388.27,0.15,388.27,58.24,330.03,295.44,0
2025-004694,2025-08-04 04:20:22,S1009,C00465,P2065,Call Center,Financiamiento,Promo 15%,1,408.29,0.0,408.29,53.08,355.21,269.16,0
2025-004695,2025-03-14 03:10:31,S1035,C00092,P2101,Marketplace,Efectivo,Black Friday,2,302.88,0.1,605.76,90.86,514.9,262.94,1
2025-004696,2025-05-14 21:30:04,S1003,C00617,P2115,Marketplace,Financiamiento,Sin Promo,2,372.57,0.0,745.14,96.87,648.27,201.2,0
2025-004697,2025-04-21 13:30:37,S1011,C00205,P2058,Marketplace,Efectivo,Black Friday,1,396.02,0.15,396.02,47.52,348.5,324.41,0
2025-004698,2025-11-12 18:05:45,S1034,C00109,P2125,Tienda,Tarjeta,Promo 10%,1,344.65,0.0,344.65,51.7,292.95,235.01,1
2025-004699,2025-07-24 08:58:31,S1035,C00596,P2019,Web,Financiamiento,2x1,2,471.27,0.0,942.54,141.38,801.16,283.84,0
2025-004700,2025-02-04 00:24:11,S1008,C00460,P2125,Tienda,Transferencia,Black Friday,1,327.42,0.05,327.42,42.56,284.86,235.01,0
2025-004701,2025-07-15 21:26:38,S1020,C00163,P2068,Marketplace,Financiamiento,Promo 15%,3,209.44,0.15,628.32,94.25,534.07,122.46,0
2025-004702,2025-12-22 12:14:31,S1028,C00561,P2004,Tienda,Tarjeta,Black Friday,1,516.47,0.05,516.47,77.47,439.0,298.92,0
2025-004703,2025-05-23 06:24:29,S1038,C00035,P2140,Marketplace,Transferencia,Cyber Week,1,14.41,0.0,14.41,1.87,12.54,6.63,0
2025-004704,2025-12-18 13:25:59,S1010,C00157,P2079,Marketplace,Transferencia,Promo 10%,2,237.11,0.05,474.22,56.91,417.31,156.92,0
2025-004705,2025-09-16 05:21:39,S1018,C00135,P2074,Tienda,Tarjeta,Black Friday,3,225.02,0.2,675.06,81.01,594.05,138.92,0
2025-004706,2025-04-07 21:05:03,S1022,C00731,P2110,Call Center,Financiamiento,Sin Promo,1,416.72,0.0,416.72,62.51,354.21,314.95,0
2025-004707,2025-02-02 03:56:19,S1017,C00787,P2133,Web,Efectivo,Promo 15%,1,47.33,0.1,47.33,5.68,41.65,38.56,1
2025-004708,2025-09-14 15:34:05,S1030,C00510,P2041,Call Center,Billetera Digital,,1,46.52,0.0,46.52,6.98,39.54,34.06,0
2025-004709,2025-05-01 21:26:09,S1019,C00618,P2158,Tienda,Tarjeta,Sin Promo,1,461.03,0.15,461.03,69.15,391.88,274.83,0
2025-004710,2025-12-28 23:47:48,S1042,C00337,P2141,Call Center,Transferencia,Black Friday,3,665.99,0.2,1997.97,259.74,1738.23,384.64,0
2025-004711,2025-07-17 04:36:38,S1007,C00507,P2103,Call Center,Tarjeta,Promo 10%,1,382.41,0.1,382.41,49.71,332.7,274.37,0
2025-004712,2025-07-04 19:31:06,S1019,C00558,P2135,Marketplace,Financiamiento,2x1,2,137.64,0.1,275.28,41.29,233.99,71.27,1
2025-004713,2025-11-26 21:08:04,S1016,C00494,P2072,Web,Financiamiento,Sin Promo,5,513.93,0.15,2569.65,308.36,2261.29,420.23,0
2025-004714,2025-06-22 09:14:51,S1024,C00631,P2010,Tienda,Billetera Digital,Promo 10%,1,404.09,0.0,404.09,60.61,343.48,210.17,0
2025-004715,2025-02-14 03:19:57,S1018,C00397,P2115,Marketplace,Tarjeta,Promo 15%,1,298.06,0.2,298.06,35.77,262.29,201.2,0
2025-004716,2025-08-20 17:29:58,S1041,C00543,P2142,Call Center,Efectivo,Black Friday,1,419.81,0.15,419.81,54.58,365.23,331.65,0
2025-004717,2025-04-02 22:28:31,S1021,C00180,P2099,Tienda,Transferencia,2x1,1,279.84,0.05,279.84,41.98,237.86,231.19,0
2025-004718,2025-01-10 21:13:32,S1005,C00306,P2004,Web,Billetera Digital,Sin Promo,2,434.92,0.2,869.84,113.08,756.76,298.92,0
2025-004719,2025-03-24 08:16:39,S1017,C00383,P2028,Marketplace,Transferencia,Sin Promo,2,478.55,0.2,957.1,114.85,842.25,344.08,0
2025-004720,2025-02-17 06:08:58,S1041,C00236,P2019,Tienda,Tarjeta,2x1,1,400.58,0.15,400.58,52.08,348.5,283.84,0
2025-004721,2025-12-18 21:16:55,S1019,C00761,P2088,Call Center,Tarjeta,Sin Promo,2,571.92,0.0,1143.84,171.58,972.26,308.2,0
2025-004722,2025-03-25 19:43:13,S1037,C00562,P2019,Tienda,Billetera Digital,2x1,1,377.02,0.2,377.02,49.01,328.01,283.84,0
2025-004723,2025-03-26 20:55:02,S1019,C00341,P2070,Marketplace,Tarjeta,Black Friday,1,522.57,0.15,522.57,78.39,444.18,281.04,1
2025-004724,2025-12-26 22:17:09,S1011,C00781,P2032,Web,Transferencia,Promo 10%,5,443.24,0.05,2216.2,265.94,1950.26,330.43,0
2025-004725,2025-03-14 18:08:31,S1005,C00552,P2092,Web,Efectivo,Promo 15%,4,802.49,0.0,3209.96,417.29,2792.67,416.32,0
2025-004726,2025-10-04 20:08:29,S1029,C00284,P2158,Web,Transferencia,Promo 10%,3,515.27,0.05,1545.81,231.87,1313.94,274.83,1
2025-004727,2025-12-26 20:21:26,S1043,C00245,P2024,Tienda,Tarjeta,Black Friday,1,316.27,0.0,316.27,41.12,275.15,197.91,0
2025-004728,2025-05-20 17:30:48,S1007,C00094,P2047,Web,Billetera Digital,Black Friday,2,433.95,0.05,867.9,112.83,755.07,295.44,0
2025-004729,2025-10-08 02:05:35,S1023,C00721,P2003,Web,Tarjeta,Black Friday,2,508.72,0.0,1017.44,152.62,864.82,261.5,0
2025-004730,2025-03-07 18:21:21,S1021,C00557,P2100,Tienda,Transferencia,Cyber Week,1,571.97,0.0,571.97,85.8,486.17,422.9,0
2025-004731,2025-04-10 15:12:12,S1028,C00257,P2056,Marketplace,Tarjeta,2x1,3,886.94,0.0,2660.82,399.12,2261.7,417.23,0
2025-004732,2025-12-20 14:02:31,S1029,C00620,P2047,Tienda,Efectivo,Promo 10%,1,365.43,0.2,365.43,54.81,310.62,295.44,0
2025-004733,2025-06-01 08:48:23,S1025,C00061,P2104,Tienda,Financiamiento,Promo 10%,2,667.12,0.05,1334.24,200.14,1134.1,405.18,0
2025-004734,2025-08-09 05:07:09,S1006,C00188,P2068,Tienda,Transferencia,Sin Promo,2,246.4,0.0,492.8,64.06,428.74,122.46,1
2025-004735,2025-05-18 03:06:08,S1025,C00683,P2039,Web,Financiamiento,Promo 10%,1,429.3,0.1,429.3,64.39,364.91,251.05,0
2025-004736,2025-11-05 19:46:29,S1009,C00728,P2052,Tienda,Financiamiento,2x1,3,94.69,0.0,284.07,36.93,247.14,47.67,0
2025-004737,2025-01-25 17:31:47,S1011,C00246,P2099,Marketplace,Tarjeta,Promo 15%,2,265.11,0.1,530.22,63.63,466.59,231.19,0
2025-004738,2025-08-09 20:34:41,S1036,C00673,P2017,Marketplace,Transferencia,Sin Promo,5,280.3,0.0,1401.5,210.22,1191.28,182.13,0
2025-004739,2025-01-31 02:25:47,S1037,C00210,P2107,Tienda,Tarjeta,Black Friday,1,305.9,0.05,305.9,39.77,266.13,196.36,0
2025-004740,2025-12-13 11:30:39,S1024,C00781,P2089,Marketplace,Financiamiento,Sin Promo,1,736.54,0.0,736.54,110.48,626.06,351.93,0
2025-004741,2025-09-30 08:19:08,S1001,C00573,P2129,Tienda,Financiamiento,Cyber Week,2,504.95,0.0,1009.9,131.29,878.61,401.84,0
2025-004742,2025-10-11 11:27:40,S1009,C00256,P2143,Marketplace,Tarjeta,Black Friday,6,175.44,0.0,1052.64,136.84,915.8,101.86,0
2025-004743,2025-06-26 22:39:52,S1002,C00034,P2145,Tienda,Financiamiento,Black Friday,2,118.01,0.0,236.02,30.68,205.34,77.61,0
2025-004744,2025-07-07 14:28:13,S1013,C00278,P2126,Tienda,Efectivo,Cyber Week,2,615.73,0.1,1231.46,147.78,1083.68,413.19,0
2025-004745,2025-06-25 22:07:17,S1025,C00571,P2022,Marketplace,Efectivo,Promo 10%,2,427.43,0.05,854.86,128.23,726.63,325.44,0
2025-004746,2025-04-22 22:30:06,S1005,C00571,P2101,Marketplace,Transferencia,Promo 15%,2,286.05,0.15,572.1,74.37,497.73,262.94,0
2025-004747,2025-12-09 07:41:16,S1029,C00094,P2157,Tienda,Billetera Digital,Promo 10%,1,223.38,0.0,223.38,33.51,189.87,118.28,0
2025-004748,2025-03-14 15:47:46,S1037,C00617,P2115,Call Center,Financiamiento,Sin Promo,1,372.57,0.0,372.57,48.43,324.14,201.2,0
2025-004749,2025-10-17 05:17:27,S1022,C00718,P2033,Call Center,Billetera Digital,Sin Promo,3,80.36,0.0,241.08,36.16,204.92,61.26,0
2025-004750,2025-03-06 11:46:10,S1022,C00055,P2103,Marketplace,Billetera Digital,Cyber Week,3,424.9,0.0,1274.7,191.21,1083.49,274.37,0
2025-004751,2025-09-27 03:42:41,S1010,C00465,P2083,Marketplace,Financiamiento,Promo 10%,4,523.42,0.0,2093.68,251.24,1842.44,334.59,0
2025-004752,2025-07-16 23:02:02,S1019,C00665,P2007,Tienda,Financiamiento,Promo 10%,1,180.23,0.15,180.23,27.03,153.2,162.45,0
2025-004753,2025-07-19 05:10:39,S1014,C00038,P2044,Marketplace,Financiamiento,Cyber Week,1,454.08,0.0,454.08,54.49,399.59,214.81,0
2025-004754,2025-09-22 13:07:45,S1032,C00010,P2143,Marketplace,Tarjeta,Sin Promo,1,175.44,0.0,175.44,26.32,149.12,101.86,0
2025-004755,2025-12-16 10:32:01,S1024,C00212,P2086,Marketplace,Transferencia,Cyber Week,1,109.2,0.0,109.2,16.38,92.82,70.05,0
2025-004756,2025-05-17 06:32:21,S1022,C00681,P2097,Tienda,Tarjeta,Cyber Week,1,495.07,0.05,495.07,74.26,420.81,298.37,0
2025-004757,2025-03-06 21:02:53,S1022,C00248,P2071,Call Center,Billetera Digital,Sin Promo,1,435.21,0.1,435.21,65.28,369.93,243.78,0
2025-004758,2025-12-03 09:00:26,S1001,C00025,P2155,Call Center,Efectivo,Cyber Week,3,157.33,0.0,471.99,61.36,410.63,71.96,0
2025-004759,2025-12-09 02:01:08,S1041,C00792,P2047,Call Center,Billetera Digital,Promo 15%,1,411.11,0.1,411.11,53.44,357.67,295.44,0
2025-004760,2025-02-24 19:49:24,S1011,C00721,P2104,Web,Transferencia,Promo 10%,1,632.01,0.1,632.01,75.84,556.17,405.18,0
2025-004761,2025-05-09 18:44:14,S1016,C00550,P2159,Call Center,Financiamiento,Promo 10%,2,576.79,0.1,1153.58,138.43,1015.15,434.27,0
2025-004762,2025-01-15 11:35:54,S1010,C00119,P2153,Call Center,Billetera Digital,Promo 15%,3,407.91,0.0,1223.73,146.85,1076.88,293.96,1
2025-004763,2025-10-18 06:39:59,S1032,C00171,P2119,Tienda,Efectivo,Sin Promo,2,686.77,0.1,1373.54,206.03,1167.51,363.73,0
2025-004764,2025-11-10 13:16:46,S1019,C00133,P2057,Call Center,Transferencia,2x1,1,377.82,0.1,377.82,56.67,321.15,314.68,0
2025-004765,2025-02-20 04:21:42,S1003,C00533,P2111,Marketplace,Efectivo,Black Friday,2,292.12,0.0,584.24,75.95,508.29,191.52,0
2025-004766,2025-03-23 00:04:57,S1008,C00179,P2064,Tienda,Financiamiento,Cyber Week,1,91.31,0.0,91.31,11.87,79.44,57.47,1
2025-004767,2025-06-24 15:02:02,S1005,C00745,P2151,Tienda,Billetera Digital,Black Friday,3,246.17,0.0,738.51,96.01,642.5,116.51,0
2025-004768,2025-08-13 15:28:00,S1009,C00252,P2096,Web,Billetera Digital,Promo 15%,2,636.0,0.0,1272.0,165.36,1106.64,369.96,0
2025-004769,2025-07-20 05:40:48,S1020,,P2049,Web,Efectivo,Black Friday,1,142.44,0.1,142.44,21.37,121.07,89.45,0
2025-004770,2025-11-21 19:47:20,S1035,C00368,P2053,Web,Transferencia,Promo 10%,4,747.6,0.2,2990.4,448.56,2541.84,436.17,0
2025-004771,2025-11-28 15:34:56,S1024,C00409,P2009,Tienda,Transferencia,Cyber Week,1,523.01,0.0,523.01,78.45,444.56,287.2,0
2025-004772,2025-05-18 09:13:33,S1012,C00786,P2106,Web,Transferencia,Promo 10%,1,415.28,0.1,415.28,49.83,365.45,310.34,0
2025-004773,2025-06-22 10:56:53,S1006,C00400,P2087,Tienda,Financiamiento,Sin Promo,5,259.02,0.2,1295.1,168.36,1126.74,166.63,1
2025-004774,2025-04-22 04:41:04,S1033,C00782,P2150,Tienda,Tarjeta,2x1,1,234.07,0.0,234.07,35.11,198.96,154.53,0
2025-004775,2025-03-28 07:06:00,S1002,C00287,P2157,Tienda,Billetera Digital,Cyber Week,1,201.04,0.1,201.04,26.14,174.9,118.28,0
2025-004776,2025-10-02 01:22:12,S1044,C00630,P2122,Tienda,Transferencia,2x1,2,681.62,0.0,1363.24,177.22,1186.02,324.38,1
2025-004777,2025-11-09 22:24:17,S1033,C00170,P2085,Tienda,Transferencia,Promo 10%,2,26.37,0.15,52.74,7.91,44.83,20.07,0
2025-004778,2025-01-03 10:18:50,S1007,C00304,P2075,Call Center,Financiamiento,2x1,1,551.05,0.05,551.05,71.64,479.41,301.87,0
2025-004779,2025-06-15 19:26:20,S1012,C00124,P2097,Web,Transferencia,Promo 15%,3,521.13,0.0,1563.39,187.61,1375.78,298.37,1
2025-004780,2025-02-13 19:30:07,S1017,C00471,P2064,Web,Tarjeta,Black Friday,2,91.31,0.0,182.62,21.91,160.71,57.47,1
2025-004781,2025-05-18 03:55:22,S1040,C00694,P2102,Web,Efectivo,Cyber Week,3,475.83,0.05,1427.49,185.57,1241.92,270.07,0
2025-004782,2025-01-09 14:38:55,S1040,C00746,P2084,Tienda,Transferencia,Promo 15%,2,10.89,0.0,21.78,2.83,18.95,8.31,0
2025-004783,2025-03-09 08:19:11,S1014,C00234,P2092,Tienda,Transferencia,Black Friday,1,802.49,0.0,802.49,96.3,706.19,416.32,0
2025-004784,2025-06-04 17:08:00,S1040,C00574,P2073,Tienda,Efectivo,Black Friday,1,139.88,0.15,139.88,18.18,121.7,131.1,0
2025-004785,2025-10-14 16:00:27,S1019,C00561,P2113,Marketplace,Billetera Digital,Cyber Week,2,282.77,0.05,565.54,84.83,480.71,139.53,0
2025-004786,2025-03-27 20:08:58,S1006,C00437,P2062,Call Center,Transferencia,Promo 10%,1,111.89,0.0,111.89,14.55,97.34,74.21,1
2025-004787,2025-08-28 16:15:23,S1012,C00258,P2133,Marketplace,Tarjeta,Cyber Week,1,52.59,0.0,52.59,6.31,46.28,38.56,0
2025-004788,2025-11-29 01:04:07,S1039,C00716,P2110,Call Center,Financiamiento,Cyber Week,1,416.72,0.0,416.72,54.17,362.55,314.95,0
2025-004789,2025-03-22 21:47:55,S1044,C00128,P2068,Web,Financiamiento,Promo 10%,4,246.4,0.0,985.6,128.13,857.47,122.46,1
2025-004790,2025-11-17 15:10:42,S1035,C00517,P2083,Web,Transferencia,Promo 10%,3,523.42,0.0,1570.26,235.54,1334.72,334.59,0
2025-004791,2025-07-31 17:07:47,S1013,C00196,P2118,Tienda,Efectivo,Cyber Week,4,65.15,0.0,260.6,31.27,229.33,45.65,0
2025-004792,2025-10-22 17:03:30,S1022,C00535,P2153,Call Center,Financiamiento,Sin Promo,2,407.91,0.0,815.82,122.37,693.45,293.96,1
2025-004793,2025-01-29 22:07:46,S1017,C00086,P2137,Marketplace,Transferencia,Black Friday,1,407.3,0.05,407.3,48.88,358.42,246.0,1
2025-004794,2025-05-21 14:43:25,S1004,C00678,P2022,Call Center,Financiamiento,2x1,5,449.93,0.0,2249.65,292.45,1957.2,325.44,0
2025-004795,2025-10-15 11:56:59,S1017,C00459,P2072,Call Center,Transferencia,2x1,2,483.7,0.2,967.4,116.09,851.31,420.23,0
2025-004796,2025-12-08 00:09:27,S1024,C00411,P2047,Marketplace,Transferencia,Promo 15%,2,456.79,0.0,913.58,137.04,776.54,295.44,0
2025-004797,2025-05-23 03:13:28,S1043,C00015,P2042,Call Center,Transferencia,Black Friday,2,401.39,0.0,802.78,104.36,698.42,233.31,1
2025-004798,2025-05-28 03:33:15,S1018,C00708,P2038,Call Center,Transferencia,Promo 10%,5,139.95,0.0,699.75,83.97,615.78,104.22,1
2025-004799,2025-05-09 04:36:43,S1003,C00671,P2105,Marketplace,Transferencia,Promo 15%,1,608.53,0.1,608.53,79.11,529.42,320.12,0
2025-004800,2025-03-17 09:29:46,S1031,C00065,P2113,Call Center,Tarjeta,,4,267.88,0.1,1071.52,160.73,910.79,139.53,0
2025-004801,2025-01-12 13:03:43,S1044,C00463,P2030,Web,Transferencia,Sin Promo,1,487.3,0.1,487.3,63.35,423.95,418.38,0
2025-004802,2025-12-08 04:22:30,S1027,C00327,P2129,Call Center,Tarjeta,Cyber Week,1,504.95,0.0,504.95,75.74,429.21,401.84,1
2025-004803,2025-11-28 16:49:40,S1039,C00249,P2002,Call Center,Transferencia,Promo 10%,1,290.16,0.0,290.16,37.72,252.44,134.76,1
2025-004804,2025-06-01 00:10:12,S1040,C00680,P2124,Marketplace,Efectivo,Sin Promo,3,451.91,0.05,1355.73,176.24,1179.49,351.18,0
2025-004805,2025-11-08 13:15:08,S1026,C00135,P2135,Marketplace,Efectivo,Promo 10%,2,152.93,0.0,305.86,45.88,259.98,71.27,0
2025-004806,2025-09-17 04:50:35,S1029,C00222,P2127,Tienda,Efectivo,Cyber Week,2,732.66,0.0,1465.32,219.8,1245.52,361.43,0
2025-004807,2025-10-15 05:24:38,S1012,C00793,P2044,Marketplace,Tarjeta,Cyber Week,2,431.38,0.05,862.76,103.53,759.23,214.81,0
2025-004808,2025-11-27 11:17:01,S1020,C00192,P2055,Marketplace,Tarjeta,Promo 10%,1,133.73,0.05,133.73,20.06,113.67,77.43,0
2025-004809,2025-07-28 21:28:58,S1023,C00051,P2017,Call Center,Billetera Digital,Cyber Week,1,238.25,0.15,238.25,35.74,202.51,182.13,0
2025-004810,2025-03-31 07:04:43,S1021,C00605,P2104,Tienda,Efectivo,Promo 10%,2,667.12,0.05,1334.24,200.14,1134.1,405.18,1
2025-004811,2025-06-27 01:07:11,S1003,C00546,P2018,Tienda,Billetera Digital,Black Friday,1,391.86,0.0,391.86,50.94,340.92,224.11,0
2025-004812,2025-02-18 13:43:20,S1022,C00536,P2024,Tienda,Billetera Digital,2x1,3,316.27,0.0,948.81,142.32,806.49,197.91,0
2025-004813,2025-09-29 22:17:42,S1003,C00169,P2039,Web,Billetera Digital,Cyber Week,1,429.3,0.1,429.3,55.81,373.49,251.05,0
2025-004814,2025-10-16 19:47:44,S1008,C00552,P2011,Web,Efectivo,Cyber Week,1,392.72,0.0,392.72,51.05,341.67,309.34,0
2025-004815,2025-04-10 00:05:21,S1025,C00758,P2022,Marketplace,Efectivo,Sin Promo,2,449.93,0.0,899.86,134.98,764.88,325.44,0
2025-004816,2025-12-20 17:05:31,S1043,C00014,P2048,Tienda,Financiamiento,Black Friday,2,320.16,0.0,640.32,83.24,557.08,183.57,0
2025-004817,2025-12-22 03:07:12,S1009,C00460,P2032,Marketplace,Financiamiento,Promo 10%,1,419.91,0.1,419.91,54.59,365.32,330.43,1
2025-004818,2025-09-26 14:14:36,S1001,C00216,P2135,Marketplace,Efectivo,Sin Promo,3,122.34,0.2,367.02,47.71,319.31,71.27,1
2025-004819,2025-12-29 09:13:38,S1027,C00556,P2036,Web,Financiamiento,Promo 10%,5,288.63,0.0,1443.15,216.47,1226.68,143.03,0
2025-004820,2025-09-13 18:37:39,S1002,C00050,P2037,Tienda,Efectivo,Promo 10%,4,623.8,0.0,2495.2,324.38,2170.82,405.23,1
2025-004821,2025-10-13 18:20:32,S1002,C00756,P2144,Web,Billetera Digital,Promo 10%,3,258.88,0.05,776.64,100.96,675.68,177.43,0
2025-004822,2025-10-04 02:40:05,S1035,C00466,P2086,Call Center,Financiamiento,Black Friday,1,109.2,0.0,109.2,16.38,92.82,70.05,0
2025-004823,2025-07-05 17:18:54,S1031,C00227,P2156,Call Center,Transferencia,,2,65.14,0.2,130.28,19.54,110.74,55.02,0
2025-004824,2025-06-23 21:21:26,S1039,C00573,P2005,Web,Billetera Digital,Sin Promo,2,436.74,0.2,873.48,113.55,759.93,390.45,0
2025-004825,2025-03-21 00:42:52,S1031,C00061,P2037,Tienda,Financiamiento,Cyber Week,1,623.8,0.0,623.8,93.57,530.23,405.23,0
2025-004826,2025-11-28 20:29:19,S1011,C00476,P2060,Marketplace,Financiamiento,Black Friday,5,383.25,0.0,1916.25,229.95,1686.3,245.82,1
2025-004827,2025-04-09 15:27:18,S1030,C00609,P2134,Tienda,Billetera Digital,2x1,1,229.48,0.05,229.48,34.42,195.06,153.79,0
2025-004828,2025-11-23 01:59:32,S1002,C00150,P2144,Call Center,Efectivo,Sin Promo,2,218.0,0.2,436.0,56.68,379.32,177.43,1
2025-004829,2025-08-03 00:13:27,S1030,C00420,P2021,Tienda,Efectivo,Promo 15%,2,351.58,0.2,703.16,105.47,597.69,239.98,0
2025-004830,2025-11-10 21:50:53,S1016,C00190,P2125,Marketplace,Financiamiento,Promo 15%,2,327.42,0.05,654.84,78.58,576.26,235.01,0
2025-004831,2025-05-30 20:38:59,S1013,C00405,P2118,Web,Transferencia,Sin Promo,2,52.12,0.2,104.24,12.51,91.73,45.65,0
2025-004832,2025-11-02 16:43:24,S1008,C00129,P2111,Tienda,Efectivo,Sin Promo,4,277.51,0.05,1110.04,144.31,965.73,191.52,0
2025-004833,2025-03-16 08:29:35,S1010,C00221,P2074,Call Center,Billetera Digital,Promo 15%,1,239.08,0.15,239.08,28.69,210.39,138.92,0
2025-004834,2025-08-19 06:07:53,S1027,C00204,P2081,Marketplace,Financiamiento,Sin Promo,3,379.34,0.05,1138.02,170.7,967.32,192.91,0
2025-004835,2025-02-11 02:41:03,S1021,C00039,P2111,Tienda,Financiamiento,Promo 15%,2,248.3,0.15,496.6,74.49,422.11,191.52,1
2025-004836,2025-05-15 01:28:27,S1043,C00304,P2033,Marketplace,Financiamiento,Promo 10%,2,80.36,0.0,160.72,20.89,139.83,61.26,1
2025-004837,2025-09-17 03:06:00,S1031,C00433,P2074,Call Center,Efectivo,Promo 10%,2,267.21,0.05,534.42,80.16,454.26,138.92,0
2025-004838,2025-07-16 14:30:48,S1028,C00167,P2146,Marketplace,Financiamiento,Black Friday,1,280.13,0.1,280.13,42.02,238.11,242.22,0
2025-004839,2025-02-09 05:25:37,S1016,C00582,P2025,Tienda,Financiamiento,2x1,5,564.63,0.15,2823.15,338.78,2484.37,394.63,0
2025-004840,2025-06-24 20:27:36,S1017,C00625,P2056,Call Center,Efectivo,Sin Promo,2,886.94,0.0,1773.88,212.87,1561.01,417.23,0
2025-004841,2025-05-30 23:57:55,S1022,C00534,P2083,Call Center,Billetera Digital,Promo 10%,2,523.42,0.0,1046.84,157.03,889.81,334.59,0
2025-004842,2025-01-15 12:37:52,S1042,C00347,P2090,Call Center,Billetera Digital,2x1,2,117.69,0.05,235.38,30.6,204.78,72.93,1
2025-004843,2025-02-03 06:06:58,S1009,C00076,P2106,Call Center,Billetera Digital,Promo 15%,2,461.42,0.0,922.84,119.97,802.87,310.34,1
2025-004844,2025-03-04 22:27:31,S1034,C00310,P2143,Call Center,Financiamiento,2x1,6,149.12,0.15,894.72,134.21,760.51,101.86,0
2025-004845,2025-11-16 15:05:43,S1001,C00290,P2024,Call Center,Billetera Digital,Sin Promo,4,316.27,0.0,1265.08,164.46,1100.62,197.91,0
2025-004846,2025-02-14 07:11:51,S1019,C00244,P2059,Call Center,Efectivo,Cyber Week,5,130.71,0.0,653.55,98.03,555.52,101.09,0
2025-004847,2025-12-27 21:20:54,S1042,C00503,P2042,Marketplace,Billetera Digital,2x1,2,401.39,0.0,802.78,104.36,698.42,233.31,0
2025-004848,2025-11-23 17:42:14,S1024,C00612,P2154,Call Center,Efectivo,Promo 15%,4,623.23,0.15,2492.92,373.94,2118.98,427.53,0
2025-004849,2025-07-31 20:08:01,S1015,C00318,P2112,Web,Billetera Digital,Promo 10%,4,325.58,0.1,1302.32,156.28,1146.04,257.82,0
2025-004850,2025-02-28 01:33:30,S1020,C00100,P2097,Web,Tarjeta,Cyber Week,3,495.07,0.05,1485.21,222.78,1262.43,298.37,0
2025-004851,2025-05-23 20:49:25,S1025,C00721,P2005,Call Center,Financiamiento,Cyber Week,1,545.93,0.0,545.93,81.89,464.04,390.45,1
2025-004852,2025-12-25 01:38:40,S1016,C00432,P2110,Marketplace,Tarjeta,Sin Promo,2,416.72,0.0,833.44,100.01,733.43,314.95,1
2025-004853,2025-03-04 10:33:22,S1008,C00784,P2124,Call Center,Billetera Digital,Promo 10%,5,380.55,0.2,1902.75,247.36,1655.39,351.18,0
2025-004854,2025-04-19 07:53:28,S1019,C00647,P2144,Call Center,Financiamiento,Promo 10%,1,231.62,0.15,231.62,34.74,196.88,177.43,0
2025-004855,2025-04-23 23:34:50,S1027,C00518,P2146,Tienda,Transferencia,Sin Promo,1,295.7,0.05,295.7,44.35,251.35,242.22,0
2025-004856,2025-01-09 08:58:51,S1007,C00054,P2079,Call Center,Tarjeta,Promo 10%,1,249.59,0.0,249.59,32.45,217.14,156.92,0
2025-004857,2025-04-21 22:29:00,S1032,C00576,P2088,Web,Efectivo,Promo 15%,1,571.92,0.0,571.92,85.79,486.13,308.2,0
2025-004858,2025-08-14 06:58:35,S1007,C00011,P2083,Web,Financiamiento,Promo 15%,1,418.74,0.2,418.74,54.44,364.3,334.59,1
2025-004859,2025-01-20 09:42:50,S1021,C00308,P2121,Tienda,Transferencia,Sin Promo,3,417.78,0.0,1253.34,188.0,1065.34,207.12,0
2025-004860,2025-09-21 22:28:33,S1004,C00135,P2009,Call Center,Transferencia,2x1,4,470.71,0.1,1882.84,244.77,1638.07,287.2,1
2025-004861,2025-02-25 21:49:27,S1031,C00776,P2154,Tienda,Efectivo,Sin Promo,3,733.21,0.0,2199.63,329.94,1869.69,427.53,0
2025-004862,2025-01-06 00:58:14,S1034,C00693,P2101,Call Center,Efectivo,Cyber Week,2,269.22,0.2,538.44,80.77,457.67,262.94,0
2025-004863,2025-01-31 05:05:47,S1016,C00286,P2041,Web,Efectivo,Sin Promo,2,44.19,0.05,88.38,10.61,77.77,34.06,0
2025-004864,2025-07-14 22:05:24,S1045,C00353,P2156,Marketplace,Financiamiento,Sin Promo,2,65.14,0.2,130.28,16.94,113.34,55.02,1
2025-004865,2025-12-17 12:48:19,S1015,C00575,P2001,Marketplace,Billetera Digital,Promo 15%,1,81.45,0.15,81.45,9.77,71.68,59.67,0
2025-004866,2025-11-06 10:20:35,S1015,C00573,P2078,Marketplace,Efectivo,2x1,5,165.66,0.0,828.3,99.4,728.9,125.47,0
2025-004867,2025-01-09 06:16:13,S1039,C00364,P2131,Marketplace,Transferencia,Promo 15%,1,167.39,0.15,167.39,21.76,145.63,119.6,1
2025-004868,2025-06-24 03:30:01,S1044,C00635,P2051,Web,Tarjeta,2x1,1,855.46,0.0,855.46,111.21,744.25,394.02,0
2025-004869,2025-08-01 12:06:56,S1036,C00574,P2011,Tienda,Billetera Digital,Sin Promo,2,392.72,0.0,785.44,117.82,667.62,309.34,0
2025-004870,2025-05-25 06:55:07,S1025,C00766,P2042,Web,Billetera Digital,Promo 15%,2,401.39,0.0,802.78,120.42,682.36,233.31,1
2025-004871,2025-11-17 05:35:42,S1042,C00215,P2120,Web,Efectivo,Black Friday,1,199.5,0.0,199.5,25.94,173.56,113.2,0
2025-004872,2025-05-07 05:25:53,S1045,C00787,P2046,Marketplace,Billetera Digital,2x1,3,308.18,0.15,924.54,120.19,804.35,192.92,0
2025-004873,2025-06-15 20:31:44,S1006,C00580,P2129,Marketplace,Billetera Digital,2x1,1,429.21,0.15,429.21,55.8,373.41,401.84,0
2025-004874,2025-05-20 08:01:04,S1017,C00322,P2083,Tienda,Tarjeta,Sin Promo,3,523.42,0.0,1570.26,188.43,1381.83,334.59,0
2025-004875,2025-10-07 21:38:29,S1014,C00037,P2148,Call Center,Billetera Digital,Cyber Week,5,674.81,0.0,3374.05,404.89,2969.16,390.62,0
2025-004876,2025-04-26 14:15:17,S1004,C00730,P2130,Marketplace,Financiamiento,Promo 15%,4,701.29,0.0,2805.16,364.67,2440.49,404.15,0
2025-004877,2025-09-05 12:05:18,S1010,C00574,P2034,Call Center,Transferencia,2x1,4,249.8,0.05,999.2,119.9,879.3,122.22,0
2025-004878,2025-05-12 21:36:23,S1031,C00545,P2092,Marketplace,Financiamiento,2x1,4,722.24,0.1,2888.96,433.34,2455.62,416.32,0
2025-004879,2025-10-20 15:58:05,S1010,C00739,P2018,Tienda,Efectivo,Cyber Week,1,391.86,0.0,391.86,47.02,344.84,224.11,0
2025-004880,2025-07-16 16:58:01,S1042,C00306,P2065,Tienda,Efectivo,Cyber Week,5,326.63,0.2,1633.15,212.31,1420.84,269.16,0
2025-004881,2025-08-13 05:50:30,S1033,C00246,P2126,Call Center,Financiamiento,Sin Promo,1,615.73,0.1,615.73,92.36,523.37,413.19,0
2025-004882,2025-06-02 18:08:13,S1036,C00628,P2054,Tienda,Transferencia,2x1,1,393.79,0.15,393.79,59.07,334.72,220.6,0
2025-004883,2025-08-17 06:03:32,S1018,C00462,P2038,Marketplace,Billetera Digital,Promo 15%,1,111.96,0.2,111.96,13.44,98.52,104.22,0
2025-004884,2025-03-14 06:55:34,S1018,C00227,P2008,Tienda,Billetera Digital,Promo 15%,2,786.81,0.1,1573.62,188.83,1384.79,421.75,0
2025-004885,2025-03-14 11:57:30,S1010,C00528,P2073,Marketplace,Billetera Digital,Promo 10%,3,131.65,0.2,394.95,47.39,347.56,131.1,0
2025-004886,2025-09-14 06:30:16,S1039,C00357,P2126,Call Center,Billetera Digital,Cyber Week,1,581.52,0.15,581.52,75.6,505.92,413.19,0
2025-004887,2025-03-13 20:07:03,S1045,C00362,P2023,Marketplace,Efectivo,Cyber Week,1,529.75,0.0,529.75,68.87,460.88,346.8,0
2025-004888,2025-01-31 04:14:28,S1002,C00340,P2119,Web,Billetera Digital,Sin Promo,5,763.08,0.0,3815.4,496.0,3319.4,363.73,0
2025-004889,2025-04-28 21:14:06,S1040,C00708,P2081,Marketplace,Financiamiento,2x1,1,319.45,0.2,319.45,41.53,277.92,192.91,0
2025-004890,2025-12-06 19:36:08,S1029,C00261,P2071,Marketplace,Financiamiento,Promo 15%,1,435.21,0.1,435.21,65.28,369.93,243.78,0
2025-004891,2025-12-31 17:29:51,S1044,C00580,P2123,Marketplace,Tarjeta,Promo 10%,4,148.84,0.15,595.36,77.4,517.96,112.82,0
2025-004892,2025-02-04 08:02:53,S1019,C00149,P2142,Marketplace,Tarjeta,Promo 15%,6,395.11,0.2,2370.66,355.6,2015.06,331.65,1
2025-004893,2025-03-03 02:35:14,S1004,C00623,P2138,Call Center,Financiamiento,Sin Promo,4,648.09,0.1,2592.36,337.01,2255.35,375.47,0
2025-004894,2025-10-10 02:01:30,S1039,C00066,P2015,Marketplace,Efectivo,Sin Promo,1,147.7,0.15,147.7,19.2,128.5,122.14,0
2025-004895,2025-01-12 02:52:35,S1017,C00136,P2133,Tienda,Transferencia,Promo 15%,1,44.7,0.15,44.7,5.36,39.34,38.56,0
2025-004896,2025-07-16 01:36:03,S1013,C00272,P2028,Call Center,Transferencia,2x1,1,478.55,0.2,478.55,57.43,421.12,344.08,1
2025-004897,2025-02-03 06:05:42,S1031,C00593,P2150,Marketplace,Tarjeta,Promo 15%,2,234.07,0.0,468.14,70.22,397.92,154.53,1
2025-004898,2025-06-22 11:12:15,S1018,C00766,P2116,Web,Billetera Digital,Black Friday,5,669.51,0.1,3347.55,401.71,2945.84,358.01,1
2025-004899,2025-04-11 06:28:55,S1010,C00661,P2032,Call Center,Billetera Digital,Black Friday,1,466.57,0.0,466.57,55.99,410.58,330.43,0
2025-004900,2025-01-06 11:28:53,S1016,C00299,P2136,Marketplace,Transferencia,Cyber Week,1,147.06,0.05,147.06,17.65,129.41,99.42,0
2025-004901,2025-06-12 16:51:22,S1007,C00010,P2071,Marketplace,Financiamiento,2x1,1,411.03,0.15,411.03,53.43,357.6,243.78,1
2025-004902,2025-12-31 03:50:36,S1035,C00485,P2030,Marketplace,Financiamiento,2x1,1,487.3,0.1,487.3,73.09,414.21,418.38,0
2025-004903,2025-01-10 18:50:53,S1030,C00719,P2118,Web,Efectivo,Sin Promo,1,58.64,0.1,58.64,8.8,49.84,45.65,0
2025-004904,2025-01-15 10:52:06,S1010,C00510,P2061,Tienda,Transferencia,Cyber Week,2,40.55,0.05,81.1,9.73,71.37,26.36,0
2025-004905,2025-09-15 15:10:07,S1011,C00059,P2145,Web,Financiamiento,,1,94.41,0.2,94.41,11.33,83.08,77.61,0
2025-004906,2025-01-06 18:21:44,S1023,C00156,P2004,Tienda,Tarjeta,Promo 15%,1,543.65,0.0,543.65,81.55,462.1,298.92,0
2025-004907,2025-09-13 08:40:10,S1039,C00641,P2118,Call Center,Transferencia,Promo 15%,1,65.15,0.0,65.15,8.47,56.68,45.65,0
2025-004908,2025-05-27 13:06:13,S1033,,P2152,Call Center,Transferencia,Black Friday,3,499.51,0.0,1498.53,224.78,1273.75,338.06,0
2025-004909,2025-04-03 21:30:54,S1016,C00099,P2064,Web,Financiamiento,Black Friday,1,91.31,0.0,91.31,10.96,80.35,57.47,1
2025-004910,2025-07-01 16:42:33,S1026,C00547,P2055,Marketplace,Billetera Digital,2x1,3,126.69,0.1,380.07,57.01,323.06,77.43,0
2025-004911,2025-05-20 11:15:52,S1033,C00782,P2148,Web,Transferencia,Promo 10%,1,573.59,0.15,573.59,86.04,487.55,390.62,0
2025-004912,2025-06-12 19:52:11,S1030,C00490,P2096,Call Center,Financiamiento,Promo 15%,4,540.6,0.15,2162.4,324.36,1838.04,369.96,1
2025-004913,2025-06-21 17:47:58,S1027,C00555,P2107,Marketplace,Efectivo,Promo 10%,1,257.6,0.2,257.6,38.64,218.96,196.36,0
2025-004914,2025-03-02 19:24:49,S1008,C00280,P2022,Marketplace,Billetera Digital,2x1,1,449.93,0.0,449.93,58.49,391.44,325.44,0
2025-004915,2025-10-22 22:38:56,S1018,C00696,P2023,Marketplace,Financiamiento,Promo 10%,1,476.78,0.1,476.78,57.21,419.57,346.8,0
2025-004916,2025-01-20 00:10:46,S1021,C00671,P2026,Call Center,Financiamiento,Cyber Week,2,367.94,0.2,735.88,110.38,625.5,230.43,0
2025-004917,2025-09-20 15:04:05,S1016,C00135,P2098,Web,Financiamiento,Promo 15%,2,645.08,0.0,1290.16,154.82,1135.34,389.5,0
2025-004918,2025-01-09 14:01:44,S1028,C00718,P2050,Web,Efectivo,Promo 10%,1,273.95,0.0,273.95,41.09,232.86,192.16,0
2025-004919,2025-06-26 02:30:53,S1026,C00482,P2052,Tienda,Efectivo,2x1,1,94.69,0.0,94.69,14.2,80.49,47.67,0
2025-004920,2025-06-06 10:29:55,S1036,C00756,P2117,Marketplace,Tarjeta,Promo 10%,1,79.99,0.05,79.99,12.0,67.99,41.82,0
2025-004921,2025-09-16 14:52:25,S1036,,P2106,Call Center,Transferencia,Black Friday,2,461.42,0.0,922.84,138.43,784.41,310.34,0
2025-004922,2025-07-21 14:58:15,S1012,C00485,P2038,Call Center,Transferencia,Promo 10%,1,139.95,0.0,139.95,16.79,123.16,104.22,0
2025-004923,2025-12-10 10:19:58,S1017,C00308,P2046,Call Center,Efectivo,Promo 10%,1,344.44,0.05,344.44,41.33,303.11,192.92,0
2025-004924,2025-10-17 05:13:41,S1032,C00087,P2097,Web,Transferencia,Sin Promo,1,416.9,0.2,416.9,62.53,354.37,298.37,0
2025-004925,2025-10-01 13:19:46,S1023,C00112,P2048,Marketplace,Billetera Digital,Cyber Week,6,320.16,0.0,1920.96,288.14,1632.82,183.57,1
2025-004926,2025-06-28 06:01:36,S1028,C00705,P2050,Web,Financiamiento,Promo 10%,1,219.16,0.2,219.16,32.87,186.29,192.16,0
2025-004927,2025-11-24 02:10:42,S1039,C00242,P2104,Tienda,Billetera Digital,Black Friday,2,702.23,0.0,1404.46,182.58,1221.88,405.18,0
2025-004928,2025-11-14 10:37:20,S1044,C00172,P2144,Call Center,Billetera Digital,Cyber Week,5,245.25,0.1,1226.25,159.41,1066.84,177.43,0
2025-004929,2025-11-07 22:52:02,S1019,C00093,P2049,Web,Efectivo,Cyber Week,1,158.27,0.0,158.27,23.74,134.53,89.45,1
2025-004930,2025-12-31 22:13:16,S1026,C00734,P2024,Call Center,Billetera Digital,Promo 15%,1,268.83,0.15,268.83,40.32,228.51,197.91,0
2025-004931,2025-11-11 01:26:20,S1030,C00358,P2074,Call Center,Transferencia,Black Friday,1,281.27,0.0,281.27,42.19,239.08,138.92,0
2025-004932,2025-01-05 20:43:27,S1029,C00245,P2131,Marketplace,Efectivo,Promo 10%,3,196.93,0.0,590.79,88.62,502.17,119.6,0
2025-004933,2025-04-10 05:57:52,S1029,C00432,P2142,Marketplace,Billetera Digital,Sin Promo,1,419.81,0.15,419.81,62.97,356.84,331.65,0
2025-004934,2025-09-01 01:09:38,S1010,C00330,P2141,Web,Efectivo,Black Friday,2,832.49,0.0,1664.98,199.8,1465.18,384.64,0
2025-004935,2025-06-21 16:18:45,S1020,C00674,P2071,Call Center,Tarjeta,Sin Promo,3,435.21,0.1,1305.63,195.84,1109.79,243.78,1
2025-004936,2025-10-27 14:42:15,S1006,C00772,P2093,Marketplace,Efectivo,Cyber Week,3,147.96,0.0,443.88,57.7,386.18,75.0,0
2025-004937,2025-07-07 03:20:13,S1028,C00735,P2060,Tienda,Efectivo,2x1,4,364.09,0.05,1456.36,218.45,1237.91,245.82,0
2025-004938,2025-10-25 20:20:20,S1016,C00228,P2044,Call Center,Efectivo,Promo 10%,2,363.26,0.2,726.52,87.18,639.34,214.81,0
2025-004939,2025-08-22 15:37:39,S1006,C00419,P2030,Web,Efectivo,2x1,2,460.22,0.15,920.44,119.66,800.78,418.38,0
2025-004940,2025-06-24 07:00:59,S1031,C00161,P2017,Call Center,Billetera Digital,Sin Promo,1,266.29,0.05,266.29,39.94,226.35,182.13,0
2025-004941,2025-05-11 20:28:46,S1017,C00633,P2016,Tienda,Financiamiento,Promo 10%,3,155.33,0.1,465.99,55.92,410.07,121.18,0
2025-004942,2025-07-08 19:44:04,S1044,C00544,P2159,Web,Transferencia,Promo 10%,1,512.7,0.2,512.7,66.65,446.05,434.27,0
2025-004943,2025-10-12 17:28:41,S1040,C00787,P2065,Web,Billetera Digital,Cyber Week,2,408.29,0.0,816.58,106.16,710.42,269.16,0
2025-004944,2025-01-26 05:16:47,S1042,C00441,P2076,Tienda,Efectivo,Sin Promo,2,78.02,0.2,156.04,20.29,135.75,50.2,0
2025-004945,2025-11-26 17:13:23,S1036,C00797,P2009,Marketplace,Financiamiento,2x1,2,523.01,0.0,1046.02,156.9,889.12,287.2,0
2025-004946,2025-11-15 02:33:34,S1018,C00472,P2051,Marketplace,Billetera Digital,2x1,4,769.91,0.1,3079.64,369.56,2710.08,394.02,0
2025-004947,2025-08-05 17:27:01,S1045,C00488,P2144,Marketplace,Financiamiento,Promo 15%,1,272.5,0.0,272.5,35.43,237.07,177.43,0
2025-004948,2025-07-23 04:56:15,S1022,C00583,P2095,Web,Transferencia,Promo 15%,1,693.43,0.05,693.43,104.01,589.42,368.2,0
2025-004949,2025-05-01 11:51:24,S1045,C00563,P2087,Marketplace,Tarjeta,,2,275.21,0.15,550.42,71.55,478.87,166.63,0
2025-004950,2025-06-09 11:11:16,S1016,C00741,P2095,Web,Efectivo,Promo 10%,2,729.93,0.0,1459.86,175.18,1284.68,368.2,0
2025-004951,2025-07-14 21:55:01,S1015,C00616,P2087,Web,Tarjeta,Sin Promo,3,323.78,0.0,971.34,116.56,854.78,166.63,0
2025-004952,2025-11-27 23:47:05,S1022,C00502,P2060,Call Center,Financiamiento,2x1,2,306.6,0.2,613.2,91.98,521.22,245.82,0
2025-004953,2025-02-11 10:53:41,S1005,C00382,P2120,Call Center,Tarjeta,2x1,2,179.55,0.1,359.1,46.68,312.42,113.2,0
2025-004954,2025-02-07 15:06:28,S1025,C00569,P2055,Tienda,Transferencia,Cyber Week,1,119.65,0.15,119.65,17.95,101.7,77.43,0
2025-004955,2025-07-03 08:35:54,S1026,C00030,P2106,Marketplace,Financiamiento,Black Friday,1,369.14,0.2,369.14,55.37,313.77,310.34,0
2025-004956,2025-01-30 10:28:34,S1003,C00165,P2140,Marketplace,Efectivo,Promo 15%,1,14.41,0.0,14.41,1.87,12.54,6.63,0
2025-004957,2025-12-24 03:50:52,S1021,C00313,P2035,Tienda,Tarjeta,2x1,3,906.6,0.0,2719.8,407.97,2311.83,418.3,1
2025-004958,2025-09-27 14:43:39,S1016,C00641,P2112,Web,Transferencia,Promo 15%,1,361.76,0.0,361.76,43.41,318.35,257.82,0
2025-004959,2025-04-11 14:36:51,S1035,C00652,P2160,Tienda,Financiamiento,2x1,4,812.22,0.0,3248.88,487.33,2761.55,418.28,0
2025-004960,2025-06-21 14:33:00,S1037,C00500,P2145,Marketplace,Transferencia,Cyber Week,1,118.01,0.0,118.01,15.34,102.67,77.61,0
2025-004961,2025-08-18 16:19:12,S1037,C00627,P2030,Marketplace,Transferencia,Sin Promo,1,514.37,0.05,514.37,66.87,447.5,418.38,0
2025-004962,2025-09-15 09:25:24,S1040,C00173,P2139,Tienda,Transferencia,Promo 10%,3,17.24,0.15,51.72,6.72,45.0,12.71,1
2025-004963,2025-01-24 10:43:10,S1015,C00588,P2028,Marketplace,Tarjeta,Sin Promo,2,508.46,0.15,1016.92,122.03,894.89,344.08,1
2025-004964,2025-10-12 01:21:17,S1039,C00230,P2106,Web,Transferencia,Sin Promo,2,438.35,0.05,876.7,113.97,762.73,310.34,1
2025-004965,2025-12-14 11:03:22,S1006,C00061,P2141,Call Center,Efectivo,Promo 15%,4,665.99,0.2,2663.96,346.31,2317.65,384.64,0
2025-004966,2025-02-04 03:16:52,S1006,C00628,P2100,Call Center,Tarjeta,Sin Promo,1,486.17,0.15,486.17,63.2,422.97,422.9,0
2025-004967,2025-04-09 14:06:02,S1005,C00418,P2118,Web,Tarjeta,Black Friday,1,65.15,0.0,65.15,8.47,56.68,45.65,1
2025-004968,2025-04-24 17:11:49,S1045,C00157,P2026,Tienda,Transferencia,Sin Promo,1,390.93,0.15,390.93,50.82,340.11,230.43,1
2025-004969,2025-07-25 06:29:11,S1021,C00382,P2053,Call Center,Transferencia,Sin Promo,1,934.5,0.0,934.5,140.17,794.33,436.17,0
2025-004970,2025-01-12 12:15:27,S1024,C00598,P2090,Call Center,Tarjeta,2x1,2,105.3,0.15,210.6,31.59,179.01,72.93,0
2025-004971,2025-11-01 03:10:30,S1045,C00515,P2080,Call Center,Tarjeta,Cyber Week,2,286.7,0.05,573.4,74.54,498.86,221.89,0
2025-004972,2025-03-21 11:08:16,S1001,C00159,P2117,Tienda,Billetera Digital,Promo 10%,1,71.57,0.15,71.57,9.3,62.27,41.82,1
2025-004973,2025-06-25 16:03:33,S1026,C00640,P2110,Tienda,Financiamiento,Sin Promo,2,354.21,0.15,708.42,106.26,602.16,314.95,0
2025-004974,2025-10-22 03:27:29,S1027,C00478,P2097,Web,Financiamiento,Promo 10%,1,521.13,0.0,521.13,78.17,442.96,298.37,0
2025-004975,2025-02-27 07:01:29,S1002,C00153,P2121,Call Center,Billetera Digital,Promo 15%,3,417.78,0.0,1253.34,162.93,1090.41,207.12,0
2025-004976,2025-02-24 22:47:32,S1007,C00298,P2144,Tienda,Billetera Digital,2x1,2,272.5,0.0,545.0,70.85,474.15,177.43,1
2025-004977,2025-11-17 08:12:09,S1015,C00538,P2069,Marketplace,Financiamiento,Sin Promo,2,191.55,0.0,383.1,45.97,337.13,145.02,1
2025-004978,2025-01-28 17:03:49,S1013,C00362,P2116,Marketplace,Efectivo,Cyber Week,1,632.31,0.15,632.31,75.88,556.43,358.01,0
2025-004979,2025-08-13 17:38:03,S1040,C00472,P2038,Call Center,Financiamiento,2x1,2,132.95,0.05,265.9,34.57,231.33,104.22,0
2025-004980,2025-09-06 08:08:39,S1024,C00144,P2152,Web,Efectivo,Sin Promo,1,474.53,0.05,474.53,71.18,403.35,338.06,0
2025-004981,2025-08-18 17:50:18,S1002,C00287,P2003,Call Center,Transferencia,Black Friday,5,508.72,0.0,2543.6,330.67,2212.93,261.5,0
2025-004982,2025-02-19 06:05:55,S1034,C00644,P2096,Web,Financiamiento,2x1,5,636.0,0.0,3180.0,477.0,2703.0,369.96,0
2025-004983,2025-09-03 23:38:49,S1037,C00358,P2001,Marketplace,Financiamiento,2x1,1,91.03,0.05,91.03,11.83,79.2,59.67,0
2025-004984,2025-10-09 22:45:53,S1041,C00440,P2120,Tienda,Financiamiento,Sin Promo,1,199.5,0.0,199.5,25.94,173.56,113.2,0
2025-004985,2025-06-26 17:54:47,S1028,C00403,P2154,Tienda,Financiamiento,Promo 15%,3,659.89,0.1,1979.67,296.95,1682.72,427.53,1
2025-004986,2025-09-26 21:01:54,S1036,C00426,P2113,Tienda,Tarjeta,Promo 10%,4,297.65,0.0,1190.6,178.59,1012.01,139.53,0
2025-004987,2025-07-27 20:18:53,S1026,C00082,P2009,Call Center,Billetera Digital,2x1,1,444.56,0.15,444.56,66.68,377.88,287.2,0
2025-004988,2025-11-05 21:21:37,S1003,C00003,P2010,Tienda,Transferencia,2x1,2,383.89,0.05,767.78,99.81,667.97,210.17,0
2025-004989,2025-12-06 08:01:49,S1042,C00119,P2017,Web,Transferencia,Sin Promo,3,266.29,0.05,798.87,103.85,695.02,182.13,1
2025-004990,2025-11-09 01:35:14,S1022,C00105,P2053,Web,Tarjeta,Sin Promo,1,934.5,0.0,934.5,140.17,794.33,436.17,1
2025-004991,2025-06-04 12:28:00,S1006,C00220,P2056,Call Center,Transferencia,Promo 15%,4,842.59,0.05,3370.36,438.15,2932.21,417.23,0
2025-004992,2025-03-07 16:45:04,S1029,C00144,P2125,Marketplace,Transferencia,2x1,1,310.19,0.1,310.19,46.53,263.66,235.01,0
2025-004993,2025-11-03 06:37:48,S1038,C00338,P2050,Web,Tarjeta,Promo 10%,2,219.16,0.2,438.32,56.98,381.34,192.16,0
2025-004994,2025-02-27 00:45:05,S1045,C00524,P2018,Call Center,Efectivo,Promo 15%,6,313.49,0.2,1880.94,244.52,1636.42,224.11,1
2025-004995,2025-03-25 10:47:29,S1039,C00267,P2143,Call Center,Efectivo,2x1,1,175.44,0.0,175.44,22.81,152.63,101.86,0
2025-004996,2025-01-01 13:04:02,S1015,C00436,P2035,Web,Billetera Digital,Promo 10%,3,725.28,0.2,2175.84,261.1,1914.74,418.3,0
2025-004997,2025-06-02 16:51:49,S1042,C00100,P2046,Call Center,Billetera Digital,Promo 15%,1,344.44,0.05,344.44,44.78,299.66,192.92,0
2025-004998,2025-08-27 00:31:57,S1022,C00501,P2138,Tienda,Financiamiento,Promo 15%,1,576.08,0.2,576.08,86.41,489.67,375.47,0
2025-004999,2025-05-16 16:27:04,S1011,C00422,P2133,Marketplace,Efectivo,Black Friday,1,52.59,0.0,52.59,6.31,46.28,38.56,0
2025-005000,2025-11-19 07:15:27,S1032,C00369,P2143,Call Center,Billetera Digital,Promo 10%,3,175.44,0.0,526.32,78.95,447.37,101.86,1
2025-005001,2025-05-12 03:26:52,S1040,C00031,P2048,Tienda,Financiamiento,2x1,2,304.15,0.05,608.3,79.08,529.22,183.57,0
2025-005002,2025-06-08 21:09:14,S1030,C00647,P2083,Marketplace,Tarjeta,2x1,2,471.08,0.1,942.16,141.32,800.84,334.59,0
2025-005003,2025-10-02 00:43:16,S1036,C00056,P2153,Tienda,Financiamiento,Cyber Week,1,387.51,0.05,387.51,58.13,329.38,293.96,1
2025-005004,2025-10-23 08:47:09,S1024,C00663,P2051,Web,Transferencia,Promo 10%,1,855.46,0.0,855.46,128.32,727.14,394.02,0
2025-005005,2025-02-18 03:45:26,S1016,C00471,P2142,Tienda,Transferencia,Promo 10%,1,469.2,0.05,469.2,56.3,412.9,331.65,0
2025-005006,2025-11-12 19:55:32,S1026,C00339,P2111,Marketplace,Tarjeta,2x1,1,292.12,0.0,292.12,43.82,248.3,191.52,0
2025-005007,2025-08-12 11:49:39,S1040,C00523,P2106,Web,Efectivo,Promo 15%,1,461.42,0.0,461.42,59.98,401.44,310.34,0
2025-005008,2025-12-11 22:44:29,S1027,C00613,P2112,Tienda,Billetera Digital,Promo 10%,4,361.76,0.0,1447.04,217.06,1229.98,257.82,1
2025-005009,2025-12-15 11:28:11,S1026,C00693,P2134,Call Center,Billetera Digital,Sin Promo,1,229.48,0.05,229.48,34.42,195.06,153.79,1
2025-005010,2025-01-05 05:29:05,S1038,C00630,P2148,Web,Billetera Digital,Sin Promo,1,674.81,0.0,674.81,87.73,587.08,390.62,0
2025-005011,2025-06-15 19:34:08,S1010,C00431,P2105,Tienda,Efectivo,2x1,2,676.15,0.0,1352.3,162.28,1190.02,320.12,0
2025-005012,2025-11-03 09:34:01,S1005,C00688,P2133,Tienda,Billetera Digital,Promo 10%,1,42.07,0.2,42.07,5.47,36.6,38.56,0
2025-005013,2025-06-28 03:47:41,S1024,C00639,P2140,Call Center,Efectivo,Promo 15%,1,11.53,0.2,11.53,1.73,9.8,6.63,0
2025-005014,2025-06-28 08:40:05,S1009,C00136,P2142,Call Center,Financiamiento,Promo 10%,6,419.81,0.15,2518.86,327.45,2191.41,331.65,1
2025-005015,2025-05-02 20:13:28,S1024,C00737,P2016,Marketplace,Transferencia,Black Friday,3,138.07,0.2,414.21,62.13,352.08,121.18,0
2025-005016,2025-06-13 18:26:09,S1001,C00531,P2012,Marketplace,Tarjeta,Cyber Week,1,788.33,0.0,788.33,102.48,685.85,363.05,0
2025-005017,2025-08-12 23:13:32,S1034,C00001,P2150,Marketplace,Transferencia,Promo 15%,1,234.07,0.0,234.07,35.11,198.96,154.53,0
2025-005018,2025-10-28 04:14:27,S1009,C00202,P2110,Call Center,Efectivo,Sin Promo,1,416.72,0.0,416.72,54.17,362.55,314.95,0
2025-005019,2025-01-28 14:06:37,S1033,C00260,P2048,Call Center,Efectivo,Black Friday,1,304.15,0.05,304.15,45.62,258.53,183.57,0
2025-005020,2025-07-18 04:22:42,S1042,C00042,P2149,Web,Efectivo,Sin Promo,1,179.85,0.2,179.85,23.38,156.47,173.08,0
2025-005021,2025-10-11 13:51:59,S1013,C00765,P2087,Tienda,Tarjeta,Promo 10%,2,323.78,0.0,647.56,77.71,569.85,166.63,1
2025-005022,2025-01-25 02:23:10,S1032,C00685,P2130,Call Center,Tarjeta,Promo 10%,3,701.29,0.0,2103.87,315.58,1788.29,404.15,0
2025-005023,2025-03-31 01:17:12,S1016,C00652,P2063,Call Center,Efectivo,2x1,1,63.37,0.1,63.37,7.6,55.77,34.56,0
2025-005024,2025-01-28 12:49:15,S1017,,P2054,Marketplace,Financiamiento,Promo 15%,4,393.79,0.15,1575.16,189.02,1386.14,220.6,0
2025-005025,2025-04-02 07:10:10,S1022,C00421,P2058,Call Center,Tarjeta,Sin Promo,3,465.91,0.0,1397.73,209.66,1188.07,324.41,1
2025-005026,2025-08-24 15:16:07,S1028,C00347,P2124,Tienda,Tarjeta,Promo 10%,5,380.55,0.2,1902.75,285.41,1617.34,351.18,0
2025-005027,2025-06-22 12:39:26,S1001,C00630,P2011,Tienda,Transferencia,Sin Promo,2,373.08,0.05,746.16,97.0,649.16,309.34,0
2025-005028,2025-04-25 17:22:51,S1036,C00079,P2086,Call Center,Financiamiento,Sin Promo,1,87.36,0.2,87.36,13.1,74.26,70.05,0
2025-005029,2025-06-11 16:52:29,S1018,C00218,P2092,Web,Financiamiento,Promo 10%,2,802.49,0.0,1604.98,192.6,1412.38,416.32,0
2025-005030,2025-01-09 11:10:56,S1016,C00011,P2157,Web,Tarjeta,Black Friday,4,201.04,0.1,804.16,96.5,707.66,118.28,0
2025-005031,2025-09-27 15:37:23,S1010,C00364,P2075,Marketplace,Tarjeta,2x1,1,522.04,0.1,522.04,62.64,459.4,301.87,0
2025-005032,2025-12-18 17:49:34,S1007,C00125,P2138,Tienda,Financiamiento,Promo 15%,3,720.1,0.0,2160.3,280.84,1879.46,375.47,0
2025-005033,2025-06-22 20:23:56,S1004,C00397,P2066,Tienda,Tarjeta,2x1,4,472.24,0.1,1888.96,245.56,1643.4,297.19,0
2025-005034,2025-11-21 18:44:38,S1008,C00762,P2055,Call Center,Transferencia,Promo 15%,1,112.62,0.2,112.62,14.64,97.98,77.43,0
2025-005035,2025-10-08 19:45:34,S1035,C00084,P2036,Marketplace,Billetera Digital,Sin Promo,5,288.63,0.0,1443.15,216.47,1226.68,143.03,0
2025-005036,2025-10-13 07:30:11,S1025,C00238,P2088,Marketplace,Efectivo,Promo 15%,3,486.13,0.15,1458.39,218.76,1239.63,308.2,0
2025-005037,2025-08-05 12:21:13,S1030,C00569,P2108,Web,Efectivo,2x1,1,255.04,0.1,255.04,38.26,216.78,144.01,0
2025-005038,2025-08-14 03:56:16,S1015,C00402,P2123,Call Center,Tarjeta,Promo 15%,1,148.84,0.15,148.84,17.86,130.98,112.82,0
2025-005039,2025-08-18 19:09:20,S1029,C00586,P2031,Tienda,Tarjeta,Promo 10%,3,193.42,0.05,580.26,87.04,493.22,111.43,0
2025-005040,2025-06-13 02:35:10,S1014,C00142,P2155,Call Center,Billetera Digital,Black Friday,4,133.73,0.15,534.92,64.19,470.73,71.96,0
2025-005041,2025-12-05 03:40:46,S1011,C00720,P2130,Tienda,Financiamiento,Black Friday,2,561.03,0.2,1122.06,134.65,987.41,404.15,0
2025-005042,2025-08-10 09:23:37,S1008,C00716,P2038,Tienda,Efectivo,Black Friday,2,118.96,0.15,237.92,30.93,206.99,104.22,0
2025-005043,2025-09-05 18:33:35,S1043,C00799,P2069,Marketplace,Transferencia,Cyber Week,1,181.97,0.05,181.97,23.66,158.31,145.02,0
2025-005044,2025-05-15 18:34:35,S1043,C00139,P2063,Web,Billetera Digital,Sin Promo,2,70.41,0.0,140.82,18.31,122.51,34.56,1
2025-005045,2025-10-15 14:50:17,S1004,C00126,P2156,Marketplace,Transferencia,Promo 10%,1,77.36,0.05,77.36,10.06,67.3,55.02,0
2025-005046,2025-03-14 23:23:54,S1010,C00284,P2126,Web,Tarjeta,Promo 10%,1,581.52,0.15,581.52,69.78,511.74,413.19,0
2025-005047,2025-10-12 15:42:09,S1043,C00234,P2036,Tienda,Financiamiento,Promo 15%,1,288.63,0.0,288.63,37.52,251.11,143.03,1
2025-005048,2025-09-03 13:54:08,S1013,C00114,P2070,Web,Transferencia,Promo 10%,2,522.57,0.15,1045.14,125.42,919.72,281.04,0
2025-005049,2025-06-04 16:49:36,S1027,C00096,P2011,Call Center,Tarjeta,Black Friday,3,373.08,0.05,1119.24,167.89,951.35,309.34,0
2025-005050,2025-06-23 23:06:54,S1031,C00487,P2119,Web,Transferencia,Black Friday,2,763.08,0.0,1526.16,228.92,1297.24,363.73,0
2025-005051,2025-09-09 17:33:07,S1033,C00376,P2090,Call Center,Efectivo,Cyber Week,1,111.49,0.1,111.49,16.72,94.77,72.93,0
2025-005052,2025-10-29 14:56:33,S1012,C00780,P2147,Tienda,Financiamiento,Sin Promo,1,493.36,0.1,493.36,59.2,434.16,299.7,0
2025-005053,2025-11-12 14:02:00,S1033,C00541,P2037,Marketplace,Transferencia,Cyber Week,5,623.8,0.0,3119.0,467.85,2651.15,405.23,0
2025-005054,2025-12-19 12:05:21,S1018,C00233,P2035,Tienda,Tarjeta,Cyber Week,3,861.27,0.05,2583.81,310.06,2273.75,418.3,1
2025-005055,2025-09-25 19:44:46,S1036,C00595,P2082,Web,Efectivo,Cyber Week,1,225.14,0.2,225.14,33.77,191.37,152.77,0
2025-005056,2025-06-19 09:16:55,S1028,C00271,P2015,Marketplace,Tarjeta,Cyber Week,3,156.39,0.1,469.17,70.38,398.79,122.14,0
2025-005057,2025-09-24 14:52:19,S1018,C00720,P2110,Call Center,Transferencia,Promo 10%,1,416.72,0.0,416.72,50.01,366.71,314.95,0
2025-005058,2025-09-08 04:34:08,S1038,C00589,P2003,Marketplace,Financiamiento,Black Friday,1,483.28,0.05,483.28,62.83,420.45,261.5,1
2025-005059,2025-03-20 00:56:29,S1031,C00782,P2036,Web,Efectivo,2x1,1,288.63,0.0,288.63,43.29,245.34,143.03,1
2025-005060,2025-08-25 22:36:26,S1035,C00690,P2091,Marketplace,Billetera Digital,Black Friday,1,514.42,0.05,514.42,77.16,437.26,397.11,0
2025-005061,2025-05-21 11:04:55,S1025,C00005,P2030,Call Center,Financiamiento,Cyber Week,1,460.22,0.15,460.22,69.03,391.19,418.38,0
2025-005062,2025-03-23 11:53:43,S1043,C00591,P2101,Marketplace,Transferencia,Cyber Week,1,269.22,0.2,269.22,35.0,234.22,262.94,0
2025-005063,2025-02-03 07:38:54,S1041,C00783,P2022,Marketplace,Billetera Digital,Black Friday,3,359.94,0.2,1079.82,140.38,939.44,325.44,0
2025-005064,2025-09-26 18:15:39,S1006,C00415,P2093,Marketplace,Efectivo,2x1,3,147.96,0.0,443.88,57.7,386.18,75.0,0
2025-005065,2025-01-25 15:48:48,S1008,C00228,P2021,Marketplace,Billetera Digital,2x1,1,373.55,0.15,373.55,48.56,324.99,239.98,0
2025-005066,2025-10-07 14:12:53,S1023,,P2036,Marketplace,Billetera Digital,Cyber Week,1,288.63,0.0,288.63,43.29,245.34,143.03,0
2025-005067,2025-07-15 03:48:19,S1040,C00062,P2013,Call Center,Transferencia,Black Friday,3,190.19,0.05,570.57,74.17,496.4,98.1,0
2025-005068,2025-09-07 13:06:31,S1026,C00438,P2153,Web,Tarjeta,Promo 10%,2,387.51,0.05,775.02,116.25,658.77,293.96,0
2025-005069,2025-04-10 20:11:20,S1027,C00265,P2080,Web,Financiamiento,2x1,1,256.52,0.15,256.52,38.48,218.04,221.89,0
2025-005070,2025-10-17 10:20:45,S1037,,P2123,Marketplace,Billetera Digital,Promo 10%,2,166.35,0.05,332.7,43.25,289.45,112.82,0
2025-005071,2025-01-15 03:05:13,S1008,C00271,P2046,Call Center,Financiamiento,Promo 10%,2,326.31,0.1,652.62,84.84,567.78,192.92,0
2025-005072,2025-04-30 07:33:19,S1016,C00600,P2057,Marketplace,Efectivo,Promo 15%,2,419.8,0.0,839.6,100.75,738.85,314.68,0
2025-005073,2025-08-03 20:07:44,S1021,C00395,P2017,Marketplace,Billetera Digital,2x1,2,280.3,0.0,560.6,84.09,476.51,182.13,0
2025-005074,2025-11-03 01:47:28,S1030,C00067,P2110,Call Center,Billetera Digital,Promo 10%,3,395.88,0.05,1187.64,178.15,1009.49,314.95,0
2025-005075,2025-12-10 17:29:57,S1013,C00713,P2103,Tienda,Efectivo,Black Friday,1,361.16,0.15,361.16,43.34,317.82,274.37,0
2025-005076,2025-11-12 05:18:54,S1037,C00566,P2147,Tienda,Efectivo,Sin Promo,2,548.18,0.0,1096.36,142.53,953.83,299.7,1
2025-005077,2025-02-21 15:47:56,S1010,C00459,P2052,Tienda,Financiamiento,Black Friday,3,80.49,0.15,241.47,28.98,212.49,47.67,0
2025-005078,2025-12-12 17:20:31,S1009,C00443,P2023,Marketplace,Transferencia,Cyber Week,1,476.78,0.1,476.78,61.98,414.8,346.8,0
2025-005079,2025-03-25 20:00:43,S1025,C00407,P2156,Call Center,Financiamiento,2x1,2,77.36,0.05,154.72,23.21,131.51,55.02,0
2025-005080,2025-03-17 01:23:14,S1017,C00772,P2023,Call Center,Transferencia,Black Friday,5,529.75,0.0,2648.75,317.85,2330.9,346.8,0
2025-005081,2025-07-29 16:14:01,S1033,C00529,P2072,Call Center,Efectivo,Cyber Week,2,604.62,0.0,1209.24,181.39,1027.85,420.23,0
2025-005082,2025-04-14 17:20:15,S1031,C00501,P2041,Tienda,Transferencia,Sin Promo,2,44.19,0.05,88.38,13.26,75.12,34.06,0
2025-005083,2025-12-16 10:15:08,S1020,C00200,P2081,Web,Efectivo,2x1,1,359.38,0.1,359.38,53.91,305.47,192.91,0
2025-005084,2025-10-15 17:35:22,S1009,C00692,P2113,Marketplace,Financiamiento,Promo 15%,2,238.12,0.2,476.24,61.91,414.33,139.53,0
2025-005085,2025-05-03 15:29:48,S1015,C00008,P2067,Tienda,Financiamiento,Promo 10%,1,582.45,0.0,582.45,69.89,512.56,420.88,0
2025-005086,2025-03-07 12:30:10,S1038,C00058,P2105,Tienda,Tarjeta,Promo 10%,4,676.15,0.0,2704.6,351.6,2353.0,320.12,0
2025-005087,2025-12-05 12:50:19,S1029,C00098,P2156,Web,Efectivo,Sin Promo,1,81.43,0.0,81.43,12.21,69.22,55.02,0
2025-005088,2025-03-26 14:05:56,S1002,C00400,P2062,Call Center,Billetera Digital,Promo 10%,3,106.3,0.05,318.9,41.46,277.44,74.21,0
2025-005089,2025-03-24 19:37:36,S1002,C00618,P2043,Call Center,Tarjeta,2x1,1,266.57,0.15,266.57,34.65,231.92,244.5,0
2025-005090,2025-06-01 08:13:36,S1031,C00736,P2093,Marketplace,Billetera Digital,Black Friday,3,147.96,0.0,443.88,66.58,377.3,75.0,0
2025-005091,2025-07-11 14:10:08,S1016,C00079,P2092,Tienda,Transferencia,Black Friday,2,762.37,0.05,1524.74,182.97,1341.77,416.32,0
2025-005092,2025-06-14 09:09:15,S1041,,P2094,Tienda,Tarjeta,Cyber Week,2,595.67,0.15,1191.34,154.87,1036.47,392.99,0
2025-005093,2025-07-20 22:13:01,S1029,C00753,P2086,Tienda,Efectivo,Sin Promo,2,103.74,0.05,207.48,31.12,176.36,70.05,0
2025-005094,2025-11-02 22:58:38,S1002,C00094,P2149,Marketplace,Efectivo,Sin Promo,1,224.81,0.0,224.81,29.23,195.58,173.08,0
2025-005095,2025-11-07 14:06:28,S1001,C00196,P2031,Call Center,Tarjeta,Black Friday,1,203.6,0.0,203.6,26.47,177.13,111.43,1
2025-005096,2025-02-26 18:16:29,S1019,C00570,P2103,Web,Transferencia,Sin Promo,3,382.41,0.1,1147.23,172.08,975.15,274.37,1
2025-005097,2025-05-03 22:17:57,S1010,C00567,P2111,Marketplace,Tarjeta,,2,292.12,0.0,584.24,70.11,514.13,191.52,0
2025-005098,2025-11-26 19:43:31,S1004,C00326,P2082,Call Center,Efectivo,Cyber Week,1,225.14,0.2,225.14,29.27,195.87,152.77,0
2025-005099,2025-09-22 05:06:11,S1022,C00782,P2069,Web,Financiamiento,2x1,1,153.24,0.2,153.24,22.99,130.25,145.02,0
2025-005100,2025-12-19 11:04:28,S1038,,P2075,Web,Efectivo,Promo 15%,4,493.04,0.15,1972.16,256.38,1715.78,301.87,0
2025-005101,2025-06-18 09:46:33,S1036,C00130,P2061,Web,Financiamiento,Black Friday,1,42.68,0.0,42.68,6.4,36.28,26.36,0
2025-005102,2025-08-31 08:40:16,S1041,C00651,P2017,Marketplace,Billetera Digital,Promo 10%,2,266.29,0.05,532.58,69.24,463.34,182.13,0
2025-005103,2025-05-22 21:59:38,S1004,C00646,P2068,Web,Financiamiento,Cyber Week,2,246.4,0.0,492.8,64.06,428.74,122.46,0
2025-005104,2025-12-22 18:35:01,S1044,C00187,P2131,Tienda,Efectivo,Promo 10%,2,187.08,0.05,374.16,48.64,325.52,119.6,0
2025-005105,2025-07-12 11:26:32,S1031,C00589,P2013,Web,Financiamiento,Promo 15%,2,180.18,0.1,360.36,54.05,306.31,98.1,0
2025-005106,2025-07-05 02:26:39,S1001,C00708,P2058,Marketplace,Transferencia,,2,465.91,0.0,931.82,121.14,810.68,324.41,0
2025-005107,2025-02-23 08:01:56,S1013,C00573,P2029,Marketplace,Transferencia,Sin Promo,1,442.35,0.1,442.35,53.08,389.27,271.13,0
2025-005108,2025-10-16 23:59:40,S1016,C00423,P2108,Marketplace,Tarjeta,2x1,4,240.87,0.15,963.48,115.62,847.86,144.01,0
2025-005109,2025-12-20 15:13:18,S1032,C00095,P2075,Tienda,Efectivo,2x1,1,493.04,0.15,493.04,73.96,419.08,301.87,0
2025-005110,2025-01-23 11:25:33,S1017,C00712,P2157,Tienda,Efectivo,Black Friday,5,212.21,0.05,1061.05,127.33,933.72,118.28,0
2025-005111,2025-06-08 07:42:55,S1037,C00560,P2101,Call Center,Tarjeta,2x1,1,336.53,0.0,336.53,43.75,292.78,262.94,0
2025-005112,2025-01-24 09:32:48,S1006,C00045,P2160,Marketplace,Financiamiento,Black Friday,1,690.39,0.15,690.39,89.75,600.64,418.28,0
2025-005113,2025-04-13 03:19:57,S1031,C00686,P2009,Tienda,Transferencia,Sin Promo,2,444.56,0.15,889.12,133.37,755.75,287.2,0
2025-005114,2025-06-20 05:13:41,S1016,C00388,P2087,Marketplace,Financiamiento,Promo 15%,1,323.78,0.0,323.78,38.85,284.93,166.63,0
2025-005115,2025-12-31 23:29:16,S1037,C00727,P2095,Web,Tarjeta,Black Friday,1,693.43,0.05,693.43,90.15,603.28,368.2,1
2025-005116,2025-07-31 22:25:04,S1015,C00089,P2151,Tienda,Transferencia,Cyber Week,1,233.86,0.05,233.86,28.06,205.8,116.51,0
2025-005117,2025-12-06 17:03:08,S1006,C00371,P2029,Marketplace,Efectivo,Sin Promo,1,466.92,0.05,466.92,60.7,406.22,271.13,0
2025-005118,2025-07-14 21:44:06,S1006,C00793,P2013,Marketplace,Efectivo,Cyber Week,1,200.2,0.0,200.2,26.03,174.17,98.1,1
2025-005119,2025-07-15 23:52:30,S1033,C00344,P2086,Tienda,Billetera Digital,Promo 15%,1,103.74,0.05,103.74,15.56,88.18,70.05,0
2025-005120,2025-09-21 00:09:04,S1017,C00279,P2149,Call Center,Tarjeta,Promo 10%,1,224.81,0.0,224.81,26.98,197.83,173.08,0
2025-005121,2025-12-22 23:29:18,S1037,C00324,P2078,Call Center,Financiamiento,Sin Promo,5,165.66,0.0,828.3,107.68,720.62,125.47,1
2025-005122,2025-06-09 23:28:12,S1019,C00748,P2043,Marketplace,Transferencia,Promo 15%,1,266.57,0.15,266.57,39.99,226.58,244.5,0
2025-005123,2025-12-25 07:08:43,S1003,C00402,P2119,Marketplace,Efectivo,2x1,5,686.77,0.1,3433.85,446.4,2987.45,363.73,1
2025-005124,2025-08-19 23:58:59,S1042,C00574,P2014,Marketplace,Tarjeta,Cyber Week,2,430.19,0.0,860.38,111.85,748.53,296.33,0
2025-005125,2025-06-19 03:11:47,S1028,C00242,P2123,Marketplace,Financiamiento,Promo 15%,1,140.09,0.2,140.09,21.01,119.08,112.82,0
2025-005126,2025-12-09 00:15:34,S1032,C00799,P2052,Tienda,Billetera Digital,Promo 15%,2,75.75,0.2,151.5,22.72,128.78,47.67,0
2025-005127,2025-09-14 18:59:15,S1017,C00743,P2129,Call Center,Financiamiento,Sin Promo,3,403.96,0.2,1211.88,145.43,1066.45,401.84,1
2025-005128,2025-12-04 08:23:09,S1006,C00537,P2003,Tienda,Billetera Digital,Cyber Week,5,406.98,0.2,2034.9,264.54,1770.36,261.5,0
2025-005129,2025-09-24 06:09:33,S1042,C00646,P2037,Web,Transferencia,Sin Promo,1,530.23,0.15,530.23,68.93,461.3,405.23,0
2025-005130,2025-12-02 19:16:44,S1040,C00544,P2122,Call Center,Tarjeta,Promo 10%,5,647.54,0.05,3237.7,420.9,2816.8,324.38,0
2025-005131,2025-05-31 08:49:51,S1032,C00492,P2112,Web,Tarjeta,Black Friday,3,361.76,0.0,1085.28,162.79,922.49,257.82,0
2025-005132,2025-04-08 16:22:19,S1036,C00053,P2018,Call Center,Transferencia,Promo 10%,3,391.86,0.0,1175.58,176.34,999.24,224.11,0
2025-005133,2025-10-01 03:56:17,S1016,C00171,P2016,Marketplace,Transferencia,Cyber Week,1,163.96,0.05,163.96,19.68,144.28,121.18,0
2025-005134,2025-04-10 19:49:32,S1013,C00280,P2090,Marketplace,Transferencia,Cyber Week,3,123.88,0.0,371.64,44.6,327.04,72.93,0
2025-005135,2025-07-23 20:50:41,S1016,C00163,P2024,Tienda,Tarjeta,Promo 15%,3,253.02,0.2,759.06,91.09,667.97,197.91,0
2025-005136,2025-11-12 14:12:23,S1007,C00146,P2015,Marketplace,Tarjeta,Sin Promo,3,173.77,0.0,521.31,67.77,453.54,122.14,0
2025-005137,2025-09-30 02:09:34,S1039,C00672,P2125,Call Center,Billetera Digital,2x1,1,344.65,0.0,344.65,44.8,299.85,235.01,0
2025-005138,2025-06-07 13:23:45,S1035,C00399,P2032,Marketplace,Financiamiento,Promo 10%,2,466.57,0.0,933.14,139.97,793.17,330.43,1
2025-005139,2025-02-26 08:27:39,S1009,C00502,P2099,Marketplace,Financiamiento,Sin Promo,3,250.38,0.15,751.14,97.65,653.49,231.19,0
2025-005140,2025-01-05 17:53:17,S1034,C00762,P2080,Call Center,Efectivo,2x1,2,286.7,0.05,573.4,86.01,487.39,221.89,0
2025-005141,2025-01-16 23:18:59,S1027,C00649,P2083,Call Center,Transferencia,Promo 15%,3,418.74,0.2,1256.22,188.43,1067.79,334.59,0
2025-005142,2025-12-06 23:29:41,S1042,C00029,P2136,Marketplace,Tarjeta,Cyber Week,1,154.8,0.0,154.8,20.12,134.68,99.42,0
2025-005143,2025-01-06 10:30:04,S1020,C00727,P2129,Tienda,Efectivo,Black Friday,4,429.21,0.15,1716.84,257.53,1459.31,401.84,1
2025-005144,2025-05-09 14:11:09,S1007,C00342,P2133,Call Center,Efectivo,Cyber Week,2,52.59,0.0,105.18,13.67,91.51,38.56,1
2025-005145,2025-10-29 10:03:39,S1013,C00479,P2014,Tienda,Tarjeta,Promo 10%,4,430.19,0.0,1720.76,206.49,1514.27,296.33,0
2025-005146,2025-05-18 08:10:35,S1028,C00602,P2030,Marketplace,Tarjeta,2x1,2,541.44,0.0,1082.88,162.43,920.45,418.38,0
2025-005147,2025-01-19 22:26:03,S1001,C00350,P2106,Web,Efectivo,2x1,2,461.42,0.0,922.84,119.97,802.87,310.34,0
2025-005148,2025-12-10 16:41:09,S1031,C00384,P2132,Marketplace,Efectivo,2x1,4,289.45,0.1,1157.8,173.67,984.13,220.13,0
2025-005149,2025-04-16 00:28:24,S1003,C00204,P2033,Marketplace,Transferencia,2x1,3,80.36,0.0,241.08,31.34,209.74,61.26,0
2025-005150,2025-03-10 17:33:25,S1033,C00463,P2064,Marketplace,Tarjeta,Promo 10%,1,91.31,0.0,91.31,13.7,77.61,57.47,0
2025-005151,2025-04-17 00:53:38,S1020,C00154,P2154,Call Center,Financiamiento,Sin Promo,5,659.89,0.1,3299.45,494.92,2804.53,427.53,0
2025-005152,2025-02-19 06:47:19,S1015,C00721,P2032,Marketplace,Financiamiento,Cyber Week,2,373.26,0.2,746.52,89.58,656.94,330.43,0
2025-005153,2025-04-15 03:45:40,S1032,C00079,P2035,Tienda,Efectivo,Black Friday,1,770.61,0.15,770.61,115.59,655.02,418.3,0
2025-005154,2025-04-26 11:57:30,S1041,C00262,P2053,Web,Billetera Digital,2x1,3,934.5,0.0,2803.5,364.45,2439.05,436.17,0
2025-005155,2025-04-08 22:52:23,S1029,C00575,P2035,Tienda,Efectivo,Promo 10%,2,861.27,0.05,1722.54,258.38,1464.16,418.3,0
2025-005156,2025-05-09 19:57:47,S1012,C00273,P2012,Call Center,Billetera Digital,Sin Promo,2,748.91,0.05,1497.82,179.74,1318.08,363.05,0
2025-005157,2025-01-22 00:52:39,S1023,C00658,P2114,Tienda,Financiamiento,2x1,2,554.0,0.0,1108.0,166.2,941.8,274.57,0
2025-005158,2025-08-03 08:45:34,S1010,C00162,P2113,Tienda,Financiamiento,Cyber Week,4,282.77,0.05,1131.08,135.73,995.35,139.53,0
2025-005159,2025-08-06 05:05:15,S1020,C00104,P2084,Call Center,Billetera Digital,2x1,3,10.89,0.0,32.67,4.9,27.77,8.31,1
2025-005160,2025-03-24 05:09:11,S1003,C00527,P2022,Tienda,Financiamiento,2x1,2,449.93,0.0,899.86,116.98,782.88,325.44,1
2025-005161,2025-04-14 16:55:29,S1019,C00543,P2110,Tienda,Financiamiento,2x1,1,416.72,0.0,416.72,62.51,354.21,314.95,0
2025-005162,2025-07-21 12:49:08,S1012,C00071,P2125,Marketplace,Transferencia,Promo 10%,2,292.95,0.15,585.9,70.31,515.59,235.01,0
2025-005163,2025-02-04 04:13:36,S1011,C00672,P2132,Tienda,Billetera Digital,Sin Promo,1,305.53,0.05,305.53,36.66,268.87,220.13,0
2025-005164,2025-04-19 20:45:05,S1026,C00467,P2104,Marketplace,Financiamiento,Sin Promo,1,561.78,0.2,561.78,84.27,477.51,405.18,1
2025-005165,2025-04-05 00:55:57,S1002,C00476,P2107,Tienda,Tarjeta,Cyber Week,2,322.0,0.0,644.0,83.72,560.28,196.36,0
2025-005166,2025-05-13 18:20:37,S1028,C00576,P2035,Tienda,Billetera Digital,Sin Promo,1,906.6,0.0,906.6,135.99,770.61,418.3,0
2025-005167,2025-12-06 22:14:08,S1040,C00002,P2119,Tienda,Billetera Digital,Black Friday,4,610.46,0.2,2441.84,317.44,2124.4,363.73,0
2025-005168,2025-05-29 22:03:33,S1010,C00536,P2097,Tienda,Tarjeta,Sin Promo,3,521.13,0.0,1563.39,187.61,1375.78,298.37,0
2025-005169,2025-07-05 14:19:16,S1029,C00018,P2022,Web,Tarjeta,Promo 15%,2,427.43,0.05,854.86,128.23,726.63,325.44,0
2025-005170,2025-07-11 11:36:18,S1020,C00294,P2099,Marketplace,Transferencia,Promo 10%,3,294.57,0.0,883.71,132.56,751.15,231.19,0
2025-005171,2025-01-02 15:47:07,S1041,C00445,P2131,Call Center,Tarjeta,Promo 10%,2,196.93,0.0,393.86,51.2,342.66,119.6,1
2025-005172,2025-12-27 09:02:19,S1039,C00715,P2127,Marketplace,Efectivo,Black Friday,1,732.66,0.0,732.66,95.25,637.41,361.43,0
2025-005173,2025-04-16 16:46:53,S1002,C00731,P2057,Marketplace,Transferencia,Sin Promo,3,419.8,0.0,1259.4,163.72,1095.68,314.68,0
2025-005174,2025-01-06 19:54:51,S1010,C00016,P2008,Tienda,Transferencia,Sin Promo,3,874.23,0.0,2622.69,314.72,2307.97,421.75,0
2025-005175,2025-12-18 16:41:35,S1041,C00776,P2056,Marketplace,Efectivo,Promo 15%,4,798.25,0.1,3193.0,415.09,2777.91,417.23,0
2025-005176,2025-10-13 14:37:12,S1026,C00437,P2019,Call Center,Billetera Digital,Promo 15%,1,471.27,0.0,471.27,70.69,400.58,283.84,0
2025-005177,2025-11-21 02:20:56,S1029,C00565,P2144,Marketplace,Billetera Digital,2x1,1,272.5,0.0,272.5,40.88,231.62,177.43,0
2025-005178,2025-10-16 05:17:32,S1022,C00591,P2128,Web,Billetera Digital,Promo 15%,2,557.39,0.0,1114.78,167.22,947.56,269.57,0
2025-005179,2025-12-31 06:24:36,S1037,C00202,P2055,Web,Billetera Digital,Promo 15%,4,140.77,0.0,563.08,73.2,489.88,77.43,0
2025-005180,2025-01-18 22:19:00,S1034,C00330,P2115,Web,Efectivo,Black Friday,1,353.94,0.05,353.94,53.09,300.85,201.2,0
2025-005181,2025-11-11 03:46:05,S1043,C00789,P2136,Marketplace,Efectivo,Promo 10%,2,123.84,0.2,247.68,32.2,215.48,99.42,0
2025-005182,2025-04-10 22:30:50,S1006,C00326,P2096,Web,Efectivo,Sin Promo,1,636.0,0.0,636.0,82.68,553.32,369.96,1
2025-005183,2025-01-06 15:44:53,S1021,C00692,P2112,Tienda,Tarjeta,Sin Promo,2,289.41,0.2,578.82,86.82,492.0,257.82,0
2025-005184,2025-01-01 03:30:22,S1041,C00659,P2123,Tienda,Transferencia,Sin Promo,5,148.84,0.15,744.2,96.75,647.45,112.82,0
2025-005185,2025-07-03 22:09:02,S1010,C00603,P2102,Call Center,Financiamiento,Black Friday,3,475.83,0.05,1427.49,171.3,1256.19,270.07,1
2025-005186,2025-12-11 04:23:52,S1003,C00691,P2132,Marketplace,Efectivo,2x1,1,321.61,0.0,321.61,41.81,279.8,220.13,0
2025-005187,2025-08-26 14:40:25,S1018,C00698,P2077,Tienda,Billetera Digital,Promo 10%,1,754.96,0.05,754.96,90.6,664.36,400.81,0
2025-005188,2025-01-02 00:47:49,S1014,C00290,P2157,Web,Efectivo,Promo 15%,1,189.87,0.15,189.87,22.78,167.09,118.28,0
2025-005189,2025-06-10 23:57:27,S1016,C00761,P2060,Marketplace,Transferencia,Black Friday,1,383.25,0.0,383.25,45.99,337.26,245.82,0
2025-005190,2025-10-05 16:36:39,S1018,C00211,P2037,Call Center,Transferencia,Promo 15%,2,623.8,0.0,1247.6,149.71,1097.89,405.23,0
2025-005191,2025-01-15 03:00:40,S1006,C00007,P2139,Web,Transferencia,Cyber Week,1,18.25,0.1,18.25,2.37,15.88,12.71,0
2025-005192,2025-04-22 00:39:54,S1044,C00328,P2130,Call Center,Efectivo,2x1,2,596.1,0.15,1192.2,154.99,1037.21,404.15,0
2025-005193,2025-07-25 04:07:51,S1020,C00352,P2062,Marketplace,Financiamiento,2x1,1,111.89,0.0,111.89,16.78,95.11,74.21,0
2025-005194,2025-08-09 02:57:04,S1022,C00012,P2031,Tienda,Billetera Digital,2x1,1,203.6,0.0,203.6,30.54,173.06,111.43,0
2025-005195,2025-08-04 13:07:44,S1025,C00193,P2143,Marketplace,Transferencia,Sin Promo,1,166.67,0.05,166.67,25.0,141.67,101.86,0
2025-005196,2025-10-06 22:46:58,S1024,C00160,P2059,Tienda,Tarjeta,Promo 15%,1,130.71,0.0,130.71,19.61,111.1,101.09,0
2025-005197,2025-04-10 06:42:26,S1005,C00277,P2005,Marketplace,Billetera Digital,Promo 15%,2,491.34,0.1,982.68,127.75,854.93,390.45,0
2025-005198,2025-02-24 17:59:32,S1035,C00406,P2078,Tienda,Billetera Digital,2x1,2,165.66,0.0,331.32,49.7,281.62,125.47,0
2025-005199,2025-09-13 15:03:41,S1005,C00407,P2045,Tienda,Transferencia,2x1,1,62.02,0.1,62.02,8.06,53.96,46.07,0
2025-005200,2025-06-15 17:42:22,S1042,C00088,P2096,Web,Tarjeta,Cyber Week,1,572.4,0.1,572.4,74.41,497.99,369.96,0
2025-005201,2025-03-15 23:37:49,S1011,C00462,P2129,Tienda,Billetera Digital,2x1,1,454.45,0.1,454.45,54.53,399.92,401.84,0
2025-005202,2025-12-02 08:22:06,S1031,C00548,P2150,Web,Financiamiento,Promo 15%,2,234.07,0.0,468.14,70.22,397.92,154.53,0
2025-005203,2025-08-20 14:29:00,S1019,C00404,P2043,Tienda,Transferencia,Sin Promo,6,313.61,0.0,1881.66,282.25,1599.41,244.5,1
2025-005204,2025-01-25 21:38:09,S1027,C00689,P2095,Web,Financiamiento,2x1,6,656.94,0.1,3941.64,591.25,3350.39,368.2,0
2025-005205,2025-10-12 04:18:58,S1003,C00293,P2105,Marketplace,Transferencia,Promo 10%,1,642.34,0.05,642.34,83.5,558.84,320.12,0
2025-005206,2025-07-28 12:31:58,S1041,C00729,P2043,Tienda,Efectivo,Black Friday,1,297.93,0.05,297.93,38.73,259.2,244.5,0
2025-005207,2025-12-07 13:00:39,S1014,C00294,P2027,Call Center,Transferencia,2x1,2,315.14,0.05,630.28,75.63,554.65,230.42,0
2025-005208,2025-01-07 18:16:38,S1035,C00756,P2104,Marketplace,Efectivo,Black Friday,1,702.23,0.0,702.23,105.33,596.9,405.18,0
2025-005209,2025-01-29 06:24:01,S1025,C00515,P2113,Call Center,Tarjeta,2x1,2,297.65,0.0,595.3,89.29,506.01,139.53,1
2025-005210,2025-10-20 07:54:16,S1018,C00578,P2067,Marketplace,Tarjeta,Cyber Week,2,495.08,0.15,990.16,118.82,871.34,420.88,0
2025-005211,2025-07-05 02:55:37,S1007,C00645,P2099,Tienda,Billetera Digital,2x1,3,294.57,0.0,883.71,114.88,768.83,231.19,0
2025-005212,2025-08-24 10:02:25,S1016,C00793,P2055,Call Center,Tarjeta,2x1,5,140.77,0.0,703.85,84.46,619.39,77.43,1
2025-005213,2025-04-26 05:08:06,S1013,C00688,P2156,Web,Efectivo,Black Friday,1,69.22,0.15,69.22,8.31,60.91,55.02,0
2025-005214,2025-07-01 21:25:23,S1014,,P2075,Call Center,Efectivo,Black Friday,3,580.05,0.0,1740.15,208.82,1531.33,301.87,0
2025-005215,2025-11-01 00:01:53,S1006,C00411,P2036,Web,Transferencia,2x1,3,288.63,0.0,865.89,112.57,753.32,143.03,0
2025-005216,2025-09-30 02:46:10,S1044,C00526,P2109,Web,Tarjeta,2x1,2,177.04,0.15,354.08,46.03,308.05,141.94,0
2025-005217,2025-02-14 19:46:13,S1033,C00591,P2098,Web,Tarjeta,Promo 10%,6,516.06,0.2,3096.36,464.45,2631.91,389.5,0
2025-005218,2025-07-06 07:25:45,S1001,C00231,P2082,Call Center,Efectivo,2x1,1,239.21,0.15,239.21,31.1,208.11,152.77,0
2025-005219,2025-01-18 09:52:00,S1001,C00059,P2115,Call Center,Tarjeta,Sin Promo,3,353.94,0.05,1061.82,138.04,923.78,201.2,0
2025-005220,2025-11-15 02:55:58,S1018,C00086,P2132,Tienda,Billetera Digital,Black Friday,1,321.61,0.0,321.61,38.59,283.02,220.13,0
2025-005221,2025-11-20 20:49:26,S1043,C00403,P2094,Call Center,Billetera Digital,Sin Promo,2,595.67,0.15,1191.34,154.87,1036.47,392.99,0
2025-005222,2025-10-20 15:14:27,S1040,C00653,P2071,Web,Tarjeta,Cyber Week,2,459.39,0.05,918.78,119.44,799.34,243.78,0
2025-005223,2025-02-11 00:47:27,S1040,C00064,P2108,Call Center,Transferencia,Sin Promo,3,283.38,0.0,850.14,110.52,739.62,144.01,0
2025-005224,2025-07-26 08:55:22,S1003,C00303,P2028,Marketplace,Efectivo,2x1,3,598.19,0.0,1794.57,233.29,1561.28,344.08,0
2025-005225,2025-12-28 22:10:06,S1039,C00516,P2077,Call Center,Efectivo,Sin Promo,1,794.69,0.0,794.69,103.31,691.38,400.81,1
2025-005226,2025-09-08 12:21:12,S1034,C00428,P2120,Web,Tarjeta,2x1,3,179.55,0.1,538.65,80.8,457.85,113.2,0
2025-005227,2025-11-06 20:15:26,S1019,C00754,P2012,Marketplace,Billetera Digital,2x1,3,748.91,0.05,2246.73,337.01,1909.72,363.05,0
2025-005228,2025-03-13 14:54:01,S1003,C00673,P2143,Call Center,Financiamiento,Promo 10%,3,166.67,0.05,500.01,65.0,435.01,101.86,0
2025-005229,2025-12-03 05:11:20,S1025,C00760,P2013,Call Center,Tarjeta,Promo 15%,4,200.2,0.0,800.8,120.12,680.68,98.1,0
2025-005230,2025-11-05 19:27:35,S1009,C00472,P2074,Web,Billetera Digital,Promo 10%,2,239.08,0.15,478.16,62.16,416.0,138.92,0
2025-005231,2025-03-07 02:20:51,S1012,C00473,P2108,Web,Efectivo,Sin Promo,1,283.38,0.0,283.38,34.01,249.37,144.01,0
2025-005232,2025-11-27 16:09:09,S1004,C00392,P2032,Call Center,Transferencia,Promo 15%,2,373.26,0.2,746.52,97.05,649.47,330.43,0
2025-005233,2025-07-30 01:58:49,S1025,C00300,P2023,Call Center,Billetera Digital,Sin Promo,1,529.75,0.0,529.75,79.46,450.29,346.8,0
2025-005234,2025-08-18 08:59:37,S1043,C00470,P2120,Tienda,Tarjeta,2x1,1,199.5,0.0,199.5,25.94,173.56,113.2,1
2025-005235,2025-04-17 09:14:30,S1022,C00287,P2126,Call Center,Billetera Digital,Cyber Week,2,547.31,0.2,1094.62,164.19,930.43,413.19,0
2025-005236,2025-09-20 13:06:04,S1021,C00699,P2093,Tienda,Transferencia,2x1,3,118.37,0.2,355.11,53.27,301.84,75.0,0
2025-005237,2025-11-07 16:43:23,S1038,C00014,P2066,Call Center,Financiamiento,2x1,1,472.24,0.1,472.24,61.39,410.85,297.19,0
2025-005238,2025-04-14 22:48:59,S1015,C00167,P2050,Marketplace,Tarjeta,Promo 15%,1,273.95,0.0,273.95,32.87,241.08,192.16,0
2025-005239,2025-10-29 21:07:29,S1036,C00368,P2037,Call Center,Efectivo,Cyber Week,1,561.42,0.1,561.42,84.21,477.21,405.23,0
2025-005240,2025-11-13 18:08:37,S1023,C00234,P2135,Web,Efectivo,Promo 15%,4,137.64,0.1,550.56,82.58,467.98,71.27,0
2025-005241,2025-09-06 12:15:38,S1018,C00736,P2119,Web,Tarjeta,2x1,2,686.77,0.1,1373.54,164.82,1208.72,363.73,0
2025-005242,2025-09-08 15:30:08,S1036,C00394,P2022,Tienda,Financiamiento,Cyber Week,2,449.93,0.0,899.86,134.98,764.88,325.44,0
2025-005243,2025-11-18 12:36:01,S1045,C00236,P2138,Marketplace,Tarjeta,Promo 10%,1,576.08,0.2,576.08,74.89,501.19,375.47,1
2025-005244,2025-05-13 08:01:01,S1031,C00546,P2010,Web,Billetera Digital,Cyber Week,5,383.89,0.05,1919.45,287.92,1631.53,210.17,0
2025-005245,2025-09-08 00:27:05,S1026,C00458,P2137,Web,Transferencia,Promo 10%,2,428.74,0.0,857.48,128.62,728.86,246.0,0
2025-005246,2025-09-30 23:59:41,S1017,C00513,P2053,Marketplace,Financiamiento,Sin Promo,1,934.5,0.0,934.5,112.14,822.36,436.17,0
2025-005247,2025-04-08 01:18:11,S1011,C00342,P2006,Marketplace,Billetera Digital,Sin Promo,5,402.01,0.0,2010.05,241.21,1768.84,287.52,0
2025-005248,2025-06-24 23:29:40,S1028,C00557,P2003,Web,Tarjeta,Sin Promo,1,406.98,0.2,406.98,61.05,345.93,261.5,0
2025-005249,2025-02-11 15:53:26,S1034,C00689,P2061,Call Center,Financiamiento,Promo 10%,2,42.68,0.0,85.36,12.8,72.56,26.36,0
2025-005250,2025-01-22 17:40:02,S1034,C00079,P2152,Web,Billetera Digital,Sin Promo,2,474.53,0.05,949.06,142.36,806.7,338.06,0
2025-005251,2025-09-13 18:38:16,S1007,C00617,P2058,Call Center,Efectivo,Black Friday,3,372.73,0.2,1118.19,145.36,972.83,324.41,1
2025-005252,2025-09-20 17:01:21,S1015,C00665,P2013,Web,Efectivo,Black Friday,3,170.17,0.15,510.51,61.26,449.25,98.1,1
2025-005253,2025-05-05 05:21:42,S1012,C00103,P2078,Call Center,Financiamiento,2x1,1,157.38,0.05,157.38,18.89,138.49,125.47,0
2025-005254,2025-10-29 10:19:59,S1006,C00560,P2112,Call Center,Transferencia,Cyber Week,1,289.41,0.2,289.41,37.62,251.79,257.82,0
2025-005255,2025-03-26 19:31:07,S1036,C00570,P2145,Web,Transferencia,Promo 15%,2,118.01,0.0,236.02,35.4,200.62,77.61,0
2025-005256,2025-04-16 05:45:04,S1042,,P2137,Web,Financiamiento,Promo 10%,2,364.43,0.15,728.86,94.75,634.11,246.0,0
2025-005257,2025-11-01 03:30:42,S1011,C00027,P2086,Marketplace,Transferencia,Sin Promo,1,109.2,0.0,109.2,13.1,96.1,70.05,1
2025-005258,2025-10-20 16:39:48,S1032,C00199,P2028,Marketplace,Billetera Digital,Sin Promo,2,508.46,0.15,1016.92,152.54,864.38,344.08,1
2025-005259,2025-02-11 15:21:02,S1010,C00622,P2059,Web,Tarjeta,Promo 15%,6,111.1,0.15,666.6,79.99,586.61,101.09,1
2025-005260,2025-08-08 23:27:49,S1023,C00763,P2114,Call Center,Transferencia,,1,470.9,0.15,470.9,70.63,400.27,274.57,0
2025-005261,2025-08-25 03:10:28,S1040,C00347,P2132,Marketplace,Tarjeta,Promo 10%,1,321.61,0.0,321.61,41.81,279.8,220.13,0
2025-005262,2025-05-14 21:21:42,S1041,C00014,P2156,Marketplace,Financiamiento,Promo 15%,3,73.29,0.1,219.87,28.58,191.29,55.02,1
2025-005263,2025-01-27 02:04:13,S1022,C00334,P2147,Call Center,Tarjeta,Promo 10%,1,548.18,0.0,548.18,82.23,465.95,299.7,0
2025-005264,2025-03-28 05:12:12,S1028,C00070,P2016,Marketplace,Efectivo,Promo 10%,3,172.59,0.0,517.77,77.67,440.1,121.18,0
2025-005265,2025-03-26 17:37:50,S1024,C00727,P2091,Web,Transferencia,Sin Promo,1,514.42,0.05,514.42,77.16,437.26,397.11,0
2025-005266,2025-07-20 09:05:05,S1002,C00142,P2107,Tienda,Efectivo,Promo 10%,3,289.8,0.1,869.4,113.02,756.38,196.36,0
2025-005267,2025-11-08 10:00:34,S1031,C00382,P2010,Tienda,Transferencia,Sin Promo,2,343.48,0.15,686.96,103.04,583.92,210.17,0
2025-005268,2025-02-24 20:33:52,S1016,C00754,P2109,Tienda,Transferencia,Black Friday,1,187.45,0.1,187.45,22.49,164.96,141.94,0
2025-005269,2025-01-15 02:28:05,S1011,C00628,P2085,Marketplace,Billetera Digital,Cyber Week,4,26.37,0.15,105.48,12.66,92.82,20.07,0
2025-005270,2025-06-18 17:31:06,S1016,C00439,P2074,Web,Billetera Digital,Promo 15%,1,281.27,0.0,281.27,33.75,247.52,138.92,0
2025-005271,2025-12-20 04:27:44,S1013,C00396,P2058,Call Center,Tarjeta,Cyber Week,3,465.91,0.0,1397.73,167.73,1230.0,324.41,1
2025-005272,2025-08-14 06:53:01,S1023,C00012,P2114,Tienda,Financiamiento,Cyber Week,4,554.0,0.0,2216.0,332.4,1883.6,274.57,0
2025-005273,2025-02-01 14:53:13,S1008,C00429,P2010,Call Center,Transferencia,Promo 15%,2,363.68,0.1,727.36,94.56,632.8,210.17,0
2025-005274,2025-03-20 06:28:09,S1016,C00114,P2010,Web,Billetera Digital,Promo 15%,4,404.09,0.0,1616.36,193.96,1422.4,210.17,0
2025-005275,2025-01-27 15:58:04,S1002,C00789,P2094,Marketplace,Transferencia,Black Friday,1,700.79,0.0,700.79,91.1,609.69,392.99,0
2025-005276,2025-06-17 20:00:07,S1019,C00624,P2129,Tienda,Tarjeta,Promo 10%,2,504.95,0.0,1009.9,151.48,858.42,401.84,0
2025-005277,2025-06-19 04:35:48,S1033,C00108,P2044,Marketplace,Tarjeta,2x1,2,454.08,0.0,908.16,136.22,771.94,214.81,1
2025-005278,2025-07-27 10:19:30,S1036,C00549,P2028,Web,Financiamiento,Cyber Week,2,538.37,0.1,1076.74,161.51,915.23,344.08,0
2025-005279,2025-10-05 01:28:04,S1009,C00491,P2004,Marketplace,Transferencia,2x1,2,462.1,0.15,924.2,120.15,804.05,298.92,0
2025-005280,2025-07-26 03:08:28,S1011,C00119,P2003,Marketplace,Transferencia,Black Friday,1,483.28,0.05,483.28,57.99,425.29,261.5,0
2025-005281,2025-06-19 21:51:57,S1045,C00754,P2120,Call Center,Billetera Digital,Promo 10%,3,199.5,0.0,598.5,77.81,520.69,113.2,0
2025-005282,2025-11-19 23:48:02,S1041,C00292,P2096,Call Center,Transferencia,Black Friday,1,540.6,0.15,540.6,70.28,470.32,369.96,0
2025-005283,2025-06-22 01:59:20,S1030,C00546,P2118,Web,Financiamiento,Cyber Week,1,58.64,0.1,58.64,8.8,49.84,45.65,0
2025-005284,2025-03-03 07:57:14,S1003,C00081,P2036,Call Center,Tarjeta,Promo 15%,1,288.63,0.0,288.63,37.52,251.11,143.03,0
2025-005285,2025-05-07 15:35:50,S1042,C00699,P2085,Web,Financiamiento,Promo 10%,1,31.02,0.0,31.02,4.03,26.99,20.07,0
2025-005286,2025-10-18 10:17:37,S1011,C00379,P2143,Tienda,Efectivo,Promo 10%,2,175.44,0.0,350.88,42.11,308.77,101.86,0
2025-005287,2025-01-05 08:56:01,S1035,C00370,P2083,Web,Transferencia,Promo 10%,1,523.42,0.0,523.42,78.51,444.91,334.59,0
2025-005288,2025-06-19 10:12:46,S1045,C00013,P2028,Tienda,Efectivo,Promo 15%,3,568.28,0.05,1704.84,221.63,1483.21,344.08,1
2025-005289,2025-08-31 22:31:59,S1004,C00565,P2012,Web,Efectivo,Promo 15%,2,788.33,0.0,1576.66,204.97,1371.69,363.05,0
2025-005290,2025-09-13 00:17:58,S1005,C00528,P2137,Marketplace,Transferencia,Promo 15%,2,342.99,0.2,685.98,89.18,596.8,246.0,0
2025-005291,2025-04-12 01:08:33,S1038,C00328,P2083,Web,Tarjeta,Promo 15%,1,444.91,0.15,444.91,57.84,387.07,334.59,0
2025-005292,2025-07-26 22:29:42,S1037,C00010,P2118,Marketplace,Tarjeta,Sin Promo,2,61.89,0.05,123.78,16.09,107.69,45.65,0
2025-005293,2025-02-22 03:40:54,S1029,C00525,P2151,Marketplace,Billetera Digital,Black Friday,1,246.17,0.0,246.17,36.93,209.24,116.51,0
2025-005294,2025-04-16 03:25:09,S1044,,P2052,Tienda,Tarjeta,Cyber Week,5,94.69,0.0,473.45,61.55,411.9,47.67,0
2025-005295,2025-01-17 11:10:35,S1007,C00391,P2032,Marketplace,Financiamiento,Promo 10%,1,466.57,0.0,466.57,60.65,405.92,330.43,0
2025-005296,2025-11-25 04:07:10,S1039,C00063,P2017,Web,Financiamiento,Sin Promo,1,252.27,0.1,252.27,32.8,219.47,182.13,0
2025-005297,2025-07-01 22:23:19,S1040,C00212,P2045,Call Center,Billetera Digital,Sin Promo,4,68.91,0.0,275.64,35.83,239.81,46.07,0
2025-005298,2025-12-22 03:09:49,S1024,C00655,P2107,Tienda,Tarjeta,2x1,1,257.6,0.2,257.6,38.64,218.96,196.36,0
2025-005299,2025-12-27 05:43:27,S1026,C00084,P2089,Tienda,Transferencia,Sin Promo,3,699.71,0.05,2099.13,314.87,1784.26,351.93,1
2025-005300,2025-07-09 12:37:21,S1017,C00746,P2033,Tienda,Tarjeta,Promo 10%,1,64.29,0.2,64.29,7.71,56.58,61.26,0
2025-005301,2025-04-01 22:54:18,S1040,C00027,P2112,Web,Transferencia,Black Friday,1,325.58,0.1,325.58,42.33,283.25,257.82,0
2025-005302,2025-04-02 18:15:01,S1013,C00535,P2014,Tienda,Financiamiento,Cyber Week,2,365.66,0.15,731.32,87.76,643.56,296.33,0
2025-005303,2025-03-07 02:20:50,S1008,C00413,P2038,Call Center,Financiamiento,Promo 10%,1,111.96,0.2,111.96,14.55,97.41,104.22,0
2025-005304,2025-08-20 02:54:25,S1006,C00307,P2021,Web,Billetera Digital,Black Friday,2,373.55,0.15,747.1,97.12,649.98,239.98,1
2025-005305,2025-05-03 23:06:59,S1024,C00656,P2063,Tienda,Efectivo,Black Friday,2,66.89,0.05,133.78,20.07,113.71,34.56,0
2025-005306,2025-05-10 18:51:20,S1030,C00445,P2056,Tienda,Transferencia,2x1,4,842.59,0.05,3370.36,505.55,2864.81,417.23,0
2025-005307,2025-05-20 17:48:42,S1032,C00486,P2144,Web,Billetera Digital,Black Friday,5,218.0,0.2,1090.0,163.5,926.5,177.43,0
2025-005308,2025-12-10 14:07:35,S1019,C00575,P2051,Tienda,Financiamiento,2x1,2,855.46,0.0,1710.92,256.64,1454.28,394.02,0
2025-005309,2025-01-18 03:31:03,S1019,C00003,P2150,Web,Billetera Digital,Promo 10%,2,198.96,0.15,397.92,59.69,338.23,154.53,0
2025-005310,2025-07-28 16:48:06,S1030,C00441,P2008,Web,Financiamiento,Promo 15%,1,874.23,0.0,874.23,131.13,743.1,421.75,0
2025-005311,2025-10-13 13:37:54,S1027,C00591,P2011,Web,Efectivo,2x1,5,392.72,0.0,1963.6,294.54,1669.06,309.34,0
2025-005312,2025-12-03 22:02:44,S1007,C00361,P2149,Marketplace,Tarjeta,Promo 15%,2,179.85,0.2,359.7,46.76,312.94,173.08,0
2025-005313,2025-04-23 13:28:57,S1031,C00005,P2056,Web,Efectivo,Promo 10%,2,886.94,0.0,1773.88,266.08,1507.8,417.23,0
2025-005314,2025-01-19 03:20:48,S1015,C00676,P2027,Tienda,Billetera Digital,Sin Promo,1,315.14,0.05,315.14,37.82,277.32,230.42,0
2025-005315,2025-06-18 17:39:35,S1026,C00580,P2052,Web,Financiamiento,Sin Promo,6,75.75,0.2,454.5,68.17,386.33,47.67,0
2025-005316,2025-09-10 12:23:03,S1002,C00544,P2037,Web,Billetera Digital,Black Friday,1,623.8,0.0,623.8,81.09,542.71,405.23,0
2025-005317,2025-08-25 20:04:50,S1029,C00764,P2139,Tienda,Billetera Digital,Promo 15%,1,20.28,0.0,20.28,3.04,17.24,12.71,1
2025-005318,2025-02-27 11:03:25,S1039,C00452,P2081,Marketplace,Billetera Digital,Cyber Week,1,379.34,0.05,379.34,49.31,330.03,192.91,0
2025-005319,2025-10-01 06:34:42,S1045,C00637,P2078,Tienda,Financiamiento,Sin Promo,2,149.09,0.1,298.18,38.76,259.42,125.47,1
2025-005320,2025-12-26 15:14:33,S1009,C00438,P2084,Marketplace,Billetera Digital,Black Friday,1,10.89,0.0,10.89,1.42,9.47,8.31,0
2025-005321,2025-10-19 05:54:58,S1027,C00135,P2119,Web,Transferencia,Cyber Week,1,610.46,0.2,610.46,91.57,518.89,363.73,0
2025-005322,2025-05-11 19:25:49,S1013,C00247,P2105,Web,Tarjeta,Promo 10%,1,676.15,0.0,676.15,81.14,595.01,320.12,1
2025-005323,2025-10-28 12:54:59,S1027,C00497,P2129,Marketplace,Billetera Digital,2x1,3,504.95,0.0,1514.85,227.23,1287.62,401.84,0
2025-005324,2025-07-08 11:24:54,S1041,,P2084,Web,Billetera Digital,Promo 15%,1,10.35,0.05,10.35,1.35,9.0,8.31,0
2025-005325,2025-01-06 13:17:11,S1027,C00056,P2158,Tienda,Financiamiento,2x1,3,515.27,0.05,1545.81,231.87,1313.94,274.83,0
2025-005326,2025-04-25 23:26:23,S1028,C00426,P2130,Call Center,Transferencia,2x1,2,596.1,0.15,1192.2,178.83,1013.37,404.15,1
2025-005327,2025-11-04 10:43:18,S1004,C00184,P2053,Web,Transferencia,Promo 10%,4,841.05,0.1,3364.2,437.35,2926.85,436.17,0
2025-005328,2025-05-25 12:24:53,S1045,C00627,P2078,Web,Tarjeta,Promo 15%,2,140.81,0.15,281.62,36.61,245.01,125.47,0
2025-005329,2025-04-23 23:24:05,S1002,C00258,P2111,Call Center,Efectivo,Black Friday,5,233.7,0.2,1168.5,151.91,1016.59,191.52,0
2025-005330,2025-12-20 13:50:44,S1031,C00299,P2001,Tienda,Efectivo,Black Friday,3,95.82,0.0,287.46,43.12,244.34,59.67,0
2025-005331,2025-09-10 04:52:06,S1034,C00260,P2055,Call Center,Tarjeta,Sin Promo,1,126.69,0.1,126.69,19.0,107.69,77.43,0
2025-005332,2025-09-19 03:22:51,S1040,C00046,P2094,Web,Billetera Digital,Cyber Week,2,560.63,0.2,1121.26,145.76,975.5,392.99,0
2025-005333,2025-06-08 01:35:49,S1027,C00107,P2105,Marketplace,Tarjeta,Black Friday,5,676.15,0.0,3380.75,507.11,2873.64,320.12,0
2025-005334,2025-01-21 07:53:46,S1045,C00588,P2003,Call Center,Tarjeta,2x1,4,508.72,0.0,2034.88,264.53,1770.35,261.5,0
2025-005335,2025-12-02 01:00:13,S1029,C00731,P2144,Web,Financiamiento,,4,272.5,0.0,1090.0,163.5,926.5,177.43,0
2025-005336,2025-01-07 11:21:38,S1001,C00471,P2104,Marketplace,Tarjeta,Cyber Week,2,632.01,0.1,1264.02,164.32,1099.7,405.18,0
2025-005337,2025-01-10 08:28:39,S1017,C00211,P2128,Call Center,Financiamiento,2x1,6,529.52,0.05,3177.12,381.25,2795.87,269.57,0
2025-005338,2025-03-23 00:16:48,S1012,C00532,P2002,Tienda,Efectivo,Black Friday,1,290.16,0.0,290.16,34.82,255.34,134.76,0
2025-005339,2025-04-03 20:08:37,S1032,C00647,P2067,Tienda,Financiamiento,Promo 15%,4,582.45,0.0,2329.8,349.47,1980.33,420.88,0
2025-005340,2025-08-11 12:44:30,S1019,C00301,P2030,Call Center,Tarjeta,Cyber Week,1,541.44,0.0,541.44,81.22,460.22,418.38,0
2025-005341,2025-05-16 11:31:49,S1003,C00224,P2021,Call Center,Tarjeta,Promo 10%,1,351.58,0.2,351.58,45.71,305.87,239.98,0
2025-005342,2025-04-07 16:42:06,S1014,C00071,P2132,Tienda,Efectivo,2x1,1,321.61,0.0,321.61,38.59,283.02,220.13,0
2025-005343,2025-04-11 12:40:17,S1016,C00478,P2134,Tienda,Billetera Digital,Promo 15%,3,205.33,0.15,615.99,73.92,542.07,153.79,1
2025-005344,2025-07-12 02:52:16,S1020,C00492,P2067,Marketplace,Efectivo,Sin Promo,1,495.08,0.15,495.08,74.26,420.82,420.88,0
2025-005345,2025-07-04 13:31:59,S1004,C00628,P2104,Marketplace,Billetera Digital,Promo 10%,4,561.78,0.2,2247.12,292.13,1954.99,405.18,0
2025-005346,2025-05-27 15:25:46,S1036,C00620,P2045,Marketplace,Transferencia,Cyber Week,1,58.57,0.15,58.57,8.79,49.78,46.07,0
2025-005347,2025-06-10 13:21:50,S1020,C00415,P2138,Tienda,Financiamiento,Promo 15%,2,576.08,0.2,1152.16,172.82,979.34,375.47,1
2025-005348,2025-08-25 09:20:43,S1012,C00737,P2127,Marketplace,Billetera Digital,Sin Promo,2,732.66,0.0,1465.32,175.84,1289.48,361.43,1
2025-005349,2025-11-06 02:23:20,S1016,C00495,P2003,Web,Tarjeta,2x1,1,457.85,0.1,457.85,54.94,402.91,261.5,0
2025-005350,2025-10-22 20:10:15,S1016,C00420,P2158,Marketplace,Billetera Digital,,1,542.39,0.0,542.39,65.09,477.3,274.83,0
2025-005351,2025-12-16 00:07:44,S1037,C00744,P2020,Marketplace,Efectivo,Sin Promo,3,49.36,0.0,148.08,19.25,128.83,32.33,0
2025-005352,2025-06-01 23:19:00,S1017,C00665,P2140,Web,Financiamiento,Sin Promo,1,13.69,0.05,13.69,1.64,12.05,6.63,0
2025-005353,2025-12-09 04:22:17,S1012,C00334,P2026,Web,Financiamiento,Cyber Week,1,390.93,0.15,390.93,46.91,344.02,230.43,0
2025-005354,2025-07-05 18:41:48,S1032,C00589,P2002,Web,Transferencia,Cyber Week,1,275.65,0.05,275.65,41.35,234.3,134.76,1
2025-005355,2025-06-30 22:48:01,S1005,C00061,P2138,Marketplace,Financiamiento,2x1,1,684.1,0.05,684.1,88.93,595.17,375.47,1
2025-005356,2025-09-13 23:46:07,S1009,,P2093,Web,Efectivo,Promo 10%,4,147.96,0.0,591.84,76.94,514.9,75.0,0
2025-005357,2025-04-25 22:26:58,S1040,C00398,P2096,Marketplace,Tarjeta,Sin Promo,2,540.6,0.15,1081.2,140.56,940.64,369.96,0
2025-005358,2025-12-21 17:11:02,S1011,C00634,P2092,Web,Billetera Digital,Cyber Week,2,641.99,0.2,1283.98,154.08,1129.9,416.32,0
2025-005359,2025-10-30 05:06:23,S1001,C00193,P2134,Call Center,Efectivo,Cyber Week,4,241.56,0.0,966.24,125.61,840.63,153.79,0
2025-005360,2025-03-22 19:34:45,S1038,C00247,P2105,Call Center,Billetera Digital,Promo 15%,3,676.15,0.0,2028.45,263.7,1764.75,320.12,0
2025-005361,2025-11-10 21:46:03,S1021,C00215,P2152,Marketplace,Billetera Digital,2x1,2,499.51,0.0,999.02,149.85,849.17,338.06,0
2025-005362,2025-11-21 04:25:12,S1017,C00708,P2008,Marketplace,Billetera Digital,Promo 15%,1,874.23,0.0,874.23,104.91,769.32,421.75,0
2025-005363,2025-03-12 16:54:59,S1045,C00758,P2061,Marketplace,Transferencia,Cyber Week,1,36.28,0.15,36.28,4.72,31.56,26.36,0
2025-005364,2025-05-25 20:34:46,S1009,C00061,P2055,Call Center,Billetera Digital,Sin Promo,2,140.77,0.0,281.54,36.6,244.94,77.43,0
2025-005365,2025-10-05 05:50:17,S1016,C00369,P2117,Marketplace,Transferencia,Promo 10%,5,71.57,0.15,357.85,42.94,314.91,41.82,0
2025-005366,2025-03-20 00:23:51,S1025,C00105,P2159,Tienda,Tarjeta,Black Friday,1,576.79,0.1,576.79,86.52,490.27,434.27,1
2025-005367,2025-01-02 04:12:57,S1038,C00040,P2076,Call Center,Efectivo,Sin Promo,2,87.77,0.1,175.54,22.82,152.72,50.2,0
2025-005368,2025-07-28 11:23:31,S1015,C00169,P2046,Tienda,Efectivo,Promo 15%,4,290.06,0.2,1160.24,139.23,1021.01,192.92,0
2025-005369,2025-11-17 20:06:43,S1029,C00676,P2015,Call Center,Efectivo,Promo 15%,3,173.77,0.0,521.31,78.2,443.11,122.14,0
2025-005370,2025-03-11 19:18:05,S1008,C00021,P2040,Tienda,Financiamiento,Cyber Week,1,59.49,0.0,59.49,7.73,51.76,35.66,0
2025-005371,2025-01-17 23:21:15,S1014,C00489,P2057,Web,Financiamiento,Cyber Week,2,419.8,0.0,839.6,100.75,738.85,314.68,0
2025-005372,2025-07-30 08:00:19,S1004,C00503,P2148,Call Center,Tarjeta,2x1,1,641.07,0.05,641.07,83.34,557.73,390.62,0
2025-005373,2025-02-28 20:17:40,S1038,C00267,P2054,Marketplace,Transferencia,Cyber Week,1,463.28,0.0,463.28,60.23,403.05,220.6,0
2025-005374,2025-11-02 01:54:43,S1026,C00534,P2027,Web,Billetera Digital,Promo 15%,4,298.56,0.1,1194.24,179.14,1015.1,230.42,0
2025-005375,2025-07-09 10:16:16,S1009,C00312,P2084,Web,Efectivo,Promo 10%,6,10.35,0.05,62.1,8.07,54.03,8.31,0
2025-005376,2025-05-13 17:41:06,S1020,C00050,P2089,Marketplace,Transferencia,Promo 15%,3,736.54,0.0,2209.62,331.44,1878.18,351.93,0
2025-005377,2025-02-17 16:34:27,S1012,C00750,P2049,Call Center,Efectivo,Black Friday,2,142.44,0.1,284.88,34.19,250.69,89.45,0
2025-005378,2025-07-17 08:40:00,S1001,C00257,P2100,Call Center,Transferencia,Promo 10%,1,457.58,0.2,457.58,59.49,398.09,422.9,0
2025-005379,2025-10-11 01:07:39,S1034,C00614,P2041,Call Center,Transferencia,2x1,5,41.87,0.1,209.35,31.4,177.95,34.06,1
2025-005380,2025-02-21 02:21:29,S1020,C00254,P2038,Call Center,Tarjeta,Promo 10%,1,139.95,0.0,139.95,20.99,118.96,104.22,0
2025-005381,2025-05-28 02:51:58,S1015,C00443,P2084,Web,Transferencia,Cyber Week,1,10.35,0.05,10.35,1.24,9.11,8.31,0
2025-005382,2025-06-23 07:49:08,S1016,C00360,P2138,Call Center,Billetera Digital,Promo 15%,2,612.09,0.15,1224.18,146.9,1077.28,375.47,0
2025-005383,2025-07-12 19:12:26,S1044,C00527,P2096,Tienda,Financiamiento,2x1,2,540.6,0.15,1081.2,140.56,940.64,369.96,0
2025-005384,2025-04-29 07:44:01,S1004,C00337,P2116,Tienda,Transferencia,2x1,1,743.9,0.0,743.9,96.71,647.19,358.01,0
2025-005385,2025-06-09 10:04:59,S1033,C00434,P2119,Web,Efectivo,Sin Promo,3,610.46,0.2,1831.38,274.71,1556.67,363.73,0
2025-005386,2025-04-18 22:14:30,S1006,C00497,P2094,Marketplace,Billetera Digital,Promo 10%,1,700.79,0.0,700.79,91.1,609.69,392.99,0
2025-005387,2025-09-12 03:13:21,S1016,C00021,P2079,Call Center,Efectivo,Sin Promo,3,237.11,0.05,711.33,85.36,625.97,156.92,1
2025-005388,2025-02-21 14:00:07,S1042,C00462,P2096,Call Center,Tarjeta,Black Friday,6,572.4,0.1,3434.4,446.47,2987.93,369.96,0
2025-005389,2025-08-22 03:43:48,S1025,C00612,P2063,Marketplace,Financiamiento,Promo 15%,3,70.41,0.0,211.23,31.68,179.55,34.56,0
2025-005390,2025-01-20 18:52:19,S1017,C00450,P2037,Marketplace,Tarjeta,Promo 15%,1,530.23,0.15,530.23,63.63,466.6,405.23,0
2025-005391,2025-05-13 04:37:31,S1018,C00561,P2012,Tienda,Financiamiento,Sin Promo,5,788.33,0.0,3941.65,473.0,3468.65,363.05,0
2025-005392,2025-06-29 19:56:53,S1041,C00025,P2016,Tienda,Tarjeta,Cyber Week,3,172.59,0.0,517.77,67.31,450.46,121.18,0
2025-005393,2025-02-02 12:00:42,S1021,C00088,P2017,Marketplace,Billetera Digital,Cyber Week,1,224.24,0.2,224.24,33.64,190.6,182.13,1
2025-005394,2025-04-30 09:27:52,S1006,C00451,P2012,Web,Billetera Digital,Promo 10%,1,788.33,0.0,788.33,102.48,685.85,363.05,0
2025-005395,2025-03-23 22:04:51,S1043,C00131,P2113,Web,Transferencia,Cyber Week,1,253.0,0.15,253.0,32.89,220.11,139.53,0
2025-005396,2025-06-27 17:19:55,S1023,C00236,P2102,Web,Transferencia,Promo 10%,3,500.87,0.0,1502.61,225.39,1277.22,270.07,0
2025-005397,2025-04-02 08:21:43,S1019,C00350,P2098,Marketplace,Financiamiento,2x1,1,645.08,0.0,645.08,96.76,548.32,389.5,0
2025-005398,2025-03-09 05:54:53,S1022,C00800,P2028,Web,Billetera Digital,Promo 10%,1,598.19,0.0,598.19,89.73,508.46,344.08,0
2025-005399,2025-03-30 01:52:26,S1035,C00381,P2132,Web,Efectivo,2x1,2,305.53,0.05,611.06,91.66,519.4,220.13,0
2025-005400,2025-10-06 02:01:17,S1035,C00516,P2092,Call Center,Efectivo,Promo 15%,2,802.49,0.0,1604.98,240.75,1364.23,416.32,1
