REPORTE,TRANSACTIONID,DATE,STOREID,CUSTOMERID,PRODUCTID,CHANNEL,PAYMENTMETHOD,PROMOTION,QUANTITY,UNITPRICE,DISCOUNTPCT,GROSSSALES,TAXAMOUNT,NETSALES,UNITCOST,RETURNFLAG
RETAILMAX S.A. - VENTAS 2021,,,,,,,,,,,,,,,,
RETAILMAX S.A. - VENTAS 2021,2021-000001,2021-06-29 21:26:47,S1014,C00356,P2062,Tienda,Financiamiento,Promo 10%,3,89.51,0.2,268.53,32.22,236.31,74.21,0
RETAILMAX S.A. - VENTAS 2021,2021-000002,2021-09-02 08:27:55,S1006,C00085,P2088,Marketplace,Billetera Digital,Black Friday,4,571.92,0.0,2287.68,297.4,1990.28,308.2,0
RETAILMAX S.A. - VENTAS 2021,2021-000003,2021-05-12 06:52:55,S1011,C00480,P2032,Tienda,Billetera Digital,Black Friday,1,396.58,0.15,396.58,47.59,348.99,330.43,0
RETAILMAX S.A. - VENTAS 2021,2021-000004,2021-09-24 00:15:42,S1034,C00441,P2028,Marketplace,Financiamiento,Promo 15%,1,598.19,0.0,598.19,89.73,508.46,344.08,0
RETAILMAX S.A. - VENTAS 2021,2021-000005,2021-03-21 15:30:46,S1014,C00717,P2141,Marketplace,Billetera Digital,2x1,2,832.49,0.0,1664.98,199.8,1465.18,384.64,0
RETAILMAX S.A. - VENTAS 2021,2021-000006,2021-07-07 22:16:40,S1027,C00085,P2101,Call Center,Efectivo,2x1,1,286.05,0.15,286.05,42.91,243.14,262.94,0
RETAILMAX S.A. - VENTAS 2021,2021-000007,2021-10-13 17:33:58,S1035,C00186,P2120,Call Center,Transferencia,Promo 15%,1,179.55,0.1,179.55,26.93,152.62,113.2,0
RETAILMAX S.A. - VENTAS 2021,2021-000008,2021-06-26 14:29:43,S1023,C00519,P2137,Tienda,Efectivo,2x1,3,342.99,0.2,1028.97,154.35,874.62,246.0,1
RETAILMAX S.A. - VENTAS 2021,2021-000009,2021-03-24 03:39:03,S1004,C00688,P2050,Marketplace,Billetera Digital,Black Friday,1,260.25,0.05,260.25,33.83,226.42,192.16,1
RETAILMAX S.A. - VENTAS 2021,2021-000010,2021-12-17 01:53:42,S1009,C00516,P2126,Tienda,Tarjeta,Promo 10%,1,581.52,0.15,581.52,75.6,505.92,413.19,0
RETAILMAX S.A. - VENTAS 2021,2021-000011,2021-11-04 15:51:05,S1008,C00118,P2016,Web,Transferencia,Sin Promo,1,172.59,0.0,172.59,22.44,150.15,121.18,0
RETAILMAX S.A. - VENTAS 2021,2021-000012,2021-01-20 13:59:34,S1041,C00361,P2144,Marketplace,Billetera Digital,Sin Promo,5,258.88,0.05,1294.4,168.27,1126.13,177.43,0
RETAILMAX S.A. - VENTAS 2021,2021-000013,2021-11-24 17:59:57,S1039,C00221,P2012,Marketplace,Efectivo,Sin Promo,2,788.33,0.0,1576.66,204.97,1371.69,363.05,0
RETAILMAX S.A. - VENTAS 2021,2021-000014,2021-09-19 18:46:48,S1045,C00136,P2079,Web,Tarjeta,Promo 15%,2,224.63,0.1,449.26,58.4,390.86,156.92,0
RETAILMAX S.A. - VENTAS 2021,2021-000015,2021-12-02 00:00:37,S1025,C00138,P2101,Marketplace,Financiamiento,Promo 15%,5,336.53,0.0,1682.65,252.4,1430.25,262.94,1
RETAILMAX S.A. - VENTAS 2021,2021-000016,2021-07-22 14:45:43,S1025,C00171,P2065,Tienda,Tarjeta,Sin Promo,2,367.46,0.1,734.92,110.24,624.68,269.16,0
RETAILMAX S.A. - VENTAS 2021,2021-000017,2021-05-26 20:21:24,S1030,C00434,P2143,Marketplace,Transferencia,Promo 10%,4,175.44,0.0,701.76,105.26,596.5,101.86,0
RETAILMAX S.A. - VENTAS 2021,2021-000018,2021-04-10 16:33:26,S1003,C00500,P2155,Tienda,Transferencia,Promo 10%,4,141.6,0.1,566.4,73.63,492.77,71.96,0
RETAILMAX S.A. - VENTAS 2021,2021-000019,2021-09-17 03:52:34,S1011,C00395,P2140,Marketplace,Transferencia,Sin Promo,2,12.97,0.1,25.94,3.11,22.83,6.63,0
RETAILMAX S.A. - VENTAS 2021,2021-000020,2021-05-12 19:35:04,S1028,C00769,P2096,Marketplace,Financiamiento,2x1,3,572.4,0.1,1717.2,257.58,1459.62,369.96,0
RETAILMAX S.A. - VENTAS 2021,2021-000021,2021-09-05 08:51:26,S1010,C00597,P2012,Call Center,Financiamiento,Black Friday,3,630.66,0.2,1891.98,227.04,1664.94,363.05,0
RETAILMAX S.A. - VENTAS 2021,2021-000022,2021-09-04 04:13:59,S1030,C00566,P2080,Web,Efectivo,Promo 15%,1,286.7,0.05,286.7,43.0,243.7,221.89,0
RETAILMAX S.A. - VENTAS 2021,2021-000023,2021-06-30 18:48:19,S1030,C00380,P2148,Marketplace,Efectivo,Promo 15%,2,573.59,0.15,1147.18,172.08,975.1,390.62,0
RETAILMAX S.A. - VENTAS 2021,2021-000024,2021-07-24 12:27:05,S1021,C00277,P2109,Call Center,Transferencia,Promo 15%,1,208.28,0.0,208.28,31.24,177.04,141.94,0
RETAILMAX S.A. - VENTAS 2021,2021-000025,2021-10-21 09:47:48,S1043,C00228,P2121,Web,Financiamiento,Cyber Week,1,355.11,0.15,355.11,46.16,308.95,207.12,0
RETAILMAX S.A. - VENTAS 2021,2021-000026,2021-05-01 08:48:46,S1023,C00122,P2067,Web,Efectivo,Promo 10%,4,582.45,0.0,2329.8,349.47,1980.33,420.88,0
RETAILMAX S.A. - VENTAS 2021,2021-000027,2021-07-02 05:40:46,S1035,C00591,P2022,Tienda,Financiamiento,Black Friday,3,449.93,0.0,1349.79,202.47,1147.32,325.44,0
RETAILMAX S.A. - VENTAS 2021,2021-000028,2021-10-05 01:32:19,S1011,C00703,P2112,Marketplace,Financiamiento,Black Friday,3,361.76,0.0,1085.28,130.23,955.05,257.82,0
RETAILMAX S.A. - VENTAS 2021,2021-000029,2021-09-09 06:39:29,S1040,C00405,P2113,Marketplace,Financiamiento,Promo 10%,6,267.88,0.1,1607.28,208.95,1398.33,139.53,0
RETAILMAX S.A. - VENTAS 2021,2021-000030,2021-03-07 01:58:17,S1025,C00510,P2032,Call Center,Billetera Digital,Sin Promo,2,443.24,0.05,886.48,132.97,753.51,330.43,0
RETAILMAX S.A. - VENTAS 2021,2021-000031,2021-06-27 14:20:05,S1019,C00040,P2106,Web,Financiamiento,Sin Promo,4,369.14,0.2,1476.56,221.48,1255.08,310.34,1
RETAILMAX S.A. - VENTAS 2021,2021-000032,2021-09-23 16:45:02,S1026,C00287,P2073,Tienda,Efectivo,2x1,1,164.56,0.0,164.56,24.68,139.88,131.1,0
RETAILMAX S.A. - VENTAS 2021,2021-000033,2021-02-21 11:50:55,S1018,C00676,P2032,Marketplace,Efectivo,Black Friday,1,373.26,0.2,373.26,44.79,328.47,330.43,0
RETAILMAX S.A. - VENTAS 2021,2021-000034,2021-05-02 09:48:31,S1006,C00331,P2076,Marketplace,Transferencia,Promo 10%,2,87.77,0.1,175.54,22.82,152.72,50.2,0
RETAILMAX S.A. - VENTAS 2021,2021-000035,2021-08-06 07:39:54,S1022,C00774,P2097,Marketplace,Transferencia,2x1,1,416.9,0.2,416.9,62.53,354.37,298.37,0
RETAILMAX S.A. - VENTAS 2021,2021-000036,2021-08-19 06:32:58,S1018,C00326,P2053,Web,Tarjeta,Cyber Week,2,841.05,0.1,1682.1,201.85,1480.25,436.17,0
RETAILMAX S.A. - VENTAS 2021,2021-000037,2021-05-01 20:13:09,S1035,C00707,P2139,Web,Efectivo,Cyber Week,2,19.27,0.05,38.54,5.78,32.76,12.71,0
RETAILMAX S.A. - VENTAS 2021,2021-000038,2021-08-31 00:21:16,S1038,C00795,P2022,Web,Billetera Digital,Black Friday,1,427.43,0.05,427.43,55.57,371.86,325.44,1
RETAILMAX S.A. - VENTAS 2021,2021-000039,2021-06-11 17:43:02,S1032,C00633,P2125,Tienda,Financiamiento,Sin Promo,1,310.19,0.1,310.19,46.53,263.66,235.01,1
RETAILMAX S.A. - VENTAS 2021,2021-000040,2021-03-25 02:11:09,S1011,C00035,P2066,Call Center,Tarjeta,2x1,1,524.71,0.0,524.71,62.97,461.74,297.19,1
RETAILMAX S.A. - VENTAS 2021,2021-000041,2021-06-21 09:27:28,S1027,C00502,P2064,Marketplace,Transferencia,Sin Promo,1,82.18,0.1,82.18,12.33,69.85,57.47,0
RETAILMAX S.A. - VENTAS 2021,2021-000042,2021-03-04 12:46:58,S1004,C00252,P2087,Web,Billetera Digital,Black Friday,4,291.4,0.1,1165.6,151.53,1014.07,166.63,1
RETAILMAX S.A. - VENTAS 2021,2021-000043,2021-11-29 19:36:14,S1034,C00566,P2006,Marketplace,Transferencia,Promo 15%,1,321.61,0.2,321.61,48.24,273.37,287.52,1
RETAILMAX S.A. - VENTAS 2021,2021-000044,2021-09-19 17:44:56,S1004,C00128,P2082,Tienda,Financiamiento,Black Friday,3,267.35,0.05,802.05,104.27,697.78,152.77,0
RETAILMAX S.A. - VENTAS 2021,2021-000045,2021-08-26 22:59:59,S1038,C00069,P2153,Web,Transferencia,2x1,5,326.33,0.2,1631.65,212.11,1419.54,293.96,1
RETAILMAX S.A. - VENTAS 2021,2021-000046,2021-11-10 20:48:45,S1044,C00799,P2048,Tienda,Efectivo,Promo 15%,1,320.16,0.0,320.16,41.62,278.54,183.57,0
RETAILMAX S.A. - VENTAS 2021,2021-000047,2021-06-10 11:32:13,S1039,C00235,P2104,Marketplace,Billetera Digital,Cyber Week,2,596.9,0.15,1193.8,155.19,1038.61,405.18,0
RETAILMAX S.A. - VENTAS 2021,2021-000048,2021-05-19 16:11:53,S1044,C00320,P2091,Call Center,Financiamiento,Promo 10%,3,541.5,0.0,1624.5,211.19,1413.31,397.11,0
RETAILMAX S.A. - VENTAS 2021,2021-000049,2021-01-12 04:33:09,S1001,C00197,P2015,Marketplace,Tarjeta,Promo 10%,3,147.7,0.15,443.1,57.6,385.5,122.14,0
RETAILMAX S.A. - VENTAS 2021,2021-000050,2021-07-23 03:45:01,S1007,C00487,P2074,Tienda,Tarjeta,2x1,1,267.21,0.05,267.21,34.74,232.47,138.92,0
RETAILMAX S.A. - VENTAS 2021,2021-000051,2021-02-12 03:47:02,S1041,C00458,P2082,Tienda,Financiamiento,Promo 15%,1,281.42,0.0,281.42,36.58,244.84,152.77,0
RETAILMAX S.A. - VENTAS 2021,2021-000052,2021-05-07 10:20:47,S1012,C00467,P2078,Web,Billetera Digital,Promo 10%,2,165.66,0.0,331.32,39.76,291.56,125.47,0
RETAILMAX S.A. - VENTAS 2021,2021-000053,2021-01-18 12:59:31,S1021,C00093,P2122,Call Center,Financiamiento,Black Friday,4,681.62,0.0,2726.48,408.97,2317.51,324.38,0
RETAILMAX S.A. - VENTAS 2021,2021-000054,2021-10-08 16:11:46,S1045,C00026,P2086,Web,Billetera Digital,Black Friday,1,92.82,0.15,92.82,12.07,80.75,70.05,0
RETAILMAX S.A. - VENTAS 2021,2021-000055,2021-11-20 23:09:02,S1034,C00072,P2148,Marketplace,Transferencia,2x1,4,641.07,0.05,2564.28,384.64,2179.64,390.62,0
RETAILMAX S.A. - VENTAS 2021,2021-000056,2021-04-27 03:15:38,S1017,C00734,P2114,Call Center,Transferencia,Promo 10%,2,554.0,0.0,1108.0,132.96,975.04,274.57,0
RETAILMAX S.A. - VENTAS 2021,2021-000057,2021-01-06 00:00:12,S1007,C00266,P2044,Web,Transferencia,Promo 15%,2,363.26,0.2,726.52,94.45,632.07,214.81,0
RETAILMAX S.A. - VENTAS 2021,2021-000058,2021-10-01 00:18:10,S1016,C00641,P2017,Call Center,Transferencia,Sin Promo,2,266.29,0.05,532.58,63.91,468.67,182.13,0
RETAILMAX S.A. - VENTAS 2021,2021-000059,2021-05-30 21:44:10,S1019,C00528,P2157,Marketplace,Efectivo,2x1,1,223.38,0.0,223.38,33.51,189.87,118.28,0
RETAILMAX S.A. - VENTAS 2021,2021-000060,2021-08-12 14:22:20,S1020,C00304,P2014,Call Center,Financiamiento,Promo 10%,1,365.66,0.15,365.66,54.85,310.81,296.33,0
RETAILMAX S.A. - VENTAS 2021,2021-000061,2021-02-10 15:22:23,S1005,C00337,P2128,Marketplace,Transferencia,Cyber Week,2,501.65,0.1,1003.3,130.43,872.87,269.57,1
RETAILMAX S.A. - VENTAS 2021,2021-000062,2021-09-30 09:47:15,S1030,C00167,P2097,Tienda,Efectivo,Promo 10%,1,416.9,0.2,416.9,62.53,354.37,298.37,0
RETAILMAX S.A. - VENTAS 2021,2021-000063,2021-02-26 23:11:18,S1031,C00577,P2056,Marketplace,Billetera Digital,2x1,2,842.59,0.05,1685.18,252.78,1432.4,417.23,0
RETAILMAX S.A. - VENTAS 2021,2021-000064,2021-06-14 00:42:22,S1037,C00632,P2009,Tienda,Efectivo,Sin Promo,1,470.71,0.1,470.71,61.19,409.52,287.2,0
RETAILMAX S.A. - VENTAS 2021,2021-000065,2021-05-18 04:33:09,S1006,C00052,P2017,Tienda,Efectivo,Sin Promo,3,238.25,0.15,714.75,92.92,621.83,182.13,0
RETAILMAX S.A. - VENTAS 2021,2021-000066,2021-01-08 17:58:14,S1024,C00361,P2115,Marketplace,Financiamiento,Promo 15%,1,353.94,0.05,353.94,53.09,300.85,201.2,0
RETAILMAX S.A. - VENTAS 2021,2021-000067,2021-12-23 01:09:19,S1025,C00008,P2012,Web,Tarjeta,Promo 15%,1,630.66,0.2,630.66,94.6,536.06,363.05,0
RETAILMAX S.A. - VENTAS 2021,2021-000068,2021-02-06 19:46:37,S1034,C00094,P2032,Marketplace,Financiamiento,Sin Promo,2,466.57,0.0,933.14,139.97,793.17,330.43,0
RETAILMAX S.A. - VENTAS 2021,2021-000069,2021-05-08 14:00:36,S1010,C00611,P2008,Web,Tarjeta,Promo 10%,3,830.52,0.05,2491.56,298.99,2192.57,421.75,0
RETAILMAX S.A. - VENTAS 2021,2021-000070,2021-02-18 18:58:26,S1028,C00719,P2011,Call Center,Financiamiento,Cyber Week,2,392.72,0.0,785.44,117.82,667.62,309.34,0
RETAILMAX S.A. - VENTAS 2021,2021-000071,2021-06-15 05:46:29,S1026,C00771,P2012,Tienda,Transferencia,2x1,2,788.33,0.0,1576.66,236.5,1340.16,363.05,1
RETAILMAX S.A. - VENTAS 2021,2021-000072,2021-06-02 07:14:07,S1038,C00118,P2019,Web,Tarjeta,Promo 10%,1,471.27,0.0,471.27,61.27,410.0,283.84,1
RETAILMAX S.A. - VENTAS 2021,2021-000073,2021-08-11 11:48:54,S1031,C00600,P2117,Marketplace,Billetera Digital,Sin Promo,1,67.36,0.2,67.36,10.1,57.26,41.82,0
RETAILMAX S.A. - VENTAS 2021,2021-000074,2021-05-05 00:19:30,S1006,C00037,P2147,Call Center,Billetera Digital,Promo 10%,5,493.36,0.1,2466.8,320.68,2146.12,299.7,0
RETAILMAX S.A. - VENTAS 2021,2021-000075,2021-02-15 09:03:20,S1029,C00409,P2119,Marketplace,Tarjeta,Sin Promo,1,763.08,0.0,763.08,114.46,648.62,363.73,0
RETAILMAX S.A. - VENTAS 2021,2021-000076,2021-11-27 05:36:14,S1003,C00444,P2068,Tienda,Efectivo,2x1,3,197.12,0.2,591.36,76.88,514.48,122.46,0
RETAILMAX S.A. - VENTAS 2021,2021-000077,2021-06-12 20:19:44,S1012,C00153,P2035,Marketplace,Financiamiento,Cyber Week,3,725.28,0.2,2175.84,261.1,1914.74,418.3,0
RETAILMAX S.A. - VENTAS 2021,2021-000078,2021-01-11 13:45:14,S1007,C00591,P2007,Marketplace,Tarjeta,2x1,1,212.03,0.0,212.03,27.56,184.47,162.45,1
RETAILMAX S.A. - VENTAS 2021,2021-000079,2021-08-13 20:21:12,S1001,C00001,P2121,Call Center,Efectivo,Black Friday,1,355.11,0.15,355.11,46.16,308.95,207.12,0
RETAILMAX S.A. - VENTAS 2021,2021-000080,2021-10-06 12:39:29,S1007,C00606,P2021,Marketplace,Billetera Digital,Black Friday,1,417.5,0.05,417.5,54.27,363.23,239.98,0
RETAILMAX S.A. - VENTAS 2021,2021-000081,2021-02-05 19:20:17,S1038,C00500,P2039,Marketplace,Billetera Digital,Promo 15%,1,477.0,0.0,477.0,62.01,414.99,251.05,0
RETAILMAX S.A. - VENTAS 2021,2021-000082,2021-01-01 23:13:47,S1034,C00408,P2060,Web,Tarjeta,Black Friday,2,325.76,0.15,651.52,97.73,553.79,245.82,0
RETAILMAX S.A. - VENTAS 2021,2021-000083,2021-11-14 08:41:38,S1040,C00013,P2061,Call Center,Efectivo,Black Friday,1,42.68,0.0,42.68,5.55,37.13,26.36,1
RETAILMAX S.A. - VENTAS 2021,2021-000084,2021-09-12 20:04:41,S1032,C00735,P2058,Marketplace,Financiamiento,Cyber Week,1,465.91,0.0,465.91,69.89,396.02,324.41,0
RETAILMAX S.A. - VENTAS 2021,2021-000085,2021-02-26 03:30:16,S1038,C00285,P2137,Tienda,Efectivo,Promo 10%,2,428.74,0.0,857.48,111.47,746.01,246.0,0
RETAILMAX S.A. - VENTAS 2021,2021-000086,2021-04-14 03:53:51,S1016,C00199,P2143,Tienda,Billetera Digital,Cyber Week,2,175.44,0.0,350.88,42.11,308.77,101.86,0
RETAILMAX S.A. - VENTAS 2021,2021-000087,2021-12-03 17:50:13,S1004,C00353,P2143,Marketplace,Tarjeta,Promo 15%,2,149.12,0.15,298.24,38.77,259.47,101.86,0
RETAILMAX S.A. - VENTAS 2021,2021-000088,2021-11-07 02:34:49,S1006,C00035,P2070,Call Center,Tarjeta,2x1,1,614.79,0.0,614.79,79.92,534.87,281.04,1
RETAILMAX S.A. - VENTAS 2021,2021-000089,2021-02-01 13:08:27,S1003,C00091,P2101,Marketplace,Tarjeta,Black Friday,2,319.7,0.05,639.4,83.12,556.28,262.94,0
RETAILMAX S.A. - VENTAS 2021,2021-000090,2021-09-28 01:28:48,S1010,C00515,P2107,Marketplace,Tarjeta,Promo 10%,3,257.6,0.2,772.8,92.74,680.06,196.36,0
RETAILMAX S.A. - VENTAS 2021,2021-000091,2021-02-19 03:41:07,S1012,C00010,P2151,Call Center,Efectivo,Promo 10%,3,221.55,0.1,664.65,79.76,584.89,116.51,0
RETAILMAX S.A. - VENTAS 2021,2021-000092,2021-12-03 09:03:25,S1017,C00481,P2108,Call Center,Tarjeta,Cyber Week,2,283.38,0.0,566.76,68.01,498.75,144.01,0
RETAILMAX S.A. - VENTAS 2021,2021-000093,2021-07-03 16:42:05,S1017,C00069,P2136,Tienda,Efectivo,Promo 10%,3,147.06,0.05,441.18,52.94,388.24,99.42,0
RETAILMAX S.A. - VENTAS 2021,2021-000094,2021-07-25 18:22:31,S1019,C00241,P2095,Call Center,Transferencia,Promo 15%,1,729.93,0.0,729.93,109.49,620.44,368.2,0
RETAILMAX S.A. - VENTAS 2021,2021-000095,2021-06-16 13:32:02,S1042,C00610,P2158,Call Center,Transferencia,Black Friday,1,461.03,0.15,461.03,59.93,401.1,274.83,0
RETAILMAX S.A. - VENTAS 2021,2021-000096,2021-10-16 19:51:56,S1001,C00759,P2070,Marketplace,Transferencia,2x1,1,491.83,0.2,491.83,63.94,427.89,281.04,0
RETAILMAX S.A. - VENTAS 2021,2021-000097,2021-07-23 00:00:25,S1019,C00486,P2022,Tienda,Billetera Digital,Promo 10%,3,449.93,0.0,1349.79,202.47,1147.32,325.44,0
RETAILMAX S.A. - VENTAS 2021,2021-000098,2021-01-04 10:56:05,S1008,C00034,P2091,Marketplace,Tarjeta,Cyber Week,6,541.5,0.0,3249.0,422.37,2826.63,397.11,0
RETAILMAX S.A. - VENTAS 2021,2021-000099,2021-10-11 18:36:53,S1016,C00573,P2147,Web,Tarjeta,Sin Promo,2,493.36,0.1,986.72,118.41,868.31,299.7,0
RETAILMAX S.A. - VENTAS 2021,2021-000100,2021-07-02 05:41:01,S1010,C00319,P2105,Web,Efectivo,Promo 15%,1,676.15,0.0,676.15,81.14,595.01,320.12,0
RETAILMAX S.A. - VENTAS 2021,2021-000101,2021-02-17 20:46:14,S1045,C00022,P2153,Tienda,Transferencia,2x1,1,407.91,0.0,407.91,53.03,354.88,293.96,0
RETAILMAX S.A. - VENTAS 2021,2021-000102,2021-09-07 20:58:47,S1018,C00162,P2106,Marketplace,Tarjeta,Cyber Week,3,461.42,0.0,1384.26,166.11,1218.15,310.34,0
RETAILMAX S.A. - VENTAS 2021,2021-000103,2021-07-15 02:51:26,S1003,C00592,P2148,Marketplace,Transferencia,2x1,3,539.85,0.2,1619.55,210.54,1409.01,390.62,0
RETAILMAX S.A. - VENTAS 2021,2021-000104,2021-03-03 08:15:16,S1008,C00160,P2095,Tienda,Financiamiento,Sin Promo,3,583.94,0.2,1751.82,227.74,1524.08,368.2,0
RETAILMAX S.A. - VENTAS 2021,2021-000105,2021-09-26 01:29:57,S1022,C00711,P2038,Web,Transferencia,Black Friday,1,125.95,0.1,125.95,18.89,107.06,104.22,1
RETAILMAX S.A. - VENTAS 2021,2021-000106,2021-04-24 05:34:39,S1012,C00284,P2080,Call Center,Financiamiento,Black Friday,1,256.52,0.15,256.52,30.78,225.74,221.89,0
RETAILMAX S.A. - VENTAS 2021,2021-000107,2021-09-16 03:16:47,S1015,C00707,P2153,Call Center,Efectivo,Promo 10%,1,407.91,0.0,407.91,48.95,358.96,293.96,0
RETAILMAX S.A. - VENTAS 2021,2021-000108,2021-02-12 17:19:31,S1034,C00439,P2098,Call Center,Transferencia,Sin Promo,2,645.08,0.0,1290.16,193.52,1096.64,389.5,0
RETAILMAX S.A. - VENTAS 2021,2021-000109,2021-09-14 15:49:09,S1037,C00363,P2125,Web,Financiamiento,Black Friday,3,344.65,0.0,1033.95,134.41,899.54,235.01,0
RETAILMAX S.A. - VENTAS 2021,2021-000110,2021-09-07 14:23:35,S1028,C00425,P2026,Web,Efectivo,Sin Promo,2,459.92,0.0,919.84,137.98,781.86,230.43,0
RETAILMAX S.A. - VENTAS 2021,2021-000111,2021-08-09 11:46:30,S1011,C00153,P2047,Tienda,Tarjeta,Cyber Week,2,411.11,0.1,822.22,98.67,723.55,295.44,0
RETAILMAX S.A. - VENTAS 2021,2021-000112,2021-08-05 13:17:56,S1021,C00498,P2057,Marketplace,Billetera Digital,Cyber Week,1,419.8,0.0,419.8,62.97,356.83,314.68,0
RETAILMAX S.A. - VENTAS 2021,2021-000113,2021-06-06 06:09:44,S1006,C00680,P2020,Call Center,Billetera Digital,Promo 10%,6,44.42,0.1,266.52,34.65,231.87,32.33,0
RETAILMAX S.A. - VENTAS 2021,2021-000114,2021-01-23 08:30:03,S1036,C00471,P2137,Web,Tarjeta,Sin Promo,1,428.74,0.0,428.74,64.31,364.43,246.0,1
RETAILMAX S.A. - VENTAS 2021,2021-000115,2021-01-28 08:50:56,S1038,C00294,P2034,Marketplace,Tarjeta,Promo 15%,5,262.95,0.0,1314.75,170.92,1143.83,122.22,1
RETAILMAX S.A. - VENTAS 2021,2021-000116,2021-02-26 11:06:32,S1003,C00003,P2050,Marketplace,Efectivo,Cyber Week,2,273.95,0.0,547.9,71.23,476.67,192.16,0
RETAILMAX S.A. - VENTAS 2021,2021-000117,2021-04-19 07:25:12,S1007,C00746,P2159,Marketplace,Billetera Digital,2x1,2,512.7,0.2,1025.4,133.3,892.1,434.27,0
RETAILMAX S.A. - VENTAS 2021,2021-000118,2021-03-14 00:40:10,S1023,C00731,P2089,Tienda,Transferencia,Promo 10%,1,626.06,0.15,626.06,93.91,532.15,351.93,0
RETAILMAX S.A. - VENTAS 2021,2021-000119,2021-05-26 07:18:25,S1034,C00251,P2100,Marketplace,Tarjeta,2x1,3,514.77,0.1,1544.31,231.65,1312.66,422.9,1
RETAILMAX S.A. - VENTAS 2021,2021-000120,2021-01-05 02:25:29,S1024,C00520,P2019,Marketplace,Tarjeta,Sin Promo,1,471.27,0.0,471.27,70.69,400.58,283.84,0
RETAILMAX S.A. - VENTAS 2021,2021-000121,2021-11-29 14:04:22,S1044,C00327,P2027,Tienda,Transferencia,2x1,1,315.14,0.05,315.14,40.97,274.17,230.42,0
RETAILMAX S.A. - VENTAS 2021,2021-000122,2021-09-30 03:12:17,S1042,C00549,P2139,Call Center,Billetera Digital,Cyber Week,1,18.25,0.1,18.25,2.37,15.88,12.71,0
RETAILMAX S.A. - VENTAS 2021,2021-000123,2021-01-21 09:00:26,S1033,C00794,P2136,Marketplace,Financiamiento,2x1,4,154.8,0.0,619.2,92.88,526.32,99.42,1
RETAILMAX S.A. - VENTAS 2021,2021-000124,2021-03-22 00:40:08,S1026,C00403,P2090,Marketplace,Transferencia,Promo 10%,1,123.88,0.0,123.88,18.58,105.3,72.93,0
RETAILMAX S.A. - VENTAS 2021,2021-000125,2021-05-22 02:15:27,S1009,C00136,P2030,Tienda,Billetera Digital,Promo 15%,2,514.37,0.05,1028.74,133.74,895.0,418.38,0
RETAILMAX S.A. - VENTAS 2021,2021-000126,2021-03-19 12:26:38,S1040,C00643,P2013,Web,Tarjeta,Cyber Week,4,170.17,0.15,680.68,88.49,592.19,98.1,0
RETAILMAX S.A. - VENTAS 2021,2021-000127,2021-09-24 22:17:54,S1028,C00572,P2006,Web,Financiamiento,Promo 10%,4,341.71,0.15,1366.84,205.03,1161.81,287.52,0
RETAILMAX S.A. - VENTAS 2021,2021-000128,2021-03-20 15:31:37,S1028,C00747,P2036,Marketplace,Financiamiento,Black Friday,5,259.77,0.1,1298.85,194.83,1104.02,143.03,0
RETAILMAX S.A. - VENTAS 2021,2021-000129,2021-04-16 23:45:20,S1025,C00702,P2022,Web,Efectivo,Promo 15%,1,404.94,0.1,404.94,60.74,344.2,325.44,1
RETAILMAX S.A. - VENTAS 2021,2021-000130,2021-12-28 19:04:16,S1004,C00436,P2005,Web,Billetera Digital,Promo 10%,4,518.63,0.05,2074.52,269.69,1804.83,390.45,0
RETAILMAX S.A. - VENTAS 2021,2021-000131,2021-02-04 20:17:31,S1043,C00564,P2139,Tienda,Efectivo,Promo 15%,2,17.24,0.15,34.48,4.48,30.0,12.71,0
RETAILMAX S.A. - VENTAS 2021,2021-000132,2021-01-16 11:36:11,S1044,C00710,P2092,Call Center,Transferencia,2x1,4,762.37,0.05,3049.48,396.43,2653.05,416.32,1
RETAILMAX S.A. - VENTAS 2021,2021-000133,2021-11-23 09:58:07,S1022,C00244,P2052,Tienda,Efectivo,Promo 10%,1,94.69,0.0,94.69,14.2,80.49,47.67,0
RETAILMAX S.A. - VENTAS 2021,2021-000134,2021-11-10 22:27:44,S1002,C00449,P2123,Web,Billetera Digital,Promo 10%,1,157.6,0.1,157.6,20.49,137.11,112.82,0
RETAILMAX S.A. - VENTAS 2021,2021-000135,2021-12-18 00:56:58,S1020,C00164,P2047,Call Center,Efectivo,Black Friday,1,388.27,0.15,388.27,58.24,330.03,295.44,0
RETAILMAX S.A. - VENTAS 2021,2021-000136,2021-08-29 23:39:00,S1034,C00057,P2089,Call Center,Financiamiento,2x1,1,589.23,0.2,589.23,88.38,500.85,351.93,0
RETAILMAX S.A. - VENTAS 2021,2021-000137,2021-03-25 07:02:10,S1028,C00610,P2124,Tienda,Transferencia,2x1,1,451.91,0.05,451.91,67.79,384.12,351.18,0
RETAILMAX S.A. - VENTAS 2021,2021-000138,2021-12-10 07:23:05,S1007,C00794,P2096,Web,Financiamiento,Black Friday,3,636.0,0.0,1908.0,248.04,1659.96,369.96,0
RETAILMAX S.A. - VENTAS 2021,2021-000139,2021-12-19 11:49:44,S1045,C00417,P2135,Call Center,Financiamiento,Sin Promo,4,152.93,0.0,611.72,79.52,532.2,71.27,0
RETAILMAX S.A. - VENTAS 2021,2021-000140,2021-07-14 11:23:32,S1039,C00261,P2091,Tienda,Billetera Digital,Sin Promo,1,460.27,0.15,460.27,59.84,400.43,397.11,0
RETAILMAX S.A. - VENTAS 2021,2021-000141,2021-08-22 01:32:39,S1043,C00432,P2085,Call Center,Tarjeta,Black Friday,4,31.02,0.0,124.08,16.13,107.95,20.07,0
RETAILMAX S.A. - VENTAS 2021,2021-000142,2021-09-22 22:57:40,S1020,C00588,P2063,Marketplace,Financiamiento,2x1,5,70.41,0.0,352.05,52.81,299.24,34.56,0
RETAILMAX S.A. - VENTAS 2021,2021-000143,2021-05-27 16:47:49,S1004,C00035,P2101,Tienda,Billetera Digital,Promo 10%,1,336.53,0.0,336.53,43.75,292.78,262.94,0
RETAILMAX S.A. - VENTAS 2021,2021-000144,2021-11-27 16:26:44,S1021,C00090,P2080,Tienda,Efectivo,Black Friday,1,271.61,0.1,271.61,40.74,230.87,221.89,1
RETAILMAX S.A. - VENTAS 2021,2021-000145,2021-10-07 04:55:34,S1003,C00252,P2127,Call Center,Tarjeta,Promo 10%,1,732.66,0.0,732.66,95.25,637.41,361.43,0
RETAILMAX S.A. - VENTAS 2021,2021-000146,2021-10-30 07:21:07,S1018,C00696,P2139,Marketplace,Transferencia,Cyber Week,4,20.28,0.0,81.12,9.73,71.39,12.71,1
RETAILMAX S.A. - VENTAS 2021,2021-000147,2021-12-31 05:58:15,S1031,C00411,P2061,Tienda,Tarjeta,Cyber Week,3,42.68,0.0,128.04,19.21,108.83,26.36,0
RETAILMAX S.A. - VENTAS 2021,2021-000148,2021-11-21 13:12:51,S1026,C00412,P2108,Call Center,Billetera Digital,Black Friday,1,240.87,0.15,240.87,36.13,204.74,144.01,0
RETAILMAX S.A. - VENTAS 2021,2021-000149,2021-07-13 20:02:14,S1044,C00308,P2116,Web,Transferencia,Black Friday,1,595.12,0.2,595.12,77.37,517.75,358.01,1
RETAILMAX S.A. - VENTAS 2021,2021-000150,2021-03-18 05:54:09,S1014,C00378,P2104,Tienda,Financiamiento,Promo 15%,4,702.23,0.0,2808.92,337.07,2471.85,405.18,0
RETAILMAX S.A. - VENTAS 2021,2021-000151,2021-08-17 10:30:51,S1045,C00257,P2060,Web,Efectivo,Sin Promo,2,383.25,0.0,766.5,99.65,666.85,245.82,0
RETAILMAX S.A. - VENTAS 2021,2021-000152,2021-05-10 00:26:40,S1023,C00308,P2012,Call Center,Billetera Digital,Sin Promo,2,630.66,0.2,1261.32,189.2,1072.12,363.05,0
RETAILMAX S.A. - VENTAS 2021,2021-000153,2021-09-10 08:39:39,S1035,C00626,P2146,Call Center,Financiamiento,2x1,1,264.57,0.15,264.57,39.69,224.88,242.22,0
RETAILMAX S.A. - VENTAS 2021,2021-000154,2021-02-10 21:53:22,S1031,C00345,P2077,Marketplace,Billetera Digital,Cyber Week,2,794.69,0.0,1589.38,238.41,1350.97,400.81,0
RETAILMAX S.A. - VENTAS 2021,2021-000155,2021-04-17 01:46:51,S1025,C00205,P2012,Marketplace,Tarjeta,Promo 10%,1,788.33,0.0,788.33,118.25,670.08,363.05,0
RETAILMAX S.A. - VENTAS 2021,2021-000156,2021-12-08 21:02:51,S1041,C00633,P2078,Marketplace,Tarjeta,Sin Promo,3,165.66,0.0,496.98,64.61,432.37,125.47,0
RETAILMAX S.A. - VENTAS 2021,2021-000157,2021-08-02 06:29:23,S1022,C00153,P2134,Web,Financiamiento,Cyber Week,1,241.56,0.0,241.56,36.23,205.33,153.79,0
RETAILMAX S.A. - VENTAS 2021,2021-000158,2021-07-04 01:18:17,S1031,C00015,P2024,Marketplace,Transferencia,2x1,1,316.27,0.0,316.27,47.44,268.83,197.91,0
RETAILMAX S.A. - VENTAS 2021,2021-000159,2021-08-07 20:02:31,S1045,C00554,P2127,Web,Tarjeta,Cyber Week,1,696.03,0.05,696.03,90.48,605.55,361.43,0
RETAILMAX S.A. - VENTAS 2021,2021-000160,2021-06-18 19:11:21,S1038,C00593,P2071,Web,Billetera Digital,Sin Promo,1,483.57,0.0,483.57,62.86,420.71,243.78,0
RETAILMAX S.A. - VENTAS 2021,2021-000161,2021-10-20 22:54:01,S1007,C00587,P2138,Call Center,Billetera Digital,Cyber Week,2,720.1,0.0,1440.2,187.23,1252.97,375.47,0
RETAILMAX S.A. - VENTAS 2021,2021-000162,2021-08-07 22:10:02,S1007,C00176,P2109,Marketplace,Efectivo,Black Friday,3,208.28,0.0,624.84,81.23,543.61,141.94,0
RETAILMAX S.A. - VENTAS 2021,2021-000163,2021-09-12 18:55:18,S1026,C00426,P2148,Call Center,Efectivo,Black Friday,3,641.07,0.05,1923.21,288.48,1634.73,390.62,0
RETAILMAX S.A. - VENTAS 2021,2021-000164,2021-12-29 10:34:34,S1038,C00358,P2098,Tienda,Tarjeta,2x1,5,645.08,0.0,3225.4,419.3,2806.1,389.5,1
RETAILMAX S.A. - VENTAS 2021,2021-000165,2021-03-02 07:32:55,S1031,C00181,P2073,Call Center,Tarjeta,Promo 15%,3,156.33,0.05,468.99,70.35,398.64,131.1,0
RETAILMAX S.A. - VENTAS 2021,2021-000166,2021-10-14 23:12:38,S1017,C00126,P2141,Web,Transferencia,Promo 15%,1,707.62,0.15,707.62,84.91,622.71,384.64,0
RETAILMAX S.A. - VENTAS 2021,2021-000167,2021-06-07 10:55:58,S1009,C00675,P2118,Tienda,Tarjeta,Cyber Week,2,65.15,0.0,130.3,16.94,113.36,45.65,0
RETAILMAX S.A. - VENTAS 2021,2021-000168,2021-06-24 14:25:10,S1020,C00788,P2084,Tienda,Efectivo,Promo 10%,3,9.8,0.1,29.4,4.41,24.99,8.31,0
RETAILMAX S.A. - VENTAS 2021,2021-000169,2021-06-23 17:26:37,S1006,C00719,P2057,Tienda,Efectivo,2x1,4,335.84,0.2,1343.36,174.64,1168.72,314.68,0
RETAILMAX S.A. - VENTAS 2021,2021-000170,2021-11-18 16:46:14,S1036,C00532,P2138,Marketplace,Financiamiento,2x1,4,648.09,0.1,2592.36,388.85,2203.51,375.47,1
RETAILMAX S.A. - VENTAS 2021,2021-000171,2021-01-29 18:58:18,S1037,C00016,P2085,Marketplace,Billetera Digital,Black Friday,1,26.37,0.15,26.37,3.43,22.94,20.07,0
RETAILMAX S.A. - VENTAS 2021,2021-000172,2021-04-17 21:01:20,S1026,C00256,P2049,Marketplace,Tarjeta,Promo 10%,2,126.62,0.2,253.24,37.99,215.25,89.45,0
RETAILMAX S.A. - VENTAS 2021,2021-000173,2021-01-16 12:20:53,S1029,C00398,P2032,Web,Billetera Digital,Black Friday,6,396.58,0.15,2379.48,356.92,2022.56,330.43,0
RETAILMAX S.A. - VENTAS 2021,2021-000174,2021-04-06 21:40:12,S1026,C00697,P2085,Marketplace,Transferencia,Cyber Week,1,24.82,0.2,24.82,3.72,21.1,20.07,0
RETAILMAX S.A. - VENTAS 2021,2021-000175,2021-05-20 15:04:06,S1026,C00696,P2031,Marketplace,Financiamiento,Promo 15%,1,203.6,0.0,203.6,30.54,173.06,111.43,0
RETAILMAX S.A. - VENTAS 2021,2021-000176,2021-09-26 11:00:25,S1004,C00196,P2030,Tienda,Efectivo,Sin Promo,1,541.44,0.0,541.44,70.39,471.05,418.38,0
RETAILMAX S.A. - VENTAS 2021,2021-000177,2021-09-17 00:54:28,S1013,C00643,P2078,Web,Efectivo,Promo 15%,3,149.09,0.1,447.27,53.67,393.6,125.47,0
RETAILMAX S.A. - VENTAS 2021,2021-000178,2021-09-26 11:17:59,S1013,C00013,P2085,Tienda,Billetera Digital,Cyber Week,3,31.02,0.0,93.06,11.17,81.89,20.07,0
RETAILMAX S.A. - VENTAS 2021,2021-000179,2021-04-16 01:19:51,S1009,C00558,P2063,Tienda,Tarjeta,Promo 15%,2,59.85,0.15,119.7,15.56,104.14,34.56,0
RETAILMAX S.A. - VENTAS 2021,2021-000180,2021-12-18 21:38:14,S1027,C00305,P2072,Call Center,Tarjeta,Sin Promo,4,604.62,0.0,2418.48,362.77,2055.71,420.23,0
RETAILMAX S.A. - VENTAS 2021,2021-000181,2021-12-04 11:22:37,S1038,C00713,P2005,Marketplace,Efectivo,Promo 15%,1,436.74,0.2,436.74,56.78,379.96,390.45,0
RETAILMAX S.A. - VENTAS 2021,2021-000182,2021-04-09 10:26:00,S1005,C00281,P2057,Call Center,Tarjeta,Promo 15%,1,419.8,0.0,419.8,54.57,365.23,314.68,0
RETAILMAX S.A. - VENTAS 2021,2021-000183,2021-03-22 09:57:46,S1012,C00490,P2137,Tienda,Efectivo,Black Friday,1,385.87,0.1,385.87,46.3,339.57,246.0,0
RETAILMAX S.A. - VENTAS 2021,2021-000184,2021-10-09 11:35:44,S1026,C00747,P2034,Marketplace,Billetera Digital,Promo 10%,1,223.51,0.15,223.51,33.53,189.98,122.22,0
RETAILMAX S.A. - VENTAS 2021,2021-000185,2021-02-06 11:20:12,S1026,C00565,P2037,Call Center,Tarjeta,Promo 10%,2,623.8,0.0,1247.6,187.14,1060.46,405.23,0
RETAILMAX S.A. - VENTAS 2021,2021-000186,2021-08-30 01:50:13,S1022,C00751,P2009,Tienda,Financiamiento,2x1,1,523.01,0.0,523.01,78.45,444.56,287.2,0
RETAILMAX S.A. - VENTAS 2021,2021-000187,2021-12-27 21:42:14,S1025,C00585,P2082,Call Center,Billetera Digital,Promo 15%,4,239.21,0.15,956.84,143.53,813.31,152.77,0
RETAILMAX S.A. - VENTAS 2021,2021-000188,2021-06-20 07:12:51,S1016,C00382,P2067,Tienda,Financiamiento,Black Friday,3,495.08,0.15,1485.24,178.23,1307.01,420.88,0
RETAILMAX S.A. - VENTAS 2021,2021-000189,2021-02-17 17:02:57,S1040,C00632,P2001,Call Center,Financiamiento,Promo 10%,1,95.82,0.0,95.82,12.46,83.36,59.67,0
RETAILMAX S.A. - VENTAS 2021,2021-000190,2021-03-15 22:27:43,S1019,C00141,P2069,Call Center,Efectivo,Cyber Week,1,191.55,0.0,191.55,28.73,162.82,145.02,1
RETAILMAX S.A. - VENTAS 2021,2021-000191,2021-06-19 11:49:27,S1031,C00075,P2118,Tienda,Financiamiento,Sin Promo,2,65.15,0.0,130.3,19.55,110.75,45.65,0
RETAILMAX S.A. - VENTAS 2021,2021-000192,2021-09-03 16:47:35,S1014,C00284,P2017,Marketplace,Billetera Digital,Black Friday,3,280.3,0.0,840.9,100.91,739.99,182.13,0
RETAILMAX S.A. - VENTAS 2021,2021-000193,2021-09-18 03:44:51,S1009,C00129,P2007,Tienda,Transferencia,Black Friday,1,180.23,0.15,180.23,23.43,156.8,162.45,1
RETAILMAX S.A. - VENTAS 2021,2021-000194,2021-02-06 10:59:59,S1020,C00179,P2150,Call Center,Efectivo,Black Friday,2,222.37,0.05,444.74,66.71,378.03,154.53,0
RETAILMAX S.A. - VENTAS 2021,2021-000195,2021-10-08 05:47:23,S1010,C00729,P2095,Tienda,Transferencia,Promo 10%,5,693.43,0.05,3467.15,416.06,3051.09,368.2,1
RETAILMAX S.A. - VENTAS 2021,2021-000196,2021-10-30 15:41:51,S1044,C00411,P2159,Marketplace,Billetera Digital,Cyber Week,3,608.84,0.05,1826.52,237.45,1589.07,434.27,0
RETAILMAX S.A. - VENTAS 2021,2021-000197,2021-03-30 02:50:09,S1038,C00272,P2030,Call Center,Tarjeta,Black Friday,3,460.22,0.15,1380.66,179.49,1201.17,418.38,0
RETAILMAX S.A. - VENTAS 2021,2021-000198,2021-08-26 11:50:47,S1010,C00223,P2119,Call Center,Efectivo,Promo 15%,2,610.46,0.2,1220.92,146.51,1074.41,363.73,0
RETAILMAX S.A. - VENTAS 2021,2021-000199,2021-02-05 21:46:55,S1024,C00620,P2139,Call Center,Transferencia,2x1,1,16.22,0.2,16.22,2.43,13.79,12.71,1
RETAILMAX S.A. - VENTAS 2021,2021-000200,2021-12-05 02:14:18,S1012,C00528,P2036,Web,Billetera Digital,Cyber Week,1,230.9,0.2,230.9,27.71,203.19,143.03,0
RETAILMAX S.A. - VENTAS 2021,2021-000201,2021-03-17 05:25:58,S1020,C00341,P2039,Call Center,Billetera Digital,Black Friday,2,477.0,0.0,954.0,143.1,810.9,251.05,0
RETAILMAX S.A. - VENTAS 2021,2021-000202,2021-04-11 07:29:16,S1012,C00159,P2069,Marketplace,Billetera Digital,Cyber Week,2,191.55,0.0,383.1,45.97,337.13,145.02,0
RETAILMAX S.A. - VENTAS 2021,2021-000203,2021-08-11 12:32:03,S1004,C00404,P2035,Tienda,Billetera Digital,Black Friday,6,815.94,0.1,4895.64,636.43,4259.21,418.3,0
RETAILMAX S.A. - VENTAS 2021,2021-000204,2021-03-07 10:42:39,S1014,C00651,P2148,Tienda,Tarjeta,Cyber Week,1,607.33,0.1,607.33,72.88,534.45,390.62,0
RETAILMAX S.A. - VENTAS 2021,2021-000205,2021-07-03 03:59:38,S1032,C00273,P2158,Tienda,Efectivo,2x1,4,433.91,0.2,1735.64,260.35,1475.29,274.83,1
RETAILMAX S.A. - VENTAS 2021,2021-000206,2021-10-30 14:21:17,S1033,C00209,P2085,Call Center,Financiamiento,2x1,2,26.37,0.15,52.74,7.91,44.83,20.07,0
RETAILMAX S.A. - VENTAS 2021,2021-000207,2021-10-07 07:41:24,S1003,C00473,P2159,Web,Efectivo,Black Friday,2,608.84,0.05,1217.68,158.3,1059.38,434.27,0
RETAILMAX S.A. - VENTAS 2021,2021-000208,2021-07-04 15:11:27,S1016,C00746,P2081,Web,Efectivo,Sin Promo,1,319.45,0.2,319.45,38.33,281.12,192.91,0
RETAILMAX S.A. - VENTAS 2021,2021-000209,2021-11-28 00:34:18,S1018,C00198,P2096,Call Center,Efectivo,Sin Promo,1,604.2,0.05,604.2,72.5,531.7,369.96,0
RETAILMAX S.A. - VENTAS 2021,2021-000210,2021-11-25 15:08:27,S1018,C00060,P2058,Call Center,Billetera Digital,Promo 10%,4,372.73,0.2,1490.92,178.91,1312.01,324.41,0
RETAILMAX S.A. - VENTAS 2021,2021-000211,2021-09-18 15:26:30,S1012,C00326,P2036,Call Center,Transferencia,Promo 10%,2,274.2,0.05,548.4,65.81,482.59,143.03,0
RETAILMAX S.A. - VENTAS 2021,2021-000212,2021-08-06 22:00:42,S1033,C00178,P2130,Web,Billetera Digital,Promo 15%,1,666.23,0.05,666.23,99.93,566.3,404.15,0
RETAILMAX S.A. - VENTAS 2021,2021-000213,2021-10-07 20:59:03,S1037,C00207,P2062,Call Center,Transferencia,Sin Promo,1,111.89,0.0,111.89,14.55,97.34,74.21,0
RETAILMAX S.A. - VENTAS 2021,2021-000214,2021-09-04 02:54:54,S1030,C00496,P2055,Marketplace,Financiamiento,Black Friday,1,119.65,0.15,119.65,17.95,101.7,77.43,0
RETAILMAX S.A. - VENTAS 2021,2021-000215,2021-09-25 22:12:43,S1001,C00505,P2069,Tienda,Billetera Digital,Black Friday,1,181.97,0.05,181.97,23.66,158.31,145.02,0
RETAILMAX S.A. - VENTAS 2021,2021-000216,2021-11-10 01:55:17,S1019,C00595,P2019,Tienda,Financiamiento,2x1,4,424.14,0.1,1696.56,254.48,1442.08,283.84,0
RETAILMAX S.A. - VENTAS 2021,2021-000217,2021-08-29 20:53:50,S1030,C00226,P2151,Marketplace,Transferencia,Promo 15%,3,233.86,0.05,701.58,105.24,596.34,116.51,0
RETAILMAX S.A. - VENTAS 2021,2021-000218,2021-01-19 21:45:33,S1033,C00763,P2145,Marketplace,Tarjeta,Cyber Week,3,100.31,0.15,300.93,45.14,255.79,77.61,0
RETAILMAX S.A. - VENTAS 2021,2021-000219,2021-10-24 06:09:21,S1036,C00232,P2065,Marketplace,Billetera Digital,Sin Promo,2,347.05,0.15,694.1,104.11,589.99,269.16,0
RETAILMAX S.A. - VENTAS 2021,2021-000220,2021-09-06 03:00:14,S1017,C00372,P2117,Marketplace,Transferencia,Promo 10%,1,84.2,0.0,84.2,10.1,74.1,41.82,0
RETAILMAX S.A. - VENTAS 2021,2021-000221,2021-05-24 10:01:13,S1033,C00343,P2034,Tienda,Billetera Digital,Promo 10%,4,262.95,0.0,1051.8,157.77,894.03,122.22,0
RETAILMAX S.A. - VENTAS 2021,2021-000222,2021-03-19 23:59:56,S1017,C00062,P2077,Web,Transferencia,Cyber Week,2,635.75,0.2,1271.5,152.58,1118.92,400.81,0
RETAILMAX S.A. - VENTAS 2021,2021-000223,2021-09-06 06:34:59,S1034,C00237,P2135,Tienda,Transferencia,Sin Promo,3,122.34,0.2,367.02,55.05,311.97,71.27,0
RETAILMAX S.A. - VENTAS 2021,2021-000224,2021-11-01 05:36:44,S1006,C00203,P2034,Call Center,Financiamiento,Promo 10%,3,210.36,0.2,631.08,82.04,549.04,122.22,1
RETAILMAX S.A. - VENTAS 2021,2021-000225,2021-08-14 23:12:48,S1021,C00668,P2118,Marketplace,Tarjeta,Cyber Week,1,58.64,0.1,58.64,8.8,49.84,45.65,0
RETAILMAX S.A. - VENTAS 2021,2021-000226,2021-03-01 01:54:44,S1012,C00696,P2097,Call Center,Transferencia,2x1,1,495.07,0.05,495.07,59.41,435.66,298.37,1
RETAILMAX S.A. - VENTAS 2021,2021-000227,2021-09-30 08:30:26,S1044,C00188,P2044,Call Center,Financiamiento,Promo 15%,1,385.97,0.15,385.97,50.18,335.79,214.81,0
RETAILMAX S.A. - VENTAS 2021,2021-000228,2021-09-29 15:49:41,S1013,C00668,P2089,Call Center,Financiamiento,Cyber Week,1,589.23,0.2,589.23,70.71,518.52,351.93,0
RETAILMAX S.A. - VENTAS 2021,2021-000229,2021-09-29 01:29:36,S1013,C00677,P2010,Marketplace,Financiamiento,Black Friday,1,363.68,0.1,363.68,43.64,320.04,210.17,1
RETAILMAX S.A. - VENTAS 2021,2021-000230,2021-05-20 12:11:44,S1016,C00795,P2132,Tienda,Transferencia,Cyber Week,1,257.29,0.2,257.29,30.87,226.42,220.13,0
RETAILMAX S.A. - VENTAS 2021,2021-000231,2021-07-20 16:47:18,S1032,C00673,P2104,Web,Billetera Digital,Promo 10%,3,596.9,0.15,1790.7,268.61,1522.09,405.18,0
RETAILMAX S.A. - VENTAS 2021,2021-000232,2021-06-22 06:33:02,S1032,C00253,P2063,Tienda,Tarjeta,Sin Promo,1,70.41,0.0,70.41,10.56,59.85,34.56,0
RETAILMAX S.A. - VENTAS 2021,2021-000233,2021-02-20 19:07:27,S1035,C00098,P2088,Marketplace,Efectivo,Cyber Week,1,543.32,0.05,543.32,81.5,461.82,308.2,0
RETAILMAX S.A. - VENTAS 2021,2021-000234,2021-05-09 07:01:47,S1032,C00556,P2075,Tienda,Tarjeta,Black Friday,1,522.04,0.1,522.04,78.31,443.73,301.87,1
RETAILMAX S.A. - VENTAS 2021,2021-000235,2021-04-22 21:49:22,S1024,C00348,P2037,Tienda,Tarjeta,Black Friday,2,530.23,0.15,1060.46,159.07,901.39,405.23,0
RETAILMAX S.A. - VENTAS 2021,2021-000236,2021-07-12 23:53:54,S1032,C00391,P2066,Web,Tarjeta,Cyber Week,3,446.0,0.15,1338.0,200.7,1137.3,297.19,0
RETAILMAX S.A. - VENTAS 2021,2021-000237,2021-05-10 10:43:29,S1002,C00304,P2119,Call Center,Transferencia,2x1,2,763.08,0.0,1526.16,198.4,1327.76,363.73,1
RETAILMAX S.A. - VENTAS 2021,2021-000238,2021-12-08 11:46:29,S1033,C00380,P2148,Tienda,Transferencia,Sin Promo,1,539.85,0.2,539.85,80.98,458.87,390.62,0
RETAILMAX S.A. - VENTAS 2021,2021-000239,2021-07-18 12:06:41,S1032,C00233,P2074,Marketplace,Efectivo,2x1,6,281.27,0.0,1687.62,253.14,1434.48,138.92,0
RETAILMAX S.A. - VENTAS 2021,2021-000240,2021-09-09 07:18:22,S1005,C00731,P2141,Call Center,Tarjeta,Promo 10%,2,832.49,0.0,1664.98,216.45,1448.53,384.64,0
RETAILMAX S.A. - VENTAS 2021,2021-000241,2021-08-09 07:57:04,S1040,C00584,P2011,Call Center,Transferencia,Sin Promo,2,392.72,0.0,785.44,102.11,683.33,309.34,0
RETAILMAX S.A. - VENTAS 2021,2021-000242,2021-02-07 02:33:49,S1022,C00561,P2154,Call Center,Tarjeta,2x1,2,733.21,0.0,1466.42,219.96,1246.46,427.53,0
RETAILMAX S.A. - VENTAS 2021,2021-000243,2021-12-01 23:18:50,S1038,C00424,P2071,Call Center,Transferencia,Promo 10%,1,483.57,0.0,483.57,62.86,420.71,243.78,1
RETAILMAX S.A. - VENTAS 2021,2021-000244,2021-06-18 14:14:52,S1007,C00349,P2066,Call Center,Financiamiento,2x1,2,472.24,0.1,944.48,122.78,821.7,297.19,0
RETAILMAX S.A. - VENTAS 2021,2021-000245,2021-02-05 19:39:55,S1015,C00024,P2006,Call Center,Tarjeta,Black Friday,1,381.91,0.05,381.91,45.83,336.08,287.52,0
RETAILMAX S.A. - VENTAS 2021,2021-000246,2021-07-03 12:08:24,S1019,C00572,P2042,Tienda,Tarjeta,Promo 15%,2,381.32,0.05,762.64,114.4,648.24,233.31,0
RETAILMAX S.A. - VENTAS 2021,2021-000247,2021-06-24 02:55:45,S1001,C00665,P2008,Marketplace,Efectivo,Promo 10%,3,699.38,0.2,2098.14,272.76,1825.38,421.75,0
RETAILMAX S.A. - VENTAS 2021,2021-000248,2021-01-21 13:59:13,S1028,C00407,P2107,Call Center,Tarjeta,Cyber Week,2,322.0,0.0,644.0,96.6,547.4,196.36,1
RETAILMAX S.A. - VENTAS 2021,2021-000249,2021-07-03 17:42:46,S1015,C00723,P2135,Call Center,Efectivo,Promo 10%,1,129.99,0.15,129.99,15.6,114.39,71.27,0
RETAILMAX S.A. - VENTAS 2021,2021-000250,2021-04-09 00:55:24,S1003,C00023,P2159,Web,Financiamiento,2x1,3,576.79,0.1,1730.37,224.95,1505.42,434.27,0
RETAILMAX S.A. - VENTAS 2021,2021-000251,2021-10-04 23:25:32,S1030,C00793,P2113,Call Center,Tarjeta,Sin Promo,1,267.88,0.1,267.88,40.18,227.7,139.53,0
RETAILMAX S.A. - VENTAS 2021,2021-000252,2021-01-29 12:17:45,S1011,C00242,P2044,Call Center,Tarjeta,Promo 10%,3,454.08,0.0,1362.24,163.47,1198.77,214.81,1
RETAILMAX S.A. - VENTAS 2021,2021-000253,2021-12-08 19:02:46,S1033,C00143,P2160,Web,Billetera Digital,Promo 10%,2,690.39,0.15,1380.78,207.12,1173.66,418.28,0
RETAILMAX S.A. - VENTAS 2021,2021-000254,2021-01-19 05:09:18,S1030,C00153,P2059,Call Center,Billetera Digital,Sin Promo,2,130.71,0.0,261.42,39.21,222.21,101.09,0
RETAILMAX S.A. - VENTAS 2021,2021-000255,2021-12-26 23:37:17,S1011,C00106,P2094,Tienda,Transferencia,Sin Promo,1,700.79,0.0,700.79,84.09,616.7,392.99,0
RETAILMAX S.A. - VENTAS 2021,2021-000256,2021-11-09 06:12:52,S1026,C00065,P2080,Tienda,Tarjeta,2x1,3,301.79,0.0,905.37,135.81,769.56,221.89,0
RETAILMAX S.A. - VENTAS 2021,2021-000257,2021-11-12 08:01:50,S1011,C00590,P2069,Call Center,Transferencia,Cyber Week,1,191.55,0.0,191.55,22.99,168.56,145.02,1
RETAILMAX S.A. - VENTAS 2021,2021-000258,2021-07-25 11:48:18,S1007,C00007,P2150,Web,Transferencia,Promo 10%,1,198.96,0.15,198.96,25.86,173.1,154.53,0
RETAILMAX S.A. - VENTAS 2021,2021-000259,2021-10-31 06:18:54,S1026,C00308,P2051,Marketplace,Efectivo,2x1,1,855.46,0.0,855.46,128.32,727.14,394.02,0
RETAILMAX S.A. - VENTAS 2021,2021-000260,2021-12-23 13:28:07,S1032,C00235,P2010,Web,Billetera Digital,Sin Promo,2,383.89,0.05,767.78,115.17,652.61,210.17,0
RETAILMAX S.A. - VENTAS 2021,2021-000261,2021-02-21 23:01:03,S1013,C00778,P2096,Web,Tarjeta,2x1,2,508.8,0.2,1017.6,122.11,895.49,369.96,0
RETAILMAX S.A. - VENTAS 2021,2021-000262,2021-01-04 00:15:46,S1029,C00083,P2121,Marketplace,Financiamiento,Cyber Week,1,417.78,0.0,417.78,62.67,355.11,207.12,0
RETAILMAX S.A. - VENTAS 2021,2021-000263,2021-12-21 04:37:12,S1001,C00307,P2119,Marketplace,Billetera Digital,2x1,1,648.62,0.15,648.62,84.32,564.3,363.73,0
RETAILMAX S.A. - VENTAS 2021,2021-000264,2021-05-03 06:21:18,S1037,C00477,P2113,Web,Financiamiento,Black Friday,2,297.65,0.0,595.3,77.39,517.91,139.53,0
RETAILMAX S.A. - VENTAS 2021,2021-000265,2021-11-18 10:57:58,S1020,C00310,P2056,Web,Efectivo,Sin Promo,1,886.94,0.0,886.94,133.04,753.9,417.23,0
RETAILMAX S.A. - VENTAS 2021,2021-000266,2021-02-18 22:32:03,S1037,C00109,P2116,Web,Financiamiento,Cyber Week,1,595.12,0.2,595.12,77.37,517.75,358.01,1
RETAILMAX S.A. - VENTAS 2021,2021-000267,2021-04-17 10:03:51,S1041,C00565,P2006,Web,Financiamiento,2x1,1,402.01,0.0,402.01,52.26,349.75,287.52,0
RETAILMAX S.A. - VENTAS 2021,2021-000268,2021-03-23 01:34:11,S1009,C00031,P2093,Marketplace,Efectivo,2x1,1,147.96,0.0,147.96,19.23,128.73,75.0,0
RETAILMAX S.A. - VENTAS 2021,2021-000269,2021-06-21 22:27:27,S1005,C00138,P2012,Call Center,Tarjeta,Sin Promo,3,630.66,0.2,1891.98,245.96,1646.02,363.05,1
RETAILMAX S.A. - VENTAS 2021,2021-000270,2021-01-27 19:33:52,S1010,C00332,P2071,Tienda,Financiamiento,Black Friday,1,386.86,0.2,386.86,46.42,340.44,243.78,0
RETAILMAX S.A. - VENTAS 2021,2021-000271,2021-02-06 08:34:01,S1014,C00341,P2129,Marketplace,Financiamiento,Promo 10%,3,454.45,0.1,1363.35,163.6,1199.75,401.84,1
RETAILMAX S.A. - VENTAS 2021,2021-000272,2021-12-13 11:51:28,S1014,C00356,P2011,Marketplace,Efectivo,Sin Promo,1,392.72,0.0,392.72,47.13,345.59,309.34,0
RETAILMAX S.A. - VENTAS 2021,2021-000273,2021-07-31 07:16:48,S1012,C00142,P2103,Tienda,Financiamiento,Black Friday,1,424.9,0.0,424.9,50.99,373.91,274.37,0
RETAILMAX S.A. - VENTAS 2021,2021-000274,2021-01-28 15:52:09,S1034,C00312,P2026,Call Center,Efectivo,2x1,1,413.93,0.1,413.93,62.09,351.84,230.43,0
RETAILMAX S.A. - VENTAS 2021,2021-000275,2021-03-11 16:39:56,S1036,C00454,P2101,Marketplace,Transferencia,Promo 10%,3,286.05,0.15,858.15,128.72,729.43,262.94,0
RETAILMAX S.A. - VENTAS 2021,2021-000276,2021-03-07 01:10:06,S1030,C00310,P2109,Marketplace,Efectivo,Sin Promo,2,208.28,0.0,416.56,62.48,354.08,141.94,0
RETAILMAX S.A. - VENTAS 2021,2021-000277,2021-08-23 15:13:37,S1038,C00141,P2151,Web,Transferencia,Black Friday,1,246.17,0.0,246.17,32.0,214.17,116.51,0
RETAILMAX S.A. - VENTAS 2021,2021-000278,2021-11-23 22:15:54,S1034,C00132,P2010,Web,Tarjeta,2x1,4,363.68,0.1,1454.72,218.21,1236.51,210.17,0
RETAILMAX S.A. - VENTAS 2021,2021-000279,2021-09-08 07:52:49,S1035,C00612,P2061,Call Center,Transferencia,Sin Promo,2,34.14,0.2,68.28,10.24,58.04,26.36,1
RETAILMAX S.A. - VENTAS 2021,2021-000280,2021-08-08 08:58:49,S1045,C00560,P2004,Web,Billetera Digital,Promo 10%,1,516.47,0.05,516.47,67.14,449.33,298.92,0
RETAILMAX S.A. - VENTAS 2021,2021-000281,2021-01-03 15:12:38,S1003,C00370,P2104,Call Center,Billetera Digital,Sin Promo,6,702.23,0.0,4213.38,547.74,3665.64,405.18,0
RETAILMAX S.A. - VENTAS 2021,2021-000282,2021-09-29 14:21:24,S1004,C00612,P2007,Tienda,Financiamiento,2x1,2,169.62,0.2,339.24,44.1,295.14,162.45,0
RETAILMAX S.A. - VENTAS 2021,2021-000283,2021-02-12 20:20:02,S1008,C00273,P2082,Call Center,Efectivo,Promo 10%,3,239.21,0.15,717.63,93.29,624.34,152.77,0
RETAILMAX S.A. - VENTAS 2021,2021-000284,2021-06-01 08:42:14,S1010,C00054,P2085,Tienda,Financiamiento,Cyber Week,2,31.02,0.0,62.04,7.44,54.6,20.07,0
RETAILMAX S.A. - VENTAS 2021,2021-000285,2021-03-24 16:43:19,S1044,C00463,P2109,Tienda,Financiamiento,2x1,4,177.04,0.15,708.16,92.06,616.1,141.94,0
RETAILMAX S.A. - VENTAS 2021,2021-000286,2021-12-27 14:45:31,S1029,C00201,P2026,Marketplace,Financiamiento,Cyber Week,1,367.94,0.2,367.94,55.19,312.75,230.43,1
RETAILMAX S.A. - VENTAS 2021,2021-000287,2021-01-01 22:50:22,S1018,C00304,P2037,Marketplace,Billetera Digital,Sin Promo,1,530.23,0.15,530.23,63.63,466.6,405.23,0
RETAILMAX S.A. - VENTAS 2021,2021-000288,2021-08-07 09:49:21,S1017,C00018,P2032,Web,Tarjeta,Black Friday,2,419.91,0.1,839.82,100.78,739.04,330.43,0
RETAILMAX S.A. - VENTAS 2021,2021-000289,2021-01-29 18:44:27,S1010,C00255,P2066,Marketplace,Tarjeta,Sin Promo,5,446.0,0.15,2230.0,267.6,1962.4,297.19,0
RETAILMAX S.A. - VENTAS 2021,2021-000290,2021-07-07 16:56:34,S1038,C00480,P2152,Marketplace,Efectivo,Cyber Week,2,499.51,0.0,999.02,129.87,869.15,338.06,0
RETAILMAX S.A. - VENTAS 2021,2021-000291,2021-12-27 02:26:22,S1014,C00362,P2021,Web,Efectivo,Promo 15%,2,351.58,0.2,703.16,84.38,618.78,239.98,0
RETAILMAX S.A. - VENTAS 2021,2021-000292,2021-10-04 04:08:04,S1028,C00390,P2047,Web,Efectivo,Promo 15%,2,388.27,0.15,776.54,116.48,660.06,295.44,0
RETAILMAX S.A. - VENTAS 2021,2021-000293,2021-05-17 18:20:03,S1038,C00696,P2097,Tienda,Tarjeta,Promo 15%,2,521.13,0.0,1042.26,135.49,906.77,298.37,0
RETAILMAX S.A. - VENTAS 2021,2021-000294,2021-08-20 17:42:10,S1003,C00177,P2144,Tienda,Financiamiento,Cyber Week,2,218.0,0.2,436.0,56.68,379.32,177.43,0
RETAILMAX S.A. - VENTAS 2021,2021-000295,2021-12-14 19:24:02,S1012,C00591,P2019,Marketplace,Tarjeta,Promo 10%,4,447.71,0.05,1790.84,214.9,1575.94,283.84,0
RETAILMAX S.A. - VENTAS 2021,2021-000296,2021-02-14 02:55:08,S1016,C00544,P2152,Marketplace,Tarjeta,Sin Promo,1,499.51,0.0,499.51,59.94,439.57,338.06,0
RETAILMAX S.A. - VENTAS 2021,2021-000297,2021-05-22 04:04:43,S1040,C00251,P2148,Web,Efectivo,Black Friday,2,641.07,0.05,1282.14,166.68,1115.46,390.62,1
RETAILMAX S.A. - VENTAS 2021,2021-000298,2021-01-12 10:40:26,S1002,C00094,P2087,Web,Financiamiento,Promo 15%,1,275.21,0.15,275.21,35.78,239.43,166.63,0
RETAILMAX S.A. - VENTAS 2021,2021-000299,2021-08-16 23:28:20,S1018,C00303,P2120,Tienda,Tarjeta,Promo 10%,1,199.5,0.0,199.5,23.94,175.56,113.2,0
RETAILMAX S.A. - VENTAS 2021,2021-000300,2021-11-27 12:13:44,S1021,C00422,P2010,Marketplace,Financiamiento,Black Friday,1,404.09,0.0,404.09,60.61,343.48,210.17,1
RETAILMAX S.A. - VENTAS 2021,2021-000301,2021-12-23 19:18:09,S1008,C00364,P2073,Call Center,Transferencia,Black Friday,3,156.33,0.05,468.99,60.97,408.02,131.1,0
RETAILMAX S.A. - VENTAS 2021,2021-000302,2021-06-06 06:15:09,S1013,C00120,P2006,Call Center,Transferencia,Promo 15%,3,402.01,0.0,1206.03,144.72,1061.31,287.52,0
RETAILMAX S.A. - VENTAS 2021,2021-000303,2021-03-17 12:51:24,S1022,C00286,P2126,Web,Billetera Digital,Promo 15%,1,684.14,0.0,684.14,102.62,581.52,413.19,0
RETAILMAX S.A. - VENTAS 2021,2021-000304,2021-03-31 05:35:17,S1020,C00757,P2035,Tienda,Transferencia,Black Friday,1,906.6,0.0,906.6,135.99,770.61,418.3,0
RETAILMAX S.A. - VENTAS 2021,2021-000305,2021-08-14 09:28:52,S1016,C00662,P2031,Tienda,Transferencia,Promo 15%,1,203.6,0.0,203.6,24.43,179.17,111.43,0
RETAILMAX S.A. - VENTAS 2021,2021-000306,2021-07-10 16:19:36,S1039,C00175,P2023,Marketplace,Tarjeta,Sin Promo,2,529.75,0.0,1059.5,137.74,921.76,346.8,0
RETAILMAX S.A. - VENTAS 2021,2021-000307,2021-09-13 05:17:35,S1013,C00037,P2061,Web,Tarjeta,Cyber Week,5,42.68,0.0,213.4,25.61,187.79,26.36,0
RETAILMAX S.A. - VENTAS 2021,2021-000308,2021-09-17 12:03:41,S1023,C00146,P2133,Call Center,Transferencia,Black Friday,2,52.59,0.0,105.18,15.78,89.4,38.56,1
RETAILMAX S.A. - VENTAS 2021,2021-000309,2021-03-17 20:34:46,S1018,C00462,P2154,Marketplace,Tarjeta,Cyber Week,3,696.55,0.05,2089.65,250.76,1838.89,427.53,0
RETAILMAX S.A. - VENTAS 2021,2021-000310,2021-01-21 05:04:34,S1044,C00179,P2069,Marketplace,Tarjeta,2x1,2,191.55,0.0,383.1,49.8,333.3,145.02,0
RETAILMAX S.A. - VENTAS 2021,2021-000311,2021-04-23 16:14:14,S1036,C00711,P2142,Tienda,Billetera Digital,Cyber Week,1,493.89,0.0,493.89,74.08,419.81,331.65,0
RETAILMAX S.A. - VENTAS 2021,2021-000312,2021-10-26 19:10:00,S1021,C00673,P2021,Marketplace,Efectivo,Sin Promo,1,351.58,0.2,351.58,52.74,298.84,239.98,0
RETAILMAX S.A. - VENTAS 2021,2021-000313,2021-10-03 16:13:07,S1040,C00157,P2124,Call Center,Efectivo,2x1,2,475.69,0.0,951.38,123.68,827.7,351.18,0
RETAILMAX S.A. - VENTAS 2021,2021-000314,2021-11-05 22:01:48,S1038,C00795,P2007,Marketplace,Financiamiento,Promo 10%,2,212.03,0.0,424.06,55.13,368.93,162.45,1
RETAILMAX S.A. - VENTAS 2021,2021-000315,2021-08-07 13:27:28,S1016,C00066,P2066,Marketplace,Transferencia,Promo 15%,1,524.71,0.0,524.71,62.97,461.74,297.19,0
RETAILMAX S.A. - VENTAS 2021,2021-000316,2021-08-17 20:25:35,S1039,C00708,P2114,Call Center,Financiamiento,2x1,1,470.9,0.15,470.9,61.22,409.68,274.57,0
RETAILMAX S.A. - VENTAS 2021,2021-000317,2021-03-25 15:25:52,S1009,C00347,P2068,Web,Billetera Digital,Black Friday,3,234.08,0.05,702.24,91.29,610.95,122.46,0
RETAILMAX S.A. - VENTAS 2021,2021-000318,2021-03-15 07:33:54,S1012,C00581,P2107,Marketplace,Tarjeta,Black Friday,1,257.6,0.2,257.6,30.91,226.69,196.36,0
RETAILMAX S.A. - VENTAS 2021,2021-000319,2021-02-15 00:14:27,S1044,C00213,P2125,Call Center,Efectivo,Black Friday,1,344.65,0.0,344.65,44.8,299.85,235.01,0
RETAILMAX S.A. - VENTAS 2021,2021-000320,2021-12-30 20:40:37,S1008,C00310,P2007,Web,Efectivo,2x1,3,212.03,0.0,636.09,82.69,553.4,162.45,0
RETAILMAX S.A. - VENTAS 2021,2021-000321,2021-10-11 17:51:42,S1021,C00235,P2053,Marketplace,Billetera Digital,Promo 15%,1,747.6,0.2,747.6,112.14,635.46,436.17,0
RETAILMAX S.A. - VENTAS 2021,2021-000322,2021-10-14 16:52:25,S1016,C00086,P2106,Tienda,Efectivo,Promo 15%,1,369.14,0.2,369.14,44.3,324.84,310.34,0
RETAILMAX S.A. - VENTAS 2021,2021-000323,2021-11-24 23:10:35,S1036,C00786,P2144,Marketplace,Financiamiento,Promo 10%,2,231.62,0.15,463.24,69.49,393.75,177.43,0
RETAILMAX S.A. - VENTAS 2021,2021-000324,2021-12-19 23:28:33,S1029,C00371,P2140,Marketplace,Financiamiento,Sin Promo,1,14.41,0.0,14.41,2.16,12.25,6.63,0
RETAILMAX S.A. - VENTAS 2021,2021-000325,2021-07-05 21:09:21,S1026,C00601,P2093,Marketplace,Financiamiento,Cyber Week,2,140.56,0.05,281.12,42.17,238.95,75.0,0
RETAILMAX S.A. - VENTAS 2021,2021-000326,2021-07-11 18:39:37,S1016,C00101,P2091,Marketplace,Efectivo,Black Friday,3,541.5,0.0,1624.5,194.94,1429.56,397.11,0
RETAILMAX S.A. - VENTAS 2021,2021-000327,2021-03-16 11:38:21,S1031,C00229,P2102,Web,Transferencia,Promo 10%,2,425.74,0.15,851.48,127.72,723.76,270.07,0
RETAILMAX S.A. - VENTAS 2021,2021-000328,2021-05-20 13:08:58,S1028,C00434,P2045,Tienda,Transferencia,Promo 15%,1,68.91,0.0,68.91,10.34,58.57,46.07,0
RETAILMAX S.A. - VENTAS 2021,2021-000329,2021-11-24 02:47:49,S1031,C00222,P2101,Web,Tarjeta,Black Friday,2,269.22,0.2,538.44,80.77,457.67,262.94,0
RETAILMAX S.A. - VENTAS 2021,2021-000330,2021-10-06 11:44:44,S1029,C00220,P2003,Marketplace,Transferencia,Cyber Week,4,406.98,0.2,1627.92,244.19,1383.73,261.5,1
RETAILMAX S.A. - VENTAS 2021,2021-000331,2021-12-19 13:11:56,S1031,C00152,P2063,Marketplace,Efectivo,Sin Promo,1,63.37,0.1,63.37,9.51,53.86,34.56,0
RETAILMAX S.A. - VENTAS 2021,2021-000332,2021-09-23 10:14:45,S1015,C00539,P2131,Call Center,Transferencia,Promo 10%,1,187.08,0.05,187.08,22.45,164.63,119.6,0
RETAILMAX S.A. - VENTAS 2021,2021-000333,2021-04-22 05:37:37,S1005,C00218,P2020,Web,Billetera Digital,Black Friday,2,39.49,0.2,78.98,10.27,68.71,32.33,1
RETAILMAX S.A. - VENTAS 2021,2021-000334,2021-09-27 19:22:22,S1015,C00330,P2055,Tienda,Financiamiento,2x1,3,119.65,0.15,358.95,43.07,315.88,77.43,0
RETAILMAX S.A. - VENTAS 2021,2021-000335,2021-03-01 04:46:40,S1038,C00106,P2105,Marketplace,Transferencia,Cyber Week,4,642.34,0.05,2569.36,334.02,2235.34,320.12,0
RETAILMAX S.A. - VENTAS 2021,2021-000336,2021-03-13 16:05:25,S1004,C00148,P2098,Marketplace,Efectivo,Cyber Week,4,580.57,0.1,2322.28,301.9,2020.38,389.5,0
RETAILMAX S.A. - VENTAS 2021,2021-000337,2021-01-15 04:19:04,S1015,C00012,P2150,Web,Efectivo,Promo 15%,1,187.26,0.2,187.26,22.47,164.79,154.53,0
RETAILMAX S.A. - VENTAS 2021,2021-000338,2021-04-18 04:44:27,S1045,C00613,P2155,Tienda,Tarjeta,Sin Promo,6,149.46,0.05,896.76,116.58,780.18,71.96,0
RETAILMAX S.A. - VENTAS 2021,2021-000339,2021-08-09 01:32:52,S1029,C00360,P2087,Tienda,Financiamiento,Sin Promo,1,323.78,0.0,323.78,48.57,275.21,166.63,0
RETAILMAX S.A. - VENTAS 2021,2021-000340,2021-01-23 02:24:43,S1043,C00759,P2018,Tienda,Tarjeta,Black Friday,1,391.86,0.0,391.86,50.94,340.92,224.11,0
RETAILMAX S.A. - VENTAS 2021,2021-000341,2021-10-28 07:16:57,S1027,C00411,P2052,Tienda,Tarjeta,Promo 10%,1,94.69,0.0,94.69,14.2,80.49,47.67,1
RETAILMAX S.A. - VENTAS 2021,2021-000342,2021-05-23 21:06:29,S1037,C00510,P2008,Web,Billetera Digital,Black Friday,1,874.23,0.0,874.23,113.65,760.58,421.75,0
RETAILMAX S.A. - VENTAS 2021,2021-000343,2021-02-20 21:02:57,S1006,C00700,P2061,Web,Efectivo,Promo 15%,3,38.41,0.1,115.23,14.98,100.25,26.36,0
RETAILMAX S.A. - VENTAS 2021,2021-000344,2021-10-03 00:09:27,S1022,C00389,P2020,Web,Billetera Digital,Cyber Week,5,49.36,0.0,246.8,37.02,209.78,32.33,0
RETAILMAX S.A. - VENTAS 2021,2021-000345,2021-07-07 21:27:31,S1015,C00012,P2014,Tienda,Efectivo,Promo 15%,1,365.66,0.15,365.66,43.88,321.78,296.33,0
RETAILMAX S.A. - VENTAS 2021,2021-000346,2021-08-06 07:48:05,S1025,C00705,P2102,Tienda,Transferencia,Sin Promo,2,475.83,0.05,951.66,142.75,808.91,270.07,0
RETAILMAX S.A. - VENTAS 2021,2021-000347,2021-02-26 18:55:21,S1038,C00020,P2018,Marketplace,Transferencia,Black Friday,1,313.49,0.2,313.49,40.75,272.74,224.11,1
RETAILMAX S.A. - VENTAS 2021,2021-000348,2021-01-21 02:59:40,S1039,C00661,P2125,Call Center,Transferencia,2x1,1,344.65,0.0,344.65,44.8,299.85,235.01,0
RETAILMAX S.A. - VENTAS 2021,2021-000349,2021-06-09 16:09:50,S1018,C00445,P2016,Marketplace,Financiamiento,Promo 10%,1,163.96,0.05,163.96,19.68,144.28,121.18,0
RETAILMAX S.A. - VENTAS 2021,2021-000350,2021-09-01 13:22:41,S1012,C00126,P2080,Call Center,Tarjeta,2x1,1,256.52,0.15,256.52,30.78,225.74,221.89,0
RETAILMAX S.A. - VENTAS 2021,2021-000351,2021-09-25 23:58:37,S1031,C00440,P2157,Web,Financiamiento,2x1,2,223.38,0.0,446.76,67.01,379.75,118.28,1
RETAILMAX S.A. - VENTAS 2021,2021-000352,2021-10-30 03:42:12,S1001,C00343,P2131,Tienda,Transferencia,Promo 10%,3,196.93,0.0,590.79,76.8,513.99,119.6,0
RETAILMAX S.A. - VENTAS 2021,2021-000353,2021-04-13 21:39:42,S1030,C00654,P2098,Tienda,Efectivo,2x1,3,612.83,0.05,1838.49,275.77,1562.72,389.5,1
RETAILMAX S.A. - VENTAS 2021,2021-000354,2021-09-13 10:08:25,S1017,C00145,P2046,Marketplace,Financiamiento,Promo 15%,3,290.06,0.2,870.18,104.42,765.76,192.92,0
RETAILMAX S.A. - VENTAS 2021,2021-000355,2021-12-08 21:57:38,S1016,C00412,P2080,Marketplace,Efectivo,2x1,5,286.7,0.05,1433.5,172.02,1261.48,221.89,0
RETAILMAX S.A. - VENTAS 2021,2021-000356,2021-03-04 09:07:38,S1018,C00056,P2090,Web,Tarjeta,Sin Promo,2,123.88,0.0,247.76,29.73,218.03,72.93,1
RETAILMAX S.A. - VENTAS 2021,2021-000357,2021-01-28 02:29:02,S1015,C00529,P2143,Web,Financiamiento,Black Friday,2,175.44,0.0,350.88,42.11,308.77,101.86,1
RETAILMAX S.A. - VENTAS 2021,2021-000358,2021-06-17 05:33:39,S1033,C00350,P2075,Tienda,Tarjeta,Cyber Week,1,522.04,0.1,522.04,78.31,443.73,301.87,0
RETAILMAX S.A. - VENTAS 2021,2021-000359,2021-09-10 16:58:02,S1017,C00012,P2095,Call Center,Financiamiento,Black Friday,1,620.44,0.15,620.44,74.45,545.99,368.2,0
RETAILMAX S.A. - VENTAS 2021,2021-000360,2021-10-05 12:30:38,S1042,C00232,P2087,Tienda,Tarjeta,2x1,3,291.4,0.1,874.2,113.65,760.55,166.63,0
RETAILMAX S.A. - VENTAS 2021,2021-000361,2021-07-16 16:23:17,S1006,C00422,P2001,Call Center,Financiamiento,Sin Promo,1,91.03,0.05,91.03,11.83,79.2,59.67,0
RETAILMAX S.A. - VENTAS 2021,2021-000362,2021-04-01 20:16:03,S1009,C00380,P2126,Marketplace,Efectivo,2x1,2,547.31,0.2,1094.62,142.3,952.32,413.19,0
RETAILMAX S.A. - VENTAS 2021,2021-000363,2021-03-10 11:22:34,S1043,C00674,P2039,Tienda,Billetera Digital,Cyber Week,3,453.15,0.05,1359.45,176.73,1182.72,251.05,0
RETAILMAX S.A. - VENTAS 2021,2021-000364,2021-12-04 20:09:45,S1044,C00659,P2114,Call Center,Financiamiento,Black Friday,2,498.6,0.1,997.2,129.64,867.56,274.57,0
RETAILMAX S.A. - VENTAS 2021,2021-000365,2021-09-17 02:01:45,S1016,C00499,P2015,Call Center,Billetera Digital,Cyber Week,1,165.08,0.05,165.08,19.81,145.27,122.14,0
RETAILMAX S.A. - VENTAS 2021,2021-000366,2021-05-26 11:40:06,S1045,C00283,P2080,Tienda,Efectivo,Promo 15%,1,271.61,0.1,271.61,35.31,236.3,221.89,0
RETAILMAX S.A. - VENTAS 2021,2021-000367,2021-10-26 00:58:45,S1016,C00283,P2107,Marketplace,Financiamiento,Sin Promo,3,273.7,0.15,821.1,98.53,722.57,196.36,0
RETAILMAX S.A. - VENTAS 2021,2021-000368,2021-06-26 13:00:40,S1027,C00201,P2100,Web,Efectivo,Promo 10%,1,571.97,0.0,571.97,85.8,486.17,422.9,1
RETAILMAX S.A. - VENTAS 2021,2021-000369,2021-06-09 21:34:24,S1019,C00387,P2147,Tienda,Transferencia,Sin Promo,1,465.95,0.15,465.95,69.89,396.06,299.7,0
RETAILMAX S.A. - VENTAS 2021,2021-000370,2021-03-28 00:43:03,S1035,C00228,P2158,Call Center,Financiamiento,Black Friday,2,542.39,0.0,1084.78,162.72,922.06,274.83,0
RETAILMAX S.A. - VENTAS 2021,2021-000371,2021-08-04 09:42:26,S1004,C00441,P2020,Tienda,Transferencia,2x1,1,46.89,0.05,46.89,6.1,40.79,32.33,0
RETAILMAX S.A. - VENTAS 2021,2021-000372,2021-07-19 11:44:20,S1016,C00524,P2154,Call Center,Tarjeta,Cyber Week,2,586.57,0.2,1173.14,140.78,1032.36,427.53,1
RETAILMAX S.A. - VENTAS 2021,2021-000373,2021-04-16 12:13:55,S1034,C00171,P2087,Marketplace,Efectivo,Black Friday,2,259.02,0.2,518.04,77.71,440.33,166.63,0
RETAILMAX S.A. - VENTAS 2021,2021-000374,2021-07-06 15:52:26,S1011,C00660,P2009,Tienda,Billetera Digital,Promo 10%,1,444.56,0.15,444.56,53.35,391.21,287.2,0
RETAILMAX S.A. - VENTAS 2021,2021-000375,2021-05-16 01:43:50,S1036,C00657,P2028,Call Center,Efectivo,Black Friday,1,538.37,0.1,538.37,80.76,457.61,344.08,1
RETAILMAX S.A. - VENTAS 2021,2021-000376,2021-02-17 21:03:04,S1002,C00380,P2144,Marketplace,Tarjeta,Black Friday,1,272.5,0.0,272.5,35.43,237.07,177.43,0
RETAILMAX S.A. - VENTAS 2021,2021-000377,2021-09-01 15:33:01,S1030,C00539,P2091,Tienda,Transferencia,Black Friday,1,433.2,0.2,433.2,64.98,368.22,397.11,0
RETAILMAX S.A. - VENTAS 2021,2021-000378,2021-08-10 19:39:32,S1012,C00297,P2088,Call Center,Transferencia,Black Friday,1,543.32,0.05,543.32,65.2,478.12,308.2,0
RETAILMAX S.A. - VENTAS 2021,2021-000379,2021-08-21 19:56:10,S1007,C00208,P2120,Web,Billetera Digital,2x1,1,199.5,0.0,199.5,25.94,173.56,113.2,0
RETAILMAX S.A. - VENTAS 2021,2021-000380,2021-12-05 17:00:49,S1018,C00101,P2150,Call Center,Billetera Digital,Cyber Week,1,198.96,0.15,198.96,23.88,175.08,154.53,1
RETAILMAX S.A. - VENTAS 2021,2021-000381,2021-01-31 19:00:54,S1032,C00087,P2050,Web,Efectivo,Promo 10%,1,260.25,0.05,260.25,39.04,221.21,192.16,1
RETAILMAX S.A. - VENTAS 2021,2021-000382,2021-12-17 10:55:57,S1037,C00157,P2108,Marketplace,Tarjeta,Cyber Week,3,269.21,0.05,807.63,104.99,702.64,144.01,0
RETAILMAX S.A. - VENTAS 2021,2021-000383,2021-07-31 09:43:07,S1045,C00150,P2131,Web,Transferencia,Cyber Week,3,167.39,0.15,502.17,65.28,436.89,119.6,0
RETAILMAX S.A. - VENTAS 2021,2021-000384,2021-05-01 14:46:37,S1003,C00673,P2069,Web,Tarjeta,Promo 10%,1,191.55,0.0,191.55,24.9,166.65,145.02,0
RETAILMAX S.A. - VENTAS 2021,2021-000385,2021-08-26 17:40:20,S1042,C00239,P2118,Call Center,Tarjeta,Promo 10%,2,61.89,0.05,123.78,16.09,107.69,45.65,0
RETAILMAX S.A. - VENTAS 2021,2021-000386,2021-05-20 04:58:02,S1007,C00098,P2093,Marketplace,Billetera Digital,Promo 10%,1,118.37,0.2,118.37,15.39,102.98,75.0,1
RETAILMAX S.A. - VENTAS 2021,2021-000387,2021-01-22 17:41:20,S1029,C00366,P2006,Tienda,Transferencia,Black Friday,3,402.01,0.0,1206.03,180.9,1025.13,287.52,0
RETAILMAX S.A. - VENTAS 2021,2021-000388,2021-02-02 14:49:07,S1018,C00556,P2082,Tienda,Financiamiento,Cyber Week,4,239.21,0.15,956.84,114.82,842.02,152.77,0
RETAILMAX S.A. - VENTAS 2021,2021-000389,2021-05-01 04:04:31,S1035,C00411,P2031,Tienda,Billetera Digital,Cyber Week,2,183.24,0.1,366.48,54.97,311.51,111.43,0
RETAILMAX S.A. - VENTAS 2021,2021-000390,2021-09-26 09:10:04,S1039,C00683,P2136,Web,Billetera Digital,Sin Promo,2,154.8,0.0,309.6,40.25,269.35,99.42,0
RETAILMAX S.A. - VENTAS 2021,2021-000391,2021-06-18 21:16:28,S1029,C00365,P2093,Web,Financiamiento,Promo 10%,3,118.37,0.2,355.11,53.27,301.84,75.0,0
RETAILMAX S.A. - VENTAS 2021,2021-000392,2021-02-24 06:22:37,S1043,C00642,P2088,Call Center,Financiamiento,Promo 15%,1,571.92,0.0,571.92,74.35,497.57,308.2,0
RETAILMAX S.A. - VENTAS 2021,2021-000393,2021-01-29 17:51:12,S1011,C00683,P2057,Tienda,Transferencia,Black Friday,2,356.83,0.15,713.66,85.64,628.02,314.68,0
RETAILMAX S.A. - VENTAS 2021,2021-000394,2021-09-01 08:58:09,S1019,C00069,P2044,Web,Transferencia,2x1,5,363.26,0.2,1816.3,272.44,1543.86,214.81,1
RETAILMAX S.A. - VENTAS 2021,2021-000395,2021-07-08 11:13:12,S1021,C00659,P2069,Tienda,Tarjeta,Cyber Week,1,172.4,0.1,172.4,25.86,146.54,145.02,1
RETAILMAX S.A. - VENTAS 2021,2021-000396,2021-05-03 09:12:38,S1029,C00246,P2042,Marketplace,Tarjeta,Black Friday,2,401.39,0.0,802.78,120.42,682.36,233.31,0
RETAILMAX S.A. - VENTAS 2021,2021-000397,2021-08-15 14:08:37,S1045,C00597,P2067,Marketplace,Transferencia,Sin Promo,1,553.33,0.05,553.33,71.93,481.4,420.88,0
RETAILMAX S.A. - VENTAS 2021,2021-000398,2021-06-02 07:39:35,S1015,C00698,P2139,Call Center,Transferencia,Cyber Week,4,20.28,0.0,81.12,9.73,71.39,12.71,0
RETAILMAX S.A. - VENTAS 2021,2021-000399,2021-01-18 09:58:38,S1033,C00581,P2146,Call Center,Financiamiento,Cyber Week,4,249.01,0.2,996.04,149.41,846.63,242.22,0
RETAILMAX S.A. - VENTAS 2021,2021-000400,2021-06-20 15:22:40,S1036,C00304,P2021,Tienda,Efectivo,Cyber Week,4,351.58,0.2,1406.32,210.95,1195.37,239.98,0
RETAILMAX S.A. - VENTAS 2021,2021-000401,2021-09-17 02:24:58,S1023,C00591,P2067,Marketplace,Financiamiento,Cyber Week,1,524.21,0.1,524.21,78.63,445.58,420.88,0
RETAILMAX S.A. - VENTAS 2021,2021-000402,2021-01-27 23:21:06,S1036,C00253,P2095,Call Center,Efectivo,Sin Promo,2,620.44,0.15,1240.88,186.13,1054.75,368.2,0
RETAILMAX S.A. - VENTAS 2021,2021-000403,2021-04-13 22:52:32,S1020,C00566,P2010,Tienda,Tarjeta,Promo 10%,1,363.68,0.1,363.68,54.55,309.13,210.17,0
RETAILMAX S.A. - VENTAS 2021,2021-000404,2021-09-22 23:38:09,S1019,C00447,P2019,Call Center,Transferencia,2x1,3,377.02,0.2,1131.06,169.66,961.4,283.84,0
RETAILMAX S.A. - VENTAS 2021,2021-000405,2021-03-10 09:29:27,S1027,C00771,P2072,Marketplace,Transferencia,Promo 10%,1,544.16,0.1,544.16,81.62,462.54,420.23,0
RETAILMAX S.A. - VENTAS 2021,2021-000406,2021-08-01 13:23:02,S1013,C00035,P2114,Web,Tarjeta,Sin Promo,1,526.3,0.05,526.3,63.16,463.14,274.57,0
RETAILMAX S.A. - VENTAS 2021,2021-000407,2021-11-28 22:16:56,S1035,C00254,P2115,Call Center,Efectivo,Promo 15%,2,372.57,0.0,745.14,111.77,633.37,201.2,1
RETAILMAX S.A. - VENTAS 2021,2021-000408,2021-03-28 01:48:45,S1042,C00332,P2103,Marketplace,Efectivo,Sin Promo,1,403.65,0.05,403.65,52.47,351.18,274.37,0
RETAILMAX S.A. - VENTAS 2021,2021-000409,2021-03-29 20:39:09,S1032,C00797,P2094,Call Center,Financiamiento,Cyber Week,1,595.67,0.15,595.67,89.35,506.32,392.99,0
RETAILMAX S.A. - VENTAS 2021,2021-000410,2021-03-02 08:10:23,S1018,C00537,P2145,Marketplace,Transferencia,Cyber Week,3,118.01,0.0,354.03,42.48,311.55,77.61,0
RETAILMAX S.A. - VENTAS 2021,2021-000411,2021-07-15 04:44:25,S1030,C00255,P2028,Web,Transferencia,Cyber Week,2,598.19,0.0,1196.38,179.46,1016.92,344.08,1
RETAILMAX S.A. - VENTAS 2021,2021-000412,2021-04-07 15:13:51,S1002,C00180,P2150,Web,Tarjeta,Promo 15%,1,187.26,0.2,187.26,24.34,162.92,154.53,0
RETAILMAX S.A. - VENTAS 2021,2021-000413,2021-05-01 22:29:20,S1017,C00071,P2112,Marketplace,Billetera Digital,Cyber Week,2,361.76,0.0,723.52,86.82,636.7,257.82,1
RETAILMAX S.A. - VENTAS 2021,2021-000414,2021-08-23 03:07:17,S1041,C00594,P2048,Marketplace,Financiamiento,Cyber Week,1,320.16,0.0,320.16,41.62,278.54,183.57,0
RETAILMAX S.A. - VENTAS 2021,2021-000415,2021-07-16 15:24:41,S1041,C00517,P2008,Tienda,Tarjeta,Black Friday,3,874.23,0.0,2622.69,340.95,2281.74,421.75,0
RETAILMAX S.A. - VENTAS 2021,2021-000416,2021-01-27 12:07:08,S1028,C00451,P2003,Marketplace,Billetera Digital,Cyber Week,5,483.28,0.05,2416.4,362.46,2053.94,261.5,0
RETAILMAX S.A. - VENTAS 2021,2021-000417,2021-12-30 01:39:25,S1019,C00005,P2062,Call Center,Transferencia,2x1,1,100.7,0.1,100.7,15.11,85.59,74.21,1
RETAILMAX S.A. - VENTAS 2021,2021-000418,2021-07-09 04:48:52,S1007,C00692,P2152,Tienda,Billetera Digital,Promo 10%,5,449.56,0.1,2247.8,292.21,1955.59,338.06,0
RETAILMAX S.A. - VENTAS 2021,2021-000419,2021-03-28 18:20:27,S1003,C00115,P2025,Call Center,Efectivo,Sin Promo,2,664.27,0.0,1328.54,172.71,1155.83,394.63,0
RETAILMAX S.A. - VENTAS 2021,2021-000420,2021-12-30 19:18:43,S1035,C00447,P2001,Tienda,Transferencia,Sin Promo,2,95.82,0.0,191.64,28.75,162.89,59.67,0
RETAILMAX S.A. - VENTAS 2021,2021-000421,2021-09-13 10:13:51,S1007,C00125,P2052,Marketplace,Transferencia,Black Friday,3,89.96,0.05,269.88,35.08,234.8,47.67,0
RETAILMAX S.A. - VENTAS 2021,2021-000422,2021-09-22 11:23:46,S1014,C00219,P2078,Marketplace,Financiamiento,Promo 10%,2,165.66,0.0,331.32,39.76,291.56,125.47,0
RETAILMAX S.A. - VENTAS 2021,2021-000423,2021-12-03 23:10:47,S1036,C00083,P2020,Web,Efectivo,Sin Promo,3,49.36,0.0,148.08,22.21,125.87,32.33,0
RETAILMAX S.A. - VENTAS 2021,2021-000424,2021-04-04 01:18:20,S1028,C00510,P2144,Call Center,Financiamiento,Sin Promo,2,272.5,0.0,545.0,81.75,463.25,177.43,0
RETAILMAX S.A. - VENTAS 2021,2021-000425,2021-01-21 16:04:30,S1013,C00164,P2092,Call Center,Financiamiento,2x1,1,682.12,0.15,682.12,81.85,600.27,416.32,0
RETAILMAX S.A. - VENTAS 2021,2021-000426,2021-03-17 04:30:07,S1034,C00566,P2035,Marketplace,Efectivo,Promo 10%,1,906.6,0.0,906.6,135.99,770.61,418.3,1
RETAILMAX S.A. - VENTAS 2021,2021-000427,2021-09-18 09:55:55,S1037,C00277,P2067,Web,Billetera Digital,Sin Promo,2,495.08,0.15,990.16,128.72,861.44,420.88,0
RETAILMAX S.A. - VENTAS 2021,2021-000428,2021-10-20 06:34:27,S1001,C00435,P2136,Web,Financiamiento,Cyber Week,1,154.8,0.0,154.8,20.12,134.68,99.42,0
RETAILMAX S.A. - VENTAS 2021,2021-000429,2021-06-18 00:56:42,S1029,C00354,P2131,Tienda,Financiamiento,Promo 15%,1,167.39,0.15,167.39,25.11,142.28,119.6,0
RETAILMAX S.A. - VENTAS 2021,2021-000430,2021-02-24 11:46:46,S1020,C00786,P2099,Call Center,Financiamiento,2x1,1,294.57,0.0,294.57,44.19,250.38,231.19,1
RETAILMAX S.A. - VENTAS 2021,2021-000431,2021-05-18 21:38:03,S1040,C00257,P2134,Tienda,Billetera Digital,2x1,2,241.56,0.0,483.12,62.81,420.31,153.79,0
RETAILMAX S.A. - VENTAS 2021,2021-000432,2021-10-19 04:42:30,S1024,C00518,P2038,Marketplace,Transferencia,Sin Promo,1,139.95,0.0,139.95,20.99,118.96,104.22,1
RETAILMAX S.A. - VENTAS 2021,2021-000433,2021-02-06 19:55:16,S1009,C00630,P2116,Tienda,Financiamiento,Promo 15%,5,706.7,0.05,3533.5,459.36,3074.14,358.01,0
RETAILMAX S.A. - VENTAS 2021,2021-000434,2021-05-03 14:31:26,S1007,C00197,P2094,Web,Efectivo,2x1,1,560.63,0.2,560.63,72.88,487.75,392.99,0
RETAILMAX S.A. - VENTAS 2021,2021-000435,2021-05-26 23:33:45,S1025,C00172,P2131,Web,Tarjeta,Promo 15%,3,167.39,0.15,502.17,75.33,426.84,119.6,0
RETAILMAX S.A. - VENTAS 2021,2021-000436,2021-08-10 11:17:25,S1040,C00714,P2004,Web,Transferencia,Cyber Week,4,489.28,0.1,1957.12,254.43,1702.69,298.92,0
RETAILMAX S.A. - VENTAS 2021,2021-000437,2021-07-08 18:39:54,S1020,C00457,P2036,Call Center,Financiamiento,Promo 15%,1,274.2,0.05,274.2,41.13,233.07,143.03,0
RETAILMAX S.A. - VENTAS 2021,2021-000438,2021-11-04 15:24:12,S1004,C00599,P2007,Marketplace,Billetera Digital,Promo 10%,1,201.43,0.05,201.43,26.19,175.24,162.45,0
RETAILMAX S.A. - VENTAS 2021,2021-000439,2021-11-19 15:30:38,S1031,C00044,P2029,Marketplace,Financiamiento,Cyber Week,1,442.35,0.1,442.35,66.35,376.0,271.13,0
RETAILMAX S.A. - VENTAS 2021,2021-000440,2021-11-28 05:38:45,S1004,C00289,P2003,Tienda,Transferencia,2x1,5,457.85,0.1,2289.25,297.6,1991.65,261.5,0
RETAILMAX S.A. - VENTAS 2021,2021-000441,2021-02-10 17:23:21,S1005,C00102,P2125,Marketplace,Efectivo,Black Friday,1,344.65,0.0,344.65,44.8,299.85,235.01,0
RETAILMAX S.A. - VENTAS 2021,2021-000442,2021-06-01 20:41:59,S1002,C00207,P2139,Tienda,Billetera Digital,Sin Promo,1,20.28,0.0,20.28,2.64,17.64,12.71,0
RETAILMAX S.A. - VENTAS 2021,2021-000443,2021-08-06 15:02:15,S1003,C00672,P2007,Marketplace,Transferencia,Promo 15%,1,180.23,0.15,180.23,23.43,156.8,162.45,0
RETAILMAX S.A. - VENTAS 2021,2021-000444,2021-02-11 18:19:47,S1032,C00165,P2098,Call Center,Efectivo,Promo 10%,1,548.32,0.15,548.32,82.25,466.07,389.5,0
RETAILMAX S.A. - VENTAS 2021,2021-000445,2021-01-24 03:01:57,S1002,C00299,P2027,Marketplace,Transferencia,Black Friday,1,281.97,0.15,281.97,36.66,245.31,230.42,1
RETAILMAX S.A. - VENTAS 2021,2021-000446,2021-08-21 16:22:55,S1044,C00573,P2006,Marketplace,Efectivo,Promo 10%,2,402.01,0.0,804.02,104.52,699.5,287.52,0
RETAILMAX S.A. - VENTAS 2021,2021-000447,2021-02-10 21:59:34,S1029,C00740,P2147,Tienda,Financiamiento,Black Friday,1,465.95,0.15,465.95,69.89,396.06,299.7,0
RETAILMAX S.A. - VENTAS 2021,2021-000448,2021-01-03 14:22:44,S1036,C00162,P2030,Call Center,Financiamiento,Cyber Week,1,541.44,0.0,541.44,81.22,460.22,418.38,0
RETAILMAX S.A. - VENTAS 2021,2021-000449,2021-12-03 21:54:50,S1026,C00344,P2043,Marketplace,Financiamiento,Promo 15%,3,313.61,0.0,940.83,141.12,799.71,244.5,0
RETAILMAX S.A. - VENTAS 2021,2021-000450,2021-03-06 04:55:09,S1025,C00788,P2056,Tienda,Efectivo,Sin Promo,1,886.94,0.0,886.94,133.04,753.9,417.23,0
RETAILMAX S.A. - VENTAS 2021,2021-000451,2021-09-04 23:36:56,S1007,C00225,P2024,Call Center,Billetera Digital,Promo 10%,1,316.27,0.0,316.27,41.12,275.15,197.91,0
RETAILMAX S.A. - VENTAS 2021,2021-000452,2021-06-04 16:52:22,S1003,C00487,P2004,Tienda,Tarjeta,Promo 10%,1,516.47,0.05,516.47,67.14,449.33,298.92,0
RETAILMAX S.A. - VENTAS 2021,2021-000453,2021-12-26 16:12:41,S1031,C00716,P2036,Tienda,Financiamiento,Black Friday,5,274.2,0.05,1371.0,205.65,1165.35,143.03,0
RETAILMAX S.A. - VENTAS 2021,2021-000454,2021-04-14 10:44:04,S1035,C00284,P2096,Call Center,Tarjeta,Promo 15%,2,508.8,0.2,1017.6,152.64,864.96,369.96,0
RETAILMAX S.A. - VENTAS 2021,2021-000455,2021-02-22 22:57:09,S1029,C00298,P2146,Call Center,Financiamiento,Cyber Week,3,295.7,0.05,887.1,133.06,754.04,242.22,0
RETAILMAX S.A. - VENTAS 2021,2021-000456,2021-11-02 20:10:53,S1044,C00405,P2004,Call Center,Financiamiento,2x1,6,543.65,0.0,3261.9,424.05,2837.85,298.92,0
RETAILMAX S.A. - VENTAS 2021,2021-000457,2021-10-30 22:15:49,S1039,C00382,P2157,Call Center,Efectivo,Cyber Week,5,178.7,0.2,893.5,116.16,777.34,118.28,0
RETAILMAX S.A. - VENTAS 2021,2021-000458,2021-09-28 00:41:32,S1037,C00135,P2146,Tienda,Transferencia,Cyber Week,2,311.26,0.0,622.52,80.93,541.59,242.22,0
RETAILMAX S.A. - VENTAS 2021,2021-000459,2021-08-31 04:15:27,S1045,C00530,P2072,Marketplace,Financiamiento,Cyber Week,2,513.93,0.15,1027.86,133.62,894.24,420.23,0
RETAILMAX S.A. - VENTAS 2021,2021-000460,2021-01-11 05:52:26,S1039,C00058,P2088,Call Center,Transferencia,2x1,1,571.92,0.0,571.92,74.35,497.57,308.2,0
RETAILMAX S.A. - VENTAS 2021,2021-000461,2021-09-17 07:59:56,S1030,C00168,P2117,Marketplace,Billetera Digital,Cyber Week,2,71.57,0.15,143.14,21.47,121.67,41.82,1
RETAILMAX S.A. - VENTAS 2021,2021-000462,2021-08-28 04:46:31,S1023,C00249,P2050,Call Center,Financiamiento,Cyber Week,4,232.86,0.15,931.44,139.72,791.72,192.16,1
RETAILMAX S.A. - VENTAS 2021,2021-000463,2021-07-04 17:11:48,S1027,C00415,P2123,Web,Billetera Digital,Promo 10%,3,140.09,0.2,420.27,63.04,357.23,112.82,0
RETAILMAX S.A. - VENTAS 2021,2021-000464,2021-12-20 03:08:17,S1041,C00150,P2139,Web,Efectivo,Promo 10%,2,20.28,0.0,40.56,5.27,35.29,12.71,0
RETAILMAX S.A. - VENTAS 2021,2021-000465,2021-09-09 03:40:25,S1036,C00359,P2006,Marketplace,Efectivo,Promo 10%,3,381.91,0.05,1145.73,171.86,973.87,287.52,0
RETAILMAX S.A. - VENTAS 2021,2021-000466,2021-01-25 00:39:36,S1014,C00125,P2002,Marketplace,Efectivo,Promo 10%,1,290.16,0.0,290.16,34.82,255.34,134.76,0
RETAILMAX S.A. - VENTAS 2021,2021-000467,2021-01-17 02:19:04,S1019,C00590,P2039,Web,Tarjeta,Black Friday,1,477.0,0.0,477.0,71.55,405.45,251.05,0
RETAILMAX S.A. - VENTAS 2021,2021-000468,2021-09-07 09:23:13,S1007,C00622,P2057,Marketplace,Tarjeta,Black Friday,6,335.84,0.2,2015.04,261.96,1753.08,314.68,0
RETAILMAX S.A. - VENTAS 2021,2021-000469,2021-03-19 18:45:52,S1027,C00217,P2105,Tienda,Financiamiento,2x1,2,676.15,0.0,1352.3,202.84,1149.46,320.12,0
RETAILMAX S.A. - VENTAS 2021,2021-000470,2021-02-24 22:13:48,S1036,C00116,P2023,Tienda,Billetera Digital,Sin Promo,2,423.8,0.2,847.6,127.14,720.46,346.8,0
RETAILMAX S.A. - VENTAS 2021,2021-000471,2021-02-23 06:04:55,S1041,C00445,P2125,Web,Transferencia,Promo 10%,2,275.72,0.2,551.44,71.69,479.75,235.01,1
RETAILMAX S.A. - VENTAS 2021,2021-000472,2021-05-30 16:04:30,S1001,C00360,P2034,Tienda,Efectivo,Cyber Week,3,249.8,0.05,749.4,97.42,651.98,122.22,0
RETAILMAX S.A. - VENTAS 2021,2021-000473,2021-06-21 05:00:58,S1020,C00057,P2072,Call Center,Financiamiento,Sin Promo,1,604.62,0.0,604.62,90.69,513.93,420.23,0
RETAILMAX S.A. - VENTAS 2021,2021-000474,2021-08-31 12:25:37,S1008,C00179,P2134,Tienda,Transferencia,Promo 15%,1,241.56,0.0,241.56,31.4,210.16,153.79,1
RETAILMAX S.A. - VENTAS 2021,2021-000475,2021-08-01 13:07:50,S1015,C00205,P2129,Web,Billetera Digital,2x1,2,504.95,0.0,1009.9,121.19,888.71,401.84,0
RETAILMAX S.A. - VENTAS 2021,2021-000476,2021-03-12 15:36:46,S1023,C00255,P2039,Call Center,Billetera Digital,Cyber Week,1,453.15,0.05,453.15,67.97,385.18,251.05,0
RETAILMAX S.A. - VENTAS 2021,2021-000477,2021-01-16 16:06:49,S1022,C00564,P2070,Tienda,Tarjeta,Promo 15%,1,614.79,0.0,614.79,92.22,522.57,281.04,0
RETAILMAX S.A. - VENTAS 2021,2021-000478,2021-07-25 05:58:58,S1022,C00695,P2136,Tienda,Efectivo,Black Friday,2,147.06,0.05,294.12,44.12,250.0,99.42,0
RETAILMAX S.A. - VENTAS 2021,2021-000479,2021-11-20 18:55:28,S1011,C00070,P2020,Call Center,Billetera Digital,Promo 15%,5,46.89,0.05,234.45,28.13,206.32,32.33,1
RETAILMAX S.A. - VENTAS 2021,2021-000480,2021-06-10 12:31:49,S1039,C00446,P2143,Web,Financiamiento,2x1,1,175.44,0.0,175.44,22.81,152.63,101.86,1
RETAILMAX S.A. - VENTAS 2021,2021-000481,2021-04-16 19:49:18,S1011,C00294,P2143,Call Center,Transferencia,Cyber Week,2,157.9,0.1,315.8,37.9,277.9,101.86,0
RETAILMAX S.A. - VENTAS 2021,2021-000482,2021-04-12 10:58:42,S1010,C00655,P2012,Marketplace,Financiamiento,Cyber Week,1,709.5,0.1,709.5,85.14,624.36,363.05,1
RETAILMAX S.A. - VENTAS 2021,2021-000483,2021-03-06 18:56:59,S1022,C00109,P2081,Web,Tarjeta,Black Friday,6,399.31,0.0,2395.86,359.38,2036.48,192.91,0
RETAILMAX S.A. - VENTAS 2021,2021-000484,2021-06-09 18:58:52,S1004,C00729,P2031,Web,Tarjeta,Sin Promo,1,173.06,0.15,173.06,22.5,150.56,111.43,0
RETAILMAX S.A. - VENTAS 2021,2021-000485,2021-10-31 09:25:07,S1009,C00344,P2132,Marketplace,Financiamiento,Black Friday,1,257.29,0.2,257.29,33.45,223.84,220.13,0
RETAILMAX S.A. - VENTAS 2021,2021-000486,2021-01-31 13:34:47,S1041,C00033,P2113,Marketplace,Tarjeta,Sin Promo,1,267.88,0.1,267.88,34.82,233.06,139.53,1
RETAILMAX S.A. - VENTAS 2021,2021-000487,2021-03-05 16:20:16,S1004,C00561,P2070,Tienda,Financiamiento,Promo 15%,1,522.57,0.15,522.57,67.93,454.64,281.04,0
RETAILMAX S.A. - VENTAS 2021,2021-000488,2021-10-25 20:35:33,S1001,C00562,P2090,Web,Transferencia,Promo 15%,3,105.3,0.15,315.9,41.07,274.83,72.93,0
RETAILMAX S.A. - VENTAS 2021,2021-000489,2021-12-08 20:51:13,S1038,C00421,P2013,Call Center,Billetera Digital,Cyber Week,2,170.17,0.15,340.34,44.24,296.1,98.1,0
RETAILMAX S.A. - VENTAS 2021,2021-000490,2021-02-23 11:56:11,S1007,C00482,P2025,Marketplace,Financiamiento,Sin Promo,2,664.27,0.0,1328.54,172.71,1155.83,394.63,0
RETAILMAX S.A. - VENTAS 2021,2021-000491,2021-12-31 15:29:56,S1024,C00486,P2130,Tienda,Tarjeta,2x1,3,701.29,0.0,2103.87,315.58,1788.29,404.15,0
RETAILMAX S.A. - VENTAS 2021,2021-000492,2021-09-01 07:49:12,S1022,C00569,P2073,Call Center,Billetera Digital,Black Friday,2,164.56,0.0,329.12,49.37,279.75,131.1,0
RETAILMAX S.A. - VENTAS 2021,2021-000493,2021-07-22 09:36:02,S1033,C00077,P2123,Call Center,Financiamiento,Cyber Week,2,148.84,0.15,297.68,44.65,253.03,112.82,0
RETAILMAX S.A. - VENTAS 2021,2021-000494,2021-08-02 05:55:44,S1019,C00608,P2093,Call Center,Financiamiento,Promo 10%,1,147.96,0.0,147.96,22.19,125.77,75.0,1
RETAILMAX S.A. - VENTAS 2021,2021-000495,2021-09-20 19:15:55,S1034,C00479,P2136,Call Center,Financiamiento,Sin Promo,1,154.8,0.0,154.8,23.22,131.58,99.42,1
RETAILMAX S.A. - VENTAS 2021,2021-000496,2021-03-22 20:21:12,S1042,C00460,P2017,Call Center,Tarjeta,Sin Promo,1,280.3,0.0,280.3,36.44,243.86,182.13,0
RETAILMAX S.A. - VENTAS 2021,2021-000497,2021-10-20 10:32:37,S1023,C00236,P2153,Tienda,Transferencia,Promo 15%,1,407.91,0.0,407.91,61.19,346.72,293.96,0
RETAILMAX S.A. - VENTAS 2021,2021-000498,2021-06-05 10:42:12,S1013,C00078,P2104,Web,Efectivo,Black Friday,2,561.78,0.2,1123.56,134.83,988.73,405.18,0
RETAILMAX S.A. - VENTAS 2021,2021-000499,2021-01-25 11:06:38,S1004,C00292,P2036,Web,Financiamiento,Sin Promo,4,288.63,0.0,1154.52,150.09,1004.43,143.03,0
RETAILMAX S.A. - VENTAS 2021,2021-000500,2021-10-08 12:41:38,S1031,C00137,P2136,Call Center,Financiamiento,Black Friday,1,154.8,0.0,154.8,23.22,131.58,99.42,0
RETAILMAX S.A. - VENTAS 2021,2021-000501,2021-10-17 16:28:13,S1042,C00288,P2020,Call Center,Financiamiento,Cyber Week,4,39.49,0.2,157.96,20.53,137.43,32.33,0
RETAILMAX S.A. - VENTAS 2021,2021-000502,2021-03-09 05:02:36,S1021,C00780,P2120,Call Center,Financiamiento,Promo 10%,2,189.52,0.05,379.04,56.86,322.18,113.2,1
RETAILMAX S.A. - VENTAS 2021,2021-000503,2021-06-16 03:15:06,S1008,C00066,P2034,Call Center,Financiamiento,Promo 10%,3,223.51,0.15,670.53,87.17,583.36,122.22,0
RETAILMAX S.A. - VENTAS 2021,2021-000504,2021-06-23 19:41:49,S1019,C00228,P2072,Call Center,Transferencia,Cyber Week,1,513.93,0.15,513.93,77.09,436.84,420.23,0
RETAILMAX S.A. - VENTAS 2021,2021-000505,2021-03-26 00:54:11,S1012,C00538,P2029,Marketplace,Billetera Digital,Cyber Week,2,393.2,0.2,786.4,94.37,692.03,271.13,0
RETAILMAX S.A. - VENTAS 2021,2021-000506,2021-11-26 20:21:55,S1013,C00659,P2055,Tienda,Billetera Digital,Black Friday,1,126.69,0.1,126.69,15.2,111.49,77.43,0
RETAILMAX S.A. - VENTAS 2021,2021-000507,2021-09-01 18:18:01,S1028,C00144,P2135,Web,Tarjeta,Promo 15%,4,152.93,0.0,611.72,91.76,519.96,71.27,0
RETAILMAX S.A. - VENTAS 2021,2021-000508,2021-05-06 21:06:03,S1032,C00430,P2059,Marketplace,Financiamiento,Black Friday,2,104.57,0.2,209.14,31.37,177.77,101.09,0
RETAILMAX S.A. - VENTAS 2021,2021-000509,2021-09-09 00:50:49,S1040,C00628,P2126,Call Center,Tarjeta,Black Friday,1,684.14,0.0,684.14,88.94,595.2,413.19,0
RETAILMAX S.A. - VENTAS 2021,2021-000510,2021-07-15 09:21:48,S1036,C00223,P2033,Web,Transferencia,Promo 10%,1,80.36,0.0,80.36,12.05,68.31,61.26,0
RETAILMAX S.A. - VENTAS 2021,2021-000511,2021-05-11 03:15:47,S1005,C00343,P2027,Web,Tarjeta,Black Friday,1,315.14,0.05,315.14,40.97,274.17,230.42,0
RETAILMAX S.A. - VENTAS 2021,2021-000512,2021-04-03 00:59:21,S1019,C00595,P2030,Call Center,Tarjeta,Promo 15%,3,541.44,0.0,1624.32,243.65,1380.67,418.38,0
RETAILMAX S.A. - VENTAS 2021,2021-000513,2021-07-31 11:48:15,S1010,C00665,P2153,Tienda,Tarjeta,Promo 10%,1,326.33,0.2,326.33,39.16,287.17,293.96,0
RETAILMAX S.A. - VENTAS 2021,2021-000514,2021-11-02 21:20:12,S1016,C00553,P2087,Call Center,Tarjeta,Promo 15%,1,291.4,0.1,291.4,34.97,256.43,166.63,0
RETAILMAX S.A. - VENTAS 2021,2021-000515,2021-06-12 16:55:25,S1022,C00353,P2096,Call Center,Tarjeta,2x1,2,636.0,0.0,1272.0,190.8,1081.2,369.96,1
RETAILMAX S.A. - VENTAS 2021,2021-000516,2021-04-30 00:40:40,S1040,C00011,P2022,Tienda,Efectivo,Black Friday,1,404.94,0.1,404.94,52.64,352.3,325.44,1
RETAILMAX S.A. - VENTAS 2021,2021-000517,2021-03-06 11:05:26,S1032,C00328,P2149,Tienda,Billetera Digital,Promo 10%,2,213.57,0.05,427.14,64.07,363.07,173.08,0
RETAILMAX S.A. - VENTAS 2021,2021-000518,2021-07-11 19:40:36,S1004,C00669,P2029,Web,Billetera Digital,2x1,6,393.2,0.2,2359.2,306.7,2052.5,271.13,0
RETAILMAX S.A. - VENTAS 2021,2021-000519,2021-08-20 01:31:17,S1019,C00533,P2091,Marketplace,Efectivo,Sin Promo,1,514.42,0.05,514.42,77.16,437.26,397.11,0
RETAILMAX S.A. - VENTAS 2021,2021-000520,2021-09-04 09:57:02,S1030,C00529,P2148,Call Center,Transferencia,Cyber Week,2,539.85,0.2,1079.7,161.96,917.74,390.62,0
RETAILMAX S.A. - VENTAS 2021,2021-000521,2021-10-27 18:34:49,S1012,C00030,P2026,Tienda,Transferencia,Sin Promo,1,459.92,0.0,459.92,55.19,404.73,230.43,0
RETAILMAX S.A. - VENTAS 2021,2021-000522,2021-12-24 04:28:38,S1024,C00774,P2118,Marketplace,Financiamiento,Promo 10%,3,55.38,0.15,166.14,24.92,141.22,45.65,0
RETAILMAX S.A. - VENTAS 2021,2021-000523,2021-09-16 11:35:20,S1023,C00019,P2110,Marketplace,Financiamiento,Promo 15%,4,416.72,0.0,1666.88,250.03,1416.85,314.95,0
RETAILMAX S.A. - VENTAS 2021,2021-000524,2021-12-06 11:42:37,S1011,C00419,P2124,Marketplace,Tarjeta,Cyber Week,1,451.91,0.05,451.91,54.23,397.68,351.18,0
RETAILMAX S.A. - VENTAS 2021,2021-000525,2021-11-27 00:04:28,S1041,C00002,P2047,Tienda,Efectivo,2x1,2,456.79,0.0,913.58,118.77,794.81,295.44,0
RETAILMAX S.A. - VENTAS 2021,2021-000526,2021-12-23 17:48:11,S1010,C00258,P2123,Tienda,Tarjeta,Black Friday,3,157.6,0.1,472.8,56.74,416.06,112.82,0
RETAILMAX S.A. - VENTAS 2021,2021-000527,2021-12-10 16:12:30,S1003,C00202,P2141,Call Center,Billetera Digital,Promo 15%,2,832.49,0.0,1664.98,216.45,1448.53,384.64,0
RETAILMAX S.A. - VENTAS 2021,2021-000528,2021-04-01 00:18:25,S1022,C00736,P2074,Web,Financiamiento,Sin Promo,1,281.27,0.0,281.27,42.19,239.08,138.92,0
RETAILMAX S.A. - VENTAS 2021,2021-000529,2021-01-11 10:14:08,S1024,C00409,P2125,Marketplace,Efectivo,Sin Promo,2,292.95,0.15,585.9,87.88,498.02,235.01,0
RETAILMAX S.A. - VENTAS 2021,2021-000530,2021-11-17 11:02:18,S1018,C00722,P2039,Web,Financiamiento,Promo 15%,3,477.0,0.0,1431.0,171.72,1259.28,251.05,0
RETAILMAX S.A. - VENTAS 2021,2021-000531,2021-05-24 17:56:37,S1022,C00626,P2138,Web,Tarjeta,Promo 10%,4,612.09,0.15,2448.36,367.25,2081.11,375.47,1
RETAILMAX S.A. - VENTAS 2021,2021-000532,2021-07-22 04:02:21,S1037,C00104,P2016,Call Center,Efectivo,Black Friday,4,155.33,0.1,621.32,80.77,540.55,121.18,0
RETAILMAX S.A. - VENTAS 2021,2021-000533,2021-12-04 20:35:48,S1011,C00729,P2142,Web,Tarjeta,Black Friday,2,444.5,0.1,889.0,106.68,782.32,331.65,0
RETAILMAX S.A. - VENTAS 2021,2021-000534,2021-02-03 04:38:22,S1026,C00621,P2136,Web,Billetera Digital,Cyber Week,1,139.32,0.1,139.32,20.9,118.42,99.42,0
RETAILMAX S.A. - VENTAS 2021,2021-000535,2021-04-09 00:50:30,S1006,C00348,P2110,Marketplace,Billetera Digital,2x1,6,354.21,0.15,2125.26,276.28,1848.98,314.95,0
RETAILMAX S.A. - VENTAS 2021,2021-000536,2021-08-07 23:20:12,S1006,C00509,P2137,Tienda,Transferencia,2x1,2,364.43,0.15,728.86,94.75,634.11,246.0,0
RETAILMAX S.A. - VENTAS 2021,2021-000537,2021-05-21 04:25:53,S1021,C00401,P2123,Call Center,Transferencia,Black Friday,2,166.35,0.05,332.7,49.9,282.8,112.82,0
RETAILMAX S.A. - VENTAS 2021,2021-000538,2021-04-25 01:42:35,S1026,C00029,P2032,Call Center,Transferencia,Sin Promo,1,443.24,0.05,443.24,66.49,376.75,330.43,0
RETAILMAX S.A. - VENTAS 2021,2021-000539,2021-04-10 12:11:10,S1002,C00508,P2120,Tienda,Efectivo,Cyber Week,1,179.55,0.1,179.55,23.34,156.21,113.2,0
RETAILMAX S.A. - VENTAS 2021,2021-000540,2021-02-08 09:06:05,S1037,C00022,P2017,Marketplace,Tarjeta,Cyber Week,1,280.3,0.0,280.3,36.44,243.86,182.13,1
RETAILMAX S.A. - VENTAS 2021,2021-000541,2021-02-19 01:00:53,S1020,C00251,P2038,Tienda,Billetera Digital,Cyber Week,2,111.96,0.2,223.92,33.59,190.33,104.22,0
RETAILMAX S.A. - VENTAS 2021,2021-000542,2021-05-09 08:59:54,S1011,C00270,P2077,Marketplace,Tarjeta,Promo 15%,1,794.69,0.0,794.69,95.36,699.33,400.81,0
RETAILMAX S.A. - VENTAS 2021,2021-000543,2021-05-02 02:39:16,S1013,C00223,P2094,Call Center,Tarjeta,Cyber Week,3,630.71,0.1,1892.13,227.06,1665.07,392.99,0
RETAILMAX S.A. - VENTAS 2021,2021-000544,2021-10-24 04:32:41,S1045,C00617,P2003,Tienda,Financiamiento,Promo 15%,1,508.72,0.0,508.72,66.13,442.59,261.5,1
RETAILMAX S.A. - VENTAS 2021,2021-000545,2021-02-03 04:38:36,S1004,C00492,P2117,Call Center,Tarjeta,Promo 15%,1,67.36,0.2,67.36,8.76,58.6,41.82,0
RETAILMAX S.A. - VENTAS 2021,2021-000546,2021-11-17 15:43:22,S1013,C00283,P2042,Tienda,Billetera Digital,Sin Promo,1,341.18,0.15,341.18,40.94,300.24,233.31,0
RETAILMAX S.A. - VENTAS 2021,2021-000547,2021-07-15 14:37:29,S1027,C00459,P2151,Call Center,Efectivo,Black Friday,1,196.94,0.2,196.94,29.54,167.4,116.51,1
RETAILMAX S.A. - VENTAS 2021,2021-000548,2021-11-16 00:23:10,S1016,C00113,P2127,Call Center,Billetera Digital,Black Friday,2,696.03,0.05,1392.06,167.05,1225.01,361.43,0
RETAILMAX S.A. - VENTAS 2021,2021-000549,2021-06-23 23:41:57,S1018,C00589,P2080,Tienda,Financiamiento,Black Friday,5,241.43,0.2,1207.15,144.86,1062.29,221.89,0
RETAILMAX S.A. - VENTAS 2021,2021-000550,2021-10-28 07:00:28,S1040,C00676,P2150,Tienda,Billetera Digital,Promo 10%,1,234.07,0.0,234.07,30.43,203.64,154.53,0
RETAILMAX S.A. - VENTAS 2021,2021-000551,2021-03-06 23:12:20,S1021,C00140,P2015,Call Center,Financiamiento,Cyber Week,2,173.77,0.0,347.54,52.13,295.41,122.14,0
RETAILMAX S.A. - VENTAS 2021,2021-000552,2021-08-16 06:46:09,S1005,C00102,P2139,Tienda,Tarjeta,Promo 10%,1,16.22,0.2,16.22,2.11,14.11,12.71,0
RETAILMAX S.A. - VENTAS 2021,2021-000553,2021-10-27 15:52:07,S1021,C00724,P2054,Marketplace,Transferencia,Black Friday,2,393.79,0.15,787.58,118.14,669.44,220.6,0
RETAILMAX S.A. - VENTAS 2021,2021-000554,2021-03-16 05:22:01,S1016,C00495,P2108,Marketplace,Transferencia,Promo 15%,2,255.04,0.1,510.08,61.21,448.87,144.01,0
RETAILMAX S.A. - VENTAS 2021,2021-000555,2021-09-23 21:21:05,S1016,C00113,P2155,Tienda,Efectivo,Black Friday,2,157.33,0.0,314.66,37.76,276.9,71.96,0
RETAILMAX S.A. - VENTAS 2021,2021-000556,2021-01-28 15:22:00,S1044,C00726,P2023,Web,Tarjeta,Promo 15%,1,529.75,0.0,529.75,68.87,460.88,346.8,0
RETAILMAX S.A. - VENTAS 2021,2021-000557,2021-12-08 17:19:14,S1012,C00481,P2004,Marketplace,Billetera Digital,Black Friday,2,516.47,0.05,1032.94,123.95,908.99,298.92,0
RETAILMAX S.A. - VENTAS 2021,2021-000558,2021-11-12 10:54:33,S1020,C00780,P2066,Tienda,Financiamiento,Sin Promo,1,524.71,0.0,524.71,78.71,446.0,297.19,0
RETAILMAX S.A. - VENTAS 2021,2021-000559,2021-04-23 00:08:04,S1034,C00764,P2055,Web,Financiamiento,Black Friday,2,119.65,0.15,239.3,35.9,203.4,77.43,0
RETAILMAX S.A. - VENTAS 2021,2021-000560,2021-05-03 17:30:12,S1002,C00621,P2071,Marketplace,Financiamiento,Promo 10%,3,386.86,0.2,1160.58,150.88,1009.7,243.78,0
RETAILMAX S.A. - VENTAS 2021,2021-000561,2021-04-05 00:14:41,S1027,C00045,P2041,Marketplace,Tarjeta,Black Friday,1,46.52,0.0,46.52,6.98,39.54,34.06,0
RETAILMAX S.A. - VENTAS 2021,2021-000562,2021-03-14 10:34:46,S1001,C00596,P2048,Marketplace,Tarjeta,Sin Promo,2,272.14,0.15,544.28,70.76,473.52,183.57,0
RETAILMAX S.A. - VENTAS 2021,2021-000563,2021-04-12 10:20:37,S1039,C00338,P2063,Web,Transferencia,Black Friday,1,70.41,0.0,70.41,9.15,61.26,34.56,0
RETAILMAX S.A. - VENTAS 2021,2021-000564,2021-04-02 07:08:08,S1040,C00717,P2058,Marketplace,Tarjeta,Sin Promo,1,372.73,0.2,372.73,48.45,324.28,324.41,1
RETAILMAX S.A. - VENTAS 2021,2021-000565,2021-03-12 13:47:46,S1021,C00763,P2080,Marketplace,Efectivo,Promo 15%,2,301.79,0.0,603.58,90.54,513.04,221.89,0
RETAILMAX S.A. - VENTAS 2021,2021-000566,2021-05-03 13:27:29,S1021,C00403,P2140,Web,Billetera Digital,Black Friday,3,12.25,0.15,36.75,5.51,31.24,6.63,0
RETAILMAX S.A. - VENTAS 2021,2021-000567,2021-12-31 02:22:49,S1007,C00677,P2087,Web,Efectivo,Black Friday,1,323.78,0.0,323.78,42.09,281.69,166.63,0
RETAILMAX S.A. - VENTAS 2021,2021-000568,2021-12-22 13:37:34,S1004,C00198,P2145,Web,Tarjeta,Black Friday,1,112.11,0.05,112.11,14.57,97.54,77.61,0
RETAILMAX S.A. - VENTAS 2021,2021-000569,2021-04-07 19:29:44,S1039,C00700,P2042,Marketplace,Efectivo,Sin Promo,1,401.39,0.0,401.39,52.18,349.21,233.31,1
RETAILMAX S.A. - VENTAS 2021,2021-000570,2021-05-24 04:36:15,S1042,C00157,P2132,Call Center,Efectivo,Cyber Week,4,289.45,0.1,1157.8,150.51,1007.29,220.13,0
RETAILMAX S.A. - VENTAS 2021,2021-000571,2021-08-29 22:23:14,S1018,C00617,P2032,Call Center,Billetera Digital,Promo 15%,1,419.91,0.1,419.91,50.39,369.52,330.43,0
RETAILMAX S.A. - VENTAS 2021,2021-000572,2021-09-23 16:54:12,S1009,C00749,P2021,Marketplace,Billetera Digital,Cyber Week,1,373.55,0.15,373.55,48.56,324.99,239.98,0
RETAILMAX S.A. - VENTAS 2021,2021-000573,2021-09-11 17:14:56,S1020,C00185,P2123,Tienda,Efectivo,Promo 10%,1,166.35,0.05,166.35,24.95,141.4,112.82,0
RETAILMAX S.A. - VENTAS 2021,2021-000574,2021-08-20 08:32:01,S1016,C00667,P2042,Call Center,Financiamiento,Black Friday,1,401.39,0.0,401.39,48.17,353.22,233.31,0
RETAILMAX S.A. - VENTAS 2021,2021-000575,2021-07-11 09:16:01,S1019,C00241,P2087,Tienda,Transferencia,2x1,2,323.78,0.0,647.56,97.13,550.43,166.63,0
RETAILMAX S.A. - VENTAS 2021,2021-000576,2021-06-30 08:22:49,S1038,C00670,P2090,Marketplace,Financiamiento,2x1,2,117.69,0.05,235.38,30.6,204.78,72.93,0
RETAILMAX S.A. - VENTAS 2021,2021-000577,2021-08-10 14:53:22,S1037,C00297,P2054,Marketplace,Transferencia,2x1,1,440.12,0.05,440.12,57.22,382.9,220.6,0
RETAILMAX S.A. - VENTAS 2021,2021-000578,2021-04-02 16:04:52,S1005,C00156,P2141,Tienda,Transferencia,Sin Promo,1,707.62,0.15,707.62,91.99,615.63,384.64,0
RETAILMAX S.A. - VENTAS 2021,2021-000579,2021-09-14 18:40:12,S1008,C00370,P2154,Marketplace,Efectivo,Sin Promo,2,733.21,0.0,1466.42,190.63,1275.79,427.53,0
RETAILMAX S.A. - VENTAS 2021,2021-000580,2021-02-06 13:06:56,S1011,C00769,P2139,Marketplace,Efectivo,Cyber Week,1,20.28,0.0,20.28,2.43,17.85,12.71,0
RETAILMAX S.A. - VENTAS 2021,2021-000581,2021-05-09 11:01:17,S1002,C00531,P2061,Marketplace,Efectivo,Cyber Week,3,34.14,0.2,102.42,13.31,89.11,26.36,0
RETAILMAX S.A. - VENTAS 2021,2021-000582,2021-03-12 19:46:28,S1003,C00159,P2074,Marketplace,Transferencia,Promo 15%,4,281.27,0.0,1125.08,146.26,978.82,138.92,0
RETAILMAX S.A. - VENTAS 2021,2021-000583,2021-07-27 21:06:55,S1039,C00654,P2154,Call Center,Billetera Digital,Promo 10%,3,733.21,0.0,2199.63,285.95,1913.68,427.53,0
RETAILMAX S.A. - VENTAS 2021,2021-000584,2021-04-27 08:15:43,S1021,C00762,P2002,Call Center,Efectivo,Black Friday,3,290.16,0.0,870.48,130.57,739.91,134.76,0
RETAILMAX S.A. - VENTAS 2021,2021-000585,2021-10-10 17:03:58,S1002,C00721,P2120,Marketplace,Tarjeta,Promo 15%,3,189.52,0.05,568.56,73.91,494.65,113.2,0
RETAILMAX S.A. - VENTAS 2021,2021-000586,2021-08-08 15:12:27,S1026,C00107,P2101,Tienda,Transferencia,Promo 10%,1,319.7,0.05,319.7,47.95,271.75,262.94,0
RETAILMAX S.A. - VENTAS 2021,2021-000587,2021-03-07 11:07:31,S1040,C00543,P2077,Call Center,Transferencia,Promo 15%,5,794.69,0.0,3973.45,516.55,3456.9,400.81,0
RETAILMAX S.A. - VENTAS 2021,2021-000588,2021-08-03 15:29:59,S1001,C00753,P2110,Marketplace,Transferencia,Black Friday,2,395.88,0.05,791.76,102.93,688.83,314.95,0
RETAILMAX S.A. - VENTAS 2021,2021-000589,2021-10-18 01:10:21,S1034,C00382,P2017,Marketplace,Billetera Digital,Cyber Week,4,280.3,0.0,1121.2,168.18,953.02,182.13,0
RETAILMAX S.A. - VENTAS 2021,2021-000590,2021-11-08 20:53:39,S1013,C00370,P2078,Web,Financiamiento,Sin Promo,4,157.38,0.05,629.52,75.54,553.98,125.47,0
RETAILMAX S.A. - VENTAS 2021,2021-000591,2021-07-17 06:51:25,S1033,C00577,P2149,Call Center,Transferencia,Sin Promo,2,224.81,0.0,449.62,67.44,382.18,173.08,0
RETAILMAX S.A. - VENTAS 2021,2021-000592,2021-02-23 20:07:50,S1014,C00780,P2011,Call Center,Tarjeta,Promo 10%,1,314.18,0.2,314.18,37.7,276.48,309.34,0
RETAILMAX S.A. - VENTAS 2021,2021-000593,2021-02-05 14:02:59,S1037,C00433,P2103,Marketplace,Billetera Digital,Sin Promo,1,424.9,0.0,424.9,55.24,369.66,274.37,0
RETAILMAX S.A. - VENTAS 2021,2021-000594,2021-01-30 13:25:19,S1044,C00658,P2153,Marketplace,Financiamiento,2x1,2,407.91,0.0,815.82,106.06,709.76,293.96,0
RETAILMAX S.A. - VENTAS 2021,2021-000595,2021-02-26 04:42:06,S1035,C00382,P2098,Tienda,Financiamiento,Promo 10%,2,612.83,0.05,1225.66,183.85,1041.81,389.5,0
RETAILMAX S.A. - VENTAS 2021,2021-000596,2021-04-16 11:16:40,S1032,C00739,P2149,Call Center,Efectivo,Black Friday,2,191.09,0.15,382.18,57.33,324.85,173.08,0
RETAILMAX S.A. - VENTAS 2021,2021-000597,2021-06-08 21:23:23,S1008,C00029,P2108,Call Center,Transferencia,Promo 10%,1,240.87,0.15,240.87,31.31,209.56,144.01,0
RETAILMAX S.A. - VENTAS 2021,2021-000598,2021-03-15 16:13:42,S1035,C00128,P2024,Web,Billetera Digital,Promo 15%,1,300.46,0.05,300.46,45.07,255.39,197.91,0
RETAILMAX S.A. - VENTAS 2021,2021-000599,2021-09-09 16:45:19,S1004,C00478,P2029,Tienda,Transferencia,Cyber Week,2,491.5,0.0,983.0,127.79,855.21,271.13,0
RETAILMAX S.A. - VENTAS 2021,2021-000600,2021-06-27 10:49:47,S1012,C00482,P2068,Web,Financiamiento,Promo 10%,1,197.12,0.2,197.12,23.65,173.47,122.46,0
RETAILMAX S.A. - VENTAS 2021,2021-000601,2021-11-13 15:43:53,S1031,C00242,P2132,Web,Billetera Digital,Sin Promo,2,273.37,0.15,546.74,82.01,464.73,220.13,0
RETAILMAX S.A. - VENTAS 2021,2021-000602,2021-12-24 01:35:23,S1022,C00716,P2118,Web,Transferencia,Cyber Week,1,52.12,0.2,52.12,7.82,44.3,45.65,0
RETAILMAX S.A. - VENTAS 2021,2021-000603,2021-05-30 02:25:48,S1013,C00337,P2035,Web,Financiamiento,2x1,2,770.61,0.15,1541.22,184.95,1356.27,418.3,0
RETAILMAX S.A. - VENTAS 2021,2021-000604,2021-03-04 13:25:30,S1004,C00511,P2020,Marketplace,Financiamiento,2x1,1,49.36,0.0,49.36,6.42,42.94,32.33,0
RETAILMAX S.A. - VENTAS 2021,2021-000605,2021-05-10 07:33:00,S1022,C00671,P2103,Tienda,Tarjeta,Cyber Week,2,403.65,0.05,807.3,121.09,686.21,274.37,1
RETAILMAX S.A. - VENTAS 2021,2021-000606,2021-12-12 16:49:02,S1030,C00520,P2016,Call Center,Efectivo,2x1,1,146.7,0.15,146.7,22.0,124.7,121.18,0
RETAILMAX S.A. - VENTAS 2021,2021-000607,2021-01-06 09:07:27,S1043,C00692,P2069,Marketplace,Financiamiento,2x1,1,191.55,0.0,191.55,24.9,166.65,145.02,0
RETAILMAX S.A. - VENTAS 2021,2021-000608,2021-02-04 03:00:19,S1032,C00434,P2070,Call Center,Efectivo,2x1,2,614.79,0.0,1229.58,184.44,1045.14,281.04,0
RETAILMAX S.A. - VENTAS 2021,2021-000609,2021-03-24 06:12:39,S1020,C00698,P2100,Tienda,Efectivo,Promo 15%,3,514.77,0.1,1544.31,231.65,1312.66,422.9,0
RETAILMAX S.A. - VENTAS 2021,2021-000610,2021-10-01 14:13:49,S1037,C00203,P2097,Tienda,Transferencia,Promo 10%,1,442.96,0.15,442.96,57.58,385.38,298.37,0
RETAILMAX S.A. - VENTAS 2021,2021-000611,2021-07-03 06:28:42,S1006,C00303,P2097,Web,Financiamiento,Cyber Week,1,521.13,0.0,521.13,67.75,453.38,298.37,0
RETAILMAX S.A. - VENTAS 2021,2021-000612,2021-11-22 19:02:14,S1029,C00508,P2020,Tienda,Financiamiento,Cyber Week,2,41.96,0.15,83.92,12.59,71.33,32.33,0
RETAILMAX S.A. - VENTAS 2021,2021-000613,2021-08-16 01:54:30,S1010,C00618,P2133,Call Center,Efectivo,Promo 10%,2,52.59,0.0,105.18,12.62,92.56,38.56,0
RETAILMAX S.A. - VENTAS 2021,2021-000614,2021-05-03 07:16:52,S1012,C00440,P2004,Tienda,Tarjeta,Promo 15%,1,516.47,0.05,516.47,61.98,454.49,298.92,0
RETAILMAX S.A. - VENTAS 2021,2021-000615,2021-12-15 02:18:00,S1014,C00628,P2119,Web,Efectivo,Sin Promo,1,763.08,0.0,763.08,91.57,671.51,363.73,0
RETAILMAX S.A. - VENTAS 2021,2021-000616,2021-09-20 03:55:14,S1003,C00669,P2105,Web,Billetera Digital,Promo 10%,3,676.15,0.0,2028.45,263.7,1764.75,320.12,0
RETAILMAX S.A. - VENTAS 2021,2021-000617,2021-07-22 15:34:43,S1043,C00391,P2014,Tienda,Transferencia,Promo 15%,1,430.19,0.0,430.19,55.92,374.27,296.33,0
RETAILMAX S.A. - VENTAS 2021,2021-000618,2021-01-08 14:38:29,S1043,C00593,P2092,Call Center,Efectivo,2x1,2,802.49,0.0,1604.98,208.65,1396.33,416.32,0
RETAILMAX S.A. - VENTAS 2021,2021-000619,2021-02-03 23:57:20,S1010,C00580,P2127,Marketplace,Tarjeta,Sin Promo,3,622.76,0.15,1868.28,224.19,1644.09,361.43,0
RETAILMAX S.A. - VENTAS 2021,2021-000620,2021-07-30 10:58:42,S1027,C00379,P2063,Tienda,Billetera Digital,Black Friday,3,66.89,0.05,200.67,30.1,170.57,34.56,0
RETAILMAX S.A. - VENTAS 2021,2021-000621,2021-05-09 03:26:58,S1042,C00588,P2107,Call Center,Efectivo,Promo 15%,2,273.7,0.15,547.4,71.16,476.24,196.36,0
RETAILMAX S.A. - VENTAS 2021,2021-000622,2021-11-22 11:34:36,S1044,C00196,P2155,Call Center,Tarjeta,Promo 15%,5,133.73,0.15,668.65,86.92,581.73,71.96,0
RETAILMAX S.A. - VENTAS 2021,2021-000623,2021-11-08 21:18:01,S1021,C00788,P2022,Web,Billetera Digital,Black Friday,2,404.94,0.1,809.88,121.48,688.4,325.44,1
RETAILMAX S.A. - VENTAS 2021,2021-000624,2021-01-07 08:28:08,S1023,C00327,P2006,Tienda,Transferencia,Promo 10%,1,321.61,0.2,321.61,48.24,273.37,287.52,1
RETAILMAX S.A. - VENTAS 2021,2021-000625,2021-08-08 08:52:02,S1024,C00627,P2160,Web,Transferencia,2x1,2,812.22,0.0,1624.44,243.67,1380.77,418.28,0
RETAILMAX S.A. - VENTAS 2021,2021-000626,2021-04-14 05:31:19,S1006,C00362,P2101,Tienda,Efectivo,Cyber Week,1,286.05,0.15,286.05,37.19,248.86,262.94,0
RETAILMAX S.A. - VENTAS 2021,2021-000627,2021-08-16 11:58:02,S1014,C00513,P2134,Tienda,Billetera Digital,2x1,1,241.56,0.0,241.56,28.99,212.57,153.79,1
RETAILMAX S.A. - VENTAS 2021,2021-000628,2021-05-28 00:51:45,S1027,C00461,P2060,Marketplace,Transferencia,Promo 10%,1,325.76,0.15,325.76,48.86,276.9,245.82,0
RETAILMAX S.A. - VENTAS 2021,2021-000629,2021-10-04 01:58:07,S1045,C00236,P2160,Web,Efectivo,Black Friday,4,690.39,0.15,2761.56,359.0,2402.56,418.28,0
RETAILMAX S.A. - VENTAS 2021,2021-000630,2021-09-24 11:42:37,S1044,C00787,P2073,Tienda,Tarjeta,2x1,1,139.88,0.15,139.88,18.18,121.7,131.1,0
RETAILMAX S.A. - VENTAS 2021,2021-000631,2021-04-09 01:53:49,S1013,C00733,P2015,Web,Efectivo,Sin Promo,2,173.77,0.0,347.54,41.7,305.84,122.14,0
RETAILMAX S.A. - VENTAS 2021,2021-000632,2021-10-31 19:58:58,S1004,C00519,P2005,Web,Billetera Digital,Sin Promo,3,545.93,0.0,1637.79,212.91,1424.88,390.45,0
RETAILMAX S.A. - VENTAS 2021,2021-000633,2021-08-28 11:20:24,S1022,C00200,P2038,Web,Financiamiento,Promo 10%,1,139.95,0.0,139.95,20.99,118.96,104.22,0
RETAILMAX S.A. - VENTAS 2021,2021-000634,2021-05-08 11:02:08,S1028,C00485,P2154,Web,Transferencia,2x1,1,696.55,0.05,696.55,104.48,592.07,427.53,0
RETAILMAX S.A. - VENTAS 2021,2021-000635,2021-07-04 14:29:58,S1028,C00574,P2046,Call Center,Financiamiento,Black Friday,1,344.44,0.05,344.44,51.67,292.77,192.92,0
RETAILMAX S.A. - VENTAS 2021,2021-000636,2021-08-10 05:40:31,S1030,C00482,P2088,Call Center,Tarjeta,2x1,3,457.54,0.2,1372.62,205.89,1166.73,308.2,0
RETAILMAX S.A. - VENTAS 2021,2021-000637,2021-02-12 10:55:51,S1021,C00240,P2058,Web,Transferencia,2x1,2,465.91,0.0,931.82,139.77,792.05,324.41,0
RETAILMAX S.A. - VENTAS 2021,2021-000638,2021-06-06 16:30:54,S1029,C00671,P2143,Call Center,Tarjeta,Promo 15%,1,157.9,0.1,157.9,23.68,134.22,101.86,0
RETAILMAX S.A. - VENTAS 2021,2021-000639,2021-08-29 07:07:32,S1014,C00020,P2077,Tienda,Tarjeta,Black Friday,1,794.69,0.0,794.69,95.36,699.33,400.81,1
RETAILMAX S.A. - VENTAS 2021,2021-000640,2021-07-11 17:53:35,S1016,C00213,P2095,Call Center,Transferencia,2x1,1,693.43,0.05,693.43,83.21,610.22,368.2,0
RETAILMAX S.A. - VENTAS 2021,2021-000641,2021-06-07 23:20:23,S1041,C00157,P2025,Call Center,Tarjeta,Sin Promo,6,664.27,0.0,3985.62,518.13,3467.49,394.63,0
RETAILMAX S.A. - VENTAS 2021,2021-000642,2021-10-17 05:54:41,S1010,C00525,P2103,Marketplace,Transferencia,Black Friday,1,403.65,0.05,403.65,48.44,355.21,274.37,1
RETAILMAX S.A. - VENTAS 2021,2021-000643,2021-09-08 23:07:08,S1038,C00293,P2029,Tienda,Financiamiento,2x1,2,417.77,0.15,835.54,108.62,726.92,271.13,1
RETAILMAX S.A. - VENTAS 2021,2021-000644,2021-05-07 08:49:25,S1035,C00711,P2156,Marketplace,Tarjeta,Cyber Week,2,65.14,0.2,130.28,19.54,110.74,55.02,1
RETAILMAX S.A. - VENTAS 2021,2021-000645,2021-11-27 05:23:03,S1031,C00321,P2099,Web,Transferencia,Promo 10%,1,279.84,0.05,279.84,41.98,237.86,231.19,0
RETAILMAX S.A. - VENTAS 2021,2021-000646,2021-10-24 05:52:38,S1032,C00618,P2082,Tienda,Financiamiento,2x1,1,225.14,0.2,225.14,33.77,191.37,152.77,1
RETAILMAX S.A. - VENTAS 2021,2021-000647,2021-10-28 02:55:31,S1017,C00611,P2156,Call Center,Efectivo,2x1,2,81.43,0.0,162.86,19.54,143.32,55.02,0
RETAILMAX S.A. - VENTAS 2021,2021-000648,2021-12-21 11:00:12,S1022,C00322,P2055,Call Center,Billetera Digital,Promo 15%,2,126.69,0.1,253.38,38.01,215.37,77.43,1
RETAILMAX S.A. - VENTAS 2021,2021-000649,2021-07-30 03:14:08,S1045,C00140,P2119,Marketplace,Efectivo,Promo 15%,1,686.77,0.1,686.77,89.28,597.49,363.73,1
RETAILMAX S.A. - VENTAS 2021,2021-000650,2021-04-18 14:29:22,S1008,C00270,P2028,Web,Financiamiento,Sin Promo,2,598.19,0.0,1196.38,155.53,1040.85,344.08,0
RETAILMAX S.A. - VENTAS 2021,2021-000651,2021-02-05 15:12:47,S1031,C00057,P2001,Marketplace,Financiamiento,Promo 10%,2,81.45,0.15,162.9,24.43,138.47,59.67,0
RETAILMAX S.A. - VENTAS 2021,2021-000652,2021-07-11 06:47:11,S1031,C00555,P2157,Call Center,Efectivo,Black Friday,3,223.38,0.0,670.14,100.52,569.62,118.28,0
RETAILMAX S.A. - VENTAS 2021,2021-000653,2021-08-19 20:38:49,S1040,C00532,P2029,Web,Tarjeta,Cyber Week,3,491.5,0.0,1474.5,191.69,1282.81,271.13,0
RETAILMAX S.A. - VENTAS 2021,2021-000654,2021-04-09 09:26:33,S1034,C00783,P2146,Call Center,Financiamiento,Cyber Week,6,249.01,0.2,1494.06,224.11,1269.95,242.22,0
RETAILMAX S.A. - VENTAS 2021,2021-000655,2021-02-25 23:10:18,S1007,C00116,P2054,Tienda,Financiamiento,Sin Promo,1,463.28,0.0,463.28,60.23,403.05,220.6,0
RETAILMAX S.A. - VENTAS 2021,2021-000656,2021-02-02 12:27:26,S1002,C00455,P2056,Call Center,Financiamiento,Cyber Week,1,886.94,0.0,886.94,115.3,771.64,417.23,0
RETAILMAX S.A. - VENTAS 2021,2021-000657,2021-01-05 02:13:22,S1007,C00028,P2027,Tienda,Tarjeta,Promo 10%,1,331.73,0.0,331.73,43.12,288.61,230.42,0
RETAILMAX S.A. - VENTAS 2021,2021-000658,2021-01-04 13:40:39,S1043,C00562,P2086,Marketplace,Financiamiento,2x1,2,87.36,0.2,174.72,22.71,152.01,70.05,0
RETAILMAX S.A. - VENTAS 2021,2021-000659,2021-11-06 15:38:09,S1009,C00279,P2137,Marketplace,Transferencia,Promo 10%,1,364.43,0.15,364.43,47.38,317.05,246.0,0
RETAILMAX S.A. - VENTAS 2021,2021-000660,2021-12-07 14:30:28,S1029,C00171,P2061,Marketplace,Transferencia,Sin Promo,1,42.68,0.0,42.68,6.4,36.28,26.36,0
RETAILMAX S.A. - VENTAS 2021,2021-000661,2021-08-22 14:37:45,S1043,C00723,P2027,Tienda,Billetera Digital,Sin Promo,3,331.73,0.0,995.19,129.37,865.82,230.42,0
RETAILMAX S.A. - VENTAS 2021,2021-000662,2021-05-24 09:02:56,S1018,C00226,P2118,Call Center,Billetera Digital,2x1,1,58.64,0.1,58.64,7.04,51.6,45.65,1
RETAILMAX S.A. - VENTAS 2021,2021-000663,2021-04-07 00:06:50,S1025,C00318,P2039,Marketplace,Tarjeta,Cyber Week,6,381.6,0.2,2289.6,343.44,1946.16,251.05,0
RETAILMAX S.A. - VENTAS 2021,2021-000664,2021-01-24 11:51:07,S1011,C00464,P2028,Call Center,Financiamiento,Cyber Week,2,598.19,0.0,1196.38,143.57,1052.81,344.08,0
RETAILMAX S.A. - VENTAS 2021,2021-000665,2021-02-11 12:40:56,S1004,C00023,P2025,Tienda,Financiamiento,Promo 15%,2,631.06,0.05,1262.12,164.08,1098.04,394.63,0
RETAILMAX S.A. - VENTAS 2021,2021-000666,2021-04-10 05:12:44,S1009,C00770,P2036,Tienda,Efectivo,2x1,4,259.77,0.1,1039.08,135.08,904.0,143.03,0
RETAILMAX S.A. - VENTAS 2021,2021-000667,2021-06-04 19:58:45,S1027,C00533,P2085,Web,Financiamiento,Sin Promo,6,29.47,0.05,176.82,26.52,150.3,20.07,0
RETAILMAX S.A. - VENTAS 2021,2021-000668,2021-12-06 19:41:06,S1017,C00156,P2031,Web,Tarjeta,Sin Promo,1,203.6,0.0,203.6,24.43,179.17,111.43,0
RETAILMAX S.A. - VENTAS 2021,2021-000669,2021-01-15 05:50:02,S1022,C00227,P2032,Call Center,Transferencia,Promo 10%,4,466.57,0.0,1866.28,279.94,1586.34,330.43,1
RETAILMAX S.A. - VENTAS 2021,2021-000670,2021-05-12 17:20:29,S1028,C00669,P2138,Tienda,Efectivo,Black Friday,5,612.09,0.15,3060.45,459.07,2601.38,375.47,1
RETAILMAX S.A. - VENTAS 2021,2021-000671,2021-09-09 03:17:34,S1014,C00366,P2007,Web,Billetera Digital,Black Friday,3,212.03,0.0,636.09,76.33,559.76,162.45,0
RETAILMAX S.A. - VENTAS 2021,2021-000672,2021-11-26 12:29:47,S1022,C00630,P2013,Call Center,Billetera Digital,2x1,1,170.17,0.15,170.17,25.53,144.64,98.1,0
RETAILMAX S.A. - VENTAS 2021,2021-000673,2021-04-25 09:25:59,S1027,C00164,P2104,Tienda,Tarjeta,Promo 15%,1,702.23,0.0,702.23,105.33,596.9,405.18,1
RETAILMAX S.A. - VENTAS 2021,2021-000674,2021-10-31 06:51:02,S1033,C00447,P2003,Marketplace,Efectivo,Promo 15%,3,508.72,0.0,1526.16,228.92,1297.24,261.5,0
RETAILMAX S.A. - VENTAS 2021,2021-000675,2021-10-23 00:03:40,S1005,C00534,P2098,Web,Financiamiento,2x1,1,580.57,0.1,580.57,75.47,505.1,389.5,0
RETAILMAX S.A. - VENTAS 2021,2021-000676,2021-07-06 04:35:55,S1028,C00009,P2136,Web,Tarjeta,2x1,2,139.32,0.1,278.64,41.8,236.84,99.42,0
RETAILMAX S.A. - VENTAS 2021,2021-000677,2021-10-03 16:46:12,S1016,C00294,P2155,Marketplace,Efectivo,2x1,1,125.86,0.2,125.86,15.1,110.76,71.96,1
RETAILMAX S.A. - VENTAS 2021,2021-000678,2021-08-22 05:22:03,S1012,C00597,P2085,Tienda,Billetera Digital,Promo 15%,2,31.02,0.0,62.04,7.44,54.6,20.07,0
RETAILMAX S.A. - VENTAS 2021,2021-000679,2021-09-15 04:29:42,S1010,C00627,P2103,Call Center,Efectivo,2x1,1,339.92,0.2,339.92,40.79,299.13,274.37,0
RETAILMAX S.A. - VENTAS 2021,2021-000680,2021-12-27 13:42:55,S1010,C00005,P2122,Marketplace,Efectivo,Cyber Week,1,545.3,0.2,545.3,65.44,479.86,324.38,0
RETAILMAX S.A. - VENTAS 2021,2021-000681,2021-04-26 01:54:49,S1042,C00766,P2149,Web,Financiamiento,Cyber Week,4,179.85,0.2,719.4,93.52,625.88,173.08,0
RETAILMAX S.A. - VENTAS 2021,2021-000682,2021-06-03 05:47:45,S1024,C00558,P2125,Call Center,Transferencia,2x1,6,310.19,0.1,1861.14,279.17,1581.97,235.01,1
RETAILMAX S.A. - VENTAS 2021,2021-000683,2021-08-31 12:40:53,S1030,C00495,P2102,Tienda,Billetera Digital,Cyber Week,3,475.83,0.05,1427.49,214.12,1213.37,270.07,0
RETAILMAX S.A. - VENTAS 2021,2021-000684,2021-05-25 07:06:11,S1009,C00474,P2092,Call Center,Tarjeta,Promo 10%,3,722.24,0.1,2166.72,281.67,1885.05,416.32,0
RETAILMAX S.A. - VENTAS 2021,2021-000685,2021-10-25 01:58:14,S1040,C00312,P2062,Marketplace,Financiamiento,Cyber Week,3,95.11,0.15,285.33,37.09,248.24,74.21,0
RETAILMAX S.A. - VENTAS 2021,2021-000686,2021-10-23 05:00:30,S1043,C00146,P2076,Marketplace,Efectivo,Promo 10%,2,92.64,0.05,185.28,24.09,161.19,50.2,0
RETAILMAX S.A. - VENTAS 2021,2021-000687,2021-04-11 23:42:39,S1039,C00284,P2143,Tienda,Efectivo,2x1,1,149.12,0.15,149.12,19.39,129.73,101.86,0
RETAILMAX S.A. - VENTAS 2021,2021-000688,2021-12-14 06:07:29,S1019,C00686,P2104,Marketplace,Financiamiento,Promo 10%,4,702.23,0.0,2808.92,421.34,2387.58,405.18,0
RETAILMAX S.A. - VENTAS 2021,2021-000689,2021-03-02 18:45:59,S1001,C00303,P2048,Call Center,Efectivo,Cyber Week,2,288.14,0.1,576.28,74.92,501.36,183.57,1
RETAILMAX S.A. - VENTAS 2021,2021-000690,2021-07-26 08:55:12,S1014,C00789,P2021,Call Center,Financiamiento,Promo 15%,1,439.47,0.0,439.47,52.74,386.73,239.98,1
RETAILMAX S.A. - VENTAS 2021,2021-000691,2021-11-02 06:16:48,S1027,C00288,P2016,Tienda,Financiamiento,Cyber Week,2,163.96,0.05,327.92,49.19,278.73,121.18,0
RETAILMAX S.A. - VENTAS 2021,2021-000692,2021-05-21 23:01:21,S1029,C00736,P2021,Tienda,Tarjeta,Sin Promo,2,439.47,0.0,878.94,131.84,747.1,239.98,0
RETAILMAX S.A. - VENTAS 2021,2021-000693,2021-03-04 17:48:42,S1008,C00019,P2066,Web,Tarjeta,Black Friday,2,472.24,0.1,944.48,122.78,821.7,297.19,0
RETAILMAX S.A. - VENTAS 2021,2021-000694,2021-10-21 17:27:28,S1013,C00394,P2015,Tienda,Billetera Digital,Promo 10%,1,147.7,0.15,147.7,17.72,129.98,122.14,0
RETAILMAX S.A. - VENTAS 2021,2021-000695,2021-09-05 23:28:08,S1036,C00265,P2067,Web,Tarjeta,Promo 15%,3,582.45,0.0,1747.35,262.1,1485.25,420.88,0
RETAILMAX S.A. - VENTAS 2021,2021-000696,2021-10-03 06:43:53,S1029,C00055,P2029,Tienda,Financiamiento,Black Friday,1,417.77,0.15,417.77,62.67,355.1,271.13,0
RETAILMAX S.A. - VENTAS 2021,2021-000697,2021-09-29 17:47:16,S1044,C00723,P2136,Tienda,Efectivo,Cyber Week,1,123.84,0.2,123.84,16.1,107.74,99.42,0
RETAILMAX S.A. - VENTAS 2021,2021-000698,2021-04-03 21:48:45,S1028,C00420,P2004,Call Center,Transferencia,Sin Promo,2,543.65,0.0,1087.3,163.09,924.21,298.92,0
RETAILMAX S.A. - VENTAS 2021,2021-000699,2021-03-07 20:56:17,S1034,C00237,P2145,Tienda,Billetera Digital,Promo 15%,1,118.01,0.0,118.01,17.7,100.31,77.61,0
RETAILMAX S.A. - VENTAS 2021,2021-000700,2021-02-13 04:32:26,S1028,C00171,P2083,Web,Financiamiento,Cyber Week,2,523.42,0.0,1046.84,157.03,889.81,334.59,0
RETAILMAX S.A. - VENTAS 2021,2021-000701,2021-05-08 10:56:40,S1033,C00353,P2112,Marketplace,Billetera Digital,2x1,1,325.58,0.1,325.58,48.84,276.74,257.82,0
RETAILMAX S.A. - VENTAS 2021,2021-000702,2021-10-23 17:51:23,S1032,C00304,P2035,Marketplace,Billetera Digital,Black Friday,2,815.94,0.1,1631.88,244.78,1387.1,418.3,0
RETAILMAX S.A. - VENTAS 2021,2021-000703,2021-04-18 03:36:17,S1027,C00320,P2027,Web,Tarjeta,Promo 10%,2,331.73,0.0,663.46,99.52,563.94,230.42,0
RETAILMAX S.A. - VENTAS 2021,2021-000704,2021-06-03 07:50:08,S1013,C00550,P2089,Web,Billetera Digital,Promo 15%,5,662.89,0.1,3314.45,397.73,2916.72,351.93,0
RETAILMAX S.A. - VENTAS 2021,2021-000705,2021-03-07 22:39:27,S1008,C00345,P2159,Marketplace,Transferencia,2x1,2,576.79,0.1,1153.58,149.97,1003.61,434.27,1
RETAILMAX S.A. - VENTAS 2021,2021-000706,2021-03-25 14:33:56,S1045,C00628,P2002,Call Center,Efectivo,Black Friday,2,290.16,0.0,580.32,75.44,504.88,134.76,0
RETAILMAX S.A. - VENTAS 2021,2021-000707,2021-02-06 22:55:18,S1004,C00561,P2076,Web,Transferencia,Black Friday,3,82.89,0.15,248.67,32.33,216.34,50.2,1
RETAILMAX S.A. - VENTAS 2021,2021-000708,2021-11-28 18:37:13,S1001,C00510,P2011,Web,Transferencia,2x1,2,373.08,0.05,746.16,97.0,649.16,309.34,0
RETAILMAX S.A. - VENTAS 2021,2021-000709,2021-01-14 21:58:36,S1026,C00548,P2100,Tienda,Billetera Digital,Sin Promo,1,571.97,0.0,571.97,85.8,486.17,422.9,1
RETAILMAX S.A. - VENTAS 2021,2021-000710,2021-10-08 14:48:37,S1012,C00242,P2061,Tienda,Transferencia,Promo 15%,1,36.28,0.15,36.28,4.35,31.93,26.36,0
RETAILMAX S.A. - VENTAS 2021,2021-000711,2021-03-16 08:13:11,S1023,C00605,P2082,Call Center,Efectivo,2x1,1,281.42,0.0,281.42,42.21,239.21,152.77,0
RETAILMAX S.A. - VENTAS 2021,2021-000712,2021-03-05 06:23:53,S1018,C00217,P2109,Call Center,Tarjeta,Black Friday,2,208.28,0.0,416.56,49.99,366.57,141.94,0
RETAILMAX S.A. - VENTAS 2021,2021-000713,2021-12-25 20:49:53,S1037,C00371,P2046,Marketplace,Billetera Digital,Sin Promo,4,326.31,0.1,1305.24,169.68,1135.56,192.92,0
RETAILMAX S.A. - VENTAS 2021,2021-000714,2021-03-29 11:34:40,S1033,C00023,P2153,Web,Transferencia,Cyber Week,5,387.51,0.05,1937.55,290.63,1646.92,293.96,1
RETAILMAX S.A. - VENTAS 2021,2021-000715,2021-09-30 20:05:08,S1038,C00490,P2119,Call Center,Financiamiento,Black Friday,2,610.46,0.2,1220.92,158.72,1062.2,363.73,0
RETAILMAX S.A. - VENTAS 2021,2021-000716,2021-05-13 00:20:44,S1003,C00058,P2058,Web,Efectivo,Promo 10%,2,396.02,0.15,792.04,102.97,689.07,324.41,0
RETAILMAX S.A. - VENTAS 2021,2021-000717,2021-10-18 09:44:04,S1029,C00687,P2082,Marketplace,Efectivo,Cyber Week,1,239.21,0.15,239.21,35.88,203.33,152.77,0
RETAILMAX S.A. - VENTAS 2021,2021-000718,2021-08-03 16:40:03,S1015,C00522,P2079,Call Center,Billetera Digital,Promo 15%,1,249.59,0.0,249.59,29.95,219.64,156.92,0
RETAILMAX S.A. - VENTAS 2021,2021-000719,2021-08-08 18:57:15,S1014,C00639,P2062,Web,Transferencia,Cyber Week,5,89.51,0.2,447.55,53.71,393.84,74.21,0
RETAILMAX S.A. - VENTAS 2021,2021-000720,2021-06-06 14:48:02,S1032,C00733,P2037,Tienda,Tarjeta,Sin Promo,3,499.04,0.2,1497.12,224.57,1272.55,405.23,1
RETAILMAX S.A. - VENTAS 2021,2021-000721,2021-05-03 03:24:32,S1026,C00594,P2064,Tienda,Transferencia,Black Friday,1,91.31,0.0,91.31,13.7,77.61,57.47,0
RETAILMAX S.A. - VENTAS 2021,2021-000722,2021-01-06 15:26:12,S1043,C00797,P2052,Web,Financiamiento,2x1,2,80.49,0.15,160.98,20.93,140.05,47.67,0
RETAILMAX S.A. - VENTAS 2021,2021-000723,2021-12-17 19:23:03,S1040,C00153,P2088,Tienda,Billetera Digital,Promo 10%,2,543.32,0.05,1086.64,141.26,945.38,308.2,1
RETAILMAX S.A. - VENTAS 2021,2021-000724,2021-01-04 15:28:22,S1022,C00701,P2042,Marketplace,Efectivo,Cyber Week,3,341.18,0.15,1023.54,153.53,870.01,233.31,1
RETAILMAX S.A. - VENTAS 2021,2021-000725,2021-09-28 22:10:48,S1020,C00657,P2056,Web,Billetera Digital,Promo 10%,1,842.59,0.05,842.59,126.39,716.2,417.23,0
RETAILMAX S.A. - VENTAS 2021,2021-000726,2021-02-08 13:21:50,S1022,C00396,P2018,Marketplace,Tarjeta,2x1,3,352.67,0.1,1058.01,158.7,899.31,224.11,0
RETAILMAX S.A. - VENTAS 2021,2021-000727,2021-07-14 06:12:25,S1025,C00452,P2046,Marketplace,Efectivo,Black Friday,1,362.57,0.0,362.57,54.39,308.18,192.92,0
RETAILMAX S.A. - VENTAS 2021,2021-000728,2021-05-29 10:53:33,S1015,C00639,P2038,Web,Tarjeta,Cyber Week,2,139.95,0.0,279.9,33.59,246.31,104.22,1
RETAILMAX S.A. - VENTAS 2021,2021-000729,2021-10-19 14:19:52,S1027,C00762,P2093,Tienda,Financiamiento,Black Friday,1,147.96,0.0,147.96,22.19,125.77,75.0,0
RETAILMAX S.A. - VENTAS 2021,2021-000730,2021-01-30 12:57:08,S1013,C00788,P2043,Marketplace,Transferencia,Promo 15%,1,297.93,0.05,297.93,35.75,262.18,244.5,0
RETAILMAX S.A. - VENTAS 2021,2021-000731,2021-01-03 12:43:58,S1009,C00600,P2115,Call Center,Transferencia,Sin Promo,4,372.57,0.0,1490.28,193.74,1296.54,201.2,0
RETAILMAX S.A. - VENTAS 2021,2021-000732,2021-08-09 17:54:53,S1040,C00360,P2069,Web,Financiamiento,Sin Promo,1,172.4,0.1,172.4,22.41,149.99,145.02,0
RETAILMAX S.A. - VENTAS 2021,2021-000733,2021-01-04 05:39:58,S1014,C00277,P2099,Web,Financiamiento,2x1,3,294.57,0.0,883.71,106.05,777.66,231.19,0
RETAILMAX S.A. - VENTAS 2021,2021-000734,2021-06-03 13:16:15,S1036,C00655,P2006,Marketplace,Tarjeta,2x1,2,402.01,0.0,804.02,120.6,683.42,287.52,1
RETAILMAX S.A. - VENTAS 2021,2021-000735,2021-08-13 05:53:31,S1014,C00756,P2025,Call Center,Tarjeta,Promo 15%,1,564.63,0.15,564.63,67.76,496.87,394.63,1
RETAILMAX S.A. - VENTAS 2021,2021-000736,2021-04-12 04:01:45,S1009,C00538,P2098,Web,Financiamiento,2x1,1,645.08,0.0,645.08,83.86,561.22,389.5,1
RETAILMAX S.A. - VENTAS 2021,2021-000737,2021-06-19 01:09:02,S1009,C00010,P2075,Call Center,Transferencia,Sin Promo,1,580.05,0.0,580.05,75.41,504.64,301.87,0
RETAILMAX S.A. - VENTAS 2021,2021-000738,2021-09-08 20:01:45,S1045,C00213,P2089,Web,Transferencia,2x1,2,626.06,0.15,1252.12,162.78,1089.34,351.93,0
RETAILMAX S.A. - VENTAS 2021,2021-000739,2021-07-19 04:47:05,S1018,C00696,P2120,Tienda,Efectivo,Promo 10%,1,199.5,0.0,199.5,23.94,175.56,113.2,0
RETAILMAX S.A. - VENTAS 2021,2021-000740,2021-09-14 00:29:48,S1040,C00675,P2076,Tienda,Transferencia,2x1,3,97.52,0.0,292.56,38.03,254.53,50.2,0
RETAILMAX S.A. - VENTAS 2021,2021-000741,2021-01-05 15:48:48,S1041,C00089,P2058,Call Center,Tarjeta,2x1,2,465.91,0.0,931.82,121.14,810.68,324.41,0
RETAILMAX S.A. - VENTAS 2021,2021-000742,2021-11-13 05:33:07,S1023,C00014,P2050,Web,Transferencia,Sin Promo,3,273.95,0.0,821.85,123.28,698.57,192.16,0
RETAILMAX S.A. - VENTAS 2021,2021-000743,2021-12-25 09:00:21,S1003,C00652,P2002,Web,Financiamiento,Cyber Week,2,275.65,0.05,551.3,71.67,479.63,134.76,0
RETAILMAX S.A. - VENTAS 2021,2021-000744,2021-12-25 18:17:21,S1037,C00103,P2010,Web,Efectivo,Sin Promo,2,404.09,0.0,808.18,105.06,703.12,210.17,0
RETAILMAX S.A. - VENTAS 2021,2021-000745,2021-07-25 01:23:48,S1028,C00177,P2088,Web,Financiamiento,Sin Promo,1,571.92,0.0,571.92,85.79,486.13,308.2,0
RETAILMAX S.A. - VENTAS 2021,2021-000746,2021-04-13 03:18:39,S1033,C00667,P2064,Call Center,Billetera Digital,Promo 15%,4,86.74,0.05,346.96,52.04,294.92,57.47,1
RETAILMAX S.A. - VENTAS 2021,2021-000747,2021-11-21 08:25:33,S1025,C00118,P2139,Call Center,Tarjeta,Black Friday,1,19.27,0.05,19.27,2.89,16.38,12.71,0
RETAILMAX S.A. - VENTAS 2021,2021-000748,2021-11-26 01:52:50,S1012,C00263,P2135,Marketplace,Transferencia,Promo 15%,1,152.93,0.0,152.93,18.35,134.58,71.27,1
RETAILMAX S.A. - VENTAS 2021,2021-000749,2021-08-03 08:59:30,S1017,C00140,P2013,Web,Tarjeta,Sin Promo,1,200.2,0.0,200.2,24.02,176.18,98.1,0
RETAILMAX S.A. - VENTAS 2021,2021-000750,2021-12-05 11:42:37,S1029,C00142,P2004,Marketplace,Billetera Digital,Sin Promo,1,516.47,0.05,516.47,77.47,439.0,298.92,0
RETAILMAX S.A. - VENTAS 2021,2021-000751,2021-04-05 09:11:04,S1007,C00287,P2017,Marketplace,Transferencia,Sin Promo,5,280.3,0.0,1401.5,182.19,1219.31,182.13,0
RETAILMAX S.A. - VENTAS 2021,2021-000752,2021-12-09 00:29:50,S1023,C00094,P2011,Web,Transferencia,Promo 15%,2,314.18,0.2,628.36,94.25,534.11,309.34,1
RETAILMAX S.A. - VENTAS 2021,2021-000753,2021-07-05 21:26:29,S1040,C00781,P2147,Web,Transferencia,Promo 10%,2,548.18,0.0,1096.36,142.53,953.83,299.7,0
RETAILMAX S.A. - VENTAS 2021,2021-000754,2021-07-16 03:10:33,S1032,C00013,P2133,Tienda,Tarjeta,Black Friday,4,52.59,0.0,210.36,31.55,178.81,38.56,1
RETAILMAX S.A. - VENTAS 2021,2021-000755,2021-04-08 07:01:27,S1005,C00330,P2080,Tienda,Billetera Digital,Black Friday,3,301.79,0.0,905.37,117.7,787.67,221.89,0
RETAILMAX S.A. - VENTAS 2021,2021-000756,2021-06-04 17:15:54,S1013,C00781,P2107,Web,Tarjeta,Promo 10%,6,322.0,0.0,1932.0,231.84,1700.16,196.36,0
RETAILMAX S.A. - VENTAS 2021,2021-000757,2021-08-03 20:02:34,S1018,C00682,P2049,Marketplace,Transferencia,2x1,3,126.62,0.2,379.86,45.58,334.28,89.45,1
RETAILMAX S.A. - VENTAS 2021,2021-000758,2021-03-02 15:52:43,S1022,C00710,P2116,Tienda,Efectivo,Black Friday,1,706.7,0.05,706.7,106.01,600.69,358.01,0
RETAILMAX S.A. - VENTAS 2021,2021-000759,2021-12-23 04:41:39,S1020,C00216,P2001,Tienda,Efectivo,Cyber Week,1,86.24,0.1,86.24,12.94,73.3,59.67,0
RETAILMAX S.A. - VENTAS 2021,2021-000760,2021-09-11 19:23:11,S1016,C00408,P2131,Web,Financiamiento,Black Friday,4,196.93,0.0,787.72,94.53,693.19,119.6,0
RETAILMAX S.A. - VENTAS 2021,2021-000761,2021-10-15 14:12:30,S1024,C00142,P2078,Web,Efectivo,Sin Promo,1,165.66,0.0,165.66,24.85,140.81,125.47,0
RETAILMAX S.A. - VENTAS 2021,2021-000762,2021-10-20 07:55:48,S1026,C00253,P2013,Call Center,Billetera Digital,Cyber Week,2,200.2,0.0,400.4,60.06,340.34,98.1,1
RETAILMAX S.A. - VENTAS 2021,2021-000763,2021-09-26 09:25:25,S1022,C00488,P2019,Marketplace,Transferencia,Black Friday,1,471.27,0.0,471.27,70.69,400.58,283.84,0
RETAILMAX S.A. - VENTAS 2021,2021-000764,2021-03-29 08:09:10,S1024,C00758,P2037,Marketplace,Tarjeta,Cyber Week,1,623.8,0.0,623.8,93.57,530.23,405.23,0
RETAILMAX S.A. - VENTAS 2021,2021-000765,2021-05-23 04:50:28,S1034,C00591,P2093,Tienda,Efectivo,Promo 10%,1,118.37,0.2,118.37,17.76,100.61,75.0,0
RETAILMAX S.A. - VENTAS 2021,2021-000766,2021-03-01 00:03:03,S1028,C00223,P2149,Marketplace,Transferencia,Sin Promo,2,191.09,0.15,382.18,57.33,324.85,173.08,1
RETAILMAX S.A. - VENTAS 2021,2021-000767,2021-10-09 09:36:48,S1035,C00369,P2151,Marketplace,Transferencia,Sin Promo,3,233.86,0.05,701.58,105.24,596.34,116.51,1
RETAILMAX S.A. - VENTAS 2021,2021-000768,2021-01-06 12:56:33,S1033,C00655,P2080,Web,Transferencia,Sin Promo,1,301.79,0.0,301.79,45.27,256.52,221.89,0
RETAILMAX S.A. - VENTAS 2021,2021-000769,2021-12-03 21:14:09,S1024,C00370,P2138,Call Center,Transferencia,Cyber Week,1,612.09,0.15,612.09,91.81,520.28,375.47,1
RETAILMAX S.A. - VENTAS 2021,2021-000770,2021-11-06 20:03:24,S1035,C00746,P2093,Web,Transferencia,Promo 15%,1,140.56,0.05,140.56,21.08,119.48,75.0,0
RETAILMAX S.A. - VENTAS 2021,2021-000771,2021-10-25 22:55:49,S1024,C00743,P2047,Call Center,Efectivo,2x1,3,365.43,0.2,1096.29,164.44,931.85,295.44,0
RETAILMAX S.A. - VENTAS 2021,2021-000772,2021-08-11 13:25:18,S1012,C00096,P2112,Tienda,Financiamiento,Promo 10%,1,343.67,0.05,343.67,41.24,302.43,257.82,0
RETAILMAX S.A. - VENTAS 2021,2021-000773,2021-04-05 06:24:43,S1034,C00409,P2088,Web,Transferencia,Sin Promo,1,543.32,0.05,543.32,81.5,461.82,308.2,0
RETAILMAX S.A. - VENTAS 2021,2021-000774,2021-03-25 06:28:15,S1002,C00677,P2034,Web,Tarjeta,Promo 10%,3,223.51,0.15,670.53,87.17,583.36,122.22,0
RETAILMAX S.A. - VENTAS 2021,2021-000775,2021-08-07 08:55:45,S1014,C00645,P2086,Call Center,Tarjeta,Cyber Week,2,92.82,0.15,185.64,22.28,163.36,70.05,0
RETAILMAX S.A. - VENTAS 2021,2021-000776,2021-03-12 00:25:45,S1016,C00574,P2098,Call Center,Tarjeta,Sin Promo,2,612.83,0.05,1225.66,147.08,1078.58,389.5,0
RETAILMAX S.A. - VENTAS 2021,2021-000777,2021-11-26 01:35:33,S1025,C00003,P2025,Tienda,Transferencia,Promo 10%,1,531.42,0.2,531.42,79.71,451.71,394.63,1
RETAILMAX S.A. - VENTAS 2021,2021-000778,2021-11-04 00:29:29,S1010,C00153,P2042,Tienda,Billetera Digital,Cyber Week,3,401.39,0.0,1204.17,144.5,1059.67,233.31,0
RETAILMAX S.A. - VENTAS 2021,2021-000779,2021-12-29 03:05:36,S1016,C00047,P2066,Call Center,Efectivo,Promo 15%,1,498.47,0.05,498.47,59.82,438.65,297.19,0
RETAILMAX S.A. - VENTAS 2021,2021-000780,2021-09-03 05:37:32,S1030,C00637,P2082,Marketplace,Billetera Digital,Sin Promo,1,253.28,0.1,253.28,37.99,215.29,152.77,0
RETAILMAX S.A. - VENTAS 2021,2021-000781,2021-01-23 03:44:36,S1008,C00321,P2047,Call Center,Efectivo,Sin Promo,2,456.79,0.0,913.58,118.77,794.81,295.44,0
RETAILMAX S.A. - VENTAS 2021,2021-000782,2021-01-13 08:15:10,S1007,C00476,P2132,Marketplace,Transferencia,Promo 10%,2,321.61,0.0,643.22,83.62,559.6,220.13,1
RETAILMAX S.A. - VENTAS 2021,2021-000783,2021-07-16 04:05:33,S1022,C00543,P2054,Web,Tarjeta,Promo 15%,2,463.28,0.0,926.56,138.98,787.58,220.6,0
RETAILMAX S.A. - VENTAS 2021,2021-000784,2021-02-09 22:25:00,S1033,C00486,P2090,Tienda,Tarjeta,Black Friday,1,123.88,0.0,123.88,18.58,105.3,72.93,0
RETAILMAX S.A. - VENTAS 2021,2021-000785,2021-04-02 15:36:21,S1042,C00342,P2032,Web,Financiamiento,Promo 10%,2,419.91,0.1,839.82,109.18,730.64,330.43,1
RETAILMAX S.A. - VENTAS 2021,2021-000786,2021-12-18 10:58:46,S1002,C00392,P2154,Marketplace,Tarjeta,Promo 15%,2,733.21,0.0,1466.42,190.63,1275.79,427.53,0
RETAILMAX S.A. - VENTAS 2021,2021-000787,2021-12-05 13:26:20,S1033,C00297,P2088,Tienda,Tarjeta,Promo 10%,5,457.54,0.2,2287.7,343.15,1944.55,308.2,1
RETAILMAX S.A. - VENTAS 2021,2021-000788,2021-03-17 11:39:36,S1040,C00300,P2121,Call Center,Tarjeta,Sin Promo,1,396.89,0.05,396.89,51.6,345.29,207.12,0
RETAILMAX S.A. - VENTAS 2021,2021-000789,2021-08-07 10:08:20,S1005,C00057,P2109,Web,Efectivo,2x1,1,208.28,0.0,208.28,27.08,181.2,141.94,0
RETAILMAX S.A. - VENTAS 2021,2021-000790,2021-06-13 17:59:36,S1023,C00773,P2054,Call Center,Billetera Digital,Cyber Week,2,393.79,0.15,787.58,118.14,669.44,220.6,0
RETAILMAX S.A. - VENTAS 2021,2021-000791,2021-03-12 23:48:35,S1020,C00570,P2121,Call Center,Billetera Digital,2x1,4,396.89,0.05,1587.56,238.13,1349.43,207.12,0
RETAILMAX S.A. - VENTAS 2021,2021-000792,2021-10-01 17:56:06,S1032,C00288,P2027,Web,Financiamiento,Sin Promo,2,265.38,0.2,530.76,79.61,451.15,230.42,0
RETAILMAX S.A. - VENTAS 2021,2021-000793,2021-08-04 19:11:07,S1027,C00291,P2066,Web,Tarjeta,Promo 10%,2,446.0,0.15,892.0,133.8,758.2,297.19,0
RETAILMAX S.A. - VENTAS 2021,2021-000794,2021-01-02 07:24:04,S1010,C00163,P2135,Marketplace,Billetera Digital,2x1,6,152.93,0.0,917.58,110.11,807.47,71.27,0
RETAILMAX S.A. - VENTAS 2021,2021-000795,2021-02-26 02:10:08,S1034,C00258,P2154,Web,Transferencia,2x1,4,733.21,0.0,2932.84,439.93,2492.91,427.53,0
RETAILMAX S.A. - VENTAS 2021,2021-000796,2021-10-10 15:19:51,S1045,C00560,P2115,Web,Tarjeta,Cyber Week,1,298.06,0.2,298.06,38.75,259.31,201.2,0
RETAILMAX S.A. - VENTAS 2021,2021-000797,2021-03-02 05:12:33,S1015,C00712,P2007,Call Center,Transferencia,Sin Promo,1,212.03,0.0,212.03,25.44,186.59,162.45,1
RETAILMAX S.A. - VENTAS 2021,2021-000798,2021-02-24 21:10:32,S1045,C00487,P2032,Web,Tarjeta,Promo 10%,1,373.26,0.2,373.26,48.52,324.74,330.43,0
RETAILMAX S.A. - VENTAS 2021,2021-000799,2021-03-14 02:52:33,S1001,C00596,P2062,Call Center,Efectivo,Promo 10%,1,111.89,0.0,111.89,14.55,97.34,74.21,0
RETAILMAX S.A. - VENTAS 2021,2021-000800,2021-03-13 19:12:13,S1001,C00724,P2132,Call Center,Financiamiento,Cyber Week,2,321.61,0.0,643.22,83.62,559.6,220.13,0
RETAILMAX S.A. - VENTAS 2021,2021-000801,2021-08-16 23:28:41,S1026,C00682,P2103,Tienda,Efectivo,Sin Promo,2,424.9,0.0,849.8,127.47,722.33,274.37,1
RETAILMAX S.A. - VENTAS 2021,2021-000802,2021-01-17 21:59:50,S1011,C00473,P2158,Web,Tarjeta,2x1,3,488.15,0.1,1464.45,175.73,1288.72,274.83,0
RETAILMAX S.A. - VENTAS 2021,2021-000803,2021-12-15 16:32:25,S1022,C00286,P2137,Marketplace,Billetera Digital,Black Friday,2,342.99,0.2,685.98,102.9,583.08,246.0,0
RETAILMAX S.A. - VENTAS 2021,2021-000804,2021-12-30 08:16:34,S1023,C00628,P2094,Marketplace,Tarjeta,Black Friday,2,700.79,0.0,1401.58,210.24,1191.34,392.99,0
RETAILMAX S.A. - VENTAS 2021,2021-000805,2021-03-06 07:42:49,S1036,C00685,P2060,Web,Financiamiento,Promo 10%,1,383.25,0.0,383.25,57.49,325.76,245.82,1
RETAILMAX S.A. - VENTAS 2021,2021-000806,2021-10-14 22:01:49,S1041,C00588,P2074,Call Center,Financiamiento,Promo 15%,3,225.02,0.2,675.06,87.76,587.3,138.92,1
RETAILMAX S.A. - VENTAS 2021,2021-000807,2021-11-25 14:44:57,S1017,C00532,P2129,Tienda,Transferencia,Cyber Week,3,504.95,0.0,1514.85,181.78,1333.07,401.84,0
RETAILMAX S.A. - VENTAS 2021,2021-000808,2021-04-10 09:49:38,S1042,C00783,P2152,Marketplace,Billetera Digital,Promo 15%,1,499.51,0.0,499.51,64.94,434.57,338.06,0
RETAILMAX S.A. - VENTAS 2021,2021-000809,2021-05-03 10:16:29,S1024,C00127,P2133,Tienda,Efectivo,Black Friday,1,52.59,0.0,52.59,7.89,44.7,38.56,0
RETAILMAX S.A. - VENTAS 2021,2021-000810,2021-06-08 06:50:07,S1023,C00477,P2154,Tienda,Efectivo,Promo 15%,2,623.23,0.15,1246.46,186.97,1059.49,427.53,0
RETAILMAX S.A. - VENTAS 2021,2021-000811,2021-10-19 20:33:49,S1005,C00301,P2147,Call Center,Tarjeta,Sin Promo,1,438.54,0.2,438.54,57.01,381.53,299.7,0
RETAILMAX S.A. - VENTAS 2021,2021-000812,2021-02-17 11:14:09,S1032,C00438,P2106,Marketplace,Financiamiento,Black Friday,1,461.42,0.0,461.42,69.21,392.21,310.34,0
RETAILMAX S.A. - VENTAS 2021,2021-000813,2021-06-11 14:13:22,S1013,C00695,P2079,Tienda,Transferencia,2x1,3,249.59,0.0,748.77,89.85,658.92,156.92,1
RETAILMAX S.A. - VENTAS 2021,2021-000814,2021-09-15 03:40:38,S1027,C00649,P2024,Web,Tarjeta,Black Friday,2,253.02,0.2,506.04,75.91,430.13,197.91,0
RETAILMAX S.A. - VENTAS 2021,2021-000815,2021-09-02 21:20:55,S1026,C00768,P2122,Marketplace,Efectivo,Promo 10%,4,681.62,0.0,2726.48,408.97,2317.51,324.38,1
RETAILMAX S.A. - VENTAS 2021,2021-000816,2021-08-26 02:52:02,S1036,C00289,P2097,Web,Efectivo,Cyber Week,4,521.13,0.0,2084.52,312.68,1771.84,298.37,1
RETAILMAX S.A. - VENTAS 2021,2021-000817,2021-03-14 05:51:48,S1023,C00282,P2021,Marketplace,Financiamiento,Promo 10%,6,395.52,0.1,2373.12,355.97,2017.15,239.98,0
RETAILMAX S.A. - VENTAS 2021,2021-000818,2021-05-29 13:07:07,S1009,C00188,P2042,Tienda,Financiamiento,Promo 10%,2,381.32,0.05,762.64,99.14,663.5,233.31,0
RETAILMAX S.A. - VENTAS 2021,2021-000819,2021-11-09 22:05:44,S1004,C00568,P2111,Call Center,Tarjeta,Sin Promo,1,292.12,0.0,292.12,37.98,254.14,191.52,0
RETAILMAX S.A. - VENTAS 2021,2021-000820,2021-06-08 19:55:14,S1001,C00508,P2127,Tienda,Financiamiento,Sin Promo,4,586.13,0.2,2344.52,304.79,2039.73,361.43,0
RETAILMAX S.A. - VENTAS 2021,2021-000821,2021-06-10 06:10:45,S1016,C00770,P2089,Tienda,Transferencia,Black Friday,5,736.54,0.0,3682.7,441.92,3240.78,351.93,0
RETAILMAX S.A. - VENTAS 2021,2021-000822,2021-06-30 03:14:55,S1027,C00643,P2051,Call Center,Transferencia,2x1,1,727.14,0.15,727.14,109.07,618.07,394.02,0
RETAILMAX S.A. - VENTAS 2021,2021-000823,2021-08-15 23:40:35,S1020,C00781,P2017,Call Center,Tarjeta,Promo 15%,4,280.3,0.0,1121.2,168.18,953.02,182.13,0
RETAILMAX S.A. - VENTAS 2021,2021-000824,2021-07-25 14:53:32,S1005,C00643,P2133,Web,Financiamiento,Promo 15%,4,44.7,0.15,178.8,23.24,155.56,38.56,0
RETAILMAX S.A. - VENTAS 2021,2021-000825,2021-11-16 11:25:10,S1003,C00210,P2033,Call Center,Billetera Digital,2x1,1,68.31,0.15,68.31,8.88,59.43,61.26,0
RETAILMAX S.A. - VENTAS 2021,2021-000826,2021-12-16 01:33:13,S1005,C00621,P2133,Tienda,Efectivo,Cyber Week,2,44.7,0.15,89.4,11.62,77.78,38.56,0
RETAILMAX S.A. - VENTAS 2021,2021-000827,2021-01-05 05:37:38,S1009,C00033,P2025,Call Center,Efectivo,Black Friday,4,664.27,0.0,2657.08,345.42,2311.66,394.63,0
RETAILMAX S.A. - VENTAS 2021,2021-000828,2021-02-07 08:07:15,S1029,C00074,P2081,Tienda,Transferencia,2x1,1,379.34,0.05,379.34,56.9,322.44,192.91,0
RETAILMAX S.A. - VENTAS 2021,2021-000829,2021-11-25 19:28:58,S1016,C00457,P2143,Tienda,Tarjeta,Promo 10%,4,166.67,0.05,666.68,80.0,586.68,101.86,1
RETAILMAX S.A. - VENTAS 2021,2021-000830,2021-02-25 14:27:08,S1041,C00095,P2146,Call Center,Transferencia,Sin Promo,3,311.26,0.0,933.78,121.39,812.39,242.22,0
RETAILMAX S.A. - VENTAS 2021,2021-000831,2021-06-25 22:00:15,S1025,C00342,P2060,Call Center,Tarjeta,Promo 15%,2,325.76,0.15,651.52,97.73,553.79,245.82,0
RETAILMAX S.A. - VENTAS 2021,2021-000832,2021-01-20 19:50:44,S1039,C00300,P2109,Web,Efectivo,Promo 15%,1,197.87,0.05,197.87,25.72,172.15,141.94,0
RETAILMAX S.A. - VENTAS 2021,2021-000833,2021-01-17 21:53:04,S1004,C00769,P2030,Marketplace,Financiamiento,2x1,3,541.44,0.0,1624.32,211.16,1413.16,418.38,0
RETAILMAX S.A. - VENTAS 2021,2021-000834,2021-01-28 07:42:00,S1015,C00779,P2051,Call Center,Transferencia,Promo 15%,4,684.37,0.2,2737.48,328.5,2408.98,394.02,1
RETAILMAX S.A. - VENTAS 2021,2021-000835,2021-04-01 03:02:36,S1026,C00075,P2127,Call Center,Tarjeta,Promo 15%,1,732.66,0.0,732.66,109.9,622.76,361.43,1
RETAILMAX S.A. - VENTAS 2021,2021-000836,2021-08-20 15:16:53,S1044,C00355,P2005,Marketplace,Efectivo,Sin Promo,2,464.04,0.15,928.08,120.65,807.43,390.45,0
RETAILMAX S.A. - VENTAS 2021,2021-000837,2021-08-08 12:27:09,S1008,C00447,P2069,Web,Efectivo,Promo 15%,5,191.55,0.0,957.75,124.51,833.24,145.02,0
RETAILMAX S.A. - VENTAS 2021,2021-000838,2021-09-04 17:18:44,S1019,C00517,P2079,Web,Financiamiento,Promo 15%,2,199.67,0.2,399.34,59.9,339.44,156.92,1
RETAILMAX S.A. - VENTAS 2021,2021-000839,2021-10-20 14:10:05,S1015,C00741,P2112,Web,Tarjeta,Cyber Week,3,325.58,0.1,976.74,117.21,859.53,257.82,1
RETAILMAX S.A. - VENTAS 2021,2021-000840,2021-10-24 22:26:47,S1002,C00743,P2129,Marketplace,Tarjeta,Promo 10%,1,429.21,0.15,429.21,55.8,373.41,401.84,0
RETAILMAX S.A. - VENTAS 2021,2021-000841,2021-03-17 18:11:03,S1043,C00353,P2137,Call Center,Transferencia,Black Friday,4,428.74,0.0,1714.96,222.94,1492.02,246.0,1
RETAILMAX S.A. - VENTAS 2021,2021-000842,2021-01-02 16:24:15,S1012,C00058,P2140,Web,Financiamiento,Cyber Week,5,11.53,0.2,57.65,6.92,50.73,6.63,0
RETAILMAX S.A. - VENTAS 2021,2021-000843,2021-02-19 01:19:42,S1039,C00421,P2022,Call Center,Billetera Digital,Promo 10%,1,449.93,0.0,449.93,58.49,391.44,325.44,0
RETAILMAX S.A. - VENTAS 2021,2021-000844,2021-07-13 07:52:09,S1015,C00492,P2153,Tienda,Transferencia,Promo 15%,1,407.91,0.0,407.91,48.95,358.96,293.96,0
RETAILMAX S.A. - VENTAS 2021,2021-000845,2021-06-04 11:10:34,S1011,C00539,P2074,Tienda,Financiamiento,Cyber Week,2,225.02,0.2,450.04,54.0,396.04,138.92,0
RETAILMAX S.A. - VENTAS 2021,2021-000846,2021-07-31 14:56:30,S1004,C00393,P2057,Call Center,Billetera Digital,Promo 15%,1,335.84,0.2,335.84,43.66,292.18,314.68,0
RETAILMAX S.A. - VENTAS 2021,2021-000847,2021-04-01 16:42:18,S1029,C00378,P2135,Web,Billetera Digital,2x1,2,152.93,0.0,305.86,45.88,259.98,71.27,0
RETAILMAX S.A. - VENTAS 2021,2021-000848,2021-05-26 15:55:43,S1030,C00209,P2013,Tienda,Tarjeta,Sin Promo,2,170.17,0.15,340.34,51.05,289.29,98.1,0
RETAILMAX S.A. - VENTAS 2021,2021-000849,2021-11-29 00:35:53,S1004,C00228,P2117,Tienda,Financiamiento,Cyber Week,2,79.99,0.05,159.98,20.8,139.18,41.82,0
RETAILMAX S.A. - VENTAS 2021,2021-000850,2021-10-06 03:37:48,S1027,C00332,P2115,Tienda,Transferencia,2x1,2,335.31,0.1,670.62,100.59,570.03,201.2,0
RETAILMAX S.A. - VENTAS 2021,2021-000851,2021-04-25 16:33:09,S1034,C00447,P2006,Web,Financiamiento,Sin Promo,2,402.01,0.0,804.02,120.6,683.42,287.52,0
RETAILMAX S.A. - VENTAS 2021,2021-000852,2021-08-26 15:02:04,S1034,C00730,P2038,Call Center,Tarjeta,Promo 15%,4,118.96,0.15,475.84,71.38,404.46,104.22,0
RETAILMAX S.A. - VENTAS 2021,2021-000853,2021-09-17 10:19:32,S1044,C00097,P2098,Marketplace,Transferencia,2x1,1,548.32,0.15,548.32,71.28,477.04,389.5,1
RETAILMAX S.A. - VENTAS 2021,2021-000854,2021-05-04 00:09:04,S1034,C00406,P2079,Tienda,Tarjeta,Sin Promo,4,237.11,0.05,948.44,142.27,806.17,156.92,0
RETAILMAX S.A. - VENTAS 2021,2021-000855,2021-07-11 18:53:41,S1014,C00434,P2159,Marketplace,Transferencia,Promo 10%,3,576.79,0.1,1730.37,207.64,1522.73,434.27,0
RETAILMAX S.A. - VENTAS 2021,2021-000856,2021-08-09 08:48:17,S1043,C00625,P2056,Web,Billetera Digital,Cyber Week,2,842.59,0.05,1685.18,219.07,1466.11,417.23,0
RETAILMAX S.A. - VENTAS 2021,2021-000857,2021-01-27 21:02:20,S1030,C00099,P2050,Call Center,Efectivo,2x1,2,232.86,0.15,465.72,69.86,395.86,192.16,0
RETAILMAX S.A. - VENTAS 2021,2021-000858,2021-09-22 05:46:07,S1023,C00704,P2010,Web,Billetera Digital,Sin Promo,2,404.09,0.0,808.18,121.23,686.95,210.17,1
RETAILMAX S.A. - VENTAS 2021,2021-000859,2021-10-23 14:16:21,S1013,C00013,P2155,Marketplace,Billetera Digital,Promo 10%,3,133.73,0.15,401.19,48.14,353.05,71.96,0
RETAILMAX S.A. - VENTAS 2021,2021-000860,2021-04-15 03:23:43,S1023,C00404,P2065,Tienda,Billetera Digital,Promo 10%,1,387.88,0.05,387.88,58.18,329.7,269.16,0
RETAILMAX S.A. - VENTAS 2021,2021-000861,2021-11-13 19:47:40,S1009,C00156,P2099,Call Center,Tarjeta,Cyber Week,4,294.57,0.0,1178.28,153.18,1025.1,231.19,1
RETAILMAX S.A. - VENTAS 2021,2021-000862,2021-03-08 16:31:08,S1021,C00476,P2025,Marketplace,Efectivo,Promo 10%,2,531.42,0.2,1062.84,159.43,903.41,394.63,1
RETAILMAX S.A. - VENTAS 2021,2021-000863,2021-04-24 10:48:38,S1042,C00190,P2029,Web,Financiamiento,Promo 15%,1,393.2,0.2,393.2,51.12,342.08,271.13,1
RETAILMAX S.A. - VENTAS 2021,2021-000864,2021-01-27 10:00:40,S1022,C00319,P2013,Tienda,Billetera Digital,Sin Promo,1,200.2,0.0,200.2,30.03,170.17,98.1,0
RETAILMAX S.A. - VENTAS 2021,2021-000865,2021-08-24 21:41:45,S1041,C00550,P2098,Marketplace,Transferencia,Promo 10%,1,645.08,0.0,645.08,83.86,561.22,389.5,0
RETAILMAX S.A. - VENTAS 2021,2021-000866,2021-02-09 17:59:41,S1039,C00562,P2047,Web,Financiamiento,Sin Promo,3,365.43,0.2,1096.29,142.52,953.77,295.44,0
RETAILMAX S.A. - VENTAS 2021,2021-000867,2021-01-12 15:03:50,S1034,C00206,P2020,Tienda,Efectivo,Cyber Week,1,41.96,0.15,41.96,6.29,35.67,32.33,0
RETAILMAX S.A. - VENTAS 2021,2021-000868,2021-07-12 11:25:02,S1009,C00676,P2050,Web,Efectivo,Promo 15%,2,260.25,0.05,520.5,67.67,452.83,192.16,0
RETAILMAX S.A. - VENTAS 2021,2021-000869,2021-04-02 20:39:16,S1029,C00289,P2081,Tienda,Tarjeta,Promo 15%,2,319.45,0.2,638.9,95.83,543.07,192.91,0
RETAILMAX S.A. - VENTAS 2021,2021-000870,2021-09-05 22:21:18,S1028,C00263,P2130,Web,Billetera Digital,Cyber Week,2,701.29,0.0,1402.58,210.39,1192.19,404.15,0
RETAILMAX S.A. - VENTAS 2021,2021-000871,2021-03-04 07:01:16,S1030,C00105,P2036,Tienda,Billetera Digital,Black Friday,2,259.77,0.1,519.54,77.93,441.61,143.03,0
RETAILMAX S.A. - VENTAS 2021,2021-000872,2021-04-21 13:17:06,S1028,C00412,P2148,Tienda,Transferencia,Promo 10%,1,674.81,0.0,674.81,101.22,573.59,390.62,0
RETAILMAX S.A. - VENTAS 2021,2021-000873,2021-02-12 04:36:31,S1003,C00253,P2154,Web,Tarjeta,Promo 15%,1,696.55,0.05,696.55,90.55,606.0,427.53,1
RETAILMAX S.A. - VENTAS 2021,2021-000874,2021-10-10 23:44:09,S1015,C00340,P2104,Call Center,Financiamiento,Black Friday,1,596.9,0.15,596.9,71.63,525.27,405.18,0
RETAILMAX S.A. - VENTAS 2021,2021-000875,2021-04-09 09:06:20,S1027,C00771,P2133,Marketplace,Financiamiento,Sin Promo,1,44.7,0.15,44.7,6.71,37.99,38.56,0
RETAILMAX S.A. - VENTAS 2021,2021-000876,2021-10-28 11:20:40,S1004,C00690,P2141,Call Center,Financiamiento,2x1,1,832.49,0.0,832.49,108.22,724.27,384.64,0
RETAILMAX S.A. - VENTAS 2021,2021-000877,2021-11-02 09:53:28,S1008,C00064,P2050,Tienda,Billetera Digital,2x1,3,246.56,0.1,739.68,96.16,643.52,192.16,0
RETAILMAX S.A. - VENTAS 2021,2021-000878,2021-04-13 20:38:56,S1020,C00330,P2019,Tienda,Financiamiento,Promo 10%,1,400.58,0.15,400.58,60.09,340.49,283.84,0
RETAILMAX S.A. - VENTAS 2021,2021-000879,2021-09-19 09:12:49,S1011,C00635,P2039,Marketplace,Financiamiento,Sin Promo,2,477.0,0.0,954.0,114.48,839.52,251.05,0
RETAILMAX S.A. - VENTAS 2021,2021-000880,2021-04-03 11:44:54,S1004,C00085,P2096,Marketplace,Efectivo,Sin Promo,2,636.0,0.0,1272.0,165.36,1106.64,369.96,0
RETAILMAX S.A. - VENTAS 2021,2021-000881,2021-12-03 13:31:54,S1042,C00188,P2014,Marketplace,Tarjeta,Sin Promo,1,344.15,0.2,344.15,44.74,299.41,296.33,0
RETAILMAX S.A. - VENTAS 2021,2021-000882,2021-12-19 00:23:48,S1036,C00275,P2099,Call Center,Billetera Digital,Promo 15%,3,294.57,0.0,883.71,132.56,751.15,231.19,0
RETAILMAX S.A. - VENTAS 2021,2021-000883,2021-10-15 02:24:41,S1036,C00776,P2086,Web,Billetera Digital,Promo 10%,1,98.28,0.1,98.28,14.74,83.54,70.05,0
RETAILMAX S.A. - VENTAS 2021,2021-000884,2021-10-15 10:07:24,S1009,C00534,P2043,Tienda,Billetera Digital,Cyber Week,3,250.89,0.2,752.67,97.85,654.82,244.5,0
RETAILMAX S.A. - VENTAS 2021,2021-000885,2021-12-16 15:50:43,S1004,C00731,P2026,Web,Efectivo,Sin Promo,1,459.92,0.0,459.92,59.79,400.13,230.43,0
RETAILMAX S.A. - VENTAS 2021,2021-000886,2021-09-13 01:42:13,S1001,C00790,P2075,Tienda,Tarjeta,2x1,6,551.05,0.05,3306.3,429.82,2876.48,301.87,0
RETAILMAX S.A. - VENTAS 2021,2021-000887,2021-11-04 11:54:04,S1041,C00465,P2103,Tienda,Transferencia,Sin Promo,2,424.9,0.0,849.8,110.47,739.33,274.37,1
RETAILMAX S.A. - VENTAS 2021,2021-000888,2021-10-22 00:10:09,S1024,C00336,P2070,Web,Financiamiento,Sin Promo,4,614.79,0.0,2459.16,368.87,2090.29,281.04,0
RETAILMAX S.A. - VENTAS 2021,2021-000889,2021-09-28 01:25:27,S1035,C00405,P2088,Tienda,Financiamiento,Sin Promo,1,571.92,0.0,571.92,85.79,486.13,308.2,0
RETAILMAX S.A. - VENTAS 2021,2021-000890,2021-06-04 10:00:02,S1034,C00359,P2035,Call Center,Tarjeta,Black Friday,1,906.6,0.0,906.6,135.99,770.61,418.3,0
RETAILMAX S.A. - VENTAS 2021,2021-000891,2021-09-10 22:17:38,S1035,C00410,P2003,Call Center,Financiamiento,Cyber Week,1,508.72,0.0,508.72,76.31,432.41,261.5,0
RETAILMAX S.A. - VENTAS 2021,2021-000892,2021-07-11 22:29:59,S1009,C00632,P2025,Tienda,Tarjeta,Promo 10%,1,664.27,0.0,664.27,86.36,577.91,394.63,0
RETAILMAX S.A. - VENTAS 2021,2021-000893,2021-06-15 15:51:45,S1025,C00363,P2080,Web,Transferencia,Black Friday,1,301.79,0.0,301.79,45.27,256.52,221.89,0
RETAILMAX S.A. - VENTAS 2021,2021-000894,2021-12-19 01:54:40,S1038,C00665,P2004,Tienda,Tarjeta,Sin Promo,1,434.92,0.2,434.92,56.54,378.38,298.92,0
RETAILMAX S.A. - VENTAS 2021,2021-000895,2021-02-08 09:36:07,S1036,C00643,P2097,Call Center,Transferencia,Cyber Week,1,469.02,0.1,469.02,70.35,398.67,298.37,0
RETAILMAX S.A. - VENTAS 2021,2021-000896,2021-03-12 21:14:34,S1019,C00740,P2149,Marketplace,Efectivo,Black Friday,2,224.81,0.0,449.62,67.44,382.18,173.08,0
RETAILMAX S.A. - VENTAS 2021,2021-000897,2021-11-23 16:16:00,S1035,C00638,P2147,Web,Billetera Digital,2x1,2,493.36,0.1,986.72,148.01,838.71,299.7,1
RETAILMAX S.A. - VENTAS 2021,2021-000898,2021-09-08 10:12:51,S1029,C00361,P2034,Call Center,Efectivo,Sin Promo,1,223.51,0.15,223.51,33.53,189.98,122.22,0
RETAILMAX S.A. - VENTAS 2021,2021-000899,2021-06-01 03:00:52,S1042,C00177,P2150,Web,Efectivo,Cyber Week,1,187.26,0.2,187.26,24.34,162.92,154.53,0
RETAILMAX S.A. - VENTAS 2021,2021-000900,2021-02-08 18:00:28,S1007,C00266,P2076,Web,Financiamiento,2x1,1,97.52,0.0,97.52,12.68,84.84,50.2,0
RETAILMAX S.A. - VENTAS 2021,2021-000901,2021-09-07 03:48:21,S1018,C00800,P2062,Marketplace,Transferencia,Cyber Week,1,89.51,0.2,89.51,10.74,78.77,74.21,0
RETAILMAX S.A. - VENTAS 2021,2021-000902,2021-12-02 05:36:24,S1025,C00720,P2018,Web,Efectivo,Promo 15%,3,391.86,0.0,1175.58,176.34,999.24,224.11,0
RETAILMAX S.A. - VENTAS 2021,2021-000903,2021-08-20 22:35:27,S1036,C00347,P2073,Call Center,Efectivo,Sin Promo,2,131.65,0.2,263.3,39.49,223.81,131.1,0
RETAILMAX S.A. - VENTAS 2021,2021-000904,2021-08-05 05:58:41,S1044,C00080,P2136,Tienda,Efectivo,2x1,2,123.84,0.2,247.68,32.2,215.48,99.42,0
RETAILMAX S.A. - VENTAS 2021,2021-000905,2021-02-26 08:45:31,S1001,C00636,P2119,Web,Transferencia,Sin Promo,1,724.93,0.05,724.93,94.24,630.69,363.73,0
RETAILMAX S.A. - VENTAS 2021,2021-000906,2021-12-05 19:19:44,S1021,C00415,P2107,Tienda,Billetera Digital,Sin Promo,2,322.0,0.0,644.0,96.6,547.4,196.36,0
RETAILMAX S.A. - VENTAS 2021,2021-000907,2021-08-09 07:43:15,S1036,C00303,P2010,Call Center,Billetera Digital,Promo 15%,1,363.68,0.1,363.68,54.55,309.13,210.17,0
RETAILMAX S.A. - VENTAS 2021,2021-000908,2021-08-14 09:55:28,S1010,C00691,P2156,Call Center,Financiamiento,Promo 10%,1,81.43,0.0,81.43,9.77,71.66,55.02,0
RETAILMAX S.A. - VENTAS 2021,2021-000909,2021-04-07 14:39:41,S1035,C00084,P2095,Call Center,Billetera Digital,2x1,1,729.93,0.0,729.93,109.49,620.44,368.2,0
RETAILMAX S.A. - VENTAS 2021,2021-000910,2021-12-15 01:48:56,S1007,C00377,P2064,Web,Tarjeta,Sin Promo,2,91.31,0.0,182.62,23.74,158.88,57.47,0
RETAILMAX S.A. - VENTAS 2021,2021-000911,2021-10-22 09:41:28,S1018,C00657,P2006,Tienda,Transferencia,Promo 10%,1,361.81,0.1,361.81,43.42,318.39,287.52,0
RETAILMAX S.A. - VENTAS 2021,2021-000912,2021-12-25 14:43:46,S1014,C00046,P2015,Web,Transferencia,2x1,1,173.77,0.0,173.77,20.85,152.92,122.14,0
RETAILMAX S.A. - VENTAS 2021,2021-000913,2021-03-29 07:24:43,S1024,C00343,P2078,Marketplace,Tarjeta,Sin Promo,1,165.66,0.0,165.66,24.85,140.81,125.47,0
RETAILMAX S.A. - VENTAS 2021,2021-000914,2021-09-15 22:39:02,S1043,C00241,P2014,Web,Efectivo,Promo 15%,2,430.19,0.0,860.38,111.85,748.53,296.33,1
RETAILMAX S.A. - VENTAS 2021,2021-000915,2021-02-05 06:04:02,S1030,C00618,P2143,Web,Tarjeta,Cyber Week,1,166.67,0.05,166.67,25.0,141.67,101.86,0
RETAILMAX S.A. - VENTAS 2021,2021-000916,2021-08-08 12:09:45,S1043,C00691,P2083,Tienda,Efectivo,Cyber Week,1,523.42,0.0,523.42,68.04,455.38,334.59,0
RETAILMAX S.A. - VENTAS 2021,2021-000917,2021-11-01 12:49:16,S1025,C00119,P2025,Tienda,Financiamiento,Promo 10%,5,597.84,0.1,2989.2,448.38,2540.82,394.63,0
RETAILMAX S.A. - VENTAS 2021,2021-000918,2021-02-26 01:38:41,S1044,C00760,P2056,Marketplace,Efectivo,Black Friday,3,798.25,0.1,2394.75,311.32,2083.43,417.23,0
RETAILMAX S.A. - VENTAS 2021,2021-000919,2021-03-27 05:20:12,S1006,C00194,P2005,Marketplace,Transferencia,2x1,3,545.93,0.0,1637.79,212.91,1424.88,390.45,0
RETAILMAX S.A. - VENTAS 2021,2021-000920,2021-06-29 19:52:07,S1005,C00499,P2027,Marketplace,Transferencia,2x1,1,315.14,0.05,315.14,40.97,274.17,230.42,0
RETAILMAX S.A. - VENTAS 2021,2021-000921,2021-06-30 10:57:50,S1004,C00383,P2038,Call Center,Tarjeta,Promo 15%,3,125.95,0.1,377.85,49.12,328.73,104.22,1
RETAILMAX S.A. - VENTAS 2021,2021-000922,2021-09-23 23:17:39,S1024,C00078,P2116,Web,Efectivo,Promo 15%,1,706.7,0.05,706.7,106.01,600.69,358.01,0
RETAILMAX S.A. - VENTAS 2021,2021-000923,2021-01-16 08:53:49,S1027,C00675,P2036,Call Center,Transferencia,Promo 10%,2,245.34,0.15,490.68,73.6,417.08,143.03,1
RETAILMAX S.A. - VENTAS 2021,2021-000924,2021-02-15 07:03:27,S1015,C00265,P2142,Tienda,Transferencia,Cyber Week,4,469.2,0.05,1876.8,225.22,1651.58,331.65,1
RETAILMAX S.A. - VENTAS 2021,2021-000925,2021-10-06 16:21:26,S1007,C00499,P2054,Web,Transferencia,Cyber Week,6,416.95,0.1,2501.7,325.22,2176.48,220.6,0
RETAILMAX S.A. - VENTAS 2021,2021-000926,2021-06-19 14:14:12,S1011,C00753,P2149,Marketplace,Efectivo,Sin Promo,2,224.81,0.0,449.62,53.95,395.67,173.08,0
RETAILMAX S.A. - VENTAS 2021,2021-000927,2021-09-24 12:29:53,S1039,C00116,P2115,Call Center,Financiamiento,Black Friday,3,372.57,0.0,1117.71,145.3,972.41,201.2,0
RETAILMAX S.A. - VENTAS 2021,2021-000928,2021-05-28 04:00:42,S1026,C00613,P2073,Web,Financiamiento,Cyber Week,5,156.33,0.05,781.65,117.25,664.4,131.1,0
RETAILMAX S.A. - VENTAS 2021,2021-000929,2021-09-25 10:33:02,S1034,C00617,P2032,Web,Transferencia,2x1,2,396.58,0.15,793.16,118.97,674.19,330.43,0
RETAILMAX S.A. - VENTAS 2021,2021-000930,2021-02-03 10:43:50,S1023,C00233,P2028,Web,Transferencia,Black Friday,1,598.19,0.0,598.19,89.73,508.46,344.08,0
RETAILMAX S.A. - VENTAS 2021,2021-000931,2021-01-28 17:46:51,S1011,C00417,P2128,Marketplace,Tarjeta,Sin Promo,1,529.52,0.05,529.52,63.54,465.98,269.57,0
RETAILMAX S.A. - VENTAS 2021,2021-000932,2021-03-12 12:45:03,S1015,C00015,P2075,Web,Tarjeta,Cyber Week,4,464.04,0.2,1856.16,222.74,1633.42,301.87,0
RETAILMAX S.A. - VENTAS 2021,2021-000933,2021-03-15 07:09:45,S1028,C00248,P2100,Marketplace,Efectivo,Sin Promo,2,571.97,0.0,1143.94,171.59,972.35,422.9,0
RETAILMAX S.A. - VENTAS 2021,2021-000934,2021-07-01 09:03:21,S1013,C00300,P2062,Call Center,Financiamiento,2x1,3,95.11,0.15,285.33,34.24,251.09,74.21,0
RETAILMAX S.A. - VENTAS 2021,2021-000935,2021-05-14 10:59:46,S1005,C00357,P2096,Call Center,Transferencia,Black Friday,2,636.0,0.0,1272.0,165.36,1106.64,369.96,0
RETAILMAX S.A. - VENTAS 2021,2021-000936,2021-12-16 07:15:49,S1005,C00670,P2062,Web,Transferencia,Promo 15%,1,106.3,0.05,106.3,13.82,92.48,74.21,0
RETAILMAX S.A. - VENTAS 2021,2021-000937,2021-06-02 20:37:53,S1020,C00007,P2132,Web,Financiamiento,2x1,4,305.53,0.05,1222.12,183.32,1038.8,220.13,0
RETAILMAX S.A. - VENTAS 2021,2021-000938,2021-03-12 19:10:18,S1017,C00032,P2149,Marketplace,Financiamiento,Promo 15%,2,224.81,0.0,449.62,53.95,395.67,173.08,0
RETAILMAX S.A. - VENTAS 2021,2021-000939,2021-08-27 15:18:36,S1041,C00690,P2082,Tienda,Billetera Digital,Sin Promo,5,267.35,0.05,1336.75,173.78,1162.97,152.77,0
RETAILMAX S.A. - VENTAS 2021,2021-000940,2021-02-15 05:07:06,S1033,C00176,P2065,Web,Billetera Digital,Black Friday,2,408.29,0.0,816.58,122.49,694.09,269.16,0
RETAILMAX S.A. - VENTAS 2021,2021-000941,2021-03-07 22:36:21,S1026,C00274,P2074,Marketplace,Tarjeta,2x1,2,253.14,0.1,506.28,75.94,430.34,138.92,0
RETAILMAX S.A. - VENTAS 2021,2021-000942,2021-07-26 00:13:00,S1044,C00134,P2152,Call Center,Tarjeta,Sin Promo,2,399.61,0.2,799.22,103.9,695.32,338.06,0
RETAILMAX S.A. - VENTAS 2021,2021-000943,2021-05-19 23:39:41,S1019,C00261,P2057,Tienda,Transferencia,Black Friday,1,377.82,0.1,377.82,56.67,321.15,314.68,0
RETAILMAX S.A. - VENTAS 2021,2021-000944,2021-12-20 12:03:45,S1037,C00709,P2102,Tienda,Efectivo,Black Friday,4,500.87,0.0,2003.48,260.45,1743.03,270.07,0
RETAILMAX S.A. - VENTAS 2021,2021-000945,2021-10-15 18:02:00,S1030,C00745,P2086,Web,Transferencia,Cyber Week,1,92.82,0.15,92.82,13.92,78.9,70.05,0
RETAILMAX S.A. - VENTAS 2021,2021-000946,2021-01-04 17:39:24,S1033,C00064,P2034,Tienda,Tarjeta,Sin Promo,2,262.95,0.0,525.9,78.88,447.02,122.22,0
RETAILMAX S.A. - VENTAS 2021,2021-000947,2021-11-06 04:24:24,S1040,C00067,P2115,Web,Tarjeta,2x1,2,372.57,0.0,745.14,96.87,648.27,201.2,0
RETAILMAX S.A. - VENTAS 2021,2021-000948,2021-09-16 16:09:31,S1015,C00288,P2006,Marketplace,Financiamiento,2x1,1,402.01,0.0,402.01,48.24,353.77,287.52,0
RETAILMAX S.A. - VENTAS 2021,2021-000949,2021-05-01 19:54:19,S1041,C00788,P2112,Call Center,Billetera Digital,Sin Promo,1,325.58,0.1,325.58,42.33,283.25,257.82,0
RETAILMAX S.A. - VENTAS 2021,2021-000950,2021-03-16 23:09:47,S1045,C00432,P2133,Web,Efectivo,Black Friday,1,52.59,0.0,52.59,6.84,45.75,38.56,1
RETAILMAX S.A. - VENTAS 2021,2021-000951,2021-12-25 19:54:14,S1035,C00433,P2103,Marketplace,Transferencia,Cyber Week,1,403.65,0.05,403.65,60.55,343.1,274.37,0
RETAILMAX S.A. - VENTAS 2021,2021-000952,2021-10-29 17:56:53,S1024,C00024,P2112,Call Center,Financiamiento,Cyber Week,1,361.76,0.0,361.76,54.26,307.5,257.82,0
RETAILMAX S.A. - VENTAS 2021,2021-000953,2021-08-26 15:10:43,S1030,C00660,P2035,Tienda,Transferencia,2x1,3,906.6,0.0,2719.8,407.97,2311.83,418.3,0
RETAILMAX S.A. - VENTAS 2021,2021-000954,2021-10-16 14:10:43,S1032,C00266,P2026,Tienda,Billetera Digital,2x1,1,459.92,0.0,459.92,68.99,390.93,230.43,0
RETAILMAX S.A. - VENTAS 2021,2021-000955,2021-07-01 05:04:18,S1022,C00485,P2086,Call Center,Transferencia,Sin Promo,2,92.82,0.15,185.64,27.85,157.79,70.05,0
RETAILMAX S.A. - VENTAS 2021,2021-000956,2021-07-03 18:13:39,S1004,C00565,P2011,Web,Transferencia,Cyber Week,4,353.45,0.1,1413.8,183.79,1230.01,309.34,0
RETAILMAX S.A. - VENTAS 2021,2021-000957,2021-07-19 18:40:45,S1027,C00719,P2095,Web,Transferencia,Cyber Week,1,620.44,0.15,620.44,93.07,527.37,368.2,1
RETAILMAX S.A. - VENTAS 2021,2021-000958,2021-10-16 12:21:11,S1027,C00471,P2010,Web,Transferencia,Cyber Week,2,323.27,0.2,646.54,96.98,549.56,210.17,0
RETAILMAX S.A. - VENTAS 2021,2021-000959,2021-07-21 02:29:00,S1007,C00616,P2131,Call Center,Financiamiento,2x1,4,167.39,0.15,669.56,87.04,582.52,119.6,0
RETAILMAX S.A. - VENTAS 2021,2021-000960,2021-12-04 06:34:02,S1036,C00274,P2089,Marketplace,Efectivo,Cyber Week,2,662.89,0.1,1325.78,198.87,1126.91,351.93,0
RETAILMAX S.A. - VENTAS 2021,2021-000961,2021-10-29 21:08:36,S1002,C00058,P2026,Call Center,Tarjeta,Sin Promo,1,413.93,0.1,413.93,53.81,360.12,230.43,0
RETAILMAX S.A. - VENTAS 2021,2021-000962,2021-03-23 08:26:09,S1027,C00165,P2117,Call Center,Financiamiento,Promo 15%,1,84.2,0.0,84.2,12.63,71.57,41.82,0
RETAILMAX S.A. - VENTAS 2021,2021-000963,2021-05-02 03:50:19,S1027,C00127,P2067,Call Center,Financiamiento,Sin Promo,4,582.45,0.0,2329.8,349.47,1980.33,420.88,0
RETAILMAX S.A. - VENTAS 2021,2021-000964,2021-11-10 09:07:11,S1005,C00327,P2011,Tienda,Financiamiento,Promo 15%,1,314.18,0.2,314.18,40.84,273.34,309.34,0
RETAILMAX S.A. - VENTAS 2021,2021-000965,2021-11-20 01:04:21,S1017,C00433,P2070,Tienda,Financiamiento,2x1,4,614.79,0.0,2459.16,295.1,2164.06,281.04,0
RETAILMAX S.A. - VENTAS 2021,2021-000966,2021-11-23 20:53:26,S1030,C00040,P2090,Marketplace,Financiamiento,2x1,2,123.88,0.0,247.76,37.16,210.6,72.93,1
RETAILMAX S.A. - VENTAS 2021,2021-000967,2021-05-27 08:12:36,S1014,C00061,P2127,Call Center,Billetera Digital,Promo 10%,1,732.66,0.0,732.66,87.92,644.74,361.43,0
RETAILMAX S.A. - VENTAS 2021,2021-000968,2021-10-26 00:52:57,S1021,C00765,P2052,Tienda,Efectivo,Sin Promo,2,80.49,0.15,160.98,24.15,136.83,47.67,0
RETAILMAX S.A. - VENTAS 2021,2021-000969,2021-01-03 13:05:28,S1015,C00139,P2154,Tienda,Transferencia,Promo 10%,3,659.89,0.1,1979.67,237.56,1742.11,427.53,1
RETAILMAX S.A. - VENTAS 2021,2021-000970,2021-11-25 19:13:46,S1014,C00235,P2143,Web,Billetera Digital,2x1,2,140.35,0.2,280.7,33.68,247.02,101.86,0
RETAILMAX S.A. - VENTAS 2021,2021-000971,2021-06-30 12:58:45,S1009,C00531,P2032,Web,Tarjeta,2x1,2,419.91,0.1,839.82,109.18,730.64,330.43,0
RETAILMAX S.A. - VENTAS 2021,2021-000972,2021-11-17 13:41:38,S1027,C00043,P2095,Tienda,Efectivo,Black Friday,4,656.94,0.1,2627.76,394.16,2233.6,368.2,0
RETAILMAX S.A. - VENTAS 2021,2021-000973,2021-02-21 04:17:36,S1013,C00572,P2042,Marketplace,Tarjeta,Promo 10%,2,401.39,0.0,802.78,96.33,706.45,233.31,0
RETAILMAX S.A. - VENTAS 2021,2021-000974,2021-05-09 14:12:53,S1018,C00174,P2119,Web,Transferencia,Sin Promo,3,763.08,0.0,2289.24,274.71,2014.53,363.73,0
RETAILMAX S.A. - VENTAS 2021,2021-000975,2021-10-22 08:47:20,S1041,C00055,P2043,Marketplace,Financiamiento,Black Friday,4,282.25,0.1,1129.0,146.77,982.23,244.5,0
RETAILMAX S.A. - VENTAS 2021,2021-000976,2021-10-07 04:02:12,S1003,C00185,P2101,Tienda,Tarjeta,Promo 15%,2,336.53,0.0,673.06,87.5,585.56,262.94,0
RETAILMAX S.A. - VENTAS 2021,2021-000977,2021-05-14 07:18:01,S1032,C00022,P2151,Tienda,Efectivo,Promo 10%,1,196.94,0.2,196.94,29.54,167.4,116.51,0
RETAILMAX S.A. - VENTAS 2021,2021-000978,2021-06-18 02:16:09,S1020,C00547,P2043,Tienda,Transferencia,Sin Promo,1,313.61,0.0,313.61,47.04,266.57,244.5,0
RETAILMAX S.A. - VENTAS 2021,2021-000979,2021-11-03 22:17:52,S1035,C00330,P2138,Call Center,Efectivo,Promo 15%,4,648.09,0.1,2592.36,388.85,2203.51,375.47,1
RETAILMAX S.A. - VENTAS 2021,2021-000980,2021-01-22 03:47:19,S1010,C00350,P2138,Web,Transferencia,2x1,1,648.09,0.1,648.09,77.77,570.32,375.47,0
RETAILMAX S.A. - VENTAS 2021,2021-000981,2021-06-05 08:17:32,S1008,C00671,P2089,Tienda,Efectivo,Black Friday,1,736.54,0.0,736.54,95.75,640.79,351.93,0
RETAILMAX S.A. - VENTAS 2021,2021-000982,2021-07-14 00:39:31,S1001,C00567,P2011,Call Center,Financiamiento,Cyber Week,2,392.72,0.0,785.44,102.11,683.33,309.34,0
RETAILMAX S.A. - VENTAS 2021,2021-000983,2021-08-09 15:32:25,S1023,C00099,P2087,Call Center,Tarjeta,Black Friday,2,323.78,0.0,647.56,97.13,550.43,166.63,0
RETAILMAX S.A. - VENTAS 2021,2021-000984,2021-06-30 07:03:01,S1045,C00591,P2040,Web,Efectivo,Sin Promo,1,59.49,0.0,59.49,7.73,51.76,35.66,0
RETAILMAX S.A. - VENTAS 2021,2021-000985,2021-01-06 08:16:09,S1020,C00623,P2027,Tienda,Tarjeta,Cyber Week,1,265.38,0.2,265.38,39.81,225.57,230.42,0
RETAILMAX S.A. - VENTAS 2021,2021-000986,2021-01-30 02:47:21,S1002,C00083,P2099,Web,Transferencia,Sin Promo,1,279.84,0.05,279.84,36.38,243.46,231.19,0
RETAILMAX S.A. - VENTAS 2021,2021-000987,2021-06-29 21:55:59,S1029,C00459,P2148,Marketplace,Efectivo,Black Friday,2,674.81,0.0,1349.62,202.44,1147.18,390.62,0
RETAILMAX S.A. - VENTAS 2021,2021-000988,2021-09-03 23:56:30,S1028,C00720,P2105,Tienda,Transferencia,Black Friday,1,676.15,0.0,676.15,101.42,574.73,320.12,0
RETAILMAX S.A. - VENTAS 2021,2021-000989,2021-09-11 12:59:47,S1002,C00464,P2043,Web,Financiamiento,Cyber Week,4,250.89,0.2,1003.56,130.46,873.1,244.5,0
RETAILMAX S.A. - VENTAS 2021,2021-000990,2021-07-07 20:04:33,S1012,C00727,P2063,Web,Billetera Digital,Promo 15%,1,59.85,0.15,59.85,7.18,52.67,34.56,0
RETAILMAX S.A. - VENTAS 2021,2021-000991,2021-12-24 19:42:44,S1016,C00593,P2060,Marketplace,Financiamiento,Cyber Week,2,383.25,0.0,766.5,91.98,674.52,245.82,0
RETAILMAX S.A. - VENTAS 2021,2021-000992,2021-09-06 10:11:11,S1043,C00303,P2043,Web,Transferencia,Cyber Week,1,313.61,0.0,313.61,40.77,272.84,244.5,0
RETAILMAX S.A. - VENTAS 2021,2021-000993,2021-04-18 04:28:08,S1023,C00285,P2002,Web,Tarjeta,Promo 10%,1,232.13,0.2,232.13,34.82,197.31,134.76,1
RETAILMAX S.A. - VENTAS 2021,2021-000994,2021-08-14 23:39:44,S1023,C00472,P2146,Tienda,Financiamiento,Sin Promo,3,311.26,0.0,933.78,140.07,793.71,242.22,0
RETAILMAX S.A. - VENTAS 2021,2021-000995,2021-05-23 21:25:01,S1026,C00702,P2002,Tienda,Tarjeta,Promo 15%,1,232.13,0.2,232.13,34.82,197.31,134.76,0
RETAILMAX S.A. - VENTAS 2021,2021-000996,2021-07-16 18:02:07,S1030,C00535,P2074,Call Center,Financiamiento,Sin Promo,1,267.21,0.05,267.21,40.08,227.13,138.92,0
RETAILMAX S.A. - VENTAS 2021,2021-000997,2021-04-16 13:48:39,S1005,C00235,P2139,Tienda,Transferencia,Sin Promo,1,19.27,0.05,19.27,2.51,16.76,12.71,0
RETAILMAX S.A. - VENTAS 2021,2021-000998,2021-06-28 00:56:46,S1035,C00361,P2002,Marketplace,Transferencia,Black Friday,4,232.13,0.2,928.52,139.28,789.24,134.76,0
RETAILMAX S.A. - VENTAS 2021,2021-000999,2021-01-15 12:24:48,S1039,C00343,P2066,Call Center,Financiamiento,Cyber Week,3,472.24,0.1,1416.72,184.17,1232.55,297.19,1
RETAILMAX S.A. - VENTAS 2021,2021-001000,2021-01-30 03:58:34,S1043,C00132,P2160,Marketplace,Billetera Digital,2x1,2,690.39,0.15,1380.78,179.5,1201.28,418.28,0
RETAILMAX S.A. - VENTAS 2021,2021-001001,2021-10-21 20:41:28,S1004,C00663,P2141,Web,Financiamiento,2x1,3,832.49,0.0,2497.47,324.67,2172.8,384.64,1
RETAILMAX S.A. - VENTAS 2021,2021-001002,2021-05-02 04:48:04,S1003,C00036,P2043,Marketplace,Tarjeta,Promo 10%,4,313.61,0.0,1254.44,163.08,1091.36,244.5,0
RETAILMAX S.A. - VENTAS 2021,2021-001003,2021-06-01 12:17:21,S1002,C00228,P2160,Marketplace,Transferencia,Promo 15%,2,812.22,0.0,1624.44,211.18,1413.26,418.28,1
RETAILMAX S.A. - VENTAS 2021,2021-001004,2021-05-09 23:46:34,S1028,C00163,P2060,Tienda,Tarjeta,Promo 15%,3,344.93,0.1,1034.79,155.22,879.57,245.82,0
RETAILMAX S.A. - VENTAS 2021,2021-001005,2021-12-05 11:41:12,S1031,C00557,P2085,Web,Financiamiento,2x1,3,24.82,0.2,74.46,11.17,63.29,20.07,0
RETAILMAX S.A. - VENTAS 2021,2021-001006,2021-08-14 00:19:22,S1028,C00160,P2067,Call Center,Billetera Digital,Promo 10%,2,582.45,0.0,1164.9,174.74,990.16,420.88,0
RETAILMAX S.A. - VENTAS 2021,2021-001007,2021-01-30 21:06:05,S1029,C00099,P2106,Marketplace,Tarjeta,2x1,5,461.42,0.0,2307.1,346.06,1961.04,310.34,0
RETAILMAX S.A. - VENTAS 2021,2021-001008,2021-05-13 10:03:14,S1018,C00087,P2139,Web,Efectivo,Cyber Week,1,19.27,0.05,19.27,2.31,16.96,12.71,0
RETAILMAX S.A. - VENTAS 2021,2021-001009,2021-03-17 22:29:55,S1013,C00542,P2152,Tienda,Tarjeta,Promo 10%,2,499.51,0.0,999.02,119.88,879.14,338.06,1
RETAILMAX S.A. - VENTAS 2021,2021-001010,2021-09-17 16:01:52,S1039,C00218,P2158,Web,Tarjeta,Cyber Week,2,542.39,0.0,1084.78,141.02,943.76,274.83,0
RETAILMAX S.A. - VENTAS 2021,2021-001011,2021-05-12 00:35:12,S1025,C00763,P2067,Marketplace,Billetera Digital,Cyber Week,2,465.96,0.2,931.92,139.79,792.13,420.88,0
RETAILMAX S.A. - VENTAS 2021,2021-001012,2021-11-04 08:32:42,S1012,C00689,P2096,Call Center,Tarjeta,Black Friday,1,636.0,0.0,636.0,76.32,559.68,369.96,0
RETAILMAX S.A. - VENTAS 2021,2021-001013,2021-05-02 07:25:44,S1032,C00563,P2092,Call Center,Tarjeta,Cyber Week,1,802.49,0.0,802.49,120.37,682.12,416.32,0
RETAILMAX S.A. - VENTAS 2021,2021-001014,2021-05-25 05:12:33,S1035,C00204,P2020,Marketplace,Transferencia,2x1,1,44.42,0.1,44.42,6.66,37.76,32.33,1
RETAILMAX S.A. - VENTAS 2021,2021-001015,2021-07-11 17:08:13,S1014,C00065,P2125,Tienda,Efectivo,Promo 15%,5,344.65,0.0,1723.25,206.79,1516.46,235.01,0
RETAILMAX S.A. - VENTAS 2021,2021-001016,2021-05-29 05:27:49,S1013,C00035,P2110,Tienda,Billetera Digital,Promo 10%,4,416.72,0.0,1666.88,200.03,1466.85,314.95,0
RETAILMAX S.A. - VENTAS 2021,2021-001017,2021-09-19 18:30:08,S1045,C00177,P2004,Marketplace,Efectivo,2x1,3,462.1,0.15,1386.3,180.22,1206.08,298.92,0
RETAILMAX S.A. - VENTAS 2021,2021-001018,2021-01-17 23:55:22,S1017,C00326,P2073,Tienda,Tarjeta,Promo 10%,3,156.33,0.05,468.99,56.28,412.71,131.1,0
RETAILMAX S.A. - VENTAS 2021,2021-001019,2021-09-15 20:54:52,S1039,C00206,P2054,Call Center,Billetera Digital,Cyber Week,2,393.79,0.15,787.58,102.39,685.19,220.6,0
RETAILMAX S.A. - VENTAS 2021,2021-001020,2021-09-28 01:52:21,S1022,C00789,P2039,Call Center,Transferencia,Promo 15%,2,405.45,0.15,810.9,121.63,689.27,251.05,0
RETAILMAX S.A. - VENTAS 2021,2021-001021,2021-10-22 10:40:12,S1011,C00799,P2146,Web,Transferencia,Promo 10%,4,311.26,0.0,1245.04,149.4,1095.64,242.22,0
RETAILMAX S.A. - VENTAS 2021,2021-001022,2021-06-11 04:12:07,S1044,C00525,P2043,Call Center,Transferencia,Sin Promo,2,297.93,0.05,595.86,77.46,518.4,244.5,0
RETAILMAX S.A. - VENTAS 2021,2021-001023,2021-10-14 18:24:35,S1030,C00732,P2049,Call Center,Billetera Digital,Promo 10%,1,158.27,0.0,158.27,23.74,134.53,89.45,0
RETAILMAX S.A. - VENTAS 2021,2021-001024,2021-08-03 08:21:55,S1010,C00465,P2023,Web,Billetera Digital,Promo 10%,2,423.8,0.2,847.6,101.71,745.89,346.8,0
RETAILMAX S.A. - VENTAS 2021,2021-001025,2021-12-12 21:17:25,S1014,C00339,P2129,Marketplace,Transferencia,Promo 15%,2,454.45,0.1,908.9,109.07,799.83,401.84,0
RETAILMAX S.A. - VENTAS 2021,2021-001026,2021-03-02 02:58:03,S1004,C00174,P2084,Web,Billetera Digital,2x1,1,9.8,0.1,9.8,1.27,8.53,8.31,1
RETAILMAX S.A. - VENTAS 2021,2021-001027,2021-04-12 06:33:01,S1037,C00063,P2145,Web,Tarjeta,2x1,4,118.01,0.0,472.04,61.37,410.67,77.61,0
RETAILMAX S.A. - VENTAS 2021,2021-001028,2021-10-11 17:06:25,S1044,C00398,P2148,Tienda,Financiamiento,Sin Promo,3,674.81,0.0,2024.43,263.18,1761.25,390.62,1
RETAILMAX S.A. - VENTAS 2021,2021-001029,2021-03-27 02:39:30,S1042,C00784,P2039,Call Center,Financiamiento,Promo 15%,1,381.6,0.2,381.6,49.61,331.99,251.05,0
RETAILMAX S.A. - VENTAS 2021,2021-001030,2021-07-25 20:16:39,S1025,C00758,P2157,Tienda,Transferencia,Promo 15%,1,223.38,0.0,223.38,33.51,189.87,118.28,0
RETAILMAX S.A. - VENTAS 2021,2021-001031,2021-11-08 22:27:02,S1002,C00785,P2155,Tienda,Tarjeta,Cyber Week,1,133.73,0.15,133.73,17.38,116.35,71.96,0
RETAILMAX S.A. - VENTAS 2021,2021-001032,2021-08-18 14:53:12,S1007,C00095,P2020,Call Center,Transferencia,2x1,2,41.96,0.15,83.92,10.91,73.01,32.33,1
RETAILMAX S.A. - VENTAS 2021,2021-001033,2021-03-10 06:40:45,S1009,C00031,P2075,Tienda,Efectivo,Sin Promo,3,522.04,0.1,1566.12,203.6,1362.52,301.87,0
RETAILMAX S.A. - VENTAS 2021,2021-001034,2021-10-31 13:28:00,S1008,C00324,P2035,Call Center,Transferencia,2x1,2,861.27,0.05,1722.54,223.93,1498.61,418.3,0
RETAILMAX S.A. - VENTAS 2021,2021-001035,2021-09-18 21:24:40,S1011,C00506,P2049,Tienda,Efectivo,Promo 15%,1,126.62,0.2,126.62,15.19,111.43,89.45,0
RETAILMAX S.A. - VENTAS 2021,2021-001036,2021-06-24 01:45:29,S1013,C00779,P2038,Call Center,Transferencia,Promo 15%,2,125.95,0.1,251.9,30.23,221.67,104.22,0
RETAILMAX S.A. - VENTAS 2021,2021-001037,2021-06-13 06:29:45,S1035,C00536,P2062,Web,Financiamiento,Black Friday,5,111.89,0.0,559.45,83.92,475.53,74.21,0
RETAILMAX S.A. - VENTAS 2021,2021-001038,2021-10-22 22:24:31,S1007,C00246,P2054,Marketplace,Efectivo,Sin Promo,1,463.28,0.0,463.28,60.23,403.05,220.6,0
RETAILMAX S.A. - VENTAS 2021,2021-001039,2021-05-21 17:43:04,S1029,C00328,P2032,Marketplace,Transferencia,Black Friday,2,466.57,0.0,933.14,139.97,793.17,330.43,0
RETAILMAX S.A. - VENTAS 2021,2021-001040,2021-04-29 10:08:40,S1020,C00745,P2047,Web,Tarjeta,Black Friday,1,456.79,0.0,456.79,68.52,388.27,295.44,0
RETAILMAX S.A. - VENTAS 2021,2021-001041,2021-10-04 19:35:05,S1032,C00620,P2151,Call Center,Tarjeta,Promo 15%,3,246.17,0.0,738.51,110.78,627.73,116.51,0
RETAILMAX S.A. - VENTAS 2021,2021-001042,2021-05-25 20:47:43,S1020,C00305,P2027,Web,Financiamiento,Promo 15%,2,315.14,0.05,630.28,94.54,535.74,230.42,0
RETAILMAX S.A. - VENTAS 2021,2021-001043,2021-12-28 04:22:00,S1036,C00442,P2074,Call Center,Transferencia,Sin Promo,2,267.21,0.05,534.42,80.16,454.26,138.92,0
RETAILMAX S.A. - VENTAS 2021,2021-001044,2021-05-23 04:14:24,S1023,C00613,P2071,Tienda,Efectivo,Cyber Week,5,386.86,0.2,1934.3,290.14,1644.16,243.78,0
RETAILMAX S.A. - VENTAS 2021,2021-001045,2021-06-17 05:42:22,S1012,C00696,P2085,Call Center,Billetera Digital,Cyber Week,2,31.02,0.0,62.04,7.44,54.6,20.07,0
RETAILMAX S.A. - VENTAS 2021,2021-001046,2021-12-28 11:27:42,S1016,C00228,P2032,Call Center,Tarjeta,Cyber Week,4,466.57,0.0,1866.28,223.95,1642.33,330.43,0
RETAILMAX S.A. - VENTAS 2021,2021-001047,2021-06-12 06:55:55,S1004,C00001,P2102,Tienda,Tarjeta,Promo 10%,3,425.74,0.15,1277.22,166.04,1111.18,270.07,0
RETAILMAX S.A. - VENTAS 2021,2021-001048,2021-10-28 13:41:50,S1024,C00352,P2011,Web,Transferencia,2x1,4,392.72,0.0,1570.88,235.63,1335.25,309.34,0
RETAILMAX S.A. - VENTAS 2021,2021-001049,2021-09-06 06:48:44,S1032,C00362,P2066,Web,Efectivo,Cyber Week,3,524.71,0.0,1574.13,236.12,1338.01,297.19,0
RETAILMAX S.A. - VENTAS 2021,2021-001050,2021-09-22 07:47:54,S1037,C00468,P2037,Call Center,Billetera Digital,Black Friday,1,623.8,0.0,623.8,81.09,542.71,405.23,0
RETAILMAX S.A. - VENTAS 2021,2021-001051,2021-12-30 06:29:05,S1030,C00419,P2033,Marketplace,Billetera Digital,2x1,1,68.31,0.15,68.31,10.25,58.06,61.26,1
RETAILMAX S.A. - VENTAS 2021,2021-001052,2021-10-26 08:32:44,S1041,C00166,P2087,Web,Transferencia,Promo 10%,2,307.59,0.05,615.18,79.97,535.21,166.63,0
RETAILMAX S.A. - VENTAS 2021,2021-001053,2021-12-09 17:39:37,S1025,C00636,P2145,Call Center,Billetera Digital,Promo 15%,2,100.31,0.15,200.62,30.09,170.53,77.61,0
RETAILMAX S.A. - VENTAS 2021,2021-001054,2021-09-04 10:45:20,S1032,C00011,P2145,Marketplace,Financiamiento,2x1,1,118.01,0.0,118.01,17.7,100.31,77.61,0
RETAILMAX S.A. - VENTAS 2021,2021-001055,2021-05-07 15:28:07,S1015,C00450,P2112,Marketplace,Tarjeta,Promo 15%,1,343.67,0.05,343.67,41.24,302.43,257.82,1
RETAILMAX S.A. - VENTAS 2021,2021-001056,2021-07-23 04:39:44,S1031,C00155,P2106,Call Center,Billetera Digital,2x1,3,438.35,0.05,1315.05,197.26,1117.79,310.34,1
RETAILMAX S.A. - VENTAS 2021,2021-001057,2021-05-01 01:03:16,S1022,C00640,P2132,Web,Financiamiento,Sin Promo,1,289.45,0.1,289.45,43.42,246.03,220.13,0
RETAILMAX S.A. - VENTAS 2021,2021-001058,2021-06-15 09:31:29,S1002,C00160,P2137,Call Center,Financiamiento,2x1,2,407.3,0.05,814.6,105.9,708.7,246.0,0
RETAILMAX S.A. - VENTAS 2021,2021-001059,2021-05-14 01:59:20,S1038,C00331,P2039,Web,Transferencia,Cyber Week,1,405.45,0.15,405.45,52.71,352.74,251.05,0
RETAILMAX S.A. - VENTAS 2021,2021-001060,2021-06-07 16:17:52,S1021,C00120,P2143,Web,Billetera Digital,Promo 10%,1,157.9,0.1,157.9,23.68,134.22,101.86,1
RETAILMAX S.A. - VENTAS 2021,2021-001061,2021-02-26 22:19:46,S1039,C00679,P2073,Tienda,Tarjeta,2x1,2,164.56,0.0,329.12,42.79,286.33,131.1,0
RETAILMAX S.A. - VENTAS 2021,2021-001062,2021-12-27 12:08:04,S1006,C00198,P2126,Tienda,Tarjeta,Black Friday,4,547.31,0.2,2189.24,284.6,1904.64,413.19,0
RETAILMAX S.A. - VENTAS 2021,2021-001063,2021-07-05 19:29:45,S1028,C00521,P2149,Call Center,Efectivo,Promo 15%,1,224.81,0.0,224.81,33.72,191.09,173.08,0
RETAILMAX S.A. - VENTAS 2021,2021-001064,2021-07-11 12:04:10,S1031,C00649,P2001,Web,Tarjeta,Sin Promo,1,86.24,0.1,86.24,12.94,73.3,59.67,0
RETAILMAX S.A. - VENTAS 2021,2021-001065,2021-09-27 03:43:57,S1039,C00681,P2123,Call Center,Tarjeta,Promo 10%,2,140.09,0.2,280.18,36.42,243.76,112.82,0
RETAILMAX S.A. - VENTAS 2021,2021-001066,2021-06-04 00:52:57,S1032,C00681,P2153,Web,Tarjeta,Promo 15%,1,326.33,0.2,326.33,48.95,277.38,293.96,1
RETAILMAX S.A. - VENTAS 2021,2021-001067,2021-03-05 13:45:26,S1031,C00640,P2097,Marketplace,Tarjeta,Sin Promo,2,521.13,0.0,1042.26,156.34,885.92,298.37,0
RETAILMAX S.A. - VENTAS 2021,2021-001068,2021-09-16 15:07:24,S1029,C00004,P2084,Web,Tarjeta,Cyber Week,1,9.26,0.15,9.26,1.39,7.87,8.31,0
RETAILMAX S.A. - VENTAS 2021,2021-001069,2021-07-20 07:04:25,S1005,C00459,P2129,Marketplace,Transferencia,2x1,3,403.96,0.2,1211.88,157.54,1054.34,401.84,0
RETAILMAX S.A. - VENTAS 2021,2021-001070,2021-01-12 11:00:03,S1043,C00751,P2034,Tienda,Transferencia,Cyber Week,1,262.95,0.0,262.95,34.18,228.77,122.22,0
RETAILMAX S.A. - VENTAS 2021,2021-001071,2021-08-30 13:42:39,S1039,C00589,P2071,Web,Financiamiento,Black Friday,1,483.57,0.0,483.57,62.86,420.71,243.78,0
RETAILMAX S.A. - VENTAS 2021,2021-001072,2021-09-05 10:21:19,S1045,C00184,P2079,Web,Financiamiento,Sin Promo,4,224.63,0.1,898.52,116.81,781.71,156.92,0
RETAILMAX S.A. - VENTAS 2021,2021-001073,2021-07-21 13:34:15,S1037,C00158,P2087,Tienda,Financiamiento,Promo 10%,3,275.21,0.15,825.63,107.33,718.3,166.63,0
RETAILMAX S.A. - VENTAS 2021,2021-001074,2021-01-13 14:28:01,S1042,C00701,P2095,Marketplace,Financiamiento,Black Friday,3,693.43,0.05,2080.29,270.44,1809.85,368.2,0
RETAILMAX S.A. - VENTAS 2021,2021-001075,2021-11-26 11:18:32,S1001,C00132,P2090,Tienda,Tarjeta,Black Friday,1,99.1,0.2,99.1,12.88,86.22,72.93,0
RETAILMAX S.A. - VENTAS 2021,2021-001076,2021-04-17 17:50:00,S1020,C00047,P2149,Web,Financiamiento,Black Friday,2,224.81,0.0,449.62,67.44,382.18,173.08,0
RETAILMAX S.A. - VENTAS 2021,2021-001077,2021-09-25 20:37:50,S1019,C00649,P2103,Call Center,Transferencia,2x1,3,424.9,0.0,1274.7,191.21,1083.49,274.37,0
RETAILMAX S.A. - VENTAS 2021,2021-001078,2021-06-22 05:29:01,S1002,C00093,P2024,Call Center,Tarjeta,Promo 15%,1,268.83,0.15,268.83,34.95,233.88,197.91,1
RETAILMAX S.A. - VENTAS 2021,2021-001079,2021-04-18 20:28:36,S1025,C00773,P2027,Call Center,Transferencia,Cyber Week,3,298.56,0.1,895.68,134.35,761.33,230.42,0
RETAILMAX S.A. - VENTAS 2021,2021-001080,2021-06-14 16:47:52,S1029,C00376,P2139,Tienda,Tarjeta,2x1,3,18.25,0.1,54.75,8.21,46.54,12.71,1
RETAILMAX S.A. - VENTAS 2021,2021-001081,2021-02-09 13:40:41,S1027,C00302,P2051,Web,Billetera Digital,Cyber Week,1,855.46,0.0,855.46,128.32,727.14,394.02,0
RETAILMAX S.A. - VENTAS 2021,2021-001082,2021-03-27 07:11:09,S1004,C00403,P2009,Tienda,Financiamiento,2x1,2,523.01,0.0,1046.02,135.98,910.04,287.2,0
RETAILMAX S.A. - VENTAS 2021,2021-001083,2021-11-17 19:05:58,S1023,C00377,P2108,Call Center,Financiamiento,Sin Promo,2,240.87,0.15,481.74,72.26,409.48,144.01,0
RETAILMAX S.A. - VENTAS 2021,2021-001084,2021-03-02 15:51:19,S1013,C00429,P2074,Marketplace,Billetera Digital,Promo 15%,6,239.08,0.15,1434.48,172.14,1262.34,138.92,0
RETAILMAX S.A. - VENTAS 2021,2021-001085,2021-07-10 20:31:39,S1017,C00125,P2038,Marketplace,Billetera Digital,Cyber Week,2,139.95,0.0,279.9,33.59,246.31,104.22,0
RETAILMAX S.A. - VENTAS 2021,2021-001086,2021-11-11 13:31:00,S1002,C00269,P2005,Call Center,Financiamiento,Promo 10%,2,545.93,0.0,1091.86,141.94,949.92,390.45,0
RETAILMAX S.A. - VENTAS 2021,2021-001087,2021-03-11 05:58:47,S1026,C00019,P2061,Call Center,Tarjeta,Promo 15%,2,34.14,0.2,68.28,10.24,58.04,26.36,0
RETAILMAX S.A. - VENTAS 2021,2021-001088,2021-04-02 05:28:26,S1029,C00388,P2024,Marketplace,Efectivo,Promo 10%,2,316.27,0.0,632.54,94.88,537.66,197.91,1
RETAILMAX S.A. - VENTAS 2021,2021-001089,2021-02-18 19:34:41,S1028,C00582,P2023,Tienda,Billetera Digital,2x1,2,529.75,0.0,1059.5,158.92,900.58,346.8,0
RETAILMAX S.A. - VENTAS 2021,2021-001090,2021-03-22 02:25:51,S1034,C00659,P2085,Web,Transferencia,Cyber Week,1,27.92,0.1,27.92,4.19,23.73,20.07,0
RETAILMAX S.A. - VENTAS 2021,2021-001091,2021-04-09 09:59:49,S1017,C00569,P2091,Call Center,Billetera Digital,Cyber Week,1,433.2,0.2,433.2,51.98,381.22,397.11,0
RETAILMAX S.A. - VENTAS 2021,2021-001092,2021-07-08 22:44:14,S1040,C00303,P2116,Web,Tarjeta,Black Friday,3,743.9,0.0,2231.7,290.12,1941.58,358.01,0
RETAILMAX S.A. - VENTAS 2021,2021-001093,2021-02-22 07:52:49,S1014,C00412,P2062,Tienda,Efectivo,Black Friday,1,111.89,0.0,111.89,13.43,98.46,74.21,0
RETAILMAX S.A. - VENTAS 2021,2021-001094,2021-11-27 13:56:33,S1030,C00130,P2142,Marketplace,Billetera Digital,Cyber Week,1,395.11,0.2,395.11,59.27,335.84,331.65,0
RETAILMAX S.A. - VENTAS 2021,2021-001095,2021-04-18 06:07:13,S1030,C00462,P2105,Web,Tarjeta,Black Friday,1,676.15,0.0,676.15,101.42,574.73,320.12,0
RETAILMAX S.A. - VENTAS 2021,2021-001096,2021-03-15 06:00:03,S1007,C00148,P2061,Marketplace,Tarjeta,Sin Promo,2,42.68,0.0,85.36,11.1,74.26,26.36,0
RETAILMAX S.A. - VENTAS 2021,2021-001097,2021-09-19 16:00:30,S1007,C00076,P2135,Marketplace,Transferencia,Black Friday,2,145.28,0.05,290.56,37.77,252.79,71.27,0
RETAILMAX S.A. - VENTAS 2021,2021-001098,2021-05-04 20:23:39,S1006,C00450,P2105,Call Center,Financiamiento,Promo 15%,1,540.92,0.2,540.92,70.32,470.6,320.12,0
RETAILMAX S.A. - VENTAS 2021,2021-001099,2021-09-25 11:32:26,S1021,C00551,P2016,Web,Efectivo,Cyber Week,2,155.33,0.1,310.66,46.6,264.06,121.18,0
RETAILMAX S.A. - VENTAS 2021,2021-001100,2021-12-31 05:12:08,S1017,C00085,P2105,Call Center,Financiamiento,Cyber Week,3,608.53,0.1,1825.59,219.07,1606.52,320.12,0
RETAILMAX S.A. - VENTAS 2021,2021-001101,2021-12-17 04:22:40,S1035,C00310,P2030,Marketplace,Efectivo,Sin Promo,2,514.37,0.05,1028.74,154.31,874.43,418.38,0
RETAILMAX S.A. - VENTAS 2021,2021-001102,2021-08-27 12:35:49,S1037,C00224,P2050,Web,Financiamiento,Promo 15%,3,273.95,0.0,821.85,106.84,715.01,192.16,0
RETAILMAX S.A. - VENTAS 2021,2021-001103,2021-01-06 07:07:48,S1001,C00154,P2104,Web,Tarjeta,Black Friday,2,632.01,0.1,1264.02,164.32,1099.7,405.18,0
RETAILMAX S.A. - VENTAS 2021,2021-001104,2021-06-18 03:25:34,S1012,C00061,P2019,Tienda,Billetera Digital,Promo 15%,4,471.27,0.0,1885.08,226.21,1658.87,283.84,0
RETAILMAX S.A. - VENTAS 2021,2021-001105,2021-11-28 10:00:38,S1029,C00197,P2074,Tienda,Transferencia,Promo 15%,2,267.21,0.05,534.42,80.16,454.26,138.92,1
RETAILMAX S.A. - VENTAS 2021,2021-001106,2021-01-30 20:49:56,S1024,C00231,P2062,Call Center,Billetera Digital,Cyber Week,3,89.51,0.2,268.53,40.28,228.25,74.21,0
RETAILMAX S.A. - VENTAS 2021,2021-001107,2021-09-09 06:19:36,S1043,C00487,P2125,Tienda,Tarjeta,Promo 15%,2,275.72,0.2,551.44,71.69,479.75,235.01,0
RETAILMAX S.A. - VENTAS 2021,2021-001108,2021-11-10 05:34:39,S1033,C00401,P2102,Web,Tarjeta,2x1,3,500.87,0.0,1502.61,225.39,1277.22,270.07,0
RETAILMAX S.A. - VENTAS 2021,2021-001109,2021-01-29 16:08:34,S1040,C00334,P2124,Marketplace,Tarjeta,Black Friday,2,475.69,0.0,951.38,123.68,827.7,351.18,0
RETAILMAX S.A. - VENTAS 2021,2021-001110,2021-04-10 23:51:05,S1044,C00127,P2035,Marketplace,Transferencia,Cyber Week,2,906.6,0.0,1813.2,235.72,1577.48,418.3,0
RETAILMAX S.A. - VENTAS 2021,2021-001111,2021-10-28 13:20:05,S1010,C00714,P2138,Call Center,Financiamiento,Cyber Week,2,612.09,0.15,1224.18,146.9,1077.28,375.47,1
RETAILMAX S.A. - VENTAS 2021,2021-001112,2021-02-01 02:21:53,S1020,C00009,P2016,Web,Transferencia,Sin Promo,1,138.07,0.2,138.07,20.71,117.36,121.18,0
RETAILMAX S.A. - VENTAS 2021,2021-001113,2021-08-16 01:37:13,S1034,C00346,P2091,Call Center,Efectivo,Cyber Week,1,541.5,0.0,541.5,81.22,460.28,397.11,1
RETAILMAX S.A. - VENTAS 2021,2021-001114,2021-01-02 11:19:44,S1018,C00677,P2061,Tienda,Transferencia,2x1,1,42.68,0.0,42.68,5.12,37.56,26.36,0
RETAILMAX S.A. - VENTAS 2021,2021-001115,2021-12-23 03:08:04,S1031,C00567,P2034,Tienda,Tarjeta,Sin Promo,2,249.8,0.05,499.6,74.94,424.66,122.22,0
RETAILMAX S.A. - VENTAS 2021,2021-001116,2021-02-14 06:45:34,S1030,C00241,P2146,Tienda,Efectivo,Sin Promo,1,264.57,0.15,264.57,39.69,224.88,242.22,0
RETAILMAX S.A. - VENTAS 2021,2021-001117,2021-11-23 13:38:10,S1017,C00299,P2009,Web,Transferencia,Cyber Week,2,444.56,0.15,889.12,106.69,782.43,287.2,1
RETAILMAX S.A. - VENTAS 2021,2021-001118,2021-04-08 04:49:57,S1004,C00577,P2138,Marketplace,Efectivo,Promo 15%,1,684.1,0.05,684.1,88.93,595.17,375.47,0
RETAILMAX S.A. - VENTAS 2021,2021-001119,2021-10-17 11:29:18,S1006,C00529,P2074,Web,Transferencia,Promo 10%,1,225.02,0.2,225.02,29.25,195.77,138.92,0
RETAILMAX S.A. - VENTAS 2021,2021-001120,2021-06-01 09:26:34,S1015,C00429,P2036,Tienda,Financiamiento,Promo 15%,2,288.63,0.0,577.26,69.27,507.99,143.03,0
RETAILMAX S.A. - VENTAS 2021,2021-001121,2021-07-06 12:42:05,S1021,C00698,P2022,Call Center,Efectivo,Sin Promo,3,404.94,0.1,1214.82,182.22,1032.6,325.44,0
RETAILMAX S.A. - VENTAS 2021,2021-001122,2021-07-17 05:40:08,S1006,C00151,P2091,Call Center,Transferencia,Cyber Week,2,541.5,0.0,1083.0,140.79,942.21,397.11,1
RETAILMAX S.A. - VENTAS 2021,2021-001123,2021-05-28 07:33:10,S1015,C00264,P2098,Marketplace,Tarjeta,Black Friday,1,580.57,0.1,580.57,69.67,510.9,389.5,0
RETAILMAX S.A. - VENTAS 2021,2021-001124,2021-05-13 07:56:47,S1004,C00554,P2011,Tienda,Billetera Digital,Cyber Week,2,392.72,0.0,785.44,102.11,683.33,309.34,1
RETAILMAX S.A. - VENTAS 2021,2021-001125,2021-04-06 17:18:06,S1031,C00295,P2090,Marketplace,Transferencia,Black Friday,1,111.49,0.1,111.49,16.72,94.77,72.93,0
RETAILMAX S.A. - VENTAS 2021,2021-001126,2021-12-04 21:25:21,S1022,C00740,P2133,Tienda,Transferencia,Sin Promo,4,52.59,0.0,210.36,31.55,178.81,38.56,0
RETAILMAX S.A. - VENTAS 2021,2021-001127,2021-08-04 17:18:44,S1014,C00563,P2010,Tienda,Efectivo,Promo 15%,1,343.48,0.15,343.48,41.22,302.26,210.17,0
RETAILMAX S.A. - VENTAS 2021,2021-001128,2021-03-25 16:59:49,S1006,C00333,P2026,Tienda,Financiamiento,Black Friday,2,367.94,0.2,735.88,95.66,640.22,230.43,0
RETAILMAX S.A. - VENTAS 2021,2021-001129,2021-10-31 20:58:12,S1039,C00039,P2100,Call Center,Financiamiento,Promo 10%,2,486.17,0.15,972.34,126.4,845.94,422.9,0
RETAILMAX S.A. - VENTAS 2021,2021-001130,2021-07-11 21:52:46,S1031,C00242,P2135,Call Center,Transferencia,Sin Promo,1,129.99,0.15,129.99,19.5,110.49,71.27,0
RETAILMAX S.A. - VENTAS 2021,2021-001131,2021-09-17 03:55:36,S1044,C00193,P2108,Marketplace,Billetera Digital,2x1,2,226.7,0.2,453.4,58.94,394.46,144.01,0
RETAILMAX S.A. - VENTAS 2021,2021-001132,2021-01-15 05:58:19,S1013,C00347,P2016,Web,Billetera Digital,Promo 10%,2,172.59,0.0,345.18,41.42,303.76,121.18,0
RETAILMAX S.A. - VENTAS 2021,2021-001133,2021-12-06 12:07:46,S1035,C00349,P2008,Tienda,Transferencia,Promo 10%,3,874.23,0.0,2622.69,393.4,2229.29,421.75,0
RETAILMAX S.A. - VENTAS 2021,2021-001134,2021-08-23 14:25:03,S1014,C00192,P2110,Web,Efectivo,Promo 10%,1,416.72,0.0,416.72,50.01,366.71,314.95,0
RETAILMAX S.A. - VENTAS 2021,2021-001135,2021-06-07 02:55:34,S1011,C00766,P2091,Web,Financiamiento,Sin Promo,1,433.2,0.2,433.2,51.98,381.22,397.11,1
RETAILMAX S.A. - VENTAS 2021,2021-001136,2021-05-06 05:36:43,S1023,C00729,P2125,Marketplace,Tarjeta,2x1,2,275.72,0.2,551.44,82.72,468.72,235.01,0
RETAILMAX S.A. - VENTAS 2021,2021-001137,2021-06-26 03:38:15,S1004,C00685,P2014,Call Center,Efectivo,2x1,2,365.66,0.15,731.32,95.07,636.25,296.33,1
RETAILMAX S.A. - VENTAS 2021,2021-001138,2021-07-12 16:52:29,S1042,C00128,P2147,Tienda,Financiamiento,Promo 10%,3,438.54,0.2,1315.62,171.03,1144.59,299.7,0
RETAILMAX S.A. - VENTAS 2021,2021-001139,2021-03-10 14:33:33,S1042,C00244,P2142,Call Center,Billetera Digital,2x1,3,493.89,0.0,1481.67,192.62,1289.05,331.65,0
RETAILMAX S.A. - VENTAS 2021,2021-001140,2021-02-06 12:37:44,S1038,C00169,P2098,Tienda,Efectivo,Black Friday,2,548.32,0.15,1096.64,142.56,954.08,389.5,0
RETAILMAX S.A. - VENTAS 2021,2021-001141,2021-05-01 13:26:22,S1018,C00132,P2011,Tienda,Billetera Digital,Black Friday,1,353.45,0.1,353.45,42.41,311.04,309.34,0
RETAILMAX S.A. - VENTAS 2021,2021-001142,2021-02-09 23:30:17,S1024,C00652,P2126,Web,Tarjeta,Promo 10%,1,649.93,0.05,649.93,97.49,552.44,413.19,0
RETAILMAX S.A. - VENTAS 2021,2021-001143,2021-08-11 03:22:50,S1004,C00372,P2050,Web,Financiamiento,Promo 10%,1,232.86,0.15,232.86,30.27,202.59,192.16,0
RETAILMAX S.A. - VENTAS 2021,2021-001144,2021-06-09 14:05:00,S1041,C00151,P2026,Tienda,Transferencia,2x1,2,436.92,0.05,873.84,113.6,760.24,230.43,0
RETAILMAX S.A. - VENTAS 2021,2021-001145,2021-03-25 14:29:54,S1021,C00249,P2105,Tienda,Financiamiento,Sin Promo,2,540.92,0.2,1081.84,162.28,919.56,320.12,0
RETAILMAX S.A. - VENTAS 2021,2021-001146,2021-12-18 03:41:31,S1043,C00366,P2067,Tienda,Efectivo,Promo 15%,2,553.33,0.05,1106.66,143.87,962.79,420.88,0
RETAILMAX S.A. - VENTAS 2021,2021-001147,2021-10-22 18:27:29,S1020,C00530,P2071,Tienda,Financiamiento,Cyber Week,1,459.39,0.05,459.39,68.91,390.48,243.78,1
RETAILMAX S.A. - VENTAS 2021,2021-001148,2021-07-25 15:22:52,S1006,C00100,P2069,Call Center,Transferencia,Cyber Week,3,191.55,0.0,574.65,74.7,499.95,145.02,1
RETAILMAX S.A. - VENTAS 2021,2021-001149,2021-03-01 21:58:39,S1004,C00491,P2155,Marketplace,Financiamiento,Cyber Week,3,149.46,0.05,448.38,58.29,390.09,71.96,0
RETAILMAX S.A. - VENTAS 2021,2021-001150,2021-10-01 13:17:03,S1012,C00076,P2002,Call Center,Billetera Digital,2x1,1,290.16,0.0,290.16,34.82,255.34,134.76,1
RETAILMAX S.A. - VENTAS 2021,2021-001151,2021-02-10 05:28:31,S1017,C00262,P2011,Marketplace,Efectivo,Black Friday,1,333.81,0.15,333.81,40.06,293.75,309.34,0
RETAILMAX S.A. - VENTAS 2021,2021-001152,2021-08-21 15:50:01,S1041,C00277,P2025,Tienda,Tarjeta,2x1,1,664.27,0.0,664.27,86.36,577.91,394.63,0
RETAILMAX S.A. - VENTAS 2021,2021-001153,2021-07-07 01:49:23,S1002,C00578,P2055,Marketplace,Transferencia,2x1,4,119.65,0.15,478.6,62.22,416.38,77.43,0
RETAILMAX S.A. - VENTAS 2021,2021-001154,2021-12-12 10:46:56,S1021,C00013,P2035,Marketplace,Efectivo,Promo 15%,3,906.6,0.0,2719.8,407.97,2311.83,418.3,0
RETAILMAX S.A. - VENTAS 2021,2021-001155,2021-08-02 00:38:16,S1014,C00701,P2110,Tienda,Billetera Digital,Sin Promo,2,416.72,0.0,833.44,100.01,733.43,314.95,0
RETAILMAX S.A. - VENTAS 2021,2021-001156,2021-01-19 19:20:34,S1039,C00452,P2080,Web,Tarjeta,Black Friday,3,301.79,0.0,905.37,117.7,787.67,221.89,0
RETAILMAX S.A. - VENTAS 2021,2021-001157,2021-03-06 05:15:58,S1021,C00407,P2026,Marketplace,Transferencia,2x1,2,436.92,0.05,873.84,131.08,742.76,230.43,1
RETAILMAX S.A. - VENTAS 2021,2021-001158,2021-11-13 08:53:14,S1003,C00080,P2079,Call Center,Tarjeta,Sin Promo,4,199.67,0.2,798.68,103.83,694.85,156.92,0
RETAILMAX S.A. - VENTAS 2021,2021-001159,2021-07-10 01:23:38,S1016,C00074,P2046,Tienda,Financiamiento,Black Friday,1,308.18,0.15,308.18,36.98,271.2,192.92,1
RETAILMAX S.A. - VENTAS 2021,2021-001160,2021-02-10 12:17:52,S1009,C00419,P2021,Marketplace,Financiamiento,2x1,4,373.55,0.15,1494.2,194.25,1299.95,239.98,0
RETAILMAX S.A. - VENTAS 2021,2021-001161,2021-04-05 09:21:06,S1008,C00340,P2157,Tienda,Financiamiento,Sin Promo,3,189.87,0.15,569.61,74.05,495.56,118.28,0
RETAILMAX S.A. - VENTAS 2021,2021-001162,2021-10-20 09:30:06,S1025,C00016,P2130,Web,Tarjeta,Promo 15%,6,631.16,0.1,3786.96,568.04,3218.92,404.15,0
RETAILMAX S.A. - VENTAS 2021,2021-001163,2021-08-31 07:50:07,S1025,C00375,P2135,Marketplace,Efectivo,Promo 15%,3,145.28,0.05,435.84,65.38,370.46,71.27,0
RETAILMAX S.A. - VENTAS 2021,2021-001164,2021-12-10 01:39:55,S1027,C00150,P2090,Marketplace,Transferencia,Sin Promo,2,123.88,0.0,247.76,37.16,210.6,72.93,0
RETAILMAX S.A. - VENTAS 2021,2021-001165,2021-04-17 00:40:53,S1044,C00325,P2032,Web,Transferencia,Promo 15%,3,396.58,0.15,1189.74,154.67,1035.07,330.43,0
RETAILMAX S.A. - VENTAS 2021,2021-001166,2021-11-03 23:06:51,S1037,C00199,P2144,Web,Tarjeta,Cyber Week,1,272.5,0.0,272.5,35.43,237.07,177.43,0
RETAILMAX S.A. - VENTAS 2021,2021-001167,2021-04-24 02:19:12,S1032,C00776,P2052,Call Center,Billetera Digital,2x1,2,80.49,0.15,160.98,24.15,136.83,47.67,1
RETAILMAX S.A. - VENTAS 2021,2021-001168,2021-11-01 11:58:10,S1011,C00353,P2015,Tienda,Transferencia,Promo 15%,2,165.08,0.05,330.16,39.62,290.54,122.14,0
RETAILMAX S.A. - VENTAS 2021,2021-001169,2021-06-27 16:10:46,S1024,C00503,P2035,Call Center,Efectivo,Black Friday,1,725.28,0.2,725.28,108.79,616.49,418.3,1
RETAILMAX S.A. - VENTAS 2021,2021-001170,2021-03-29 14:12:06,S1024,C00746,P2105,Tienda,Financiamiento,Black Friday,1,676.15,0.0,676.15,101.42,574.73,320.12,0
RETAILMAX S.A. - VENTAS 2021,2021-001171,2021-02-12 07:33:24,S1031,C00162,P2146,Marketplace,Transferencia,Promo 15%,3,280.13,0.1,840.39,126.06,714.33,242.22,0
RETAILMAX S.A. - VENTAS 2021,2021-001172,2021-08-20 17:01:00,S1017,C00042,P2066,Web,Billetera Digital,Promo 15%,1,472.24,0.1,472.24,56.67,415.57,297.19,0
RETAILMAX S.A. - VENTAS 2021,2021-001173,2021-08-09 15:07:26,S1024,C00696,P2085,Marketplace,Billetera Digital,Cyber Week,6,31.02,0.0,186.12,27.92,158.2,20.07,0
RETAILMAX S.A. - VENTAS 2021,2021-001174,2021-05-01 13:39:49,S1039,C00074,P2155,Call Center,Billetera Digital,Sin Promo,4,157.33,0.0,629.32,81.81,547.51,71.96,0
RETAILMAX S.A. - VENTAS 2021,2021-001175,2021-07-22 07:56:53,S1010,C00264,P2035,Marketplace,Efectivo,Promo 10%,1,906.6,0.0,906.6,108.79,797.81,418.3,1
RETAILMAX S.A. - VENTAS 2021,2021-001176,2021-07-25 20:01:38,S1014,C00204,P2153,Web,Financiamiento,Black Friday,1,326.33,0.2,326.33,39.16,287.17,293.96,0
RETAILMAX S.A. - VENTAS 2021,2021-001177,2021-06-13 13:13:22,S1002,C00225,P2007,Marketplace,Billetera Digital,Black Friday,2,180.23,0.15,360.46,46.86,313.6,162.45,0
RETAILMAX S.A. - VENTAS 2021,2021-001178,2021-07-20 08:11:44,S1006,C00506,P2127,Call Center,Transferencia,2x1,4,696.03,0.05,2784.12,361.94,2422.18,361.43,0
RETAILMAX S.A. - VENTAS 2021,2021-001179,2021-04-01 14:33:55,S1043,C00273,P2041,Marketplace,Financiamiento,Cyber Week,1,41.87,0.1,41.87,5.44,36.43,34.06,0
RETAILMAX S.A. - VENTAS 2021,2021-001180,2021-12-16 03:34:47,S1028,C00688,P2021,Call Center,Financiamiento,2x1,1,373.55,0.15,373.55,56.03,317.52,239.98,0
RETAILMAX S.A. - VENTAS 2021,2021-001181,2021-11-22 01:03:26,S1041,C00122,P2023,Tienda,Billetera Digital,Black Friday,2,529.75,0.0,1059.5,137.74,921.76,346.8,1
RETAILMAX S.A. - VENTAS 2021,2021-001182,2021-07-29 00:49:52,S1042,C00423,P2067,Web,Billetera Digital,Cyber Week,1,582.45,0.0,582.45,75.72,506.73,420.88,0
RETAILMAX S.A. - VENTAS 2021,2021-001183,2021-12-17 03:18:43,S1007,C00423,P2151,Call Center,Billetera Digital,Black Friday,5,246.17,0.0,1230.85,160.01,1070.84,116.51,0
RETAILMAX S.A. - VENTAS 2021,2021-001184,2021-03-24 16:40:00,S1041,C00150,P2138,Web,Efectivo,2x1,1,576.08,0.2,576.08,74.89,501.19,375.47,1
RETAILMAX S.A. - VENTAS 2021,2021-001185,2021-04-13 11:45:00,S1026,C00040,P2008,Tienda,Efectivo,Black Friday,1,874.23,0.0,874.23,131.13,743.1,421.75,0
RETAILMAX S.A. - VENTAS 2021,2021-001186,2021-08-24 08:55:18,S1010,C00792,P2076,Web,Efectivo,2x1,2,92.64,0.05,185.28,22.23,163.05,50.2,0
RETAILMAX S.A. - VENTAS 2021,2021-001187,2021-11-25 04:02:49,S1021,C00219,P2029,Marketplace,Efectivo,Promo 10%,3,393.2,0.2,1179.6,176.94,1002.66,271.13,0
RETAILMAX S.A. - VENTAS 2021,2021-001188,2021-02-05 00:15:02,S1002,C00529,P2142,Call Center,Billetera Digital,2x1,3,419.81,0.15,1259.43,163.73,1095.7,331.65,0
RETAILMAX S.A. - VENTAS 2021,2021-001189,2021-02-06 15:11:08,S1013,C00556,P2108,Tienda,Billetera Digital,Cyber Week,5,240.87,0.15,1204.35,144.52,1059.83,144.01,0
RETAILMAX S.A. - VENTAS 2021,2021-001190,2021-01-13 15:57:57,S1021,C00607,P2010,Tienda,Transferencia,2x1,2,343.48,0.15,686.96,103.04,583.92,210.17,1
RETAILMAX S.A. - VENTAS 2021,2021-001191,2021-01-21 13:13:48,S1005,C00417,P2154,Call Center,Financiamiento,Sin Promo,1,659.89,0.1,659.89,85.79,574.1,427.53,0
RETAILMAX S.A. - VENTAS 2021,2021-001192,2021-03-16 09:33:26,S1015,C00025,P2042,Tienda,Efectivo,Promo 15%,3,361.25,0.1,1083.75,130.05,953.7,233.31,0
RETAILMAX S.A. - VENTAS 2021,2021-001193,2021-12-03 12:22:22,S1037,C00444,P2106,Call Center,Efectivo,Promo 15%,1,461.42,0.0,461.42,59.98,401.44,310.34,0
RETAILMAX S.A. - VENTAS 2021,2021-001194,2021-06-18 23:22:32,S1009,C00674,P2135,Call Center,Efectivo,Promo 15%,2,145.28,0.05,290.56,37.77,252.79,71.27,0
RETAILMAX S.A. - VENTAS 2021,2021-001195,2021-06-01 16:11:24,S1045,C00657,P2123,Marketplace,Billetera Digital,Promo 15%,1,166.35,0.05,166.35,21.63,144.72,112.82,0
RETAILMAX S.A. - VENTAS 2021,2021-001196,2021-01-19 05:05:52,S1041,C00639,P2005,Tienda,Efectivo,Promo 15%,1,545.93,0.0,545.93,70.97,474.96,390.45,0
RETAILMAX S.A. - VENTAS 2021,2021-001197,2021-07-05 10:36:10,S1028,C00528,P2136,Web,Billetera Digital,Cyber Week,1,131.58,0.15,131.58,19.74,111.84,99.42,0
RETAILMAX S.A. - VENTAS 2021,2021-001198,2021-09-01 16:00:53,S1040,C00432,P2093,Web,Efectivo,Black Friday,2,147.96,0.0,295.92,38.47,257.45,75.0,0
RETAILMAX S.A. - VENTAS 2021,2021-001199,2021-07-16 09:22:05,S1001,C00511,P2118,Web,Billetera Digital,Promo 15%,2,65.15,0.0,130.3,16.94,113.36,45.65,0
RETAILMAX S.A. - VENTAS 2021,2021-001200,2021-10-27 00:26:21,S1038,C00070,P2004,Call Center,Financiamiento,Black Friday,1,462.1,0.15,462.1,60.07,402.03,298.92,0
RETAILMAX S.A. - VENTAS 2021,2021-001201,2021-06-26 23:26:30,S1022,C00753,P2089,Marketplace,Billetera Digital,Promo 15%,1,589.23,0.2,589.23,88.38,500.85,351.93,0
RETAILMAX S.A. - VENTAS 2021,2021-001202,2021-09-06 23:36:24,S1006,C00423,P2132,Call Center,Efectivo,2x1,1,289.45,0.1,289.45,37.63,251.82,220.13,0
RETAILMAX S.A. - VENTAS 2021,2021-001203,2021-01-08 02:21:27,S1031,C00304,P2112,Web,Efectivo,Promo 10%,1,361.76,0.0,361.76,54.26,307.5,257.82,0
RETAILMAX S.A. - VENTAS 2021,2021-001204,2021-11-08 04:21:15,S1023,C00737,P2070,Call Center,Financiamiento,Black Friday,2,614.79,0.0,1229.58,184.44,1045.14,281.04,1
RETAILMAX S.A. - VENTAS 2021,2021-001205,2021-01-07 19:04:57,S1003,C00683,P2109,Web,Transferencia,Cyber Week,4,177.04,0.15,708.16,92.06,616.1,141.94,0
RETAILMAX S.A. - VENTAS 2021,2021-001206,2021-07-24 22:48:23,S1017,C00799,P2051,Tienda,Transferencia,Black Friday,1,855.46,0.0,855.46,102.66,752.8,394.02,0
RETAILMAX S.A. - VENTAS 2021,2021-001207,2021-10-03 02:53:33,S1007,C00222,P2087,Call Center,Billetera Digital,Black Friday,5,323.78,0.0,1618.9,210.46,1408.44,166.63,0
RETAILMAX S.A. - VENTAS 2021,2021-001208,2021-05-06 09:19:23,S1017,C00428,P2093,Web,Efectivo,Cyber Week,3,147.96,0.0,443.88,53.27,390.61,75.0,1
RETAILMAX S.A. - VENTAS 2021,2021-001209,2021-08-22 06:27:36,S1017,C00161,P2069,Marketplace,Billetera Digital,Promo 15%,1,172.4,0.1,172.4,20.69,151.71,145.02,0
RETAILMAX S.A. - VENTAS 2021,2021-001210,2021-04-08 02:19:05,S1008,C00794,P2031,Marketplace,Tarjeta,Promo 10%,4,203.6,0.0,814.4,105.87,708.53,111.43,0
RETAILMAX S.A. - VENTAS 2021,2021-001211,2021-05-05 21:19:25,S1013,C00517,P2086,Call Center,Tarjeta,Black Friday,3,103.74,0.05,311.22,37.35,273.87,70.05,0
RETAILMAX S.A. - VENTAS 2021,2021-001212,2021-06-13 23:04:47,S1004,C00111,P2056,Tienda,Financiamiento,Sin Promo,1,842.59,0.05,842.59,109.54,733.05,417.23,0
RETAILMAX S.A. - VENTAS 2021,2021-001213,2021-04-12 03:38:10,S1023,C00741,P2115,Call Center,Transferencia,Black Friday,2,372.57,0.0,745.14,111.77,633.37,201.2,0
RETAILMAX S.A. - VENTAS 2021,2021-001214,2021-10-25 15:38:48,S1029,C00164,P2089,Call Center,Efectivo,Black Friday,4,736.54,0.0,2946.16,441.92,2504.24,351.93,1
RETAILMAX S.A. - VENTAS 2021,2021-001215,2021-11-11 16:36:42,S1012,C00760,P2001,Call Center,Billetera Digital,Promo 15%,6,95.82,0.0,574.92,68.99,505.93,59.67,0
RETAILMAX S.A. - VENTAS 2021,2021-001216,2021-11-20 06:25:38,S1011,C00333,P2078,Marketplace,Transferencia,Promo 15%,1,157.38,0.05,157.38,18.89,138.49,125.47,0
RETAILMAX S.A. - VENTAS 2021,2021-001217,2021-05-08 12:25:14,S1042,C00093,P2155,Marketplace,Financiamiento,Sin Promo,1,141.6,0.1,141.6,18.41,123.19,71.96,0
RETAILMAX S.A. - VENTAS 2021,2021-001218,2021-09-07 00:14:14,S1013,C00449,P2117,Call Center,Financiamiento,Promo 10%,1,75.78,0.1,75.78,9.09,66.69,41.82,0
RETAILMAX S.A. - VENTAS 2021,2021-001219,2021-02-03 15:43:45,S1020,C00800,P2113,Call Center,Transferencia,Cyber Week,2,297.65,0.0,595.3,89.29,506.01,139.53,1
RETAILMAX S.A. - VENTAS 2021,2021-001220,2021-10-03 06:39:01,S1029,C00165,P2109,Web,Efectivo,Promo 15%,1,208.28,0.0,208.28,31.24,177.04,141.94,0
RETAILMAX S.A. - VENTAS 2021,2021-001221,2021-06-06 11:39:05,S1014,C00157,P2148,Tienda,Transferencia,Black Friday,3,641.07,0.05,1923.21,230.79,1692.42,390.62,0
RETAILMAX S.A. - VENTAS 2021,2021-001222,2021-10-20 05:37:43,S1005,C00193,P2006,Call Center,Efectivo,Promo 10%,1,402.01,0.0,402.01,52.26,349.75,287.52,0
RETAILMAX S.A. - VENTAS 2021,2021-001223,2021-12-06 05:43:15,S1045,C00254,P2114,Call Center,Billetera Digital,2x1,1,498.6,0.1,498.6,64.82,433.78,274.57,1
RETAILMAX S.A. - VENTAS 2021,2021-001224,2021-05-18 08:19:39,S1033,C00638,P2099,Marketplace,Transferencia,Promo 10%,5,279.84,0.05,1399.2,209.88,1189.32,231.19,0
RETAILMAX S.A. - VENTAS 2021,2021-001225,2021-06-20 12:53:10,S1015,C00376,P2133,Call Center,Transferencia,2x1,3,52.59,0.0,157.77,18.93,138.84,38.56,0
RETAILMAX S.A. - VENTAS 2021,2021-001226,2021-07-21 15:11:13,S1020,C00137,P2148,Tienda,Financiamiento,Promo 15%,1,641.07,0.05,641.07,96.16,544.91,390.62,1
RETAILMAX S.A. - VENTAS 2021,2021-001227,2021-03-13 16:38:05,S1027,C00317,P2031,Web,Efectivo,Cyber Week,3,203.6,0.0,610.8,91.62,519.18,111.43,1
RETAILMAX S.A. - VENTAS 2021,2021-001228,2021-05-12 10:43:59,S1037,C00079,P2061,Marketplace,Financiamiento,2x1,3,42.68,0.0,128.04,16.65,111.39,26.36,0
RETAILMAX S.A. - VENTAS 2021,2021-001229,2021-10-13 20:23:16,S1026,C00160,P2149,Web,Billetera Digital,Black Friday,3,179.85,0.2,539.55,80.93,458.62,173.08,0
RETAILMAX S.A. - VENTAS 2021,2021-001230,2021-05-21 03:53:23,S1032,C00616,P2126,Marketplace,Financiamiento,Cyber Week,1,684.14,0.0,684.14,102.62,581.52,413.19,0
RETAILMAX S.A. - VENTAS 2021,2021-001231,2021-08-29 01:40:29,S1004,C00361,P2037,Call Center,Efectivo,Promo 15%,3,592.61,0.05,1777.83,231.12,1546.71,405.23,0
RETAILMAX S.A. - VENTAS 2021,2021-001232,2021-10-28 13:39:14,S1014,C00586,P2072,Marketplace,Transferencia,Black Friday,1,604.62,0.0,604.62,72.55,532.07,420.23,0
RETAILMAX S.A. - VENTAS 2021,2021-001233,2021-08-13 10:20:55,S1036,C00610,P2109,Tienda,Transferencia,Cyber Week,1,208.28,0.0,208.28,31.24,177.04,141.94,0
RETAILMAX S.A. - VENTAS 2021,2021-001234,2021-03-19 05:28:35,S1032,C00321,P2061,Web,Billetera Digital,Sin Promo,2,38.41,0.1,76.82,11.52,65.3,26.36,0
RETAILMAX S.A. - VENTAS 2021,2021-001235,2021-05-06 11:56:10,S1001,C00359,P2096,Marketplace,Billetera Digital,Black Friday,2,508.8,0.2,1017.6,132.29,885.31,369.96,0
RETAILMAX S.A. - VENTAS 2021,2021-001236,2021-12-20 00:47:44,S1043,C00441,P2073,Tienda,Transferencia,Promo 15%,1,131.65,0.2,131.65,17.11,114.54,131.1,0
RETAILMAX S.A. - VENTAS 2021,2021-001237,2021-04-20 06:42:15,S1007,C00320,P2153,Call Center,Transferencia,Promo 15%,1,407.91,0.0,407.91,53.03,354.88,293.96,0
RETAILMAX S.A. - VENTAS 2021,2021-001238,2021-12-13 09:25:51,S1039,C00414,P2065,Tienda,Efectivo,Sin Promo,1,347.05,0.15,347.05,45.12,301.93,269.16,1
RETAILMAX S.A. - VENTAS 2021,2021-001239,2021-07-30 15:33:31,S1005,C00542,P2005,Tienda,Billetera Digital,Sin Promo,1,518.63,0.05,518.63,67.42,451.21,390.45,0
RETAILMAX S.A. - VENTAS 2021,2021-001240,2021-07-11 00:35:23,S1024,C00167,P2160,Marketplace,Billetera Digital,2x1,2,812.22,0.0,1624.44,243.67,1380.77,418.28,0
RETAILMAX S.A. - VENTAS 2021,2021-001241,2021-10-22 12:09:05,S1012,C00330,P2077,Tienda,Billetera Digital,Sin Promo,2,675.49,0.15,1350.98,162.12,1188.86,400.81,0
RETAILMAX S.A. - VENTAS 2021,2021-001242,2021-02-27 19:21:39,S1013,C00661,P2045,Tienda,Billetera Digital,2x1,1,62.02,0.1,62.02,7.44,54.58,46.07,0
RETAILMAX S.A. - VENTAS 2021,2021-001243,2021-11-29 06:57:00,S1015,C00082,P2137,Call Center,Transferencia,2x1,3,342.99,0.2,1028.97,123.48,905.49,246.0,0
RETAILMAX S.A. - VENTAS 2021,2021-001244,2021-03-19 23:40:54,S1042,C00787,P2066,Marketplace,Financiamiento,Black Friday,1,524.71,0.0,524.71,68.21,456.5,297.19,1
RETAILMAX S.A. - VENTAS 2021,2021-001245,2021-08-10 00:46:55,S1006,C00537,P2016,Tienda,Billetera Digital,2x1,1,172.59,0.0,172.59,22.44,150.15,121.18,0
RETAILMAX S.A. - VENTAS 2021,2021-001246,2021-01-05 08:12:01,S1013,C00068,P2087,Marketplace,Efectivo,Black Friday,1,323.78,0.0,323.78,38.85,284.93,166.63,1
RETAILMAX S.A. - VENTAS 2021,2021-001247,2021-06-17 19:22:58,S1021,C00772,P2079,Web,Billetera Digital,Promo 15%,2,212.15,0.15,424.3,63.64,360.66,156.92,1
RETAILMAX S.A. - VENTAS 2021,2021-001248,2021-10-23 05:33:22,S1008,C00273,P2037,Web,Transferencia,Promo 10%,1,623.8,0.0,623.8,81.09,542.71,405.23,0
RETAILMAX S.A. - VENTAS 2021,2021-001249,2021-01-14 19:25:16,S1041,C00687,P2085,Tienda,Efectivo,Black Friday,2,24.82,0.2,49.64,6.45,43.19,20.07,0
RETAILMAX S.A. - VENTAS 2021,2021-001250,2021-02-05 11:55:20,S1039,C00671,P2035,Web,Efectivo,Promo 15%,4,906.6,0.0,3626.4,471.43,3154.97,418.3,0
RETAILMAX S.A. - VENTAS 2021,2021-001251,2021-08-06 09:52:10,S1045,C00777,P2046,Marketplace,Tarjeta,Promo 10%,1,362.57,0.0,362.57,47.13,315.44,192.92,0
RETAILMAX S.A. - VENTAS 2021,2021-001252,2021-03-05 13:39:26,S1036,C00364,P2059,Web,Financiamiento,Sin Promo,1,104.57,0.2,104.57,15.69,88.88,101.09,0
RETAILMAX S.A. - VENTAS 2021,2021-001253,2021-08-13 14:32:01,S1001,C00428,P2114,Call Center,Billetera Digital,Sin Promo,1,443.2,0.2,443.2,57.62,385.58,274.57,0
RETAILMAX S.A. - VENTAS 2021,2021-001254,2021-03-31 18:26:54,S1035,C00213,P2082,Tienda,Efectivo,Promo 10%,4,239.21,0.15,956.84,143.53,813.31,152.77,0
RETAILMAX S.A. - VENTAS 2021,2021-001255,2021-09-08 22:01:18,S1038,C00729,P2061,Call Center,Efectivo,Promo 10%,1,42.68,0.0,42.68,5.55,37.13,26.36,0
RETAILMAX S.A. - VENTAS 2021,2021-001256,2021-09-17 13:06:07,S1032,C00061,P2008,Tienda,Financiamiento,Sin Promo,2,786.81,0.1,1573.62,236.04,1337.58,421.75,0
RETAILMAX S.A. - VENTAS 2021,2021-001257,2021-07-14 15:17:32,S1013,C00262,P2101,Tienda,Transferencia,Promo 15%,1,269.22,0.2,269.22,32.31,236.91,262.94,0
RETAILMAX S.A. - VENTAS 2021,2021-001258,2021-02-03 15:48:24,S1029,C00798,P2133,Marketplace,Efectivo,Cyber Week,5,44.7,0.15,223.5,33.52,189.98,38.56,0
RETAILMAX S.A. - VENTAS 2021,2021-001259,2021-11-30 23:25:55,S1012,C00046,P2155,Tienda,Transferencia,Cyber Week,3,149.46,0.05,448.38,53.81,394.57,71.96,1
RETAILMAX S.A. - VENTAS 2021,2021-001260,2021-06-15 01:39:06,S1009,C00309,P2073,Web,Billetera Digital,Sin Promo,1,164.56,0.0,164.56,21.39,143.17,131.1,0
RETAILMAX S.A. - VENTAS 2021,2021-001261,2021-09-23 05:40:15,S1014,C00428,P2134,Tienda,Tarjeta,Black Friday,1,229.48,0.05,229.48,27.54,201.94,153.79,0
RETAILMAX S.A. - VENTAS 2021,2021-001262,2021-12-05 10:40:15,S1028,C00688,P2065,Web,Financiamiento,Promo 10%,1,387.88,0.05,387.88,58.18,329.7,269.16,0
RETAILMAX S.A. - VENTAS 2021,2021-001263,2021-09-23 05:30:41,S1015,C00387,P2085,Web,Transferencia,Sin Promo,3,24.82,0.2,74.46,8.94,65.52,20.07,0
RETAILMAX S.A. - VENTAS 2021,2021-001264,2021-01-16 18:06:55,S1005,C00748,P2015,Marketplace,Transferencia,Black Friday,1,165.08,0.05,165.08,21.46,143.62,122.14,0
RETAILMAX S.A. - VENTAS 2021,2021-001265,2021-01-15 00:56:25,S1011,C00559,P2051,Tienda,Efectivo,2x1,1,812.69,0.05,812.69,97.52,715.17,394.02,0
RETAILMAX S.A. - VENTAS 2021,2021-001266,2021-10-04 13:43:38,S1034,C00654,P2025,Web,Efectivo,Sin Promo,3,564.63,0.15,1693.89,254.08,1439.81,394.63,0
RETAILMAX S.A. - VENTAS 2021,2021-001267,2021-06-28 08:06:29,S1004,C00384,P2154,Tienda,Financiamiento,2x1,1,733.21,0.0,733.21,95.32,637.89,427.53,0
RETAILMAX S.A. - VENTAS 2021,2021-001268,2021-10-02 16:02:06,S1003,C00571,P2032,Tienda,Transferencia,2x1,1,419.91,0.1,419.91,54.59,365.32,330.43,0
RETAILMAX S.A. - VENTAS 2021,2021-001269,2021-05-12 04:40:03,S1045,C00438,P2029,Marketplace,Billetera Digital,Cyber Week,1,442.35,0.1,442.35,57.51,384.84,271.13,1
RETAILMAX S.A. - VENTAS 2021,2021-001270,2021-02-19 17:23:44,S1031,C00740,P2012,Web,Efectivo,Promo 10%,2,630.66,0.2,1261.32,189.2,1072.12,363.05,0
RETAILMAX S.A. - VENTAS 2021,2021-001271,2021-03-08 05:11:30,S1030,C00355,P2085,Tienda,Financiamiento,Promo 15%,1,31.02,0.0,31.02,4.65,26.37,20.07,0
RETAILMAX S.A. - VENTAS 2021,2021-001272,2021-02-23 09:05:39,S1031,C00098,P2144,Marketplace,Transferencia,Cyber Week,1,272.5,0.0,272.5,40.88,231.62,177.43,0
RETAILMAX S.A. - VENTAS 2021,2021-001273,2021-12-09 21:30:35,S1025,C00133,P2063,Marketplace,Efectivo,Promo 15%,2,63.37,0.1,126.74,19.01,107.73,34.56,0
RETAILMAX S.A. - VENTAS 2021,2021-001274,2021-07-11 05:17:14,S1031,C00081,P2151,Tienda,Financiamiento,Cyber Week,2,196.94,0.2,393.88,59.08,334.8,116.51,0
RETAILMAX S.A. - VENTAS 2021,2021-001275,2021-04-12 06:37:57,S1003,C00084,P2135,Tienda,Efectivo,Promo 10%,1,129.99,0.15,129.99,16.9,113.09,71.27,0
RETAILMAX S.A. - VENTAS 2021,2021-001276,2021-06-15 00:25:35,S1017,C00526,P2094,Marketplace,Efectivo,Cyber Week,2,665.75,0.05,1331.5,159.78,1171.72,392.99,0
RETAILMAX S.A. - VENTAS 2021,2021-001277,2021-07-27 16:27:38,S1030,C00103,P2095,Marketplace,Billetera Digital,2x1,6,693.43,0.05,4160.58,624.09,3536.49,368.2,0
RETAILMAX S.A. - VENTAS 2021,2021-001278,2021-05-24 23:51:52,S1028,C00725,P2110,Marketplace,Efectivo,Promo 15%,3,416.72,0.0,1250.16,187.52,1062.64,314.95,0
RETAILMAX S.A. - VENTAS 2021,2021-001279,2021-09-07 19:59:05,S1017,C00414,P2079,Marketplace,Billetera Digital,Promo 15%,2,249.59,0.0,499.18,59.9,439.28,156.92,0
RETAILMAX S.A. - VENTAS 2021,2021-001280,2021-07-07 15:31:44,S1024,C00382,P2013,Web,Tarjeta,Promo 10%,2,180.18,0.1,360.36,54.05,306.31,98.1,0
RETAILMAX S.A. - VENTAS 2021,2021-001281,2021-02-26 04:22:45,S1032,C00733,P2045,Web,Transferencia,Promo 15%,2,68.91,0.0,137.82,20.67,117.15,46.07,0
RETAILMAX S.A. - VENTAS 2021,2021-001282,2021-08-12 20:08:41,S1036,C00217,P2148,Web,Financiamiento,Black Friday,6,674.81,0.0,4048.86,607.33,3441.53,390.62,0
RETAILMAX S.A. - VENTAS 2021,2021-001283,2021-03-14 08:04:39,S1014,C00223,P2070,Marketplace,Billetera Digital,Black Friday,3,614.79,0.0,1844.37,221.32,1623.05,281.04,0
RETAILMAX S.A. - VENTAS 2021,2021-001284,2021-10-16 19:19:01,S1013,C00333,P2089,Marketplace,Billetera Digital,Promo 10%,2,589.23,0.2,1178.46,141.42,1037.04,351.93,1
RETAILMAX S.A. - VENTAS 2021,2021-001285,2021-09-29 06:04:16,S1032,C00799,P2136,Web,Billetera Digital,Promo 10%,1,154.8,0.0,154.8,23.22,131.58,99.42,1
RETAILMAX S.A. - VENTAS 2021,2021-001286,2021-03-19 19:41:26,S1020,C00698,P2040,Call Center,Efectivo,Promo 15%,5,53.54,0.1,267.7,40.15,227.55,35.66,0
RETAILMAX S.A. - VENTAS 2021,2021-001287,2021-07-25 10:47:42,S1027,C00049,P2061,Call Center,Financiamiento,2x1,1,38.41,0.1,38.41,5.76,32.65,26.36,0
RETAILMAX S.A. - VENTAS 2021,2021-001288,2021-03-11 10:55:20,S1013,C00729,P2069,Marketplace,Efectivo,Cyber Week,1,191.55,0.0,191.55,22.99,168.56,145.02,0
RETAILMAX S.A. - VENTAS 2021,2021-001289,2021-11-01 02:25:57,S1002,C00582,P2098,Web,Efectivo,2x1,1,612.83,0.05,612.83,79.67,533.16,389.5,0
RETAILMAX S.A. - VENTAS 2021,2021-001290,2021-05-05 14:14:40,S1017,C00593,P2118,Call Center,Financiamiento,Black Friday,3,55.38,0.15,166.14,19.94,146.2,45.65,0
RETAILMAX S.A. - VENTAS 2021,2021-001291,2021-05-08 12:45:28,S1032,C00217,P2053,Web,Financiamiento,Sin Promo,1,934.5,0.0,934.5,140.17,794.33,436.17,1
RETAILMAX S.A. - VENTAS 2021,2021-001292,2021-10-27 05:31:42,S1041,C00454,P2102,Marketplace,Transferencia,Sin Promo,1,500.87,0.0,500.87,65.11,435.76,270.07,1
RETAILMAX S.A. - VENTAS 2021,2021-001293,2021-03-02 18:57:18,S1033,C00789,P2151,Call Center,Efectivo,Cyber Week,1,246.17,0.0,246.17,36.93,209.24,116.51,0
RETAILMAX S.A. - VENTAS 2021,2021-001294,2021-06-02 04:32:46,S1036,C00702,P2120,Call Center,Efectivo,Sin Promo,2,179.55,0.1,359.1,53.87,305.23,113.2,1
RETAILMAX S.A. - VENTAS 2021,2021-001295,2021-06-24 09:54:25,S1010,C00118,P2070,Call Center,Transferencia,Sin Promo,5,614.79,0.0,3073.95,368.87,2705.08,281.04,1
RETAILMAX S.A. - VENTAS 2021,2021-001296,2021-08-27 15:30:24,S1018,C00420,P2082,Call Center,Transferencia,Promo 10%,2,239.21,0.15,478.42,57.41,421.01,152.77,0
RETAILMAX S.A. - VENTAS 2021,2021-001297,2021-02-22 03:13:29,S1006,C00526,P2013,Marketplace,Efectivo,Cyber Week,6,180.18,0.1,1081.08,140.54,940.54,98.1,0
RETAILMAX S.A. - VENTAS 2021,2021-001298,2021-12-26 15:44:45,S1023,C00388,P2058,Tienda,Transferencia,Cyber Week,2,396.02,0.15,792.04,118.81,673.23,324.41,1
RETAILMAX S.A. - VENTAS 2021,2021-001299,2021-05-22 09:09:46,S1021,C00660,P2064,Call Center,Transferencia,Promo 15%,2,91.31,0.0,182.62,27.39,155.23,57.47,0
RETAILMAX S.A. - VENTAS 2021,2021-001300,2021-01-07 03:40:55,S1012,C00186,P2063,Web,Billetera Digital,2x1,3,66.89,0.05,200.67,24.08,176.59,34.56,0
RETAILMAX S.A. - VENTAS 2021,2021-001301,2021-10-30 15:47:34,S1025,C00099,P2002,Call Center,Billetera Digital,Black Friday,2,290.16,0.0,580.32,87.05,493.27,134.76,0
RETAILMAX S.A. - VENTAS 2021,2021-001302,2021-07-12 22:05:11,S1008,C00064,P2024,Call Center,Tarjeta,Black Friday,2,268.83,0.15,537.66,69.9,467.76,197.91,0
RETAILMAX S.A. - VENTAS 2021,2021-001303,2021-10-30 23:23:57,S1017,C00201,P2065,Tienda,Tarjeta,Promo 10%,5,367.46,0.1,1837.3,220.48,1616.82,269.16,0
RETAILMAX S.A. - VENTAS 2021,2021-001304,2021-10-25 21:59:02,S1025,C00212,P2153,Tienda,Transferencia,Cyber Week,2,387.51,0.05,775.02,116.25,658.77,293.96,0
RETAILMAX S.A. - VENTAS 2021,2021-001305,2021-08-24 20:52:29,S1026,C00027,P2001,Call Center,Financiamiento,Cyber Week,4,95.82,0.0,383.28,57.49,325.79,59.67,0
RETAILMAX S.A. - VENTAS 2021,2021-001306,2021-04-21 20:38:28,S1036,C00414,P2126,Marketplace,Tarjeta,Promo 15%,1,581.52,0.15,581.52,87.23,494.29,413.19,0
RETAILMAX S.A. - VENTAS 2021,2021-001307,2021-01-15 16:37:30,S1035,C00523,P2055,Marketplace,Transferencia,Promo 15%,3,140.77,0.0,422.31,63.35,358.96,77.43,0
RETAILMAX S.A. - VENTAS 2021,2021-001308,2021-05-22 16:14:19,S1032,C00635,P2096,Call Center,Transferencia,Promo 10%,3,636.0,0.0,1908.0,286.2,1621.8,369.96,0
RETAILMAX S.A. - VENTAS 2021,2021-001309,2021-10-13 19:55:32,S1012,C00759,P2053,Call Center,Transferencia,Promo 10%,2,794.32,0.15,1588.64,190.64,1398.0,436.17,0
RETAILMAX S.A. - VENTAS 2021,2021-001310,2021-02-15 12:09:07,S1007,C00739,P2030,Web,Transferencia,Promo 15%,1,487.3,0.1,487.3,63.35,423.95,418.38,0
RETAILMAX S.A. - VENTAS 2021,2021-001311,2021-02-16 23:16:54,S1029,C00253,P2046,Call Center,Efectivo,2x1,1,326.31,0.1,326.31,48.95,277.36,192.92,0
RETAILMAX S.A. - VENTAS 2021,2021-001312,2021-05-16 17:40:27,S1001,C00555,P2150,Call Center,Transferencia,Promo 10%,1,187.26,0.2,187.26,24.34,162.92,154.53,0
RETAILMAX S.A. - VENTAS 2021,2021-001313,2021-06-15 00:34:47,S1003,C00062,P2094,Marketplace,Billetera Digital,Cyber Week,1,630.71,0.1,630.71,81.99,548.72,392.99,1
RETAILMAX S.A. - VENTAS 2021,2021-001314,2021-10-14 10:47:04,S1026,C00504,P2057,Web,Financiamiento,Black Friday,3,377.82,0.1,1133.46,170.02,963.44,314.68,1
RETAILMAX S.A. - VENTAS 2021,2021-001315,2021-02-08 07:13:53,S1040,C00203,P2087,Call Center,Transferencia,Promo 10%,1,275.21,0.15,275.21,35.78,239.43,166.63,1
RETAILMAX S.A. - VENTAS 2021,2021-001316,2021-06-24 19:23:58,S1026,C00071,P2044,Call Center,Tarjeta,Cyber Week,1,454.08,0.0,454.08,68.11,385.97,214.81,0
RETAILMAX S.A. - VENTAS 2021,2021-001317,2021-11-11 20:45:25,S1028,C00478,P2100,Web,Financiamiento,Sin Promo,5,571.97,0.0,2859.85,428.98,2430.87,422.9,0
RETAILMAX S.A. - VENTAS 2021,2021-001318,2021-10-08 05:38:37,S1036,C00483,P2101,Tienda,Financiamiento,Promo 10%,2,336.53,0.0,673.06,100.96,572.1,262.94,1
RETAILMAX S.A. - VENTAS 2021,2021-001319,2021-04-23 08:55:58,S1012,C00531,P2006,Web,Efectivo,Sin Promo,4,381.91,0.05,1527.64,183.32,1344.32,287.52,0
RETAILMAX S.A. - VENTAS 2021,2021-001320,2021-05-05 00:45:22,S1037,C00691,P2049,Call Center,Financiamiento,Black Friday,4,150.36,0.05,601.44,78.19,523.25,89.45,0
RETAILMAX S.A. - VENTAS 2021,2021-001321,2021-10-18 06:59:57,S1033,C00114,P2131,Call Center,Billetera Digital,2x1,1,157.54,0.2,157.54,23.63,133.91,119.6,1
RETAILMAX S.A. - VENTAS 2021,2021-001322,2021-05-14 13:15:06,S1008,C00457,P2146,Call Center,Transferencia,Promo 15%,3,311.26,0.0,933.78,121.39,812.39,242.22,0
RETAILMAX S.A. - VENTAS 2021,2021-001323,2021-06-13 19:40:27,S1029,C00550,P2027,Web,Transferencia,Cyber Week,1,281.97,0.15,281.97,42.3,239.67,230.42,0
RETAILMAX S.A. - VENTAS 2021,2021-001324,2021-10-03 21:04:45,S1039,C00487,P2047,Call Center,Billetera Digital,Promo 15%,1,365.43,0.2,365.43,47.51,317.92,295.44,0
RETAILMAX S.A. - VENTAS 2021,2021-001325,2021-11-06 08:17:41,S1008,C00374,P2109,Web,Financiamiento,Promo 15%,3,177.04,0.15,531.12,69.05,462.07,141.94,0
RETAILMAX S.A. - VENTAS 2021,2021-001326,2021-01-28 16:45:24,S1015,C00476,P2100,Call Center,Tarjeta,Promo 10%,2,543.37,0.05,1086.74,130.41,956.33,422.9,0
RETAILMAX S.A. - VENTAS 2021,2021-001327,2021-10-14 16:19:41,S1011,C00198,P2053,Marketplace,Financiamiento,Cyber Week,2,934.5,0.0,1869.0,224.28,1644.72,436.17,0
RETAILMAX S.A. - VENTAS 2021,2021-001328,2021-02-02 12:54:13,S1015,C00385,P2116,Marketplace,Billetera Digital,Promo 15%,1,632.31,0.15,632.31,75.88,556.43,358.01,1
RETAILMAX S.A. - VENTAS 2021,2021-001329,2021-01-15 21:45:46,S1039,C00406,P2057,Web,Financiamiento,Promo 10%,2,356.83,0.15,713.66,92.78,620.88,314.68,1
RETAILMAX S.A. - VENTAS 2021,2021-001330,2021-08-20 11:16:49,S1039,C00275,P2020,Marketplace,Transferencia,Promo 10%,2,41.96,0.15,83.92,10.91,73.01,32.33,0
RETAILMAX S.A. - VENTAS 2021,2021-001331,2021-09-18 14:49:24,S1026,C00089,P2133,Marketplace,Tarjeta,Black Friday,1,47.33,0.1,47.33,7.1,40.23,38.56,0
RETAILMAX S.A. - VENTAS 2021,2021-001332,2021-12-31 13:02:49,S1036,C00177,P2056,Tienda,Billetera Digital,Sin Promo,2,709.55,0.2,1419.1,212.86,1206.24,417.23,0
RETAILMAX S.A. - VENTAS 2021,2021-001333,2021-07-31 05:52:09,S1045,C00424,P2059,Web,Efectivo,Sin Promo,3,130.71,0.0,392.13,50.98,341.15,101.09,1
RETAILMAX S.A. - VENTAS 2021,2021-001334,2021-09-11 04:21:03,S1016,C00748,P2115,Call Center,Billetera Digital,Cyber Week,1,372.57,0.0,372.57,44.71,327.86,201.2,1
RETAILMAX S.A. - VENTAS 2021,2021-001335,2021-07-18 14:50:21,S1013,C00283,P2158,Web,Transferencia,Promo 10%,1,515.27,0.05,515.27,61.83,453.44,274.83,0
RETAILMAX S.A. - VENTAS 2021,2021-001336,2021-06-09 12:55:51,S1004,C00625,P2009,Marketplace,Financiamiento,Sin Promo,1,496.86,0.05,496.86,64.59,432.27,287.2,0
RETAILMAX S.A. - VENTAS 2021,2021-001337,2021-05-14 14:36:55,S1034,C00019,P2041,Tienda,Transferencia,2x1,1,46.52,0.0,46.52,6.98,39.54,34.06,0
RETAILMAX S.A. - VENTAS 2021,2021-001338,2021-09-26 09:23:06,S1021,C00090,P2020,Tienda,Billetera Digital,Sin Promo,1,44.42,0.1,44.42,6.66,37.76,32.33,1
RETAILMAX S.A. - VENTAS 2021,2021-001339,2021-07-11 03:28:36,S1013,C00778,P2113,Tienda,Tarjeta,Promo 15%,1,267.88,0.1,267.88,32.15,235.73,139.53,0
RETAILMAX S.A. - VENTAS 2021,2021-001340,2021-06-06 01:00:24,S1031,C00338,P2049,Marketplace,Tarjeta,Promo 10%,3,142.44,0.1,427.32,64.1,363.22,89.45,0
RETAILMAX S.A. - VENTAS 2021,2021-001341,2021-11-22 22:36:18,S1034,C00542,P2034,Web,Transferencia,Sin Promo,2,236.66,0.1,473.32,71.0,402.32,122.22,1
RETAILMAX S.A. - VENTAS 2021,2021-001342,2021-03-21 21:50:06,S1031,C00760,P2111,Call Center,Efectivo,Black Friday,1,292.12,0.0,292.12,43.82,248.3,191.52,0
RETAILMAX S.A. - VENTAS 2021,2021-001343,2021-08-16 01:06:16,S1045,C00474,P2089,Tienda,Transferencia,Promo 15%,2,662.89,0.1,1325.78,172.35,1153.43,351.93,0
RETAILMAX S.A. - VENTAS 2021,2021-001344,2021-06-28 06:34:07,S1029,C00724,P2150,Tienda,Financiamiento,Promo 10%,2,234.07,0.0,468.14,70.22,397.92,154.53,0
RETAILMAX S.A. - VENTAS 2021,2021-001345,2021-03-21 22:19:32,S1019,C00158,P2147,Call Center,Financiamiento,Sin Promo,4,520.77,0.05,2083.08,312.46,1770.62,299.7,1
RETAILMAX S.A. - VENTAS 2021,2021-001346,2021-10-11 02:23:00,S1033,C00609,P2047,Web,Efectivo,2x1,1,456.79,0.0,456.79,68.52,388.27,295.44,0
RETAILMAX S.A. - VENTAS 2021,2021-001347,2021-07-26 01:30:51,S1010,C00423,P2156,Tienda,Billetera Digital,Sin Promo,1,77.36,0.05,77.36,9.28,68.08,55.02,1
RETAILMAX S.A. - VENTAS 2021,2021-001348,2021-12-02 11:40:15,S1032,C00083,P2009,Call Center,Billetera Digital,Cyber Week,4,470.71,0.1,1882.84,282.43,1600.41,287.2,0
RETAILMAX S.A. - VENTAS 2021,2021-001349,2021-05-25 11:39:44,S1025,C00713,P2102,Web,Transferencia,Cyber Week,1,400.7,0.2,400.7,60.1,340.6,270.07,0
RETAILMAX S.A. - VENTAS 2021,2021-001350,2021-07-26 15:50:34,S1009,C00120,P2065,Tienda,Financiamiento,Sin Promo,1,387.88,0.05,387.88,50.42,337.46,269.16,0
RETAILMAX S.A. - VENTAS 2021,2021-001351,2021-10-15 17:37:32,S1004,C00043,P2027,Call Center,Transferencia,Cyber Week,2,331.73,0.0,663.46,86.25,577.21,230.42,1
RETAILMAX S.A. - VENTAS 2021,2021-001352,2021-01-29 19:12:27,S1005,C00296,P2109,Tienda,Transferencia,Black Friday,3,208.28,0.0,624.84,81.23,543.61,141.94,1
RETAILMAX S.A. - VENTAS 2021,2021-001353,2021-10-20 19:45:44,S1045,C00288,P2061,Tienda,Billetera Digital,Sin Promo,1,42.68,0.0,42.68,5.55,37.13,26.36,0
RETAILMAX S.A. - VENTAS 2021,2021-001354,2021-06-05 14:00:49,S1017,C00211,P2056,Tienda,Financiamiento,Cyber Week,1,798.25,0.1,798.25,95.79,702.46,417.23,0
RETAILMAX S.A. - VENTAS 2021,2021-001355,2021-09-26 06:29:28,S1018,C00541,P2101,Tienda,Efectivo,Sin Promo,2,286.05,0.15,572.1,68.65,503.45,262.94,0
RETAILMAX S.A. - VENTAS 2021,2021-001356,2021-04-06 08:04:01,S1023,C00261,P2028,Web,Financiamiento,Promo 10%,3,598.19,0.0,1794.57,269.19,1525.38,344.08,0
RETAILMAX S.A. - VENTAS 2021,2021-001357,2021-11-24 22:19:09,S1021,C00305,P2024,Web,Tarjeta,Promo 15%,1,300.46,0.05,300.46,45.07,255.39,197.91,0
RETAILMAX S.A. - VENTAS 2021,2021-001358,2021-05-04 12:02:32,S1020,C00564,P2108,Web,Transferencia,2x1,6,269.21,0.05,1615.26,242.29,1372.97,144.01,0
RETAILMAX S.A. - VENTAS 2021,2021-001359,2021-03-21 05:09:28,S1006,C00700,P2068,Marketplace,Financiamiento,Cyber Week,2,221.76,0.1,443.52,57.66,385.86,122.46,0
RETAILMAX S.A. - VENTAS 2021,2021-001360,2021-12-30 22:47:56,S1011,C00249,P2137,Marketplace,Financiamiento,Cyber Week,1,364.43,0.15,364.43,43.73,320.7,246.0,0
RETAILMAX S.A. - VENTAS 2021,2021-001361,2021-08-01 15:03:36,S1044,C00672,P2051,Web,Financiamiento,Promo 15%,1,684.37,0.2,684.37,88.97,595.4,394.02,0
RETAILMAX S.A. - VENTAS 2021,2021-001362,2021-01-06 22:48:41,S1001,C00426,P2104,Call Center,Efectivo,Cyber Week,2,702.23,0.0,1404.46,182.58,1221.88,405.18,1
RETAILMAX S.A. - VENTAS 2021,2021-001363,2021-04-25 02:34:03,S1033,C00796,P2037,Web,Financiamiento,Sin Promo,2,623.8,0.0,1247.6,187.14,1060.46,405.23,0
RETAILMAX S.A. - VENTAS 2021,2021-001364,2021-10-02 11:55:10,S1014,C00578,P2134,Marketplace,Financiamiento,Promo 15%,1,205.33,0.15,205.33,24.64,180.69,153.79,0
RETAILMAX S.A. - VENTAS 2021,2021-001365,2021-05-27 10:21:56,S1043,C00657,P2155,Tienda,Tarjeta,2x1,4,157.33,0.0,629.32,81.81,547.51,71.96,0
RETAILMAX S.A. - VENTAS 2021,2021-001366,2021-02-14 20:11:52,S1031,C00697,P2151,Web,Billetera Digital,Sin Promo,3,246.17,0.0,738.51,110.78,627.73,116.51,0
RETAILMAX S.A. - VENTAS 2021,2021-001367,2021-09-03 03:58:51,S1015,C00256,P2063,Call Center,Efectivo,Sin Promo,1,70.41,0.0,70.41,8.45,61.96,34.56,1
RETAILMAX S.A. - VENTAS 2021,2021-001368,2021-02-04 08:48:06,S1041,C00104,P2122,Call Center,Efectivo,2x1,2,681.62,0.0,1363.24,177.22,1186.02,324.38,0
RETAILMAX S.A. - VENTAS 2021,2021-001369,2021-01-22 18:20:10,S1037,C00070,P2044,Web,Transferencia,Sin Promo,3,454.08,0.0,1362.24,177.09,1185.15,214.81,0
RETAILMAX S.A. - VENTAS 2021,2021-001370,2021-01-08 05:33:36,S1001,C00603,P2012,Web,Transferencia,2x1,1,788.33,0.0,788.33,102.48,685.85,363.05,0
RETAILMAX S.A. - VENTAS 2021,2021-001371,2021-11-26 02:03:16,S1016,C00035,P2024,Marketplace,Billetera Digital,Sin Promo,1,316.27,0.0,316.27,37.95,278.32,197.91,0
RETAILMAX S.A. - VENTAS 2021,2021-001372,2021-04-05 22:50:10,S1011,C00513,P2144,Call Center,Tarjeta,2x1,1,231.62,0.15,231.62,27.79,203.83,177.43,0
RETAILMAX S.A. - VENTAS 2021,2021-001373,2021-05-06 21:54:20,S1014,C00446,P2093,Web,Efectivo,Black Friday,2,133.16,0.1,266.32,31.96,234.36,75.0,0
RETAILMAX S.A. - VENTAS 2021,2021-001374,2021-01-30 04:03:16,S1021,C00474,P2007,Tienda,Billetera Digital,Cyber Week,2,201.43,0.05,402.86,60.43,342.43,162.45,0
RETAILMAX S.A. - VENTAS 2021,2021-001375,2021-06-14 13:29:05,S1001,C00739,P2102,Web,Tarjeta,2x1,1,500.87,0.0,500.87,65.11,435.76,270.07,0
RETAILMAX S.A. - VENTAS 2021,2021-001376,2021-10-16 02:07:36,S1006,C00304,P2139,Tienda,Efectivo,Cyber Week,3,16.22,0.2,48.66,6.33,42.33,12.71,0
RETAILMAX S.A. - VENTAS 2021,2021-001377,2021-10-16 19:51:50,S1043,C00547,P2140,Call Center,Billetera Digital,Cyber Week,1,12.25,0.15,12.25,1.59,10.66,6.63,0
RETAILMAX S.A. - VENTAS 2021,2021-001378,2021-05-25 22:25:46,S1017,C00481,P2084,Web,Financiamiento,Black Friday,1,9.26,0.15,9.26,1.11,8.15,8.31,0
RETAILMAX S.A. - VENTAS 2021,2021-001379,2021-06-26 23:10:53,S1024,C00634,P2159,Call Center,Billetera Digital,Promo 15%,2,640.88,0.0,1281.76,192.26,1089.5,434.27,0
RETAILMAX S.A. - VENTAS 2021,2021-001380,2021-03-15 10:26:39,S1034,C00689,P2052,Call Center,Transferencia,Promo 10%,2,94.69,0.0,189.38,28.41,160.97,47.67,0
RETAILMAX S.A. - VENTAS 2021,2021-001381,2021-01-11 15:43:08,S1039,C00117,P2154,Tienda,Financiamiento,2x1,3,733.21,0.0,2199.63,285.95,1913.68,427.53,1
RETAILMAX S.A. - VENTAS 2021,2021-001382,2021-10-05 08:15:51,S1024,C00407,P2036,Marketplace,Efectivo,2x1,6,288.63,0.0,1731.78,259.77,1472.01,143.03,0
RETAILMAX S.A. - VENTAS 2021,2021-001383,2021-08-02 16:46:09,S1036,C00474,P2072,Call Center,Financiamiento,Promo 15%,3,574.39,0.05,1723.17,258.48,1464.69,420.23,0
RETAILMAX S.A. - VENTAS 2021,2021-001384,2021-06-16 14:31:22,S1028,C00551,P2059,Web,Efectivo,Promo 10%,1,117.64,0.1,117.64,17.65,99.99,101.09,1
RETAILMAX S.A. - VENTAS 2021,2021-001385,2021-04-08 20:41:39,S1015,C00121,P2068,Marketplace,Financiamiento,Black Friday,1,197.12,0.2,197.12,23.65,173.47,122.46,0
RETAILMAX S.A. - VENTAS 2021,2021-001386,2021-07-11 23:26:50,S1014,C00060,P2101,Web,Financiamiento,Sin Promo,1,319.7,0.05,319.7,38.36,281.34,262.94,0
RETAILMAX S.A. - VENTAS 2021,2021-001387,2021-11-30 16:28:06,S1008,C00249,P2065,Call Center,Tarjeta,Promo 10%,1,326.63,0.2,326.63,42.46,284.17,269.16,0
RETAILMAX S.A. - VENTAS 2021,2021-001388,2021-06-22 20:05:11,S1015,C00614,P2041,Call Center,Billetera Digital,2x1,4,39.54,0.15,158.16,18.98,139.18,34.06,0
RETAILMAX S.A. - VENTAS 2021,2021-001389,2021-08-15 00:52:04,S1019,C00296,P2018,Web,Transferencia,Cyber Week,2,372.27,0.05,744.54,111.68,632.86,224.11,1
RETAILMAX S.A. - VENTAS 2021,2021-001390,2021-10-16 05:40:28,S1021,C00345,P2043,Web,Efectivo,2x1,2,282.25,0.1,564.5,84.67,479.83,244.5,0
RETAILMAX S.A. - VENTAS 2021,2021-001391,2021-08-28 08:56:44,S1001,C00717,P2042,Call Center,Transferencia,Black Friday,4,401.39,0.0,1605.56,208.72,1396.84,233.31,0
RETAILMAX S.A. - VENTAS 2021,2021-001392,2021-09-29 22:52:04,S1008,C00595,P2049,Tienda,Tarjeta,Sin Promo,4,134.53,0.15,538.12,69.96,468.16,89.45,0
RETAILMAX S.A. - VENTAS 2021,2021-001393,2021-01-05 01:55:14,S1021,C00479,P2102,Marketplace,Transferencia,Promo 10%,1,500.87,0.0,500.87,75.13,425.74,270.07,1
RETAILMAX S.A. - VENTAS 2021,2021-001394,2021-03-19 07:45:19,S1033,C00575,P2074,Marketplace,Billetera Digital,Promo 15%,1,281.27,0.0,281.27,42.19,239.08,138.92,0
RETAILMAX S.A. - VENTAS 2021,2021-001395,2021-08-17 17:17:50,S1035,C00052,P2033,Marketplace,Transferencia,Sin Promo,1,80.36,0.0,80.36,12.05,68.31,61.26,0
RETAILMAX S.A. - VENTAS 2021,2021-001396,2021-03-23 05:32:05,S1031,C00746,P2058,Call Center,Efectivo,Black Friday,1,465.91,0.0,465.91,69.89,396.02,324.41,0
RETAILMAX S.A. - VENTAS 2021,2021-001397,2021-11-18 17:05:47,S1025,C00792,P2069,Web,Tarjeta,Cyber Week,2,191.55,0.0,383.1,57.47,325.63,145.02,0
RETAILMAX S.A. - VENTAS 2021,2021-001398,2021-08-16 03:32:03,S1019,C00374,P2114,Call Center,Financiamiento,2x1,3,554.0,0.0,1662.0,249.3,1412.7,274.57,0
RETAILMAX S.A. - VENTAS 2021,2021-001399,2021-03-29 00:43:35,S1041,C00625,P2130,Marketplace,Financiamiento,Black Friday,2,561.03,0.2,1122.06,145.87,976.19,404.15,0
RETAILMAX S.A. - VENTAS 2021,2021-001400,2021-04-04 16:17:12,S1040,C00530,P2051,Marketplace,Transferencia,Sin Promo,4,812.69,0.05,3250.76,422.6,2828.16,394.02,0
RETAILMAX S.A. - VENTAS 2021,2021-001401,2021-02-05 06:27:10,S1044,C00517,P2003,Call Center,Efectivo,Sin Promo,1,508.72,0.0,508.72,66.13,442.59,261.5,1
RETAILMAX S.A. - VENTAS 2021,2021-001402,2021-04-11 23:05:28,S1032,C00019,P2115,Tienda,Transferencia,Black Friday,1,316.68,0.15,316.68,47.5,269.18,201.2,0
RETAILMAX S.A. - VENTAS 2021,2021-001403,2021-01-09 22:38:28,S1014,C00326,P2100,Web,Transferencia,Promo 15%,4,543.37,0.05,2173.48,260.82,1912.66,422.9,0
RETAILMAX S.A. - VENTAS 2021,2021-001404,2021-09-20 10:12:12,S1015,C00335,P2070,Call Center,Transferencia,Promo 10%,6,614.79,0.0,3688.74,442.65,3246.09,281.04,0
RETAILMAX S.A. - VENTAS 2021,2021-001405,2021-11-29 08:41:40,S1016,C00657,P2135,Call Center,Financiamiento,Promo 15%,3,152.93,0.0,458.79,55.05,403.74,71.27,0
RETAILMAX S.A. - VENTAS 2021,2021-001406,2021-05-20 23:54:34,S1011,C00216,P2121,Marketplace,Billetera Digital,Sin Promo,2,417.78,0.0,835.56,100.27,735.29,207.12,0
RETAILMAX S.A. - VENTAS 2021,2021-001407,2021-11-16 00:23:19,S1044,C00197,P2075,Marketplace,Financiamiento,Promo 10%,3,580.05,0.0,1740.15,226.22,1513.93,301.87,0
RETAILMAX S.A. - VENTAS 2021,2021-001408,2021-07-14 14:08:27,S1041,C00422,P2019,Marketplace,Financiamiento,Promo 15%,1,400.58,0.15,400.58,52.08,348.5,283.84,0
RETAILMAX S.A. - VENTAS 2021,2021-001409,2021-09-20 15:27:21,S1026,C00795,P2085,Web,Transferencia,Cyber Week,1,31.02,0.0,31.02,4.65,26.37,20.07,0
RETAILMAX S.A. - VENTAS 2021,2021-001410,2021-10-10 07:01:24,S1014,C00674,P2100,Tienda,Financiamiento,Cyber Week,2,571.97,0.0,1143.94,137.27,1006.67,422.9,0
RETAILMAX S.A. - VENTAS 2021,2021-001411,2021-12-08 11:36:01,S1023,C00503,P2020,Tienda,Efectivo,Sin Promo,4,49.36,0.0,197.44,29.62,167.82,32.33,0
RETAILMAX S.A. - VENTAS 2021,2021-001412,2021-02-08 06:26:53,S1034,C00308,P2012,Web,Tarjeta,Sin Promo,1,788.33,0.0,788.33,118.25,670.08,363.05,0
RETAILMAX S.A. - VENTAS 2021,2021-001413,2021-01-07 12:25:13,S1018,C00553,P2083,Tienda,Efectivo,Black Friday,4,471.08,0.1,1884.32,226.12,1658.2,334.59,1
RETAILMAX S.A. - VENTAS 2021,2021-001414,2021-08-24 22:58:26,S1009,C00311,P2059,Tienda,Billetera Digital,Sin Promo,4,104.57,0.2,418.28,54.38,363.9,101.09,0
RETAILMAX S.A. - VENTAS 2021,2021-001415,2021-12-27 05:03:01,S1038,C00040,P2092,Tienda,Efectivo,Sin Promo,1,682.12,0.15,682.12,88.68,593.44,416.32,1
RETAILMAX S.A. - VENTAS 2021,2021-001416,2021-02-16 00:08:23,S1004,C00763,P2079,Web,Efectivo,Sin Promo,2,212.15,0.15,424.3,55.16,369.14,156.92,1
RETAILMAX S.A. - VENTAS 2021,2021-001417,2021-02-10 14:05:11,S1026,C00790,P2110,Web,Financiamiento,Promo 10%,1,375.05,0.1,375.05,56.26,318.79,314.95,1
RETAILMAX S.A. - VENTAS 2021,2021-001418,2021-09-11 22:02:38,S1002,C00615,P2056,Marketplace,Billetera Digital,Sin Promo,3,842.59,0.05,2527.77,328.61,2199.16,417.23,0
RETAILMAX S.A. - VENTAS 2021,2021-001419,2021-04-05 18:28:50,S1007,C00350,P2158,Web,Transferencia,Promo 10%,1,542.39,0.0,542.39,70.51,471.88,274.83,0
RETAILMAX S.A. - VENTAS 2021,2021-001420,2021-10-22 06:53:37,S1045,C00395,P2085,Tienda,Efectivo,Promo 10%,2,26.37,0.15,52.74,6.86,45.88,20.07,0
RETAILMAX S.A. - VENTAS 2021,2021-001421,2021-04-27 05:54:49,S1039,C00617,P2114,Marketplace,Billetera Digital,2x1,1,443.2,0.2,443.2,57.62,385.58,274.57,0
RETAILMAX S.A. - VENTAS 2021,2021-001422,2021-11-24 10:23:28,S1020,C00742,P2003,Marketplace,Efectivo,Black Friday,1,508.72,0.0,508.72,76.31,432.41,261.5,0
RETAILMAX S.A. - VENTAS 2021,2021-001423,2021-12-02 09:09:46,S1036,C00493,P2150,Tienda,Tarjeta,Sin Promo,1,234.07,0.0,234.07,35.11,198.96,154.53,0
RETAILMAX S.A. - VENTAS 2021,2021-001424,2021-06-26 02:11:57,S1043,C00379,P2080,Call Center,Tarjeta,Cyber Week,2,241.43,0.2,482.86,62.77,420.09,221.89,1
RETAILMAX S.A. - VENTAS 2021,2021-001425,2021-08-17 00:26:12,S1038,C00562,P2052,Tienda,Transferencia,Black Friday,5,80.49,0.15,402.45,52.32,350.13,47.67,0
RETAILMAX S.A. - VENTAS 2021,2021-001426,2021-12-24 22:02:44,S1011,C00771,P2123,Marketplace,Transferencia,2x1,2,175.11,0.0,350.22,42.03,308.19,112.82,0
RETAILMAX S.A. - VENTAS 2021,2021-001427,2021-09-03 13:29:14,S1020,C00400,P2042,Call Center,Transferencia,Black Friday,2,321.11,0.2,642.22,96.33,545.89,233.31,1
RETAILMAX S.A. - VENTAS 2021,2021-001428,2021-04-08 08:18:19,S1027,C00051,P2024,Marketplace,Financiamiento,2x1,2,316.27,0.0,632.54,94.88,537.66,197.91,0
RETAILMAX S.A. - VENTAS 2021,2021-001429,2021-06-16 14:40:53,S1018,C00442,P2119,Call Center,Efectivo,Promo 10%,2,724.93,0.05,1449.86,173.98,1275.88,363.73,1
RETAILMAX S.A. - VENTAS 2021,2021-001430,2021-07-17 15:16:37,S1039,C00238,P2152,Web,Transferencia,2x1,5,399.61,0.2,1998.05,259.75,1738.3,338.06,1
RETAILMAX S.A. - VENTAS 2021,2021-001431,2021-03-18 14:32:32,S1028,C00090,P2085,Web,Efectivo,Black Friday,1,29.47,0.05,29.47,4.42,25.05,20.07,0
RETAILMAX S.A. - VENTAS 2021,2021-001432,2021-04-22 03:27:11,S1001,C00134,P2058,Web,Transferencia,Promo 15%,1,442.61,0.05,442.61,57.54,385.07,324.41,0
RETAILMAX S.A. - VENTAS 2021,2021-001433,2021-01-12 18:06:25,S1039,C00408,P2105,Marketplace,Efectivo,Promo 10%,1,676.15,0.0,676.15,87.9,588.25,320.12,0
RETAILMAX S.A. - VENTAS 2021,2021-001434,2021-11-07 18:10:22,S1031,C00003,P2107,Web,Financiamiento,Cyber Week,2,257.6,0.2,515.2,77.28,437.92,196.36,0
RETAILMAX S.A. - VENTAS 2021,2021-001435,2021-06-30 03:51:35,S1024,C00288,P2066,Call Center,Billetera Digital,Promo 15%,1,524.71,0.0,524.71,78.71,446.0,297.19,0
RETAILMAX S.A. - VENTAS 2021,2021-001436,2021-05-01 18:53:15,S1011,C00001,P2154,Web,Financiamiento,2x1,5,586.57,0.2,2932.85,351.94,2580.91,427.53,0
RETAILMAX S.A. - VENTAS 2021,2021-001437,2021-06-07 22:59:33,S1020,C00300,P2019,Marketplace,Billetera Digital,2x1,1,400.58,0.15,400.58,60.09,340.49,283.84,0
RETAILMAX S.A. - VENTAS 2021,2021-001438,2021-03-04 21:48:47,S1021,C00625,P2128,Marketplace,Transferencia,Cyber Week,1,557.39,0.0,557.39,83.61,473.78,269.57,0
RETAILMAX S.A. - VENTAS 2021,2021-001439,2021-07-09 20:34:58,S1023,C00047,P2141,Tienda,Financiamiento,Promo 15%,5,832.49,0.0,4162.45,624.37,3538.08,384.64,0
RETAILMAX S.A. - VENTAS 2021,2021-001440,2021-05-07 07:37:33,S1004,C00432,P2028,Web,Transferencia,Cyber Week,5,508.46,0.15,2542.3,330.5,2211.8,344.08,0
RETAILMAX S.A. - VENTAS 2021,2021-001441,2021-05-24 20:12:24,S1023,C00729,P2082,Marketplace,Efectivo,Promo 10%,1,225.14,0.2,225.14,33.77,191.37,152.77,0
RETAILMAX S.A. - VENTAS 2021,2021-001442,2021-11-20 20:50:09,S1034,C00464,P2137,Web,Efectivo,2x1,5,428.74,0.0,2143.7,321.55,1822.15,246.0,0
RETAILMAX S.A. - VENTAS 2021,2021-001443,2021-08-29 00:42:22,S1041,C00796,P2070,Call Center,Efectivo,Black Friday,1,614.79,0.0,614.79,79.92,534.87,281.04,0
RETAILMAX S.A. - VENTAS 2021,2021-001444,2021-02-11 19:16:07,S1016,C00220,P2056,Marketplace,Tarjeta,2x1,2,798.25,0.1,1596.5,191.58,1404.92,417.23,0
RETAILMAX S.A. - VENTAS 2021,2021-001445,2021-04-09 10:03:23,S1034,C00246,P2016,Tienda,Financiamiento,Promo 10%,3,172.59,0.0,517.77,77.67,440.1,121.18,0
RETAILMAX S.A. - VENTAS 2021,2021-001446,2021-11-21 00:06:40,S1015,C00408,P2053,Call Center,Billetera Digital,Promo 10%,1,747.6,0.2,747.6,89.71,657.89,436.17,0
RETAILMAX S.A. - VENTAS 2021,2021-001447,2021-06-13 17:38:50,S1030,C00552,P2086,Web,Efectivo,Black Friday,6,98.28,0.1,589.68,88.45,501.23,70.05,0
RETAILMAX S.A. - VENTAS 2021,2021-001448,2021-03-03 10:45:47,S1025,C00099,P2032,Web,Billetera Digital,Black Friday,3,396.58,0.15,1189.74,178.46,1011.28,330.43,0
RETAILMAX S.A. - VENTAS 2021,2021-001449,2021-05-08 13:41:24,S1011,C00135,P2062,Tienda,Transferencia,Promo 15%,2,89.51,0.2,179.02,21.48,157.54,74.21,0
RETAILMAX S.A. - VENTAS 2021,2021-001450,2021-03-15 10:46:50,S1045,C00692,P2114,Call Center,Tarjeta,Promo 15%,1,470.9,0.15,470.9,61.22,409.68,274.57,0
RETAILMAX S.A. - VENTAS 2021,2021-001451,2021-03-17 16:15:47,S1007,C00397,P2039,Web,Billetera Digital,2x1,2,429.3,0.1,858.6,111.62,746.98,251.05,0
RETAILMAX S.A. - VENTAS 2021,2021-001452,2021-02-25 09:57:35,S1008,C00574,P2122,Call Center,Transferencia,Promo 10%,2,681.62,0.0,1363.24,177.22,1186.02,324.38,0
RETAILMAX S.A. - VENTAS 2021,2021-001453,2021-03-07 11:45:10,S1006,C00216,P2046,Tienda,Transferencia,Black Friday,5,362.57,0.0,1812.85,235.67,1577.18,192.92,0
RETAILMAX S.A. - VENTAS 2021,2021-001454,2021-07-08 05:09:39,S1006,C00319,P2022,Call Center,Billetera Digital,Sin Promo,1,382.44,0.15,382.44,49.72,332.72,325.44,1
RETAILMAX S.A. - VENTAS 2021,2021-001455,2021-08-11 23:31:55,S1022,C00741,P2024,Marketplace,Billetera Digital,Sin Promo,1,316.27,0.0,316.27,47.44,268.83,197.91,1
RETAILMAX S.A. - VENTAS 2021,2021-001456,2021-05-25 11:47:49,S1035,C00568,P2131,Tienda,Billetera Digital,Sin Promo,2,177.24,0.1,354.48,53.17,301.31,119.6,1
RETAILMAX S.A. - VENTAS 2021,2021-001457,2021-03-09 18:05:00,S1042,C00119,P2132,Web,Efectivo,Sin Promo,1,321.61,0.0,321.61,41.81,279.8,220.13,0
RETAILMAX S.A. - VENTAS 2021,2021-001458,2021-03-25 08:33:23,S1021,C00484,P2095,Marketplace,Transferencia,Sin Promo,1,729.93,0.0,729.93,109.49,620.44,368.2,0
RETAILMAX S.A. - VENTAS 2021,2021-001459,2021-06-25 02:31:59,S1040,C00581,P2040,Tienda,Billetera Digital,2x1,2,53.54,0.1,107.08,13.92,93.16,35.66,1
RETAILMAX S.A. - VENTAS 2021,2021-001460,2021-07-22 05:38:34,S1020,C00205,P2091,Web,Financiamiento,Promo 10%,2,541.5,0.0,1083.0,162.45,920.55,397.11,0
RETAILMAX S.A. - VENTAS 2021,2021-001461,2021-05-14 08:16:45,S1034,C00014,P2010,Tienda,Tarjeta,Cyber Week,1,343.48,0.15,343.48,51.52,291.96,210.17,1
RETAILMAX S.A. - VENTAS 2021,2021-001462,2021-04-26 17:25:43,S1029,C00514,P2064,Web,Efectivo,Promo 10%,1,91.31,0.0,91.31,13.7,77.61,57.47,0
RETAILMAX S.A. - VENTAS 2021,2021-001463,2021-06-13 11:45:29,S1026,C00113,P2129,Call Center,Tarjeta,Black Friday,1,429.21,0.15,429.21,64.38,364.83,401.84,0
RETAILMAX S.A. - VENTAS 2021,2021-001464,2021-09-10 00:51:21,S1011,C00785,P2013,Call Center,Billetera Digital,Sin Promo,2,170.17,0.15,340.34,40.84,299.5,98.1,0
RETAILMAX S.A. - VENTAS 2021,2021-001465,2021-04-13 21:28:09,S1040,C00679,P2145,Call Center,Tarjeta,Promo 15%,1,118.01,0.0,118.01,15.34,102.67,77.61,1
RETAILMAX S.A. - VENTAS 2021,2021-001466,2021-02-11 21:10:29,S1005,C00628,P2019,Web,Financiamiento,Promo 10%,4,424.14,0.1,1696.56,220.55,1476.01,283.84,0
RETAILMAX S.A. - VENTAS 2021,2021-001467,2021-10-02 00:16:03,S1015,C00062,P2147,Marketplace,Transferencia,Black Friday,4,465.95,0.15,1863.8,223.66,1640.14,299.7,0
RETAILMAX S.A. - VENTAS 2021,2021-001468,2021-09-19 14:08:30,S1028,C00701,P2045,Marketplace,Transferencia,Promo 10%,1,68.91,0.0,68.91,10.34,58.57,46.07,0
RETAILMAX S.A. - VENTAS 2021,2021-001469,2021-05-14 14:17:43,S1021,C00356,P2075,Call Center,Tarjeta,2x1,1,580.05,0.0,580.05,87.01,493.04,301.87,0
RETAILMAX S.A. - VENTAS 2021,2021-001470,2021-11-30 18:38:03,S1001,C00297,P2158,Web,Tarjeta,Sin Promo,3,542.39,0.0,1627.17,211.53,1415.64,274.83,0
RETAILMAX S.A. - VENTAS 2021,2021-001471,2021-02-24 07:29:06,S1025,C00314,P2133,Marketplace,Efectivo,Black Friday,1,47.33,0.1,47.33,7.1,40.23,38.56,0
RETAILMAX S.A. - VENTAS 2021,2021-001472,2021-07-04 16:53:08,S1027,C00464,P2151,Web,Billetera Digital,Promo 15%,1,209.24,0.15,209.24,31.39,177.85,116.51,0
RETAILMAX S.A. - VENTAS 2021,2021-001473,2021-09-19 00:52:01,S1036,C00435,P2045,Web,Transferencia,Promo 10%,1,68.91,0.0,68.91,10.34,58.57,46.07,0
RETAILMAX S.A. - VENTAS 2021,2021-001474,2021-07-18 11:55:07,S1009,C00323,P2023,Web,Financiamiento,2x1,2,503.26,0.05,1006.52,130.85,875.67,346.8,0
RETAILMAX S.A. - VENTAS 2021,2021-001475,2021-11-02 10:23:20,S1010,C00094,P2090,Web,Tarjeta,Black Friday,3,105.3,0.15,315.9,37.91,277.99,72.93,0
RETAILMAX S.A. - VENTAS 2021,2021-001476,2021-01-01 01:08:09,S1034,C00263,P2052,Tienda,Transferencia,Sin Promo,2,75.75,0.2,151.5,22.72,128.78,47.67,0
RETAILMAX S.A. - VENTAS 2021,2021-001477,2021-08-16 13:53:13,S1024,C00529,P2044,Tienda,Tarjeta,Promo 15%,3,454.08,0.0,1362.24,204.34,1157.9,214.81,0
RETAILMAX S.A. - VENTAS 2021,2021-001478,2021-11-27 06:56:46,S1033,C00701,P2008,Marketplace,Tarjeta,Promo 15%,5,743.1,0.15,3715.5,557.32,3158.18,421.75,0
RETAILMAX S.A. - VENTAS 2021,2021-001479,2021-12-01 00:48:55,S1011,C00489,P2076,Tienda,Transferencia,Promo 10%,1,97.52,0.0,97.52,11.7,85.82,50.2,0
RETAILMAX S.A. - VENTAS 2021,2021-001480,2021-08-22 07:27:05,S1016,C00439,P2139,Tienda,Financiamiento,Promo 10%,1,17.24,0.15,17.24,2.07,15.17,12.71,0
RETAILMAX S.A. - VENTAS 2021,2021-001481,2021-02-27 03:08:04,S1042,C00363,P2157,Marketplace,Transferencia,Sin Promo,3,212.21,0.05,636.63,82.76,553.87,118.28,1
RETAILMAX S.A. - VENTAS 2021,2021-001482,2021-10-16 17:27:58,S1035,C00013,P2062,Web,Efectivo,Sin Promo,1,95.11,0.15,95.11,14.27,80.84,74.21,0
RETAILMAX S.A. - VENTAS 2021,2021-001483,2021-12-14 13:44:29,S1009,C00405,P2121,Call Center,Financiamiento,2x1,1,396.89,0.05,396.89,51.6,345.29,207.12,0
RETAILMAX S.A. - VENTAS 2021,2021-001484,2021-01-07 20:59:57,S1009,C00419,P2156,Tienda,Transferencia,Cyber Week,4,69.22,0.15,276.88,35.99,240.89,55.02,0
RETAILMAX S.A. - VENTAS 2021,2021-001485,2021-09-03 07:22:48,S1037,C00426,P2039,Marketplace,Efectivo,Promo 10%,3,477.0,0.0,1431.0,186.03,1244.97,251.05,1
RETAILMAX S.A. - VENTAS 2021,2021-001486,2021-08-18 00:04:15,S1037,C00358,P2039,Call Center,Billetera Digital,Cyber Week,6,477.0,0.0,2862.0,372.06,2489.94,251.05,0
RETAILMAX S.A. - VENTAS 2021,2021-001487,2021-04-29 01:43:18,S1018,C00202,P2107,Marketplace,Financiamiento,2x1,1,322.0,0.0,322.0,38.64,283.36,196.36,0
RETAILMAX S.A. - VENTAS 2021,2021-001488,2021-03-25 13:35:24,S1004,C00721,P2103,Web,Transferencia,Cyber Week,2,424.9,0.0,849.8,110.47,739.33,274.37,1
RETAILMAX S.A. - VENTAS 2021,2021-001489,2021-06-27 14:49:06,S1011,C00375,P2077,Marketplace,Financiamiento,Promo 15%,1,754.96,0.05,754.96,90.6,664.36,400.81,0
RETAILMAX S.A. - VENTAS 2021,2021-001490,2021-03-17 18:00:16,S1020,C00251,P2079,Marketplace,Financiamiento,Sin Promo,2,237.11,0.05,474.22,71.13,403.09,156.92,0
RETAILMAX S.A. - VENTAS 2021,2021-001491,2021-05-10 05:00:40,S1039,C00352,P2113,Call Center,Financiamiento,Black Friday,1,297.65,0.0,297.65,38.69,258.96,139.53,1
RETAILMAX S.A. - VENTAS 2021,2021-001492,2021-03-26 01:33:24,S1011,C00300,P2091,Web,Billetera Digital,Promo 15%,1,433.2,0.2,433.2,51.98,381.22,397.11,0
RETAILMAX S.A. - VENTAS 2021,2021-001493,2021-11-20 05:48:16,S1034,C00735,P2058,Web,Efectivo,Cyber Week,4,419.32,0.1,1677.28,251.59,1425.69,324.41,0
RETAILMAX S.A. - VENTAS 2021,2021-001494,2021-02-11 15:15:16,S1017,C00342,P2061,Tienda,Billetera Digital,Sin Promo,4,38.41,0.1,153.64,18.44,135.2,26.36,0
RETAILMAX S.A. - VENTAS 2021,2021-001495,2021-01-03 09:16:26,S1010,C00431,P2032,Web,Efectivo,Cyber Week,5,396.58,0.15,1982.9,237.95,1744.95,330.43,1
RETAILMAX S.A. - VENTAS 2021,2021-001496,2021-06-21 17:48:37,S1001,C00146,P2064,Marketplace,Billetera Digital,2x1,1,77.61,0.15,77.61,10.09,67.52,57.47,0
RETAILMAX S.A. - VENTAS 2021,2021-001497,2021-12-03 14:18:05,S1030,C00691,P2039,Call Center,Tarjeta,Promo 10%,1,477.0,0.0,477.0,71.55,405.45,251.05,1
RETAILMAX S.A. - VENTAS 2021,2021-001498,2021-11-26 16:31:01,S1029,C00285,P2105,Web,Tarjeta,Black Friday,1,574.73,0.15,574.73,86.21,488.52,320.12,0
RETAILMAX S.A. - VENTAS 2021,2021-001499,2021-09-11 05:15:20,S1022,C00681,P2032,Marketplace,Efectivo,2x1,4,396.58,0.15,1586.32,237.95,1348.37,330.43,0
RETAILMAX S.A. - VENTAS 2021,2021-001500,2021-04-18 19:43:56,S1024,C00338,P2033,Web,Tarjeta,Sin Promo,2,64.29,0.2,128.58,19.29,109.29,61.26,0
RETAILMAX S.A. - VENTAS 2021,2021-001501,2021-06-01 04:24:29,S1004,C00138,P2116,Tienda,Tarjeta,Promo 15%,1,595.12,0.2,595.12,77.37,517.75,358.01,0
RETAILMAX S.A. - VENTAS 2021,2021-001502,2021-03-02 15:21:41,S1033,C00054,P2121,Call Center,Tarjeta,Cyber Week,5,355.11,0.15,1775.55,266.33,1509.22,207.12,0
RETAILMAX S.A. - VENTAS 2021,2021-001503,2021-06-03 12:29:39,S1023,C00047,P2047,Marketplace,Financiamiento,Black Friday,1,456.79,0.0,456.79,68.52,388.27,295.44,0
RETAILMAX S.A. - VENTAS 2021,2021-001504,2021-09-02 23:07:39,S1010,C00411,P2154,Call Center,Tarjeta,2x1,2,733.21,0.0,1466.42,175.97,1290.45,427.53,0
RETAILMAX S.A. - VENTAS 2021,2021-001505,2021-06-29 01:07:48,S1034,C00600,P2036,Call Center,Billetera Digital,Sin Promo,1,274.2,0.05,274.2,41.13,233.07,143.03,0
RETAILMAX S.A. - VENTAS 2021,2021-001506,2021-12-19 21:22:35,S1045,C00623,P2106,Call Center,Tarjeta,2x1,2,461.42,0.0,922.84,119.97,802.87,310.34,0
RETAILMAX S.A. - VENTAS 2021,2021-001507,2021-09-07 03:09:40,S1008,C00513,P2125,Tienda,Tarjeta,Promo 10%,2,310.19,0.1,620.38,80.65,539.73,235.01,1
RETAILMAX S.A. - VENTAS 2021,2021-001508,2021-11-20 03:25:21,S1010,C00428,P2154,Marketplace,Efectivo,Black Friday,2,623.23,0.15,1246.46,149.58,1096.88,427.53,0
RETAILMAX S.A. - VENTAS 2021,2021-001509,2021-01-18 11:45:19,S1044,C00242,P2072,Call Center,Efectivo,Black Friday,1,483.7,0.2,483.7,62.88,420.82,420.23,0
RETAILMAX S.A. - VENTAS 2021,2021-001510,2021-02-18 00:22:29,S1009,C00004,P2087,Tienda,Billetera Digital,2x1,2,291.4,0.1,582.8,75.76,507.04,166.63,0
RETAILMAX S.A. - VENTAS 2021,2021-001511,2021-09-15 06:35:54,S1026,C00418,P2157,Call Center,Billetera Digital,Cyber Week,2,189.87,0.15,379.74,56.96,322.78,118.28,1
RETAILMAX S.A. - VENTAS 2021,2021-001512,2021-01-25 09:13:07,S1026,C00277,P2038,Call Center,Efectivo,2x1,2,118.96,0.15,237.92,35.69,202.23,104.22,0
RETAILMAX S.A. - VENTAS 2021,2021-001513,2021-03-25 01:26:58,S1030,C00394,P2089,Call Center,Tarjeta,Cyber Week,1,736.54,0.0,736.54,110.48,626.06,351.93,0
RETAILMAX S.A. - VENTAS 2021,2021-001514,2021-02-09 07:14:59,S1042,C00251,P2148,Tienda,Financiamiento,Cyber Week,2,674.81,0.0,1349.62,175.45,1174.17,390.62,1
RETAILMAX S.A. - VENTAS 2021,2021-001515,2021-04-01 13:42:57,S1008,C00235,P2119,Web,Transferencia,Cyber Week,1,763.08,0.0,763.08,99.2,663.88,363.73,0
RETAILMAX S.A. - VENTAS 2021,2021-001516,2021-09-10 08:19:40,S1025,C00558,P2025,Tienda,Tarjeta,Promo 10%,3,531.42,0.2,1594.26,239.14,1355.12,394.63,0
RETAILMAX S.A. - VENTAS 2021,2021-001517,2021-03-09 22:02:05,S1042,C00386,P2121,Call Center,Transferencia,Cyber Week,2,396.89,0.05,793.78,103.19,690.59,207.12,0
RETAILMAX S.A. - VENTAS 2021,2021-001518,2021-01-11 19:07:15,S1018,C00601,P2156,Tienda,Financiamiento,2x1,4,81.43,0.0,325.72,39.09,286.63,55.02,0
RETAILMAX S.A. - VENTAS 2021,2021-001519,2021-05-23 15:53:05,S1019,C00090,P2102,Tienda,Tarjeta,Sin Promo,2,475.83,0.05,951.66,142.75,808.91,270.07,0
RETAILMAX S.A. - VENTAS 2021,2021-001520,2021-12-07 13:01:16,S1028,C00615,P2125,Web,Efectivo,Sin Promo,2,310.19,0.1,620.38,93.06,527.32,235.01,0
RETAILMAX S.A. - VENTAS 2021,2021-001521,2021-03-24 03:08:41,S1045,C00578,P2120,Web,Financiamiento,Cyber Week,2,169.57,0.15,339.14,44.09,295.05,113.2,0
RETAILMAX S.A. - VENTAS 2021,2021-001522,2021-07-11 20:17:35,S1040,C00364,P2137,Web,Billetera Digital,2x1,1,428.74,0.0,428.74,55.74,373.0,246.0,0
RETAILMAX S.A. - VENTAS 2021,2021-001523,2021-10-14 01:26:50,S1033,C00722,P2128,Marketplace,Efectivo,Cyber Week,1,557.39,0.0,557.39,83.61,473.78,269.57,1
RETAILMAX S.A. - VENTAS 2021,2021-001524,2021-07-20 00:24:27,S1031,C00384,P2093,Tienda,Tarjeta,Black Friday,1,133.16,0.1,133.16,19.97,113.19,75.0,1
RETAILMAX S.A. - VENTAS 2021,2021-001525,2021-05-17 21:19:12,S1029,C00196,P2111,Web,Transferencia,Promo 10%,2,292.12,0.0,584.24,87.64,496.6,191.52,0
RETAILMAX S.A. - VENTAS 2021,2021-001526,2021-04-20 06:52:08,S1041,C00738,P2057,Call Center,Efectivo,Sin Promo,2,398.81,0.05,797.62,103.69,693.93,314.68,0
RETAILMAX S.A. - VENTAS 2021,2021-001527,2021-07-18 20:08:07,S1022,C00442,P2058,Tienda,Efectivo,Cyber Week,2,419.32,0.1,838.64,125.8,712.84,324.41,0
RETAILMAX S.A. - VENTAS 2021,2021-001528,2021-09-19 05:17:38,S1001,C00622,P2114,Call Center,Billetera Digital,Sin Promo,4,554.0,0.0,2216.0,288.08,1927.92,274.57,0
RETAILMAX S.A. - VENTAS 2021,2021-001529,2021-03-26 08:59:43,S1032,C00391,P2113,Marketplace,Efectivo,Promo 15%,2,282.77,0.05,565.54,84.83,480.71,139.53,0
RETAILMAX S.A. - VENTAS 2021,2021-001530,2021-01-31 15:43:26,S1035,C00016,P2142,Call Center,Tarjeta,Promo 10%,1,493.89,0.0,493.89,74.08,419.81,331.65,1
RETAILMAX S.A. - VENTAS 2021,2021-001531,2021-07-11 14:13:39,S1014,C00406,P2124,Web,Efectivo,2x1,2,380.55,0.2,761.1,91.33,669.77,351.18,0
RETAILMAX S.A. - VENTAS 2021,2021-001532,2021-09-18 14:48:04,S1031,C00737,P2139,Web,Efectivo,Black Friday,2,16.22,0.2,32.44,4.87,27.57,12.71,0
RETAILMAX S.A. - VENTAS 2021,2021-001533,2021-05-28 18:06:00,S1044,C00128,P2156,Tienda,Financiamiento,Sin Promo,3,77.36,0.05,232.08,30.17,201.91,55.02,0
RETAILMAX S.A. - VENTAS 2021,2021-001534,2021-02-13 05:17:59,S1012,C00236,P2138,Marketplace,Transferencia,2x1,3,720.1,0.0,2160.3,259.24,1901.06,375.47,0
RETAILMAX S.A. - VENTAS 2021,2021-001535,2021-08-26 23:40:18,S1001,C00366,P2152,Marketplace,Billetera Digital,Black Friday,3,499.51,0.0,1498.53,194.81,1303.72,338.06,0
RETAILMAX S.A. - VENTAS 2021,2021-001536,2021-06-07 17:06:32,S1028,C00420,P2133,Web,Financiamiento,Promo 15%,2,49.96,0.05,99.92,14.99,84.93,38.56,0
RETAILMAX S.A. - VENTAS 2021,2021-001537,2021-12-21 17:49:42,S1038,C00163,P2012,Tienda,Transferencia,Cyber Week,5,709.5,0.1,3547.5,461.18,3086.32,363.05,0
RETAILMAX S.A. - VENTAS 2021,2021-001538,2021-05-19 10:31:12,S1013,C00730,P2085,Marketplace,Transferencia,Promo 10%,2,31.02,0.0,62.04,7.44,54.6,20.07,0
RETAILMAX S.A. - VENTAS 2021,2021-001539,2021-04-08 12:41:20,S1038,C00626,P2146,Marketplace,Billetera Digital,Cyber Week,5,311.26,0.0,1556.3,202.32,1353.98,242.22,0
RETAILMAX S.A. - VENTAS 2021,2021-001540,2021-05-23 09:36:31,S1032,C00746,P2056,Web,Billetera Digital,Promo 10%,2,753.9,0.15,1507.8,226.17,1281.63,417.23,1
RETAILMAX S.A. - VENTAS 2021,2021-001541,2021-06-01 06:54:59,S1036,C00228,P2066,Marketplace,Efectivo,2x1,2,524.71,0.0,1049.42,157.41,892.01,297.19,0
RETAILMAX S.A. - VENTAS 2021,2021-001542,2021-09-24 06:18:49,S1045,C00601,P2127,Marketplace,Efectivo,Promo 10%,1,622.76,0.15,622.76,80.96,541.8,361.43,0
RETAILMAX S.A. - VENTAS 2021,2021-001543,2021-11-21 12:17:00,S1010,C00575,P2088,Call Center,Transferencia,Promo 10%,1,486.13,0.15,486.13,58.34,427.79,308.2,0
RETAILMAX S.A. - VENTAS 2021,2021-001544,2021-09-05 09:51:26,S1044,C00191,P2043,Marketplace,Efectivo,Promo 15%,5,297.93,0.05,1489.65,193.65,1296.0,244.5,0
RETAILMAX S.A. - VENTAS 2021,2021-001545,2021-02-06 09:11:40,S1020,C00338,P2155,Call Center,Tarjeta,Sin Promo,1,149.46,0.05,149.46,22.42,127.04,71.96,0
RETAILMAX S.A. - VENTAS 2021,2021-001546,2021-05-11 18:01:27,S1021,C00261,P2127,Marketplace,Billetera Digital,Black Friday,2,659.39,0.1,1318.78,197.82,1120.96,361.43,0
RETAILMAX S.A. - VENTAS 2021,2021-001547,2021-04-12 09:40:25,S1001,C00074,P2021,Call Center,Billetera Digital,Sin Promo,1,417.5,0.05,417.5,54.27,363.23,239.98,0
RETAILMAX S.A. - VENTAS 2021,2021-001548,2021-08-12 14:05:09,S1009,C00675,P2135,Web,Tarjeta,Promo 15%,1,152.93,0.0,152.93,19.88,133.05,71.27,0
RETAILMAX S.A. - VENTAS 2021,2021-001549,2021-01-22 02:33:31,S1008,C00663,P2139,Marketplace,Efectivo,Sin Promo,1,18.25,0.1,18.25,2.37,15.88,12.71,1
RETAILMAX S.A. - VENTAS 2021,2021-001550,2021-12-18 15:24:38,S1014,C00707,P2047,Tienda,Tarjeta,Sin Promo,1,388.27,0.15,388.27,46.59,341.68,295.44,0
RETAILMAX S.A. - VENTAS 2021,2021-001551,2021-11-16 10:05:29,S1005,C00657,P2097,Web,Efectivo,Black Friday,1,521.13,0.0,521.13,67.75,453.38,298.37,0
RETAILMAX S.A. - VENTAS 2021,2021-001552,2021-10-20 09:42:41,S1028,C00581,P2133,Web,Efectivo,Sin Promo,4,52.59,0.0,210.36,31.55,178.81,38.56,0
RETAILMAX S.A. - VENTAS 2021,2021-001553,2021-10-27 11:31:52,S1003,C00141,P2020,Call Center,Efectivo,Black Friday,3,49.36,0.0,148.08,19.25,128.83,32.33,0
RETAILMAX S.A. - VENTAS 2021,2021-001554,2021-01-09 05:50:23,S1003,C00013,P2054,Marketplace,Financiamiento,Sin Promo,1,393.79,0.15,393.79,51.19,342.6,220.6,0
RETAILMAX S.A. - VENTAS 2021,2021-001555,2021-05-07 14:47:47,S1026,C00693,P2066,Web,Efectivo,Promo 10%,1,498.47,0.05,498.47,74.77,423.7,297.19,0
RETAILMAX S.A. - VENTAS 2021,2021-001556,2021-02-24 00:06:55,S1021,C00752,P2014,Call Center,Billetera Digital,Black Friday,1,430.19,0.0,430.19,64.53,365.66,296.33,0
RETAILMAX S.A. - VENTAS 2021,2021-001557,2021-08-17 07:46:09,S1045,C00487,P2137,Tienda,Financiamiento,Cyber Week,1,342.99,0.2,342.99,44.59,298.4,246.0,0
RETAILMAX S.A. - VENTAS 2021,2021-001558,2021-08-15 05:28:31,S1005,C00573,P2093,Call Center,Tarjeta,Black Friday,3,140.56,0.05,421.68,54.82,366.86,75.0,0
RETAILMAX S.A. - VENTAS 2021,2021-001559,2021-04-16 17:53:44,S1012,C00188,P2053,Marketplace,Transferencia,Sin Promo,2,841.05,0.1,1682.1,201.85,1480.25,436.17,0
RETAILMAX S.A. - VENTAS 2021,2021-001560,2021-09-17 22:24:52,S1005,C00566,P2065,Web,Transferencia,Promo 10%,1,387.88,0.05,387.88,50.42,337.46,269.16,1
RETAILMAX S.A. - VENTAS 2021,2021-001561,2021-02-09 21:52:48,S1036,C00780,P2026,Call Center,Efectivo,2x1,3,390.93,0.15,1172.79,175.92,996.87,230.43,0
RETAILMAX S.A. - VENTAS 2021,2021-001562,2021-04-22 11:26:24,S1036,C00597,P2051,Web,Transferencia,Promo 10%,1,855.46,0.0,855.46,128.32,727.14,394.02,0
RETAILMAX S.A. - VENTAS 2021,2021-001563,2021-11-04 17:06:06,S1022,C00392,P2001,Web,Tarjeta,2x1,5,81.45,0.15,407.25,61.09,346.16,59.67,1
RETAILMAX S.A. - VENTAS 2021,2021-001564,2021-01-12 14:09:29,S1022,C00300,P2023,Call Center,Tarjeta,2x1,2,529.75,0.0,1059.5,158.92,900.58,346.8,0
RETAILMAX S.A. - VENTAS 2021,2021-001565,2021-08-17 15:26:32,S1002,C00617,P2036,Marketplace,Efectivo,Promo 15%,1,288.63,0.0,288.63,37.52,251.11,143.03,0
RETAILMAX S.A. - VENTAS 2021,2021-001566,2021-05-14 17:25:21,S1003,C00301,P2060,Web,Tarjeta,2x1,1,383.25,0.0,383.25,49.82,333.43,245.82,0
RETAILMAX S.A. - VENTAS 2021,2021-001567,2021-01-25 08:19:20,S1023,C00491,P2015,Tienda,Billetera Digital,Cyber Week,1,173.77,0.0,173.77,26.07,147.7,122.14,0
RETAILMAX S.A. - VENTAS 2021,2021-001568,2021-01-26 09:06:59,S1032,C00527,P2024,Call Center,Efectivo,Promo 15%,1,316.27,0.0,316.27,47.44,268.83,197.91,0
RETAILMAX S.A. - VENTAS 2021,2021-001569,2021-08-12 10:08:25,S1003,C00448,P2005,Web,Financiamiento,Promo 15%,4,545.93,0.0,2183.72,283.88,1899.84,390.45,0
RETAILMAX S.A. - VENTAS 2021,2021-001570,2021-09-24 02:25:52,S1010,C00506,P2080,Tienda,Billetera Digital,Cyber Week,1,301.79,0.0,301.79,36.21,265.58,221.89,1
RETAILMAX S.A. - VENTAS 2021,2021-001571,2021-04-01 10:29:40,S1009,C00331,P2058,Web,Efectivo,Sin Promo,2,442.61,0.05,885.22,115.08,770.14,324.41,0
RETAILMAX S.A. - VENTAS 2021,2021-001572,2021-11-05 02:48:18,S1041,C00580,P2140,Marketplace,Efectivo,Black Friday,1,14.41,0.0,14.41,1.87,12.54,6.63,0
RETAILMAX S.A. - VENTAS 2021,2021-001573,2021-08-25 20:09:00,S1012,C00089,P2114,Web,Efectivo,Black Friday,3,470.9,0.15,1412.7,169.52,1243.18,274.57,0
RETAILMAX S.A. - VENTAS 2021,2021-001574,2021-05-06 00:19:06,S1045,C00097,P2053,Marketplace,Billetera Digital,Sin Promo,1,934.5,0.0,934.5,121.48,813.02,436.17,0
RETAILMAX S.A. - VENTAS 2021,2021-001575,2021-09-16 02:04:11,S1027,C00163,P2101,Tienda,Financiamiento,Promo 10%,1,336.53,0.0,336.53,50.48,286.05,262.94,0
RETAILMAX S.A. - VENTAS 2021,2021-001576,2021-05-04 22:10:18,S1031,C00209,P2038,Marketplace,Financiamiento,Promo 10%,3,125.95,0.1,377.85,56.68,321.17,104.22,0
RETAILMAX S.A. - VENTAS 2021,2021-001577,2021-03-31 04:00:01,S1039,C00675,P2057,Tienda,Tarjeta,2x1,3,419.8,0.0,1259.4,163.72,1095.68,314.68,0
RETAILMAX S.A. - VENTAS 2021,2021-001578,2021-01-01 10:27:24,S1016,C00220,P2119,Call Center,Financiamiento,Black Friday,2,610.46,0.2,1220.92,146.51,1074.41,363.73,0
RETAILMAX S.A. - VENTAS 2021,2021-001579,2021-07-26 19:06:59,S1024,C00207,P2013,Marketplace,Billetera Digital,Black Friday,2,170.17,0.15,340.34,51.05,289.29,98.1,1
RETAILMAX S.A. - VENTAS 2021,2021-001580,2021-07-27 09:09:15,S1003,C00396,P2160,Web,Billetera Digital,2x1,2,771.61,0.05,1543.22,200.62,1342.6,418.28,0
RETAILMAX S.A. - VENTAS 2021,2021-001581,2021-01-19 07:31:57,S1036,C00559,P2117,Marketplace,Tarjeta,Black Friday,1,84.2,0.0,84.2,12.63,71.57,41.82,0
RETAILMAX S.A. - VENTAS 2021,2021-001582,2021-07-15 13:41:15,S1043,C00461,P2028,Marketplace,Financiamiento,Promo 10%,1,598.19,0.0,598.19,77.76,520.43,344.08,0
RETAILMAX S.A. - VENTAS 2021,2021-001583,2021-04-21 15:51:26,S1014,C00080,P2032,Web,Financiamiento,Black Friday,3,373.26,0.2,1119.78,134.37,985.41,330.43,1
RETAILMAX S.A. - VENTAS 2021,2021-001584,2021-03-13 23:37:55,S1032,C00299,P2100,Web,Efectivo,Sin Promo,3,543.37,0.05,1630.11,244.52,1385.59,422.9,0
RETAILMAX S.A. - VENTAS 2021,2021-001585,2021-08-13 09:12:30,S1029,C00744,P2046,Call Center,Transferencia,Promo 10%,2,344.44,0.05,688.88,103.33,585.55,192.92,0
RETAILMAX S.A. - VENTAS 2021,2021-001586,2021-03-08 15:08:19,S1032,C00650,P2134,Web,Tarjeta,Promo 15%,5,241.56,0.0,1207.8,181.17,1026.63,153.79,0
RETAILMAX S.A. - VENTAS 2021,2021-001587,2021-01-28 12:45:47,S1020,C00716,P2074,Call Center,Tarjeta,Black Friday,2,267.21,0.05,534.42,80.16,454.26,138.92,0
RETAILMAX S.A. - VENTAS 2021,2021-001588,2021-07-01 18:39:42,S1031,C00397,P2147,Call Center,Tarjeta,Promo 15%,2,548.18,0.0,1096.36,164.45,931.91,299.7,0
RETAILMAX S.A. - VENTAS 2021,2021-001589,2021-04-10 11:17:57,S1034,C00248,P2016,Tienda,Tarjeta,Promo 10%,4,172.59,0.0,690.36,103.55,586.81,121.18,1
RETAILMAX S.A. - VENTAS 2021,2021-001590,2021-12-31 20:26:48,S1020,C00049,P2006,Web,Billetera Digital,Promo 15%,1,402.01,0.0,402.01,60.3,341.71,287.52,0
RETAILMAX S.A. - VENTAS 2021,2021-001591,2021-08-18 14:41:16,S1017,C00257,P2068,Call Center,Transferencia,Black Friday,1,221.76,0.1,221.76,26.61,195.15,122.46,0
RETAILMAX S.A. - VENTAS 2021,2021-001592,2021-05-26 13:23:50,S1024,C00181,P2037,Tienda,Financiamiento,2x1,1,561.42,0.1,561.42,84.21,477.21,405.23,0
RETAILMAX S.A. - VENTAS 2021,2021-001593,2021-09-21 01:18:59,S1017,C00336,P2156,Tienda,Efectivo,2x1,2,73.29,0.1,146.58,17.59,128.99,55.02,0
RETAILMAX S.A. - VENTAS 2021,2021-001594,2021-12-05 16:00:53,S1004,C00689,P2073,Marketplace,Efectivo,Promo 10%,3,139.88,0.15,419.64,54.55,365.09,131.1,0
RETAILMAX S.A. - VENTAS 2021,2021-001595,2021-02-17 22:27:34,S1008,C00209,P2073,Web,Tarjeta,Sin Promo,1,156.33,0.05,156.33,20.32,136.01,131.1,0
RETAILMAX S.A. - VENTAS 2021,2021-001596,2021-01-07 04:50:24,S1034,C00134,P2147,Web,Financiamiento,Promo 10%,1,493.36,0.1,493.36,74.0,419.36,299.7,0
RETAILMAX S.A. - VENTAS 2021,2021-001597,2021-10-08 20:41:13,S1040,C00402,P2106,Tienda,Tarjeta,Promo 10%,1,461.42,0.0,461.42,59.98,401.44,310.34,0
RETAILMAX S.A. - VENTAS 2021,2021-001598,2021-05-16 17:34:23,S1006,C00654,P2079,Call Center,Efectivo,Cyber Week,3,249.59,0.0,748.77,97.34,651.43,156.92,0
RETAILMAX S.A. - VENTAS 2021,2021-001599,2021-02-28 02:54:41,S1009,C00264,P2113,Marketplace,Billetera Digital,Cyber Week,2,238.12,0.2,476.24,61.91,414.33,139.53,0
RETAILMAX S.A. - VENTAS 2021,2021-001600,2021-08-29 09:23:47,S1034,C00102,P2111,Marketplace,Transferencia,Black Friday,2,262.91,0.1,525.82,78.87,446.95,191.52,0
RETAILMAX S.A. - VENTAS 2021,2021-001601,2021-12-08 21:28:23,S1002,C00149,P2026,Web,Efectivo,Sin Promo,2,459.92,0.0,919.84,119.58,800.26,230.43,0
RETAILMAX S.A. - VENTAS 2021,2021-001602,2021-09-05 09:54:36,S1015,C00153,P2050,Marketplace,Financiamiento,Cyber Week,1,246.56,0.1,246.56,29.59,216.97,192.16,0
RETAILMAX S.A. - VENTAS 2021,2021-001603,2021-01-27 21:32:34,S1011,C00657,P2104,Marketplace,Tarjeta,Promo 10%,1,561.78,0.2,561.78,67.41,494.37,405.18,0
RETAILMAX S.A. - VENTAS 2021,2021-001604,2021-04-25 07:58:18,S1044,C00596,P2152,Call Center,Efectivo,Sin Promo,4,499.51,0.0,1998.04,259.75,1738.29,338.06,1
RETAILMAX S.A. - VENTAS 2021,2021-001605,2021-10-05 18:25:01,S1006,C00585,P2126,Call Center,Financiamiento,Black Friday,1,581.52,0.15,581.52,75.6,505.92,413.19,0
RETAILMAX S.A. - VENTAS 2021,2021-001606,2021-06-03 02:57:13,S1010,C00348,P2140,Call Center,Tarjeta,Promo 15%,1,12.97,0.1,12.97,1.56,11.41,6.63,0
RETAILMAX S.A. - VENTAS 2021,2021-001607,2021-08-12 14:46:45,S1039,C00601,P2119,Call Center,Financiamiento,Sin Promo,3,763.08,0.0,2289.24,297.6,1991.64,363.73,0
RETAILMAX S.A. - VENTAS 2021,2021-001608,2021-07-09 04:18:16,S1028,C00636,P2060,Call Center,Financiamiento,Black Friday,1,364.09,0.05,364.09,54.61,309.48,245.82,0
RETAILMAX S.A. - VENTAS 2021,2021-001609,2021-07-27 15:39:34,S1001,C00200,P2050,Web,Billetera Digital,Promo 10%,3,273.95,0.0,821.85,106.84,715.01,192.16,0
RETAILMAX S.A. - VENTAS 2021,2021-001610,2021-03-23 21:46:18,S1035,C00211,P2044,Tienda,Tarjeta,Sin Promo,1,431.38,0.05,431.38,64.71,366.67,214.81,0
RETAILMAX S.A. - VENTAS 2021,2021-001611,2021-01-05 05:27:46,S1037,C00736,P2034,Tienda,Efectivo,Sin Promo,2,249.8,0.05,499.6,64.95,434.65,122.22,0
RETAILMAX S.A. - VENTAS 2021,2021-001612,2021-08-30 06:27:54,S1011,C00555,P2028,Marketplace,Transferencia,Cyber Week,1,598.19,0.0,598.19,71.78,526.41,344.08,0
RETAILMAX S.A. - VENTAS 2021,2021-001613,2021-02-14 01:28:19,S1001,C00499,P2119,Marketplace,Tarjeta,Sin Promo,1,763.08,0.0,763.08,99.2,663.88,363.73,0
RETAILMAX S.A. - VENTAS 2021,2021-001614,2021-02-12 01:26:19,S1019,C00285,P2095,Web,Efectivo,2x1,2,583.94,0.2,1167.88,175.18,992.7,368.2,0
RETAILMAX S.A. - VENTAS 2021,2021-001615,2021-02-25 09:43:59,S1005,C00587,P2143,Tienda,Billetera Digital,Promo 15%,2,157.9,0.1,315.8,41.05,274.75,101.86,0
RETAILMAX S.A. - VENTAS 2021,2021-001616,2021-02-03 16:49:59,S1003,C00653,P2015,Web,Billetera Digital,Sin Promo,2,173.77,0.0,347.54,45.18,302.36,122.14,0
RETAILMAX S.A. - VENTAS 2021,2021-001617,2021-11-07 08:08:52,S1025,C00158,P2135,Call Center,Transferencia,Cyber Week,2,152.93,0.0,305.86,45.88,259.98,71.27,0
RETAILMAX S.A. - VENTAS 2021,2021-001618,2021-12-22 17:12:32,S1028,C00655,P2109,Marketplace,Transferencia,Cyber Week,3,208.28,0.0,624.84,93.73,531.11,141.94,1
RETAILMAX S.A. - VENTAS 2021,2021-001619,2021-07-25 15:13:04,S1008,C00087,P2035,Marketplace,Transferencia,Promo 10%,3,906.6,0.0,2719.8,353.57,2366.23,418.3,0
RETAILMAX S.A. - VENTAS 2021,2021-001620,2021-08-25 05:24:53,S1024,C00499,P2043,Tienda,Tarjeta,Black Friday,3,313.61,0.0,940.83,141.12,799.71,244.5,0
RETAILMAX S.A. - VENTAS 2021,2021-001621,2021-03-17 03:55:13,S1037,C00738,P2144,Web,Tarjeta,Promo 15%,6,272.5,0.0,1635.0,212.55,1422.45,177.43,0
RETAILMAX S.A. - VENTAS 2021,2021-001622,2021-12-19 11:38:56,S1021,C00563,P2046,Call Center,Financiamiento,2x1,2,308.18,0.15,616.36,92.45,523.91,192.92,0
RETAILMAX S.A. - VENTAS 2021,2021-001623,2021-11-26 20:06:07,S1019,C00280,P2027,Web,Financiamiento,Cyber Week,3,331.73,0.0,995.19,149.28,845.91,230.42,0
RETAILMAX S.A. - VENTAS 2021,2021-001624,2021-07-06 05:41:56,S1041,C00004,P2108,Tienda,Tarjeta,Sin Promo,1,283.38,0.0,283.38,36.84,246.54,144.01,0
RETAILMAX S.A. - VENTAS 2021,2021-001625,2021-07-19 06:47:33,S1044,C00387,P2088,Call Center,Transferencia,2x1,3,543.32,0.05,1629.96,211.89,1418.07,308.2,0
RETAILMAX S.A. - VENTAS 2021,2021-001626,2021-06-17 15:22:38,S1020,C00168,P2157,Web,Tarjeta,Promo 10%,2,178.7,0.2,357.4,53.61,303.79,118.28,0
RETAILMAX S.A. - VENTAS 2021,2021-001627,2021-08-01 03:23:38,S1035,C00597,P2069,Web,Tarjeta,Promo 10%,2,191.55,0.0,383.1,57.47,325.63,145.02,0
RETAILMAX S.A. - VENTAS 2021,2021-001628,2021-09-20 21:59:17,S1036,C00182,P2113,Web,Efectivo,2x1,2,297.65,0.0,595.3,89.29,506.01,139.53,0
RETAILMAX S.A. - VENTAS 2021,2021-001629,2021-01-05 22:59:36,S1021,C00575,P2065,Marketplace,Transferencia,Sin Promo,1,408.29,0.0,408.29,61.24,347.05,269.16,0
RETAILMAX S.A. - VENTAS 2021,2021-001630,2021-09-05 18:14:37,S1015,C00348,P2080,Marketplace,Billetera Digital,Promo 15%,1,301.79,0.0,301.79,36.21,265.58,221.89,0
RETAILMAX S.A. - VENTAS 2021,2021-001631,2021-07-20 19:15:02,S1033,C00733,P2050,Web,Financiamiento,Cyber Week,6,246.56,0.1,1479.36,221.9,1257.46,192.16,0
RETAILMAX S.A. - VENTAS 2021,2021-001632,2021-08-21 21:31:00,S1038,C00139,P2087,Call Center,Tarjeta,Promo 15%,2,291.4,0.1,582.8,75.76,507.04,166.63,0
RETAILMAX S.A. - VENTAS 2021,2021-001633,2021-01-10 14:49:50,S1025,C00104,P2136,Tienda,Financiamiento,2x1,2,123.84,0.2,247.68,37.15,210.53,99.42,0
RETAILMAX S.A. - VENTAS 2021,2021-001634,2021-11-08 20:49:19,S1024,C00187,P2158,Web,Financiamiento,Promo 15%,1,542.39,0.0,542.39,81.36,461.03,274.83,0
RETAILMAX S.A. - VENTAS 2021,2021-001635,2021-11-30 01:24:33,S1037,C00550,P2084,Marketplace,Financiamiento,Promo 15%,3,9.26,0.15,27.78,3.61,24.17,8.31,0
RETAILMAX S.A. - VENTAS 2021,2021-001636,2021-09-29 08:20:44,S1035,C00694,P2048,Call Center,Efectivo,2x1,1,256.13,0.2,256.13,38.42,217.71,183.57,0
RETAILMAX S.A. - VENTAS 2021,2021-001637,2021-08-09 01:44:20,S1019,C00003,P2117,Marketplace,Billetera Digital,Black Friday,5,67.36,0.2,336.8,50.52,286.28,41.82,0
RETAILMAX S.A. - VENTAS 2021,2021-001638,2021-01-09 18:16:05,S1021,C00138,P2072,Marketplace,Billetera Digital,Cyber Week,4,513.93,0.15,2055.72,308.36,1747.36,420.23,0
RETAILMAX S.A. - VENTAS 2021,2021-001639,2021-09-12 21:07:24,S1023,C00732,P2132,Marketplace,Tarjeta,Promo 10%,1,273.37,0.15,273.37,41.01,232.36,220.13,0
RETAILMAX S.A. - VENTAS 2021,2021-001640,2021-10-15 11:57:48,S1032,C00600,P2065,Web,Tarjeta,Cyber Week,1,347.05,0.15,347.05,52.06,294.99,269.16,0
RETAILMAX S.A. - VENTAS 2021,2021-001641,2021-02-10 11:58:13,S1040,C00366,P2067,Tienda,Tarjeta,Promo 10%,2,553.33,0.05,1106.66,143.87,962.79,420.88,1
RETAILMAX S.A. - VENTAS 2021,2021-001642,2021-05-13 06:09:14,S1002,C00147,P2055,Marketplace,Financiamiento,Promo 10%,2,119.65,0.15,239.3,31.11,208.19,77.43,0
RETAILMAX S.A. - VENTAS 2021,2021-001643,2021-04-15 05:58:03,S1007,C00673,P2021,Marketplace,Transferencia,Black Friday,1,351.58,0.2,351.58,45.71,305.87,239.98,1
RETAILMAX S.A. - VENTAS 2021,2021-001644,2021-10-08 23:15:57,S1014,C00517,P2054,Tienda,Tarjeta,Promo 10%,1,463.28,0.0,463.28,55.59,407.69,220.6,0
RETAILMAX S.A. - VENTAS 2021,2021-001645,2021-05-19 06:30:58,S1014,C00728,P2107,Marketplace,Tarjeta,Black Friday,1,305.9,0.05,305.9,36.71,269.19,196.36,0
RETAILMAX S.A. - VENTAS 2021,2021-001646,2021-08-27 18:35:48,S1030,C00496,P2121,Marketplace,Tarjeta,Promo 15%,1,355.11,0.15,355.11,53.27,301.84,207.12,0
RETAILMAX S.A. - VENTAS 2021,2021-001647,2021-06-30 06:25:20,S1005,C00027,P2158,Marketplace,Tarjeta,Black Friday,1,542.39,0.0,542.39,70.51,471.88,274.83,0
RETAILMAX S.A. - VENTAS 2021,2021-001648,2021-02-02 05:54:31,S1039,C00545,P2041,Web,Financiamiento,Cyber Week,1,46.52,0.0,46.52,6.05,40.47,34.06,0
RETAILMAX S.A. - VENTAS 2021,2021-001649,2021-01-16 12:23:08,S1010,C00100,P2054,Call Center,Tarjeta,Black Friday,4,370.62,0.2,1482.48,177.9,1304.58,220.6,0
RETAILMAX S.A. - VENTAS 2021,2021-001650,2021-04-19 06:05:57,S1039,C00556,P2136,Call Center,Billetera Digital,Cyber Week,1,131.58,0.15,131.58,17.11,114.47,99.42,1
RETAILMAX S.A. - VENTAS 2021,2021-001651,2021-02-04 08:15:20,S1010,C00495,P2154,Call Center,Billetera Digital,2x1,3,586.57,0.2,1759.71,211.17,1548.54,427.53,0
RETAILMAX S.A. - VENTAS 2021,2021-001652,2021-06-14 23:23:37,S1030,C00402,P2021,Tienda,Financiamiento,Promo 10%,1,439.47,0.0,439.47,65.92,373.55,239.98,0
RETAILMAX S.A. - VENTAS 2021,2021-001653,2021-10-20 12:56:25,S1013,C00423,P2108,Marketplace,Transferencia,2x1,1,240.87,0.15,240.87,28.9,211.97,144.01,1
RETAILMAX S.A. - VENTAS 2021,2021-001654,2021-01-04 11:28:29,S1010,C00658,P2101,Web,Tarjeta,Black Friday,4,336.53,0.0,1346.12,161.53,1184.59,262.94,0
RETAILMAX S.A. - VENTAS 2021,2021-001655,2021-10-15 04:14:29,S1043,C00525,P2117,Call Center,Billetera Digital,Black Friday,2,79.99,0.05,159.98,20.8,139.18,41.82,1
RETAILMAX S.A. - VENTAS 2021,2021-001656,2021-06-24 04:21:36,S1014,C00740,P2015,Marketplace,Efectivo,Promo 15%,2,173.77,0.0,347.54,41.7,305.84,122.14,0
RETAILMAX S.A. - VENTAS 2021,2021-001657,2021-08-06 10:41:03,S1028,C00092,P2079,Tienda,Transferencia,Cyber Week,1,249.59,0.0,249.59,37.44,212.15,156.92,0
RETAILMAX S.A. - VENTAS 2021,2021-001658,2021-12-23 09:24:13,S1016,C00016,P2155,Marketplace,Transferencia,2x1,3,157.33,0.0,471.99,56.64,415.35,71.96,0
RETAILMAX S.A. - VENTAS 2021,2021-001659,2021-09-29 13:14:42,S1010,C00191,P2050,Marketplace,Financiamiento,Sin Promo,1,273.95,0.0,273.95,32.87,241.08,192.16,0
RETAILMAX S.A. - VENTAS 2021,2021-001660,2021-05-26 11:55:59,S1042,C00090,P2091,Web,Billetera Digital,Black Friday,1,541.5,0.0,541.5,70.39,471.11,397.11,0
RETAILMAX S.A. - VENTAS 2021,2021-001661,2021-02-21 13:11:57,S1010,C00539,P2102,Marketplace,Transferencia,Sin Promo,1,500.87,0.0,500.87,60.1,440.77,270.07,0
RETAILMAX S.A. - VENTAS 2021,2021-001662,2021-10-23 07:43:47,S1013,C00778,P2015,Web,Tarjeta,Promo 15%,2,173.77,0.0,347.54,41.7,305.84,122.14,0
RETAILMAX S.A. - VENTAS 2021,2021-001663,2021-10-09 19:42:30,S1024,C00223,P2043,Marketplace,Billetera Digital,Cyber Week,4,313.61,0.0,1254.44,188.17,1066.27,244.5,0
RETAILMAX S.A. - VENTAS 2021,2021-001664,2021-02-21 14:41:47,S1038,C00752,P2096,Marketplace,Financiamiento,Sin Promo,3,636.0,0.0,1908.0,248.04,1659.96,369.96,1
RETAILMAX S.A. - VENTAS 2021,2021-001665,2021-06-20 09:47:44,S1012,C00562,P2128,Tienda,Tarjeta,Black Friday,3,557.39,0.0,1672.17,200.66,1471.51,269.57,0
RETAILMAX S.A. - VENTAS 2021,2021-001666,2021-02-24 17:21:58,S1043,C00729,P2109,Marketplace,Financiamiento,Black Friday,1,166.62,0.2,166.62,21.66,144.96,141.94,0
RETAILMAX S.A. - VENTAS 2021,2021-001667,2021-05-16 05:46:55,S1013,C00651,P2152,Web,Tarjeta,Promo 15%,2,449.56,0.1,899.12,107.89,791.23,338.06,0
RETAILMAX S.A. - VENTAS 2021,2021-001668,2021-04-05 23:36:38,S1002,C00123,P2088,Tienda,Tarjeta,2x1,4,486.13,0.15,1944.52,252.79,1691.73,308.2,0
RETAILMAX S.A. - VENTAS 2021,2021-001669,2021-12-29 04:36:41,S1042,C00211,P2118,Web,Financiamiento,Sin Promo,1,52.12,0.2,52.12,6.78,45.34,45.65,1
RETAILMAX S.A. - VENTAS 2021,2021-001670,2021-09-25 09:57:03,S1003,C00767,P2153,Web,Financiamiento,Black Friday,2,346.72,0.15,693.44,90.15,603.29,293.96,0
RETAILMAX S.A. - VENTAS 2021,2021-001671,2021-01-31 15:38:44,S1007,C00775,P2006,Call Center,Efectivo,Black Friday,1,341.71,0.15,341.71,44.42,297.29,287.52,0
RETAILMAX S.A. - VENTAS 2021,2021-001672,2021-06-26 04:57:33,S1004,C00643,P2101,Call Center,Billetera Digital,Promo 15%,1,302.88,0.1,302.88,39.37,263.51,262.94,0
RETAILMAX S.A. - VENTAS 2021,2021-001673,2021-05-08 22:26:30,S1045,C00455,P2144,Call Center,Transferencia,Cyber Week,4,272.5,0.0,1090.0,141.7,948.3,177.43,0
RETAILMAX S.A. - VENTAS 2021,2021-001674,2021-09-12 00:03:10,S1005,C00320,P2035,Web,Transferencia,Cyber Week,5,861.27,0.05,4306.35,559.83,3746.52,418.3,0
RETAILMAX S.A. - VENTAS 2021,2021-001675,2021-10-23 06:42:44,S1010,C00331,P2069,Tienda,Efectivo,Promo 10%,3,172.4,0.1,517.2,62.06,455.14,145.02,1
RETAILMAX S.A. - VENTAS 2021,2021-001676,2021-01-21 08:24:18,S1037,C00107,P2072,Tienda,Tarjeta,Cyber Week,6,513.93,0.15,3083.58,400.87,2682.71,420.23,0
RETAILMAX S.A. - VENTAS 2021,2021-001677,2021-03-10 07:56:31,S1028,C00524,P2098,Tienda,Efectivo,Cyber Week,1,645.08,0.0,645.08,96.76,548.32,389.5,0
RETAILMAX S.A. - VENTAS 2021,2021-001678,2021-12-23 00:30:03,S1022,C00482,P2153,Web,Financiamiento,Promo 10%,1,407.91,0.0,407.91,61.19,346.72,293.96,0
RETAILMAX S.A. - VENTAS 2021,2021-001679,2021-11-28 04:29:13,S1011,C00522,P2138,Call Center,Financiamiento,Cyber Week,4,720.1,0.0,2880.4,345.65,2534.75,375.47,0
RETAILMAX S.A. - VENTAS 2021,2021-001680,2021-12-15 10:00:53,S1016,C00045,P2015,Web,Efectivo,2x1,2,173.77,0.0,347.54,41.7,305.84,122.14,0
RETAILMAX S.A. - VENTAS 2021,2021-001681,2021-04-07 08:50:20,S1037,C00559,P2004,Call Center,Tarjeta,Promo 15%,2,543.65,0.0,1087.3,141.35,945.95,298.92,0
RETAILMAX S.A. - VENTAS 2021,2021-001682,2021-08-10 16:52:42,S1043,C00459,P2116,Tienda,Financiamiento,Black Friday,1,595.12,0.2,595.12,77.37,517.75,358.01,0
RETAILMAX S.A. - VENTAS 2021,2021-001683,2021-04-15 15:03:05,S1032,C00254,P2142,Web,Transferencia,Promo 15%,1,493.89,0.0,493.89,74.08,419.81,331.65,0
RETAILMAX S.A. - VENTAS 2021,2021-001684,2021-08-07 00:30:04,S1045,C00330,P2035,Tienda,Billetera Digital,2x1,2,725.28,0.2,1450.56,188.57,1261.99,418.3,0
RETAILMAX S.A. - VENTAS 2021,2021-001685,2021-06-05 23:27:23,S1021,C00129,P2008,Marketplace,Financiamiento,2x1,1,874.23,0.0,874.23,131.13,743.1,421.75,0
RETAILMAX S.A. - VENTAS 2021,2021-001686,2021-03-24 17:29:20,S1029,C00710,P2149,Tienda,Efectivo,Cyber Week,1,224.81,0.0,224.81,33.72,191.09,173.08,0
RETAILMAX S.A. - VENTAS 2021,2021-001687,2021-07-16 07:58:08,S1015,C00075,P2106,Web,Tarjeta,Promo 15%,6,415.28,0.1,2491.68,299.0,2192.68,310.34,1
RETAILMAX S.A. - VENTAS 2021,2021-001688,2021-07-09 19:00:23,S1035,C00650,P2015,Marketplace,Billetera Digital,Promo 15%,1,173.77,0.0,173.77,26.07,147.7,122.14,1
RETAILMAX S.A. - VENTAS 2021,2021-001689,2021-07-26 00:44:20,S1045,C00564,P2063,Web,Transferencia,Promo 15%,1,70.41,0.0,70.41,9.15,61.26,34.56,0
RETAILMAX S.A. - VENTAS 2021,2021-001690,2021-12-09 20:14:30,S1038,C00453,P2054,Web,Financiamiento,Black Friday,4,416.95,0.1,1667.8,216.81,1450.99,220.6,0
RETAILMAX S.A. - VENTAS 2021,2021-001691,2021-03-18 00:42:45,S1016,C00190,P2005,Call Center,Billetera Digital,Promo 15%,1,464.04,0.15,464.04,55.68,408.36,390.45,0
RETAILMAX S.A. - VENTAS 2021,2021-001692,2021-09-04 07:02:31,S1005,C00416,P2064,Marketplace,Financiamiento,Promo 15%,1,77.61,0.15,77.61,10.09,67.52,57.47,1
RETAILMAX S.A. - VENTAS 2021,2021-001693,2021-05-20 21:20:33,S1041,C00226,P2156,Marketplace,Tarjeta,2x1,1,77.36,0.05,77.36,10.06,67.3,55.02,0
RETAILMAX S.A. - VENTAS 2021,2021-001694,2021-11-16 07:08:45,S1030,C00498,P2028,Tienda,Transferencia,Promo 15%,4,598.19,0.0,2392.76,358.91,2033.85,344.08,0
RETAILMAX S.A. - VENTAS 2021,2021-001695,2021-05-04 19:23:14,S1012,C00720,P2117,Call Center,Billetera Digital,Sin Promo,1,84.2,0.0,84.2,10.1,74.1,41.82,1
RETAILMAX S.A. - VENTAS 2021,2021-001696,2021-02-09 03:45:25,S1041,C00424,P2122,Web,Financiamiento,Sin Promo,2,681.62,0.0,1363.24,177.22,1186.02,324.38,0
RETAILMAX S.A. - VENTAS 2021,2021-001697,2021-08-28 15:00:48,S1017,C00403,P2072,Tienda,Tarjeta,Cyber Week,2,513.93,0.15,1027.86,123.34,904.52,420.23,0
RETAILMAX S.A. - VENTAS 2021,2021-001698,2021-08-14 04:56:29,S1006,C00211,P2026,Web,Transferencia,Sin Promo,1,459.92,0.0,459.92,59.79,400.13,230.43,0
RETAILMAX S.A. - VENTAS 2021,2021-001699,2021-05-12 00:25:33,S1015,C00274,P2119,Tienda,Transferencia,Cyber Week,4,724.93,0.05,2899.72,347.97,2551.75,363.73,0
RETAILMAX S.A. - VENTAS 2021,2021-001700,2021-08-19 07:36:45,S1022,C00058,P2135,Tienda,Tarjeta,Promo 15%,1,152.93,0.0,152.93,22.94,129.99,71.27,0
RETAILMAX S.A. - VENTAS 2021,2021-001701,2021-10-02 22:54:18,S1034,C00428,P2146,Tienda,Financiamiento,Cyber Week,5,311.26,0.0,1556.3,233.44,1322.86,242.22,0
RETAILMAX S.A. - VENTAS 2021,2021-001702,2021-10-05 06:04:53,S1025,C00711,P2081,Tienda,Financiamiento,Promo 10%,2,339.41,0.15,678.82,101.82,577.0,192.91,0
RETAILMAX S.A. - VENTAS 2021,2021-001703,2021-06-19 03:38:39,S1032,C00689,P2031,Web,Billetera Digital,Promo 15%,1,183.24,0.1,183.24,27.49,155.75,111.43,0
RETAILMAX S.A. - VENTAS 2021,2021-001704,2021-08-07 12:42:18,S1007,C00662,P2016,Call Center,Billetera Digital,Cyber Week,5,138.07,0.2,690.35,89.75,600.6,121.18,0
RETAILMAX S.A. - VENTAS 2021,2021-001705,2021-01-14 03:33:00,S1009,C00788,P2015,Tienda,Transferencia,Promo 10%,6,156.39,0.1,938.34,121.98,816.36,122.14,0
RETAILMAX S.A. - VENTAS 2021,2021-001706,2021-03-22 08:31:39,S1040,C00054,P2054,Web,Efectivo,Promo 10%,3,393.79,0.15,1181.37,153.58,1027.79,220.6,0
RETAILMAX S.A. - VENTAS 2021,2021-001707,2021-03-09 10:44:26,S1042,C00636,P2036,Call Center,Efectivo,Black Friday,2,245.34,0.15,490.68,63.79,426.89,143.03,0
RETAILMAX S.A. - VENTAS 2021,2021-001708,2021-01-17 04:17:30,S1005,C00242,P2151,Web,Transferencia,Cyber Week,3,209.24,0.15,627.72,81.6,546.12,116.51,0
RETAILMAX S.A. - VENTAS 2021,2021-001709,2021-12-18 15:43:19,S1024,C00733,P2149,Web,Financiamiento,2x1,1,224.81,0.0,224.81,33.72,191.09,173.08,0
RETAILMAX S.A. - VENTAS 2021,2021-001710,2021-03-29 13:38:11,S1039,C00730,P2004,Call Center,Tarjeta,Sin Promo,1,543.65,0.0,543.65,70.67,472.98,298.92,0
RETAILMAX S.A. - VENTAS 2021,2021-001711,2021-04-19 02:39:56,S1041,C00542,P2134,Call Center,Efectivo,Cyber Week,1,241.56,0.0,241.56,31.4,210.16,153.79,0
RETAILMAX S.A. - VENTAS 2021,2021-001712,2021-05-17 18:56:31,S1006,C00741,P2134,Marketplace,Financiamiento,Promo 10%,3,205.33,0.15,615.99,80.08,535.91,153.79,0
RETAILMAX S.A. - VENTAS 2021,2021-001713,2021-09-30 20:39:16,S1010,C00159,P2071,Call Center,Efectivo,Black Friday,1,459.39,0.05,459.39,55.13,404.26,243.78,0
RETAILMAX S.A. - VENTAS 2021,2021-001714,2021-05-23 11:29:43,S1016,C00662,P2062,Tienda,Efectivo,2x1,1,111.89,0.0,111.89,13.43,98.46,74.21,0
RETAILMAX S.A. - VENTAS 2021,2021-001715,2021-07-12 19:29:42,S1017,C00398,P2075,Tienda,Efectivo,Sin Promo,2,580.05,0.0,1160.1,139.21,1020.89,301.87,0
RETAILMAX S.A. - VENTAS 2021,2021-001716,2021-12-25 19:25:32,S1009,C00306,P2101,Call Center,Financiamiento,Cyber Week,5,336.53,0.0,1682.65,218.74,1463.91,262.94,0
RETAILMAX S.A. - VENTAS 2021,2021-001717,2021-12-31 04:55:23,S1041,C00349,P2128,Web,Efectivo,Promo 10%,1,557.39,0.0,557.39,72.46,484.93,269.57,0
RETAILMAX S.A. - VENTAS 2021,2021-001718,2021-09-18 22:05:47,S1022,C00065,P2100,Web,Billetera Digital,Black Friday,2,571.97,0.0,1143.94,171.59,972.35,422.9,0
RETAILMAX S.A. - VENTAS 2021,2021-001719,2021-06-23 19:07:02,S1041,C00592,P2042,Marketplace,Transferencia,Black Friday,2,401.39,0.0,802.78,104.36,698.42,233.31,0
RETAILMAX S.A. - VENTAS 2021,2021-001720,2021-04-02 01:36:09,S1021,C00761,P2118,Web,Efectivo,Promo 10%,2,52.12,0.2,104.24,15.64,88.6,45.65,1
RETAILMAX S.A. - VENTAS 2021,2021-001721,2021-11-22 03:15:15,S1021,C00166,P2153,Call Center,Tarjeta,2x1,2,367.12,0.1,734.24,110.14,624.1,293.96,1
RETAILMAX S.A. - VENTAS 2021,2021-001722,2021-11-21 19:54:20,S1045,C00628,P2055,Marketplace,Financiamiento,Promo 10%,1,112.62,0.2,112.62,14.64,97.98,77.43,1
RETAILMAX S.A. - VENTAS 2021,2021-001723,2021-05-22 12:17:40,S1044,C00042,P2157,Tienda,Tarjeta,Cyber Week,1,178.7,0.2,178.7,23.23,155.47,118.28,1
RETAILMAX S.A. - VENTAS 2021,2021-001724,2021-01-13 01:06:17,S1013,C00197,P2156,Tienda,Tarjeta,Cyber Week,1,81.43,0.0,81.43,9.77,71.66,55.02,0
RETAILMAX S.A. - VENTAS 2021,2021-001725,2021-09-04 03:34:39,S1017,C00798,P2090,Marketplace,Tarjeta,Cyber Week,2,111.49,0.1,222.98,26.76,196.22,72.93,1
RETAILMAX S.A. - VENTAS 2021,2021-001726,2021-11-06 00:56:27,S1027,C00146,P2073,Marketplace,Financiamiento,Cyber Week,3,164.56,0.0,493.68,74.05,419.63,131.1,0
RETAILMAX S.A. - VENTAS 2021,2021-001727,2021-09-16 23:30:21,S1017,C00005,P2002,Marketplace,Efectivo,Sin Promo,1,290.16,0.0,290.16,34.82,255.34,134.76,0
RETAILMAX S.A. - VENTAS 2021,2021-001728,2021-03-17 21:51:28,S1045,C00318,P2023,Call Center,Transferencia,2x1,2,476.78,0.1,953.56,123.96,829.6,346.8,0
RETAILMAX S.A. - VENTAS 2021,2021-001729,2021-02-09 05:28:56,S1040,C00798,P2126,Marketplace,Billetera Digital,Black Friday,1,547.31,0.2,547.31,71.15,476.16,413.19,0
RETAILMAX S.A. - VENTAS 2021,2021-001730,2021-06-10 13:48:54,S1045,C00771,P2102,Call Center,Financiamiento,Sin Promo,2,450.78,0.1,901.56,117.2,784.36,270.07,0
RETAILMAX S.A. - VENTAS 2021,2021-001731,2021-11-03 01:46:43,S1029,C00426,P2145,Web,Financiamiento,Promo 15%,1,118.01,0.0,118.01,17.7,100.31,77.61,1
RETAILMAX S.A. - VENTAS 2021,2021-001732,2021-06-24 03:13:44,S1034,C00710,P2017,Marketplace,Billetera Digital,Promo 10%,1,252.27,0.1,252.27,37.84,214.43,182.13,0
RETAILMAX S.A. - VENTAS 2021,2021-001733,2021-07-13 20:29:53,S1013,C00055,P2158,Web,Transferencia,Black Friday,1,515.27,0.05,515.27,61.83,453.44,274.83,0
RETAILMAX S.A. - VENTAS 2021,2021-001734,2021-06-14 13:27:19,S1023,C00712,P2123,Marketplace,Efectivo,Black Friday,2,175.11,0.0,350.22,52.53,297.69,112.82,0
RETAILMAX S.A. - VENTAS 2021,2021-001735,2021-01-22 20:07:02,S1033,C00595,P2148,Call Center,Tarjeta,2x1,3,573.59,0.15,1720.77,258.12,1462.65,390.62,0
RETAILMAX S.A. - VENTAS 2021,2021-001736,2021-05-04 14:56:03,S1041,C00751,P2097,Call Center,Billetera Digital,Promo 15%,2,469.02,0.1,938.04,121.95,816.09,298.37,0
RETAILMAX S.A. - VENTAS 2021,2021-001737,2021-11-16 23:09:53,S1022,C00727,P2080,Web,Efectivo,Sin Promo,5,241.43,0.2,1207.15,181.07,1026.08,221.89,0
RETAILMAX S.A. - VENTAS 2021,2021-001738,2021-05-18 01:42:38,S1042,C00028,P2033,Call Center,Transferencia,Black Friday,4,64.29,0.2,257.16,33.43,223.73,61.26,0
RETAILMAX S.A. - VENTAS 2021,2021-001739,2021-10-12 19:16:15,S1019,C00055,P2084,Marketplace,Efectivo,Black Friday,3,10.89,0.0,32.67,4.9,27.77,8.31,0
RETAILMAX S.A. - VENTAS 2021,2021-001740,2021-09-13 09:03:58,S1031,C00505,P2046,Web,Billetera Digital,Cyber Week,2,344.44,0.05,688.88,103.33,585.55,192.92,0
RETAILMAX S.A. - VENTAS 2021,2021-001741,2021-07-24 09:45:01,S1025,C00761,P2096,Tienda,Efectivo,Cyber Week,1,540.6,0.15,540.6,81.09,459.51,369.96,0
RETAILMAX S.A. - VENTAS 2021,2021-001742,2021-11-13 10:44:46,S1023,C00184,P2137,Marketplace,Financiamiento,Promo 15%,3,385.87,0.1,1157.61,173.64,983.97,246.0,0
RETAILMAX S.A. - VENTAS 2021,2021-001743,2021-01-11 08:50:13,S1009,C00006,P2015,Web,Transferencia,Cyber Week,4,139.02,0.2,556.08,72.29,483.79,122.14,1
RETAILMAX S.A. - VENTAS 2021,2021-001744,2021-09-28 15:41:17,S1025,C00286,P2013,Marketplace,Tarjeta,2x1,1,200.2,0.0,200.2,30.03,170.17,98.1,0
RETAILMAX S.A. - VENTAS 2021,2021-001745,2021-07-19 10:37:03,S1007,C00746,P2078,Call Center,Efectivo,Promo 15%,5,140.81,0.15,704.05,91.53,612.52,125.47,0
RETAILMAX S.A. - VENTAS 2021,2021-001746,2021-05-29 01:32:26,S1020,C00340,P2085,Web,Transferencia,Promo 15%,1,24.82,0.2,24.82,3.72,21.1,20.07,0
RETAILMAX S.A. - VENTAS 2021,2021-001747,2021-12-16 06:48:24,S1028,C00760,P2005,Tienda,Tarjeta,2x1,1,436.74,0.2,436.74,65.51,371.23,390.45,0
RETAILMAX S.A. - VENTAS 2021,2021-001748,2021-06-07 14:58:15,S1010,C00621,P2139,Marketplace,Billetera Digital,Black Friday,3,16.22,0.2,48.66,5.84,42.82,12.71,0
RETAILMAX S.A. - VENTAS 2021,2021-001749,2021-09-16 00:49:08,S1034,C00340,P2152,Tienda,Transferencia,Promo 10%,3,424.58,0.15,1273.74,191.06,1082.68,338.06,0
RETAILMAX S.A. - VENTAS 2021,2021-001750,2021-12-24 18:14:23,S1039,C00017,P2025,Marketplace,Transferencia,Cyber Week,2,531.42,0.2,1062.84,138.17,924.67,394.63,0
RETAILMAX S.A. - VENTAS 2021,2021-001751,2021-08-27 22:12:46,S1038,C00694,P2137,Marketplace,Tarjeta,Promo 15%,3,428.74,0.0,1286.22,167.21,1119.01,246.0,1
RETAILMAX S.A. - VENTAS 2021,2021-001752,2021-11-24 02:05:39,S1026,C00349,P2049,Web,Efectivo,Promo 10%,6,158.27,0.0,949.62,142.44,807.18,89.45,0
RETAILMAX S.A. - VENTAS 2021,2021-001753,2021-07-01 07:04:31,S1021,C00415,P2132,Marketplace,Tarjeta,2x1,3,321.61,0.0,964.83,144.72,820.11,220.13,1
RETAILMAX S.A. - VENTAS 2021,2021-001754,2021-04-24 05:08:55,S1003,C00484,P2015,Tienda,Billetera Digital,2x1,3,173.77,0.0,521.31,67.77,453.54,122.14,0
RETAILMAX S.A. - VENTAS 2021,2021-001755,2021-08-27 04:30:23,S1018,C00168,P2034,Web,Efectivo,Black Friday,2,236.66,0.1,473.32,56.8,416.52,122.22,0
RETAILMAX S.A. - VENTAS 2021,2021-001756,2021-11-20 07:12:30,S1003,C00548,P2148,Call Center,Transferencia,Promo 10%,2,674.81,0.0,1349.62,175.45,1174.17,390.62,0
RETAILMAX S.A. - VENTAS 2021,2021-001757,2021-07-28 01:15:55,S1014,C00276,P2015,Call Center,Transferencia,2x1,3,173.77,0.0,521.31,62.56,458.75,122.14,0
RETAILMAX S.A. - VENTAS 2021,2021-001758,2021-08-25 18:13:45,S1035,C00676,P2076,Tienda,Tarjeta,Promo 10%,4,78.02,0.2,312.08,46.81,265.27,50.2,0
RETAILMAX S.A. - VENTAS 2021,2021-001759,2021-01-14 01:04:13,S1018,C00668,P2139,Call Center,Tarjeta,Black Friday,2,20.28,0.0,40.56,4.87,35.69,12.71,0
RETAILMAX S.A. - VENTAS 2021,2021-001760,2021-11-02 19:04:24,S1005,C00757,P2138,Call Center,Transferencia,2x1,4,720.1,0.0,2880.4,374.45,2505.95,375.47,1
RETAILMAX S.A. - VENTAS 2021,2021-001761,2021-12-26 18:06:28,S1009,C00176,P2136,Tienda,Financiamiento,Sin Promo,1,154.8,0.0,154.8,20.12,134.68,99.42,0
RETAILMAX S.A. - VENTAS 2021,2021-001762,2021-12-15 07:46:50,S1009,C00727,P2045,Marketplace,Efectivo,Sin Promo,1,62.02,0.1,62.02,8.06,53.96,46.07,0
RETAILMAX S.A. - VENTAS 2021,2021-001763,2021-06-09 21:58:47,S1028,C00581,P2130,Marketplace,Tarjeta,Black Friday,1,701.29,0.0,701.29,105.19,596.1,404.15,0
RETAILMAX S.A. - VENTAS 2021,2021-001764,2021-04-26 08:25:23,S1019,C00001,P2079,Marketplace,Tarjeta,Black Friday,1,237.11,0.05,237.11,35.57,201.54,156.92,0
RETAILMAX S.A. - VENTAS 2021,2021-001765,2021-07-28 07:05:20,S1029,C00064,P2029,Web,Efectivo,Black Friday,1,417.77,0.15,417.77,62.67,355.1,271.13,0
RETAILMAX S.A. - VENTAS 2021,2021-001766,2021-09-16 05:23:03,S1044,C00156,P2103,Marketplace,Transferencia,Promo 15%,1,403.65,0.05,403.65,52.47,351.18,274.37,0
RETAILMAX S.A. - VENTAS 2021,2021-001767,2021-02-09 03:21:28,S1020,C00320,P2014,Marketplace,Efectivo,Black Friday,1,430.19,0.0,430.19,64.53,365.66,296.33,0
RETAILMAX S.A. - VENTAS 2021,2021-001768,2021-07-28 01:33:36,S1035,C00528,P2066,Tienda,Transferencia,Promo 10%,3,446.0,0.15,1338.0,200.7,1137.3,297.19,0
RETAILMAX S.A. - VENTAS 2021,2021-001769,2021-07-22 15:36:26,S1009,C00572,P2154,Tienda,Billetera Digital,Cyber Week,2,586.57,0.2,1173.14,152.51,1020.63,427.53,0
RETAILMAX S.A. - VENTAS 2021,2021-001770,2021-03-01 04:41:20,S1013,C00389,P2042,Tienda,Tarjeta,Promo 10%,2,321.11,0.2,642.22,77.07,565.15,233.31,0
RETAILMAX S.A. - VENTAS 2021,2021-001771,2021-09-24 07:23:51,S1041,C00390,P2157,Tienda,Tarjeta,2x1,1,212.21,0.05,212.21,27.59,184.62,118.28,0
RETAILMAX S.A. - VENTAS 2021,2021-001772,2021-12-17 16:35:20,S1016,C00509,P2072,Web,Tarjeta,Promo 10%,1,513.93,0.15,513.93,61.67,452.26,420.23,0
RETAILMAX S.A. - VENTAS 2021,2021-001773,2021-05-11 12:23:54,S1038,C00701,P2025,Call Center,Billetera Digital,Black Friday,1,531.42,0.2,531.42,69.08,462.34,394.63,0
RETAILMAX S.A. - VENTAS 2021,2021-001774,2021-08-12 20:49:38,S1026,C00140,P2038,Call Center,Financiamiento,Black Friday,1,118.96,0.15,118.96,17.84,101.12,104.22,1
RETAILMAX S.A. - VENTAS 2021,2021-001775,2021-03-15 22:36:59,S1018,C00700,P2111,Marketplace,Transferencia,Cyber Week,1,262.91,0.1,262.91,31.55,231.36,191.52,0
RETAILMAX S.A. - VENTAS 2021,2021-001776,2021-03-01 08:48:52,S1029,C00252,P2082,Tienda,Billetera Digital,2x1,1,253.28,0.1,253.28,37.99,215.29,152.77,0
RETAILMAX S.A. - VENTAS 2021,2021-001777,2021-06-25 10:51:57,S1009,C00318,P2081,Web,Financiamiento,Sin Promo,1,319.45,0.2,319.45,41.53,277.92,192.91,0
RETAILMAX S.A. - VENTAS 2021,2021-001778,2021-04-30 23:29:19,S1031,C00358,P2026,Tienda,Tarjeta,Sin Promo,1,390.93,0.15,390.93,58.64,332.29,230.43,1
RETAILMAX S.A. - VENTAS 2021,2021-001779,2021-07-09 16:26:23,S1029,C00720,P2082,Tienda,Billetera Digital,Promo 15%,2,281.42,0.0,562.84,84.43,478.41,152.77,0
RETAILMAX S.A. - VENTAS 2021,2021-001780,2021-10-25 02:21:38,S1043,C00210,P2140,Web,Tarjeta,Cyber Week,3,14.41,0.0,43.23,5.62,37.61,6.63,0
RETAILMAX S.A. - VENTAS 2021,2021-001781,2021-05-11 21:13:21,S1012,C00538,P2102,Call Center,Billetera Digital,Black Friday,3,475.83,0.05,1427.49,171.3,1256.19,270.07,0
RETAILMAX S.A. - VENTAS 2021,2021-001782,2021-12-03 10:47:31,S1032,C00333,P2027,Call Center,Tarjeta,Black Friday,3,281.97,0.15,845.91,126.89,719.02,230.42,0
RETAILMAX S.A. - VENTAS 2021,2021-001783,2021-03-16 19:29:18,S1029,C00697,P2002,Call Center,Billetera Digital,Promo 10%,3,261.14,0.1,783.42,117.51,665.91,134.76,0
RETAILMAX S.A. - VENTAS 2021,2021-001784,2021-06-19 20:35:00,S1021,C00044,P2122,Marketplace,Billetera Digital,Black Friday,1,681.62,0.0,681.62,102.24,579.38,324.38,0
RETAILMAX S.A. - VENTAS 2021,2021-001785,2021-03-31 06:55:52,S1015,C00073,P2122,Web,Transferencia,Promo 10%,1,545.3,0.2,545.3,65.44,479.86,324.38,0
RETAILMAX S.A. - VENTAS 2021,2021-001786,2021-07-26 20:31:53,S1018,C00015,P2048,Call Center,Billetera Digital,Cyber Week,2,320.16,0.0,640.32,76.84,563.48,183.57,0
RETAILMAX S.A. - VENTAS 2021,2021-001787,2021-10-13 17:13:14,S1016,C00226,P2032,Tienda,Financiamiento,2x1,1,396.58,0.15,396.58,47.59,348.99,330.43,0
RETAILMAX S.A. - VENTAS 2021,2021-001788,2021-11-25 16:05:32,S1014,C00563,P2092,Marketplace,Billetera Digital,Cyber Week,1,802.49,0.0,802.49,96.3,706.19,416.32,0
RETAILMAX S.A. - VENTAS 2021,2021-001789,2021-09-24 22:05:25,S1001,C00264,P2095,Marketplace,Efectivo,Black Friday,1,620.44,0.15,620.44,80.66,539.78,368.2,0
RETAILMAX S.A. - VENTAS 2021,2021-001790,2021-12-03 20:25:51,S1007,C00513,P2095,Marketplace,Tarjeta,Promo 15%,3,583.94,0.2,1751.82,227.74,1524.08,368.2,0
RETAILMAX S.A. - VENTAS 2021,2021-001791,2021-12-06 04:17:20,S1026,C00334,P2129,Call Center,Transferencia,Sin Promo,6,429.21,0.15,2575.26,386.29,2188.97,401.84,0
RETAILMAX S.A. - VENTAS 2021,2021-001792,2021-03-17 14:47:25,S1023,C00058,P2007,Web,Financiamiento,Cyber Week,2,212.03,0.0,424.06,63.61,360.45,162.45,0
RETAILMAX S.A. - VENTAS 2021,2021-001793,2021-02-17 20:02:50,S1003,C00761,P2030,Marketplace,Financiamiento,Cyber Week,1,514.37,0.05,514.37,66.87,447.5,418.38,0
RETAILMAX S.A. - VENTAS 2021,2021-001794,2021-04-21 00:32:37,S1033,C00075,P2076,Call Center,Tarjeta,Cyber Week,2,78.02,0.2,156.04,23.41,132.63,50.2,1
RETAILMAX S.A. - VENTAS 2021,2021-001795,2021-03-16 06:55:41,S1045,C00716,P2138,Marketplace,Tarjeta,Promo 15%,3,720.1,0.0,2160.3,280.84,1879.46,375.47,0
RETAILMAX S.A. - VENTAS 2021,2021-001796,2021-05-17 14:30:54,S1037,C00324,P2011,Marketplace,Billetera Digital,Promo 15%,2,392.72,0.0,785.44,102.11,683.33,309.34,1
RETAILMAX S.A. - VENTAS 2021,2021-001797,2021-01-21 01:04:20,S1003,C00258,P2110,Call Center,Efectivo,Sin Promo,3,416.72,0.0,1250.16,162.52,1087.64,314.95,0
RETAILMAX S.A. - VENTAS 2021,2021-001798,2021-12-08 18:42:37,S1043,C00662,P2042,Call Center,Tarjeta,Sin Promo,2,381.32,0.05,762.64,99.14,663.5,233.31,0
RETAILMAX S.A. - VENTAS 2021,2021-001799,2021-07-18 18:20:47,S1024,C00772,P2113,Web,Billetera Digital,Promo 15%,1,297.65,0.0,297.65,44.65,253.0,139.53,0
RETAILMAX S.A. - VENTAS 2021,2021-001800,2021-01-25 02:24:39,S1011,C00277,P2158,Marketplace,Tarjeta,Promo 15%,1,542.39,0.0,542.39,65.09,477.3,274.83,1
RETAILMAX S.A. - VENTAS 2021,2021-001801,2021-11-07 02:39:49,S1015,C00331,P2037,Tienda,Financiamiento,2x1,4,623.8,0.0,2495.2,299.42,2195.78,405.23,0
RETAILMAX S.A. - VENTAS 2021,2021-001802,2021-11-19 18:59:54,S1014,C00706,P2111,Call Center,Financiamiento,Cyber Week,1,262.91,0.1,262.91,31.55,231.36,191.52,0
RETAILMAX S.A. - VENTAS 2021,2021-001803,2021-01-26 13:24:41,S1021,C00549,P2033,Marketplace,Tarjeta,2x1,1,80.36,0.0,80.36,12.05,68.31,61.26,0
RETAILMAX S.A. - VENTAS 2021,2021-001804,2021-08-15 21:48:10,S1015,C00575,P2047,Tienda,Financiamiento,Promo 10%,1,456.79,0.0,456.79,54.81,401.98,295.44,1
RETAILMAX S.A. - VENTAS 2021,2021-001805,2021-07-26 14:59:15,S1027,C00635,P2146,Web,Transferencia,Sin Promo,2,280.13,0.1,560.26,84.04,476.22,242.22,0
RETAILMAX S.A. - VENTAS 2021,2021-001806,2021-02-17 17:54:59,S1027,C00541,P2070,Call Center,Financiamiento,Sin Promo,3,491.83,0.2,1475.49,221.32,1254.17,281.04,0
RETAILMAX S.A. - VENTAS 2021,2021-001807,2021-10-17 21:54:38,S1004,C00637,P2076,Marketplace,Tarjeta,2x1,1,78.02,0.2,78.02,10.14,67.88,50.2,0
RETAILMAX S.A. - VENTAS 2021,2021-001808,2021-12-12 19:25:31,S1022,C00752,P2111,Web,Efectivo,2x1,1,292.12,0.0,292.12,43.82,248.3,191.52,0
RETAILMAX S.A. - VENTAS 2021,2021-001809,2021-02-15 04:49:48,S1026,C00672,P2064,Marketplace,Efectivo,Promo 10%,5,91.31,0.0,456.55,68.48,388.07,57.47,0
RETAILMAX S.A. - VENTAS 2021,2021-001810,2021-07-25 03:57:29,S1039,C00480,P2066,Call Center,Tarjeta,Promo 10%,2,524.71,0.0,1049.42,136.42,913.0,297.19,0
RETAILMAX S.A. - VENTAS 2021,2021-001811,2021-12-14 03:42:04,S1014,C00610,P2071,Tienda,Financiamiento,Sin Promo,1,483.57,0.0,483.57,58.03,425.54,243.78,0
RETAILMAX S.A. - VENTAS 2021,2021-001812,2021-08-05 08:39:51,S1006,C00765,P2042,Marketplace,Efectivo,2x1,3,341.18,0.15,1023.54,133.06,890.48,233.31,0
RETAILMAX S.A. - VENTAS 2021,2021-001813,2021-10-07 20:52:41,S1034,C00727,P2071,Tienda,Efectivo,Promo 10%,5,459.39,0.05,2296.95,344.54,1952.41,243.78,0
RETAILMAX S.A. - VENTAS 2021,2021-001814,2021-02-08 19:50:58,S1017,C00591,P2027,Tienda,Efectivo,Black Friday,1,331.73,0.0,331.73,39.81,291.92,230.42,0
RETAILMAX S.A. - VENTAS 2021,2021-001815,2021-01-25 05:07:41,S1028,C00267,P2094,Tienda,Tarjeta,2x1,4,700.79,0.0,2803.16,420.47,2382.69,392.99,0
RETAILMAX S.A. - VENTAS 2021,2021-001816,2021-05-26 01:55:33,S1045,C00425,P2069,Marketplace,Tarjeta,2x1,1,191.55,0.0,191.55,24.9,166.65,145.02,0
RETAILMAX S.A. - VENTAS 2021,2021-001817,2021-10-01 03:56:32,S1002,C00724,P2018,Call Center,Billetera Digital,Promo 10%,4,372.27,0.05,1489.08,193.58,1295.5,224.11,0
RETAILMAX S.A. - VENTAS 2021,2021-001818,2021-02-08 00:30:36,S1033,C00220,P2109,Tienda,Financiamiento,Black Friday,3,177.04,0.15,531.12,79.67,451.45,141.94,0
RETAILMAX S.A. - VENTAS 2021,2021-001819,2021-04-04 03:43:33,S1022,C00093,P2043,Call Center,Efectivo,Black Friday,2,313.61,0.0,627.22,94.08,533.14,244.5,0
RETAILMAX S.A. - VENTAS 2021,2021-001820,2021-06-24 17:53:16,S1044,C00164,P2013,Call Center,Efectivo,2x1,3,170.17,0.15,510.51,66.37,444.14,98.1,0
RETAILMAX S.A. - VENTAS 2021,2021-001821,2021-10-04 08:50:54,S1044,C00287,P2126,Web,Billetera Digital,Cyber Week,4,547.31,0.2,2189.24,284.6,1904.64,413.19,0
RETAILMAX S.A. - VENTAS 2021,2021-001822,2021-07-29 01:03:41,S1042,C00692,P2086,Call Center,Tarjeta,2x1,1,98.28,0.1,98.28,12.78,85.5,70.05,1
RETAILMAX S.A. - VENTAS 2021,2021-001823,2021-10-29 19:49:41,S1007,C00315,P2111,Call Center,Tarjeta,2x1,3,277.51,0.05,832.53,108.23,724.3,191.52,0
RETAILMAX S.A. - VENTAS 2021,2021-001824,2021-12-25 02:13:27,S1016,C00377,P2056,Web,Financiamiento,Black Friday,1,842.59,0.05,842.59,101.11,741.48,417.23,0
RETAILMAX S.A. - VENTAS 2021,2021-001825,2021-01-08 13:17:32,S1037,C00773,P2066,Web,Tarjeta,Cyber Week,3,498.47,0.05,1495.41,194.4,1301.01,297.19,0
RETAILMAX S.A. - VENTAS 2021,2021-001826,2021-04-03 08:09:08,S1040,C00760,P2096,Web,Tarjeta,2x1,2,636.0,0.0,1272.0,165.36,1106.64,369.96,1
RETAILMAX S.A. - VENTAS 2021,2021-001827,2021-12-04 13:19:37,S1042,C00784,P2028,Call Center,Tarjeta,Cyber Week,1,598.19,0.0,598.19,77.76,520.43,344.08,0
RETAILMAX S.A. - VENTAS 2021,2021-001828,2021-07-27 20:43:56,S1031,C00094,P2149,Web,Tarjeta,Black Friday,1,224.81,0.0,224.81,33.72,191.09,173.08,0
RETAILMAX S.A. - VENTAS 2021,2021-001829,2021-06-17 20:40:31,S1013,C00367,P2123,Tienda,Billetera Digital,Black Friday,1,166.35,0.05,166.35,19.96,146.39,112.82,0
RETAILMAX S.A. - VENTAS 2021,2021-001830,2021-12-16 09:46:35,S1018,C00665,P2125,Marketplace,Billetera Digital,Sin Promo,1,310.19,0.1,310.19,37.22,272.97,235.01,0
RETAILMAX S.A. - VENTAS 2021,2021-001831,2021-03-06 01:22:32,S1041,C00081,P2054,Tienda,Billetera Digital,Cyber Week,4,370.62,0.2,1482.48,192.72,1289.76,220.6,1
RETAILMAX S.A. - VENTAS 2021,2021-001832,2021-04-28 19:44:38,S1007,C00283,P2145,Marketplace,Billetera Digital,Promo 15%,2,100.31,0.15,200.62,26.08,174.54,77.61,1
RETAILMAX S.A. - VENTAS 2021,2021-001833,2021-03-08 10:51:17,S1002,C00356,P2148,Tienda,Tarjeta,Promo 15%,4,674.81,0.0,2699.24,350.9,2348.34,390.62,0
RETAILMAX S.A. - VENTAS 2021,2021-001834,2021-08-20 22:47:39,S1036,C00580,P2068,Tienda,Financiamiento,Sin Promo,2,234.08,0.05,468.16,70.22,397.94,122.46,0
RETAILMAX S.A. - VENTAS 2021,2021-001835,2021-04-02 08:33:58,S1006,C00342,P2137,Call Center,Financiamiento,2x1,4,407.3,0.05,1629.2,211.8,1417.4,246.0,0
RETAILMAX S.A. - VENTAS 2021,2021-001836,2021-10-04 23:54:38,S1039,C00726,P2052,Call Center,Transferencia,2x1,1,85.22,0.1,85.22,11.08,74.14,47.67,0
RETAILMAX S.A. - VENTAS 2021,2021-001837,2021-11-11 02:18:40,S1001,C00310,P2118,Call Center,Financiamiento,Black Friday,3,55.38,0.15,166.14,21.6,144.54,45.65,0
RETAILMAX S.A. - VENTAS 2021,2021-001838,2021-09-10 13:59:53,S1010,C00596,P2013,Call Center,Billetera Digital,2x1,2,160.16,0.2,320.32,38.44,281.88,98.1,1
RETAILMAX S.A. - VENTAS 2021,2021-001839,2021-03-20 04:42:52,S1011,C00568,P2011,Web,Financiamiento,Cyber Week,1,353.45,0.1,353.45,42.41,311.04,309.34,0
RETAILMAX S.A. - VENTAS 2021,2021-001840,2021-11-26 19:22:28,S1008,C00390,P2081,Tienda,Financiamiento,Cyber Week,1,359.38,0.1,359.38,46.72,312.66,192.91,0
RETAILMAX S.A. - VENTAS 2021,2021-001841,2021-12-16 22:45:46,S1024,C00581,P2141,Tienda,Transferencia,Sin Promo,3,832.49,0.0,2497.47,374.62,2122.85,384.64,1
RETAILMAX S.A. - VENTAS 2021,2021-001842,2021-07-04 14:12:18,S1024,C00757,P2122,Marketplace,Financiamiento,Black Friday,1,613.46,0.1,613.46,92.02,521.44,324.38,0
RETAILMAX S.A. - VENTAS 2021,2021-001843,2021-01-16 04:32:41,S1042,C00482,P2135,Web,Transferencia,Promo 15%,1,137.64,0.1,137.64,17.89,119.75,71.27,0
RETAILMAX S.A. - VENTAS 2021,2021-001844,2021-05-09 06:38:47,S1022,C00193,P2071,Call Center,Billetera Digital,2x1,5,459.39,0.05,2296.95,344.54,1952.41,243.78,0
RETAILMAX S.A. - VENTAS 2021,2021-001845,2021-03-13 12:51:11,S1041,C00159,P2124,Marketplace,Efectivo,Cyber Week,3,428.12,0.1,1284.36,166.97,1117.39,351.18,0
RETAILMAX S.A. - VENTAS 2021,2021-001846,2021-11-21 04:50:45,S1032,C00615,P2073,Marketplace,Financiamiento,Promo 10%,2,139.88,0.15,279.76,41.96,237.8,131.1,0
RETAILMAX S.A. - VENTAS 2021,2021-001847,2021-10-07 20:50:51,S1011,C00018,P2150,Call Center,Efectivo,Promo 15%,5,234.07,0.0,1170.35,140.44,1029.91,154.53,0
RETAILMAX S.A. - VENTAS 2021,2021-001848,2021-12-17 11:56:15,S1002,C00655,P2123,Marketplace,Financiamiento,Promo 10%,1,140.09,0.2,140.09,18.21,121.88,112.82,0
RETAILMAX S.A. - VENTAS 2021,2021-001849,2021-07-19 06:06:18,S1035,C00511,P2051,Call Center,Billetera Digital,Promo 10%,5,855.46,0.0,4277.3,641.6,3635.7,394.02,1
RETAILMAX S.A. - VENTAS 2021,2021-001850,2021-04-24 12:30:00,S1044,C00309,P2126,Marketplace,Tarjeta,Promo 10%,2,547.31,0.2,1094.62,142.3,952.32,413.19,0
RETAILMAX S.A. - VENTAS 2021,2021-001851,2021-02-24 20:23:11,S1044,C00421,P2120,Marketplace,Tarjeta,Cyber Week,3,199.5,0.0,598.5,77.81,520.69,113.2,0
RETAILMAX S.A. - VENTAS 2021,2021-001852,2021-09-23 09:34:12,S1012,C00181,P2019,Marketplace,Tarjeta,Black Friday,5,377.02,0.2,1885.1,226.21,1658.89,283.84,0
RETAILMAX S.A. - VENTAS 2021,2021-001853,2021-09-07 10:27:37,S1040,C00723,P2132,Tienda,Efectivo,Promo 15%,3,321.61,0.0,964.83,125.43,839.4,220.13,1
RETAILMAX S.A. - VENTAS 2021,2021-001854,2021-11-16 04:22:05,S1003,C00322,P2152,Tienda,Tarjeta,2x1,4,449.56,0.1,1798.24,233.77,1564.47,338.06,0
RETAILMAX S.A. - VENTAS 2021,2021-001855,2021-09-05 06:00:02,S1036,C00637,P2102,Marketplace,Billetera Digital,Promo 10%,1,450.78,0.1,450.78,67.62,383.16,270.07,0
RETAILMAX S.A. - VENTAS 2021,2021-001856,2021-01-20 03:07:53,S1018,C00051,P2048,Call Center,Transferencia,Sin Promo,3,320.16,0.0,960.48,115.26,845.22,183.57,0
RETAILMAX S.A. - VENTAS 2021,2021-001857,2021-05-31 16:31:04,S1027,C00253,P2076,Marketplace,Efectivo,Sin Promo,1,78.02,0.2,78.02,11.7,66.32,50.2,0
RETAILMAX S.A. - VENTAS 2021,2021-001858,2021-03-30 13:19:46,S1024,C00297,P2067,Call Center,Financiamiento,Cyber Week,2,582.45,0.0,1164.9,174.74,990.16,420.88,0
RETAILMAX S.A. - VENTAS 2021,2021-001859,2021-02-19 08:40:14,S1013,C00455,P2139,Marketplace,Tarjeta,Sin Promo,3,19.27,0.05,57.81,6.94,50.87,12.71,0
RETAILMAX S.A. - VENTAS 2021,2021-001860,2021-05-17 05:26:59,S1039,C00314,P2014,Tienda,Transferencia,Sin Promo,2,365.66,0.15,731.32,95.07,636.25,296.33,0
RETAILMAX S.A. - VENTAS 2021,2021-001861,2021-07-01 06:27:22,S1011,C00283,P2001,Tienda,Billetera Digital,Black Friday,2,86.24,0.1,172.48,20.7,151.78,59.67,0
RETAILMAX S.A. - VENTAS 2021,2021-001862,2021-10-15 02:11:22,S1043,C00459,P2016,Web,Financiamiento,Sin Promo,2,138.07,0.2,276.14,35.9,240.24,121.18,0
RETAILMAX S.A. - VENTAS 2021,2021-001863,2021-07-04 04:43:29,S1020,C00699,P2110,Marketplace,Financiamiento,Promo 10%,1,375.05,0.1,375.05,56.26,318.79,314.95,0
RETAILMAX S.A. - VENTAS 2021,2021-001864,2021-06-19 20:17:40,S1024,C00704,P2096,Call Center,Financiamiento,Sin Promo,3,508.8,0.2,1526.4,228.96,1297.44,369.96,0
RETAILMAX S.A. - VENTAS 2021,2021-001865,2021-10-26 18:26:20,S1025,C00261,P2093,Call Center,Billetera Digital,2x1,1,118.37,0.2,118.37,17.76,100.61,75.0,0
RETAILMAX S.A. - VENTAS 2021,2021-001866,2021-06-02 06:06:06,S1041,C00231,P2114,Marketplace,Billetera Digital,Promo 15%,1,470.9,0.15,470.9,61.22,409.68,274.57,1
RETAILMAX S.A. - VENTAS 2021,2021-001867,2021-12-09 10:10:49,S1016,C00313,P2020,Call Center,Transferencia,Promo 15%,2,49.36,0.0,98.72,11.85,86.87,32.33,1
RETAILMAX S.A. - VENTAS 2021,2021-001868,2021-11-11 10:29:13,S1001,C00557,P2072,Marketplace,Billetera Digital,Sin Promo,1,604.62,0.0,604.62,78.6,526.02,420.23,0
RETAILMAX S.A. - VENTAS 2021,2021-001869,2021-12-21 15:35:12,S1040,C00444,P2131,Web,Tarjeta,Sin Promo,6,196.93,0.0,1181.58,153.61,1027.97,119.6,0
RETAILMAX S.A. - VENTAS 2021,2021-001870,2021-03-21 11:10:18,S1017,C00759,P2124,Web,Tarjeta,Promo 10%,1,475.69,0.0,475.69,57.08,418.61,351.18,0
RETAILMAX S.A. - VENTAS 2021,2021-001871,2021-11-26 04:12:49,S1044,C00488,P2154,Marketplace,Tarjeta,Promo 10%,3,586.57,0.2,1759.71,228.76,1530.95,427.53,0
RETAILMAX S.A. - VENTAS 2021,2021-001872,2021-06-15 12:22:35,S1001,C00108,P2026,Web,Financiamiento,Black Friday,2,413.93,0.1,827.86,107.62,720.24,230.43,1
RETAILMAX S.A. - VENTAS 2021,2021-001873,2021-04-04 03:39:15,S1005,C00241,P2131,Call Center,Financiamiento,Black Friday,1,196.93,0.0,196.93,25.6,171.33,119.6,0
RETAILMAX S.A. - VENTAS 2021,2021-001874,2021-09-09 05:14:43,S1002,C00226,P2034,Web,Financiamiento,2x1,2,210.36,0.2,420.72,54.69,366.03,122.22,1
RETAILMAX S.A. - VENTAS 2021,2021-001875,2021-08-14 10:39:20,S1033,C00178,P2014,Tienda,Efectivo,Promo 15%,2,430.19,0.0,860.38,129.06,731.32,296.33,0
RETAILMAX S.A. - VENTAS 2021,2021-001876,2021-12-27 06:06:21,S1021,C00268,P2023,Web,Tarjeta,Black Friday,4,529.75,0.0,2119.0,317.85,1801.15,346.8,0
RETAILMAX S.A. - VENTAS 2021,2021-001877,2021-03-30 19:46:59,S1029,C00281,P2101,Web,Efectivo,Sin Promo,3,336.53,0.0,1009.59,151.44,858.15,262.94,0
RETAILMAX S.A. - VENTAS 2021,2021-001878,2021-04-13 22:05:05,S1036,C00205,P2155,Tienda,Transferencia,Black Friday,1,125.86,0.2,125.86,18.88,106.98,71.96,0
RETAILMAX S.A. - VENTAS 2021,2021-001879,2021-01-31 13:43:54,S1006,C00441,P2131,Web,Financiamiento,Promo 15%,3,196.93,0.0,590.79,76.8,513.99,119.6,0
RETAILMAX S.A. - VENTAS 2021,2021-001880,2021-03-23 07:25:33,S1010,C00153,P2103,Marketplace,Tarjeta,Black Friday,3,403.65,0.05,1210.95,145.31,1065.64,274.37,0
RETAILMAX S.A. - VENTAS 2021,2021-001881,2021-08-30 14:42:36,S1025,C00530,P2062,Call Center,Efectivo,Promo 10%,2,111.89,0.0,223.78,33.57,190.21,74.21,0
RETAILMAX S.A. - VENTAS 2021,2021-001882,2021-09-03 16:54:11,S1036,C00029,P2083,Marketplace,Billetera Digital,Cyber Week,1,444.91,0.15,444.91,66.74,378.17,334.59,0
RETAILMAX S.A. - VENTAS 2021,2021-001883,2021-09-05 04:56:22,S1030,C00138,P2041,Tienda,Transferencia,Promo 10%,1,37.22,0.2,37.22,5.58,31.64,34.06,0
RETAILMAX S.A. - VENTAS 2021,2021-001884,2021-02-16 18:36:08,S1010,C00588,P2117,Call Center,Financiamiento,Cyber Week,3,67.36,0.2,202.08,24.25,177.83,41.82,0
RETAILMAX S.A. - VENTAS 2021,2021-001885,2021-05-04 03:43:22,S1038,C00321,P2081,Web,Financiamiento,Sin Promo,1,359.38,0.1,359.38,46.72,312.66,192.91,1
RETAILMAX S.A. - VENTAS 2021,2021-001886,2021-08-29 06:23:29,S1037,C00426,P2034,Web,Efectivo,2x1,1,223.51,0.15,223.51,29.06,194.45,122.22,1
RETAILMAX S.A. - VENTAS 2021,2021-001887,2021-04-22 20:33:08,S1002,C00688,P2047,Tienda,Transferencia,Promo 10%,2,456.79,0.0,913.58,118.77,794.81,295.44,0
RETAILMAX S.A. - VENTAS 2021,2021-001888,2021-03-21 20:59:42,S1044,C00080,P2069,Web,Financiamiento,Promo 10%,5,172.4,0.1,862.0,112.06,749.94,145.02,0
RETAILMAX S.A. - VENTAS 2021,2021-001889,2021-08-07 11:54:14,S1043,C00469,P2015,Tienda,Transferencia,Promo 10%,2,156.39,0.1,312.78,40.66,272.12,122.14,0
RETAILMAX S.A. - VENTAS 2021,2021-001890,2021-10-09 05:14:17,S1009,C00355,P2093,Marketplace,Transferencia,Cyber Week,1,147.96,0.0,147.96,19.23,128.73,75.0,0
RETAILMAX S.A. - VENTAS 2021,2021-001891,2021-10-23 19:40:00,S1026,C00711,P2075,Marketplace,Transferencia,2x1,1,522.04,0.1,522.04,78.31,443.73,301.87,0
RETAILMAX S.A. - VENTAS 2021,2021-001892,2021-09-08 23:28:09,S1006,C00646,P2097,Call Center,Efectivo,Promo 10%,2,442.96,0.15,885.92,115.17,770.75,298.37,0
RETAILMAX S.A. - VENTAS 2021,2021-001893,2021-05-29 08:59:52,S1011,C00358,P2052,Marketplace,Transferencia,Promo 15%,5,85.22,0.1,426.1,51.13,374.97,47.67,0
RETAILMAX S.A. - VENTAS 2021,2021-001894,2021-09-13 22:15:12,S1014,C00644,P2004,Web,Financiamiento,Black Friday,3,543.65,0.0,1630.95,195.71,1435.24,298.92,0
RETAILMAX S.A. - VENTAS 2021,2021-001895,2021-08-13 00:05:52,S1029,C00430,P2055,Call Center,Tarjeta,Promo 10%,1,140.77,0.0,140.77,21.12,119.65,77.43,0
RETAILMAX S.A. - VENTAS 2021,2021-001896,2021-06-19 08:58:27,S1038,C00088,P2140,Call Center,Billetera Digital,2x1,2,12.97,0.1,25.94,3.37,22.57,6.63,1
RETAILMAX S.A. - VENTAS 2021,2021-001897,2021-02-27 07:48:00,S1033,C00189,P2038,Marketplace,Efectivo,Black Friday,2,111.96,0.2,223.92,33.59,190.33,104.22,0
RETAILMAX S.A. - VENTAS 2021,2021-001898,2021-09-23 08:50:54,S1016,C00355,P2151,Tienda,Efectivo,Promo 15%,1,246.17,0.0,246.17,29.54,216.63,116.51,0
RETAILMAX S.A. - VENTAS 2021,2021-001899,2021-01-28 19:57:04,S1045,C00030,P2096,Tienda,Transferencia,Black Friday,1,636.0,0.0,636.0,82.68,553.32,369.96,0
RETAILMAX S.A. - VENTAS 2021,2021-001900,2021-11-07 16:57:07,S1034,C00043,P2030,Call Center,Transferencia,Cyber Week,2,487.3,0.1,974.6,146.19,828.41,418.38,0
RETAILMAX S.A. - VENTAS 2021,2021-001901,2021-12-21 13:33:04,S1044,C00134,P2102,Web,Efectivo,Cyber Week,2,500.87,0.0,1001.74,130.23,871.51,270.07,0
RETAILMAX S.A. - VENTAS 2021,2021-001902,2021-07-21 02:12:59,S1018,C00210,P2101,Tienda,Efectivo,Sin Promo,3,269.22,0.2,807.66,96.92,710.74,262.94,0
RETAILMAX S.A. - VENTAS 2021,2021-001903,2021-06-04 08:36:10,S1013,C00194,P2077,Tienda,Billetera Digital,Black Friday,4,675.49,0.15,2701.96,324.24,2377.72,400.81,0
RETAILMAX S.A. - VENTAS 2021,2021-001904,2021-02-26 16:45:21,S1035,C00791,P2052,Web,Efectivo,Cyber Week,1,75.75,0.2,75.75,11.36,64.39,47.67,0
RETAILMAX S.A. - VENTAS 2021,2021-001905,2021-02-17 00:49:53,S1040,C00680,P2008,Web,Billetera Digital,Cyber Week,3,743.1,0.15,2229.3,289.81,1939.49,421.75,0
RETAILMAX S.A. - VENTAS 2021,2021-001906,2021-12-06 00:52:29,S1002,C00267,P2100,Call Center,Transferencia,Cyber Week,1,571.97,0.0,571.97,74.36,497.61,422.9,1
RETAILMAX S.A. - VENTAS 2021,2021-001907,2021-09-19 07:01:17,S1021,C00643,P2042,Web,Tarjeta,Black Friday,1,321.11,0.2,321.11,48.17,272.94,233.31,0
RETAILMAX S.A. - VENTAS 2021,2021-001908,2021-08-29 03:00:32,S1002,C00762,P2146,Call Center,Tarjeta,Black Friday,1,280.13,0.1,280.13,36.42,243.71,242.22,0
RETAILMAX S.A. - VENTAS 2021,2021-001909,2021-03-16 14:29:02,S1007,C00391,P2160,Web,Tarjeta,Promo 10%,1,812.22,0.0,812.22,105.59,706.63,418.28,0
RETAILMAX S.A. - VENTAS 2021,2021-001910,2021-03-02 16:45:38,S1026,C00705,P2112,Web,Tarjeta,Sin Promo,1,289.41,0.2,289.41,43.41,246.0,257.82,0
RETAILMAX S.A. - VENTAS 2021,2021-001911,2021-12-11 03:14:56,S1019,C00447,P2113,Call Center,Tarjeta,Promo 10%,1,282.77,0.05,282.77,42.42,240.35,139.53,0
RETAILMAX S.A. - VENTAS 2021,2021-001912,2021-01-22 04:24:14,S1016,C00676,P2038,Call Center,Efectivo,Cyber Week,2,139.95,0.0,279.9,33.59,246.31,104.22,0
RETAILMAX S.A. - VENTAS 2021,2021-001913,2021-12-05 19:15:57,S1039,C00293,P2005,Web,Billetera Digital,Cyber Week,3,545.93,0.0,1637.79,212.91,1424.88,390.45,1
RETAILMAX S.A. - VENTAS 2021,2021-001914,2021-04-20 01:20:52,S1037,C00631,P2155,Call Center,Financiamiento,Promo 15%,1,157.33,0.0,157.33,20.45,136.88,71.96,0
RETAILMAX S.A. - VENTAS 2021,2021-001915,2021-10-02 00:29:17,S1022,C00639,P2081,Marketplace,Billetera Digital,Sin Promo,2,379.34,0.05,758.68,113.8,644.88,192.91,0
RETAILMAX S.A. - VENTAS 2021,2021-001916,2021-05-25 06:24:46,S1019,C00391,P2052,Tienda,Billetera Digital,Cyber Week,1,94.69,0.0,94.69,14.2,80.49,47.67,0
RETAILMAX S.A. - VENTAS 2021,2021-001917,2021-11-17 19:06:28,S1011,C00339,P2073,Tienda,Billetera Digital,Cyber Week,1,164.56,0.0,164.56,19.75,144.81,131.1,0
RETAILMAX S.A. - VENTAS 2021,2021-001918,2021-03-10 05:27:57,S1015,C00106,P2109,Web,Tarjeta,Black Friday,2,197.87,0.05,395.74,47.49,348.25,141.94,0
RETAILMAX S.A. - VENTAS 2021,2021-001919,2021-12-25 13:21:07,S1042,C00060,P2155,Call Center,Tarjeta,Cyber Week,6,157.33,0.0,943.98,122.72,821.26,71.96,1
RETAILMAX S.A. - VENTAS 2021,2021-001920,2021-12-02 00:02:42,S1009,C00633,P2015,Marketplace,Efectivo,Cyber Week,3,173.77,0.0,521.31,67.77,453.54,122.14,0
RETAILMAX S.A. - VENTAS 2021,2021-001921,2021-09-12 00:37:19,S1016,C00104,P2143,Call Center,Tarjeta,Promo 10%,3,175.44,0.0,526.32,63.16,463.16,101.86,0
RETAILMAX S.A. - VENTAS 2021,2021-001922,2021-04-08 15:25:56,S1026,C00387,P2023,Marketplace,Billetera Digital,Promo 15%,5,476.78,0.1,2383.9,357.58,2026.32,346.8,0
RETAILMAX S.A. - VENTAS 2021,2021-001923,2021-06-07 04:44:43,S1045,C00043,P2078,Marketplace,Tarjeta,Cyber Week,1,165.66,0.0,165.66,21.54,144.12,125.47,0
RETAILMAX S.A. - VENTAS 2021,2021-001924,2021-01-14 05:07:40,S1003,C00723,P2102,Call Center,Tarjeta,Promo 15%,6,500.87,0.0,3005.22,390.68,2614.54,270.07,0
RETAILMAX S.A. - VENTAS 2021,2021-001925,2021-03-24 17:27:04,S1018,C00795,P2034,Marketplace,Tarjeta,Promo 10%,1,249.8,0.05,249.8,29.98,219.82,122.22,0
RETAILMAX S.A. - VENTAS 2021,2021-001926,2021-11-14 02:14:23,S1006,C00641,P2037,Tienda,Financiamiento,2x1,2,530.23,0.15,1060.46,137.86,922.6,405.23,0
RETAILMAX S.A. - VENTAS 2021,2021-001927,2021-01-12 15:00:46,S1019,C00431,P2061,Marketplace,Billetera Digital,Cyber Week,1,42.68,0.0,42.68,6.4,36.28,26.36,0
RETAILMAX S.A. - VENTAS 2021,2021-001928,2021-06-25 11:37:49,S1045,C00548,P2097,Web,Tarjeta,Promo 10%,1,416.9,0.2,416.9,54.2,362.7,298.37,1
RETAILMAX S.A. - VENTAS 2021,2021-001929,2021-12-30 10:23:35,S1004,C00326,P2159,Tienda,Tarjeta,Black Friday,1,640.88,0.0,640.88,83.31,557.57,434.27,0
RETAILMAX S.A. - VENTAS 2021,2021-001930,2021-07-27 18:04:22,S1035,C00092,P2045,Call Center,Transferencia,2x1,2,55.13,0.2,110.26,16.54,93.72,46.07,0
RETAILMAX S.A. - VENTAS 2021,2021-001931,2021-11-15 02:21:44,S1017,C00022,P2012,Marketplace,Transferencia,Promo 15%,1,709.5,0.1,709.5,85.14,624.36,363.05,0
RETAILMAX S.A. - VENTAS 2021,2021-001932,2021-03-30 08:57:36,S1029,C00669,P2140,Tienda,Efectivo,Promo 15%,1,11.53,0.2,11.53,1.73,9.8,6.63,0
RETAILMAX S.A. - VENTAS 2021,2021-001933,2021-08-11 00:05:58,S1032,C00252,P2007,Tienda,Tarjeta,Black Friday,1,190.83,0.1,190.83,28.62,162.21,162.45,0
RETAILMAX S.A. - VENTAS 2021,2021-001934,2021-01-20 07:32:40,S1014,C00256,P2059,Call Center,Billetera Digital,Promo 10%,1,111.1,0.15,111.1,13.33,97.77,101.09,0
RETAILMAX S.A. - VENTAS 2021,2021-001935,2021-08-19 14:30:50,S1014,C00519,P2079,Call Center,Efectivo,2x1,1,249.59,0.0,249.59,29.95,219.64,156.92,0
RETAILMAX S.A. - VENTAS 2021,2021-001936,2021-01-22 19:49:12,S1016,C00286,P2010,Marketplace,Financiamiento,Sin Promo,1,404.09,0.0,404.09,48.49,355.6,210.17,0
RETAILMAX S.A. - VENTAS 2021,2021-001937,2021-10-31 01:06:35,S1024,C00267,P2069,Marketplace,Tarjeta,2x1,4,191.55,0.0,766.2,114.93,651.27,145.02,0
RETAILMAX S.A. - VENTAS 2021,2021-001938,2021-04-11 18:30:32,S1001,C00163,P2102,Tienda,Efectivo,Sin Promo,1,475.83,0.05,475.83,61.86,413.97,270.07,0
RETAILMAX S.A. - VENTAS 2021,2021-001939,2021-12-31 08:20:40,S1004,C00488,P2108,Marketplace,Transferencia,Black Friday,1,283.38,0.0,283.38,36.84,246.54,144.01,0
RETAILMAX S.A. - VENTAS 2021,2021-001940,2021-09-09 10:55:52,S1021,C00746,P2058,Web,Tarjeta,Cyber Week,1,442.61,0.05,442.61,66.39,376.22,324.41,0
RETAILMAX S.A. - VENTAS 2021,2021-001941,2021-01-13 00:38:04,S1031,C00109,P2023,Marketplace,Billetera Digital,Black Friday,2,529.75,0.0,1059.5,158.92,900.58,346.8,1
RETAILMAX S.A. - VENTAS 2021,2021-001942,2021-07-01 16:16:05,S1013,C00276,P2089,Marketplace,Financiamiento,Sin Promo,2,699.71,0.05,1399.42,167.93,1231.49,351.93,0
RETAILMAX S.A. - VENTAS 2021,2021-001943,2021-03-03 20:26:05,S1043,C00286,P2063,Web,Billetera Digital,2x1,1,70.41,0.0,70.41,9.15,61.26,34.56,0
RETAILMAX S.A. - VENTAS 2021,2021-001944,2021-08-14 09:15:21,S1003,C00611,P2094,Call Center,Efectivo,Sin Promo,3,665.75,0.05,1997.25,259.64,1737.61,392.99,0
RETAILMAX S.A. - VENTAS 2021,2021-001945,2021-10-27 02:19:58,S1015,C00165,P2061,Web,Financiamiento,Sin Promo,2,34.14,0.2,68.28,8.19,60.09,26.36,0
RETAILMAX S.A. - VENTAS 2021,2021-001946,2021-01-30 09:41:05,S1045,C00137,P2061,Tienda,Transferencia,Promo 15%,1,40.55,0.05,40.55,5.27,35.28,26.36,1
RETAILMAX S.A. - VENTAS 2021,2021-001947,2021-10-29 00:54:28,S1034,C00419,P2123,Tienda,Tarjeta,2x1,3,140.09,0.2,420.27,63.04,357.23,112.82,0
RETAILMAX S.A. - VENTAS 2021,2021-001948,2021-09-06 17:00:57,S1004,C00687,P2118,Tienda,Tarjeta,Cyber Week,1,65.15,0.0,65.15,8.47,56.68,45.65,1
RETAILMAX S.A. - VENTAS 2021,2021-001949,2021-05-15 21:19:11,S1033,C00412,P2102,Tienda,Billetera Digital,Cyber Week,1,400.7,0.2,400.7,60.1,340.6,270.07,1
RETAILMAX S.A. - VENTAS 2021,2021-001950,2021-11-20 09:48:51,S1045,C00706,P2073,Web,Tarjeta,Promo 15%,2,164.56,0.0,329.12,42.79,286.33,131.1,0
RETAILMAX S.A. - VENTAS 2021,2021-001951,2021-01-22 09:18:11,S1001,C00180,P2137,Tienda,Billetera Digital,Promo 15%,2,385.87,0.1,771.74,100.33,671.41,246.0,1
RETAILMAX S.A. - VENTAS 2021,2021-001952,2021-11-03 18:05:30,S1001,C00723,P2089,Call Center,Efectivo,Cyber Week,4,699.71,0.05,2798.84,363.85,2434.99,351.93,0
RETAILMAX S.A. - VENTAS 2021,2021-001953,2021-04-12 16:51:58,S1024,C00702,P2124,Tienda,Financiamiento,2x1,2,404.34,0.15,808.68,121.3,687.38,351.18,0
RETAILMAX S.A. - VENTAS 2021,2021-001954,2021-10-12 10:39:13,S1039,C00768,P2026,Tienda,Efectivo,Promo 10%,1,436.92,0.05,436.92,56.8,380.12,230.43,0
RETAILMAX S.A. - VENTAS 2021,2021-001955,2021-05-27 01:47:16,S1041,C00624,P2037,Marketplace,Efectivo,Promo 10%,2,561.42,0.1,1122.84,145.97,976.87,405.23,0
RETAILMAX S.A. - VENTAS 2021,2021-001956,2021-06-15 15:54:24,S1044,C00428,P2073,Marketplace,Billetera Digital,Black Friday,1,139.88,0.15,139.88,18.18,121.7,131.1,0
RETAILMAX S.A. - VENTAS 2021,2021-001957,2021-11-09 16:14:27,S1038,C00128,P2114,Marketplace,Efectivo,2x1,3,554.0,0.0,1662.0,216.06,1445.94,274.57,1
RETAILMAX S.A. - VENTAS 2021,2021-001958,2021-03-13 00:57:28,S1010,C00423,P2155,Call Center,Billetera Digital,Promo 10%,1,157.33,0.0,157.33,18.88,138.45,71.96,0
RETAILMAX S.A. - VENTAS 2021,2021-001959,2021-02-15 14:57:16,S1012,C00572,P2049,Tienda,Transferencia,Sin Promo,1,158.27,0.0,158.27,18.99,139.28,89.45,0
RETAILMAX S.A. - VENTAS 2021,2021-001960,2021-02-12 08:33:49,S1028,C00744,P2032,Call Center,Efectivo,Sin Promo,1,396.58,0.15,396.58,59.49,337.09,330.43,0
RETAILMAX S.A. - VENTAS 2021,2021-001961,2021-08-16 00:48:57,S1037,C00070,P2052,Marketplace,Billetera Digital,Sin Promo,3,85.22,0.1,255.66,33.24,222.42,47.67,0
RETAILMAX S.A. - VENTAS 2021,2021-001962,2021-10-07 14:31:37,S1014,C00513,P2004,Web,Efectivo,Sin Promo,4,543.65,0.0,2174.6,260.95,1913.65,298.92,0
RETAILMAX S.A. - VENTAS 2021,2021-001963,2021-07-02 19:00:12,S1012,C00315,P2110,Call Center,Billetera Digital,Promo 15%,2,416.72,0.0,833.44,100.01,733.43,314.95,0
RETAILMAX S.A. - VENTAS 2021,2021-001964,2021-01-06 19:37:40,S1005,C00368,P2148,Tienda,Transferencia,Black Friday,1,539.85,0.2,539.85,70.18,469.67,390.62,0
RETAILMAX S.A. - VENTAS 2021,2021-001965,2021-08-03 17:16:08,S1020,C00003,P2032,Tienda,Efectivo,Promo 10%,1,396.58,0.15,396.58,59.49,337.09,330.43,0
RETAILMAX S.A. - VENTAS 2021,2021-001966,2021-10-16 03:05:57,S1011,C00024,P2150,Tienda,Tarjeta,Promo 10%,1,222.37,0.05,222.37,26.68,195.69,154.53,0
RETAILMAX S.A. - VENTAS 2021,2021-001967,2021-09-13 21:29:48,S1035,C00364,P2139,Call Center,Billetera Digital,Black Friday,1,20.28,0.0,20.28,3.04,17.24,12.71,0
RETAILMAX S.A. - VENTAS 2021,2021-001968,2021-08-26 14:16:33,S1006,C00642,P2095,Call Center,Tarjeta,Promo 15%,2,620.44,0.15,1240.88,161.31,1079.57,368.2,0
RETAILMAX S.A. - VENTAS 2021,2021-001969,2021-10-29 12:54:43,S1024,C00621,P2139,Marketplace,Tarjeta,Black Friday,1,20.28,0.0,20.28,3.04,17.24,12.71,0
RETAILMAX S.A. - VENTAS 2021,2021-001970,2021-02-27 12:54:39,S1036,C00552,P2071,Web,Efectivo,2x1,2,459.39,0.05,918.78,137.82,780.96,243.78,0
RETAILMAX S.A. - VENTAS 2021,2021-001971,2021-12-12 20:08:30,S1017,C00272,P2025,Call Center,Transferencia,Sin Promo,2,664.27,0.0,1328.54,159.42,1169.12,394.63,0
RETAILMAX S.A. - VENTAS 2021,2021-001972,2021-10-25 23:58:48,S1003,C00079,P2031,Web,Transferencia,Cyber Week,2,193.42,0.05,386.84,50.29,336.55,111.43,0
RETAILMAX S.A. - VENTAS 2021,2021-001973,2021-11-06 15:21:04,S1018,C00762,P2054,Call Center,Financiamiento,Black Friday,3,463.28,0.0,1389.84,166.78,1223.06,220.6,0
RETAILMAX S.A. - VENTAS 2021,2021-001974,2021-05-16 22:16:30,S1003,C00643,P2021,Call Center,Billetera Digital,Promo 15%,2,439.47,0.0,878.94,114.26,764.68,239.98,0
RETAILMAX S.A. - VENTAS 2021,2021-001975,2021-02-03 16:09:48,S1045,C00009,P2027,Marketplace,Tarjeta,2x1,1,298.56,0.1,298.56,38.81,259.75,230.42,0
RETAILMAX S.A. - VENTAS 2021,2021-001976,2021-03-23 12:56:45,S1035,C00670,P2138,Call Center,Transferencia,Black Friday,2,720.1,0.0,1440.2,216.03,1224.17,375.47,0
RETAILMAX S.A. - VENTAS 2021,2021-001977,2021-03-06 00:00:44,S1016,C00498,P2124,Web,Transferencia,Black Friday,2,428.12,0.1,856.24,102.75,753.49,351.18,0
RETAILMAX S.A. - VENTAS 2021,2021-001978,2021-09-30 18:16:13,S1023,C00041,P2042,Call Center,Efectivo,Promo 15%,1,401.39,0.0,401.39,60.21,341.18,233.31,0
RETAILMAX S.A. - VENTAS 2021,2021-001979,2021-09-03 05:30:36,S1023,C00360,P2088,Call Center,Billetera Digital,Black Friday,6,457.54,0.2,2745.24,411.79,2333.45,308.2,0
RETAILMAX S.A. - VENTAS 2021,2021-001980,2021-08-06 00:48:10,S1029,C00013,P2156,Tienda,Transferencia,Sin Promo,2,81.43,0.0,162.86,24.43,138.43,55.02,0
RETAILMAX S.A. - VENTAS 2021,2021-001981,2021-02-27 21:21:13,S1038,C00345,P2130,Web,Transferencia,Cyber Week,4,596.1,0.15,2384.4,309.97,2074.43,404.15,0
RETAILMAX S.A. - VENTAS 2021,2021-001982,2021-11-24 05:56:36,S1035,C00697,P2007,Web,Financiamiento,Sin Promo,6,169.62,0.2,1017.72,152.66,865.06,162.45,0
RETAILMAX S.A. - VENTAS 2021,2021-001983,2021-04-20 17:17:53,S1003,C00276,P2110,Marketplace,Efectivo,Promo 10%,3,416.72,0.0,1250.16,162.52,1087.64,314.95,0
RETAILMAX S.A. - VENTAS 2021,2021-001984,2021-05-11 11:41:42,S1004,C00359,P2016,Call Center,Transferencia,Cyber Week,2,172.59,0.0,345.18,44.87,300.31,121.18,0
RETAILMAX S.A. - VENTAS 2021,2021-001985,2021-03-26 13:07:07,S1036,C00384,P2060,Marketplace,Financiamiento,Promo 10%,4,383.25,0.0,1533.0,229.95,1303.05,245.82,0
RETAILMAX S.A. - VENTAS 2021,2021-001986,2021-03-05 22:26:17,S1005,C00231,P2058,Tienda,Efectivo,Cyber Week,1,465.91,0.0,465.91,60.57,405.34,324.41,0
RETAILMAX S.A. - VENTAS 2021,2021-001987,2021-05-21 01:01:43,S1012,C00423,P2033,Call Center,Tarjeta,2x1,3,76.34,0.05,229.02,27.48,201.54,61.26,1
RETAILMAX S.A. - VENTAS 2021,2021-001988,2021-09-05 02:22:43,S1012,C00751,P2139,Marketplace,Billetera Digital,Black Friday,3,20.28,0.0,60.84,7.3,53.54,12.71,0
RETAILMAX S.A. - VENTAS 2021,2021-001989,2021-10-07 22:57:19,S1016,C00363,P2036,Tienda,Financiamiento,2x1,1,259.77,0.1,259.77,31.17,228.6,143.03,0
RETAILMAX S.A. - VENTAS 2021,2021-001990,2021-03-16 03:31:40,S1012,C00794,P2013,Marketplace,Financiamiento,Black Friday,1,190.19,0.05,190.19,22.82,167.37,98.1,0
RETAILMAX S.A. - VENTAS 2021,2021-001991,2021-04-26 11:53:08,S1032,C00225,P2096,Call Center,Transferencia,Black Friday,2,604.2,0.05,1208.4,181.26,1027.14,369.96,0
RETAILMAX S.A. - VENTAS 2021,2021-001992,2021-11-12 19:36:09,S1030,C00504,P2058,Call Center,Billetera Digital,Black Friday,2,465.91,0.0,931.82,139.77,792.05,324.41,0
RETAILMAX S.A. - VENTAS 2021,2021-001993,2021-06-09 18:26:57,S1015,C00032,P2013,Tienda,Transferencia,Promo 15%,1,200.2,0.0,200.2,24.02,176.18,98.1,0
RETAILMAX S.A. - VENTAS 2021,2021-001994,2021-05-14 11:24:58,S1039,C00621,P2082,Tienda,Tarjeta,Black Friday,3,281.42,0.0,844.26,109.75,734.51,152.77,0
RETAILMAX S.A. - VENTAS 2021,2021-001995,2021-11-03 06:34:29,S1044,C00323,P2051,Call Center,Transferencia,Promo 10%,1,727.14,0.15,727.14,94.53,632.61,394.02,1
RETAILMAX S.A. - VENTAS 2021,2021-001996,2021-07-15 01:37:11,S1039,C00624,P2031,Call Center,Tarjeta,2x1,1,203.6,0.0,203.6,26.47,177.13,111.43,1
RETAILMAX S.A. - VENTAS 2021,2021-001997,2021-02-01 08:16:02,S1009,C00246,P2053,Call Center,Efectivo,2x1,3,841.05,0.1,2523.15,328.01,2195.14,436.17,0
RETAILMAX S.A. - VENTAS 2021,2021-001998,2021-05-08 14:57:23,S1001,C00637,P2111,Web,Tarjeta,Black Friday,5,248.3,0.15,1241.5,161.4,1080.1,191.52,0
RETAILMAX S.A. - VENTAS 2021,2021-001999,2021-05-14 11:55:46,S1010,C00189,P2082,Call Center,Financiamiento,Sin Promo,1,281.42,0.0,281.42,33.77,247.65,152.77,0
RETAILMAX S.A. - VENTAS 2021,2021-002000,2021-01-13 21:37:52,S1026,C00447,P2152,Marketplace,Efectivo,Promo 15%,2,449.56,0.1,899.12,134.87,764.25,338.06,0
RETAILMAX S.A. - VENTAS 2021,2021-002001,2021-10-25 09:06:36,S1015,C00191,P2057,Call Center,Financiamiento,Cyber Week,1,419.8,0.0,419.8,50.38,369.42,314.68,0
RETAILMAX S.A. - VENTAS 2021,2021-002002,2021-10-13 22:19:58,S1012,C00514,P2026,Call Center,Tarjeta,Promo 15%,2,436.92,0.05,873.84,104.86,768.98,230.43,0
RETAILMAX S.A. - VENTAS 2021,2021-002003,2021-05-15 05:53:31,S1023,C00700,P2076,Marketplace,Transferencia,2x1,1,78.02,0.2,78.02,11.7,66.32,50.2,0
RETAILMAX S.A. - VENTAS 2021,2021-002004,2021-09-08 16:07:57,S1031,C00553,P2059,Call Center,Transferencia,Promo 15%,1,130.71,0.0,130.71,19.61,111.1,101.09,0
RETAILMAX S.A. - VENTAS 2021,2021-002005,2021-04-09 18:26:17,S1014,C00590,P2034,Call Center,Efectivo,Promo 10%,3,262.95,0.0,788.85,94.66,694.19,122.22,0
RETAILMAX S.A. - VENTAS 2021,2021-002006,2021-05-13 14:43:30,S1039,C00621,P2011,Web,Efectivo,2x1,4,314.18,0.2,1256.72,163.37,1093.35,309.34,0
RETAILMAX S.A. - VENTAS 2021,2021-002007,2021-12-25 10:31:44,S1024,C00705,P2050,Marketplace,Billetera Digital,Black Friday,1,260.25,0.05,260.25,39.04,221.21,192.16,0
RETAILMAX S.A. - VENTAS 2021,2021-002008,2021-04-28 01:57:18,S1007,C00374,P2004,Call Center,Efectivo,Promo 10%,1,462.1,0.15,462.1,60.07,402.03,298.92,0
RETAILMAX S.A. - VENTAS 2021,2021-002009,2021-03-31 05:32:23,S1005,C00169,P2137,Call Center,Financiamiento,2x1,1,342.99,0.2,342.99,44.59,298.4,246.0,1
RETAILMAX S.A. - VENTAS 2021,2021-002010,2021-12-03 17:15:21,S1026,C00122,P2121,Marketplace,Billetera Digital,Sin Promo,1,417.78,0.0,417.78,62.67,355.11,207.12,0
RETAILMAX S.A. - VENTAS 2021,2021-002011,2021-01-15 03:46:26,S1002,C00403,P2034,Tienda,Tarjeta,Promo 15%,1,262.95,0.0,262.95,34.18,228.77,122.22,0
RETAILMAX S.A. - VENTAS 2021,2021-002012,2021-05-09 19:25:14,S1030,C00194,P2152,Call Center,Tarjeta,Sin Promo,3,424.58,0.15,1273.74,191.06,1082.68,338.06,0
RETAILMAX S.A. - VENTAS 2021,2021-002013,2021-01-08 03:56:41,S1034,C00754,P2143,Call Center,Financiamiento,Cyber Week,2,157.9,0.1,315.8,47.37,268.43,101.86,0
RETAILMAX S.A. - VENTAS 2021,2021-002014,2021-10-14 04:39:17,S1024,C00105,P2118,Web,Billetera Digital,Black Friday,1,65.15,0.0,65.15,9.77,55.38,45.65,0
RETAILMAX S.A. - VENTAS 2021,2021-002015,2021-08-16 00:29:45,S1044,C00208,P2068,Call Center,Efectivo,Cyber Week,5,246.4,0.0,1232.0,160.16,1071.84,122.46,0
RETAILMAX S.A. - VENTAS 2021,2021-002016,2021-05-15 05:58:30,S1027,C00258,P2128,Tienda,Efectivo,Cyber Week,2,529.52,0.05,1059.04,158.86,900.18,269.57,0
RETAILMAX S.A. - VENTAS 2021,2021-002017,2021-03-26 01:56:48,S1023,C00498,P2099,Web,Financiamiento,Promo 15%,1,294.57,0.0,294.57,44.19,250.38,231.19,0
RETAILMAX S.A. - VENTAS 2021,2021-002018,2021-08-09 12:35:14,S1032,C00404,P2067,Call Center,Billetera Digital,Sin Promo,2,495.08,0.15,990.16,148.52,841.64,420.88,0
RETAILMAX S.A. - VENTAS 2021,2021-002019,2021-10-11 12:45:21,S1015,C00334,P2131,Web,Transferencia,Promo 15%,5,167.39,0.15,836.95,100.43,736.52,119.6,0
RETAILMAX S.A. - VENTAS 2021,2021-002020,2021-03-31 11:16:41,S1021,C00326,P2109,Web,Billetera Digital,Promo 15%,1,177.04,0.15,177.04,26.56,150.48,141.94,0
RETAILMAX S.A. - VENTAS 2021,2021-002021,2021-07-05 09:46:13,S1021,C00533,P2069,Call Center,Transferencia,Promo 15%,1,162.82,0.15,162.82,24.42,138.4,145.02,1
RETAILMAX S.A. - VENTAS 2021,2021-002022,2021-07-08 10:23:02,S1029,C00479,P2135,Web,Efectivo,Sin Promo,2,152.93,0.0,305.86,45.88,259.98,71.27,0
RETAILMAX S.A. - VENTAS 2021,2021-002023,2021-03-13 07:02:48,S1020,C00073,P2007,Call Center,Transferencia,Black Friday,1,180.23,0.15,180.23,27.03,153.2,162.45,0
RETAILMAX S.A. - VENTAS 2021,2021-002024,2021-09-09 22:36:08,S1015,C00558,P2148,Call Center,Financiamiento,2x1,3,674.81,0.0,2024.43,242.93,1781.5,390.62,0
RETAILMAX S.A. - VENTAS 2021,2021-002025,2021-05-05 10:41:05,S1019,C00093,P2052,Web,Financiamiento,Promo 10%,2,80.49,0.15,160.98,24.15,136.83,47.67,0
RETAILMAX S.A. - VENTAS 2021,2021-002026,2021-04-09 20:12:36,S1030,C00467,P2125,Web,Tarjeta,2x1,2,292.95,0.15,585.9,87.88,498.02,235.01,0
RETAILMAX S.A. - VENTAS 2021,2021-002027,2021-01-07 23:50:59,S1009,C00648,P2148,Tienda,Billetera Digital,2x1,2,539.85,0.2,1079.7,140.36,939.34,390.62,0
RETAILMAX S.A. - VENTAS 2021,2021-002028,2021-01-22 09:16:54,S1010,C00523,P2114,Web,Tarjeta,2x1,1,470.9,0.15,470.9,56.51,414.39,274.57,0
RETAILMAX S.A. - VENTAS 2021,2021-002029,2021-04-28 11:49:58,S1021,C00541,P2089,Web,Transferencia,Black Friday,3,662.89,0.1,1988.67,298.3,1690.37,351.93,0
RETAILMAX S.A. - VENTAS 2021,2021-002030,2021-06-19 08:21:23,S1002,C00101,P2045,Tienda,Tarjeta,Black Friday,4,68.91,0.0,275.64,35.83,239.81,46.07,0
RETAILMAX S.A. - VENTAS 2021,2021-002031,2021-07-22 16:02:22,S1038,C00001,P2142,Tienda,Financiamiento,Promo 15%,2,493.89,0.0,987.78,128.41,859.37,331.65,0
RETAILMAX S.A. - VENTAS 2021,2021-002032,2021-05-23 09:15:05,S1030,C00164,P2004,Marketplace,Transferencia,Promo 15%,1,462.1,0.15,462.1,69.31,392.79,298.92,0
RETAILMAX S.A. - VENTAS 2021,2021-002033,2021-01-28 19:21:35,S1019,C00774,P2115,Marketplace,Tarjeta,2x1,1,335.31,0.1,335.31,50.3,285.01,201.2,0
RETAILMAX S.A. - VENTAS 2021,2021-002034,2021-11-14 07:55:00,S1027,C00006,P2091,Tienda,Tarjeta,Cyber Week,2,433.2,0.2,866.4,129.96,736.44,397.11,1
RETAILMAX S.A. - VENTAS 2021,2021-002035,2021-11-30 11:40:08,S1020,C00672,P2020,Tienda,Efectivo,Black Friday,1,44.42,0.1,44.42,6.66,37.76,32.33,0
RETAILMAX S.A. - VENTAS 2021,2021-002036,2021-09-15 18:39:33,S1028,C00305,P2081,Call Center,Billetera Digital,Black Friday,2,319.45,0.2,638.9,95.83,543.07,192.91,0
RETAILMAX S.A. - VENTAS 2021,2021-002037,2021-08-06 21:20:50,S1042,C00508,P2077,Web,Billetera Digital,Sin Promo,2,635.75,0.2,1271.5,165.3,1106.2,400.81,0
RETAILMAX S.A. - VENTAS 2021,2021-002038,2021-06-11 17:31:17,S1019,C00239,P2012,Call Center,Tarjeta,Promo 15%,2,788.33,0.0,1576.66,236.5,1340.16,363.05,0
RETAILMAX S.A. - VENTAS 2021,2021-002039,2021-12-15 05:00:26,S1002,C00152,P2027,Tienda,Tarjeta,Cyber Week,1,331.73,0.0,331.73,43.12,288.61,230.42,0
RETAILMAX S.A. - VENTAS 2021,2021-002040,2021-10-04 13:53:02,S1023,C00550,P2142,Marketplace,Efectivo,Promo 10%,3,493.89,0.0,1481.67,222.25,1259.42,331.65,0
RETAILMAX S.A. - VENTAS 2021,2021-002041,2021-11-29 08:14:32,S1019,C00003,P2108,Web,Efectivo,Black Friday,2,283.38,0.0,566.76,85.01,481.75,144.01,0
RETAILMAX S.A. - VENTAS 2021,2021-002042,2021-03-19 04:06:15,S1010,C00613,P2039,Call Center,Tarjeta,2x1,6,405.45,0.15,2432.7,291.92,2140.78,251.05,0
RETAILMAX S.A. - VENTAS 2021,2021-002043,2021-10-18 07:38:56,S1017,C00110,P2015,Tienda,Billetera Digital,Black Friday,6,156.39,0.1,938.34,112.6,825.74,122.14,0
RETAILMAX S.A. - VENTAS 2021,2021-002044,2021-03-27 05:18:17,S1031,C00497,P2076,Tienda,Tarjeta,Promo 10%,1,78.02,0.2,78.02,11.7,66.32,50.2,0
RETAILMAX S.A. - VENTAS 2021,2021-002045,2021-03-31 00:04:36,S1018,C00176,P2018,Call Center,Financiamiento,2x1,1,333.08,0.15,333.08,39.97,293.11,224.11,0
RETAILMAX S.A. - VENTAS 2021,2021-002046,2021-02-28 01:38:58,S1031,C00221,P2112,Call Center,Financiamiento,Sin Promo,4,325.58,0.1,1302.32,195.35,1106.97,257.82,0
RETAILMAX S.A. - VENTAS 2021,2021-002047,2021-10-08 03:02:39,S1034,C00305,P2148,Marketplace,Financiamiento,Sin Promo,3,674.81,0.0,2024.43,303.66,1720.77,390.62,0
RETAILMAX S.A. - VENTAS 2021,2021-002048,2021-02-01 08:33:52,S1024,C00473,P2077,Marketplace,Efectivo,Cyber Week,4,794.69,0.0,3178.76,476.81,2701.95,400.81,0
RETAILMAX S.A. - VENTAS 2021,2021-002049,2021-10-29 18:34:50,S1038,C00595,P2130,Call Center,Transferencia,2x1,3,561.03,0.2,1683.09,218.8,1464.29,404.15,0
RETAILMAX S.A. - VENTAS 2021,2021-002050,2021-11-25 05:02:01,S1042,C00673,P2024,Call Center,Billetera Digital,Promo 15%,1,316.27,0.0,316.27,41.12,275.15,197.91,1
RETAILMAX S.A. - VENTAS 2021,2021-002051,2021-02-20 01:16:10,S1010,C00384,P2093,Tienda,Financiamiento,2x1,1,125.77,0.15,125.77,15.09,110.68,75.0,0
RETAILMAX S.A. - VENTAS 2021,2021-002052,2021-01-02 13:28:24,S1029,C00570,P2115,Marketplace,Billetera Digital,2x1,3,372.57,0.0,1117.71,167.66,950.05,201.2,0
RETAILMAX S.A. - VENTAS 2021,2021-002053,2021-02-08 12:03:58,S1001,C00346,P2154,Tienda,Financiamiento,2x1,1,623.23,0.15,623.23,81.02,542.21,427.53,1
RETAILMAX S.A. - VENTAS 2021,2021-002054,2021-07-19 15:22:03,S1032,C00413,P2031,Tienda,Financiamiento,Promo 15%,1,203.6,0.0,203.6,30.54,173.06,111.43,0
RETAILMAX S.A. - VENTAS 2021,2021-002055,2021-02-14 03:17:15,S1024,C00609,P2044,Marketplace,Tarjeta,2x1,3,454.08,0.0,1362.24,204.34,1157.9,214.81,0
RETAILMAX S.A. - VENTAS 2021,2021-002056,2021-06-15 03:39:42,S1012,C00574,P2017,Marketplace,Billetera Digital,2x1,1,224.24,0.2,224.24,26.91,197.33,182.13,0
RETAILMAX S.A. - VENTAS 2021,2021-002057,2021-09-25 22:23:52,S1032,C00729,P2037,Web,Financiamiento,2x1,1,499.04,0.2,499.04,74.86,424.18,405.23,0
RETAILMAX S.A. - VENTAS 2021,2021-002058,2021-04-14 10:42:41,S1012,C00593,P2027,Call Center,Efectivo,2x1,2,315.14,0.05,630.28,75.63,554.65,230.42,0
RETAILMAX S.A. - VENTAS 2021,2021-002059,2021-08-24 00:33:41,S1007,C00672,P2045,Call Center,Billetera Digital,Black Friday,2,62.02,0.1,124.04,16.13,107.91,46.07,0
RETAILMAX S.A. - VENTAS 2021,2021-002060,2021-11-22 20:35:54,S1043,C00779,P2141,Call Center,Billetera Digital,Sin Promo,1,749.24,0.1,749.24,97.4,651.84,384.64,0
RETAILMAX S.A. - VENTAS 2021,2021-002061,2021-01-16 13:30:27,S1029,C00426,P2112,Web,Transferencia,2x1,3,343.67,0.05,1031.01,154.65,876.36,257.82,0
RETAILMAX S.A. - VENTAS 2021,2021-002062,2021-10-19 16:32:48,S1044,C00599,P2001,Web,Efectivo,Sin Promo,4,95.82,0.0,383.28,49.83,333.45,59.67,0
RETAILMAX S.A. - VENTAS 2021,2021-002063,2021-03-09 15:42:52,S1043,C00283,P2129,Marketplace,Financiamiento,Cyber Week,4,403.96,0.2,1615.84,210.06,1405.78,401.84,0
RETAILMAX S.A. - VENTAS 2021,2021-002064,2021-10-23 20:21:18,S1027,C00224,P2053,Call Center,Tarjeta,Promo 15%,3,934.5,0.0,2803.5,420.52,2382.98,436.17,0
RETAILMAX S.A. - VENTAS 2021,2021-002065,2021-10-11 00:12:46,S1033,C00700,P2067,Marketplace,Efectivo,Sin Promo,3,524.21,0.1,1572.63,235.89,1336.74,420.88,0
RETAILMAX S.A. - VENTAS 2021,2021-002066,2021-07-04 12:13:09,S1035,C00572,P2116,Call Center,Financiamiento,2x1,2,743.9,0.0,1487.8,223.17,1264.63,358.01,0
RETAILMAX S.A. - VENTAS 2021,2021-002067,2021-12-28 03:17:04,S1016,C00220,P2034,Call Center,Transferencia,2x1,2,262.95,0.0,525.9,63.11,462.79,122.22,0
RETAILMAX S.A. - VENTAS 2021,2021-002068,2021-04-05 02:43:01,S1020,C00676,P2105,Web,Transferencia,Sin Promo,1,574.73,0.15,574.73,86.21,488.52,320.12,0
RETAILMAX S.A. - VENTAS 2021,2021-002069,2021-12-31 21:33:43,S1013,C00269,P2062,Call Center,Transferencia,Promo 10%,1,111.89,0.0,111.89,13.43,98.46,74.21,0
RETAILMAX S.A. - VENTAS 2021,2021-002070,2021-03-14 21:57:37,S1033,C00697,P2124,Tienda,Financiamiento,Sin Promo,5,475.69,0.0,2378.45,356.77,2021.68,351.18,1
RETAILMAX S.A. - VENTAS 2021,2021-002071,2021-05-16 13:20:30,S1007,C00368,P2149,Tienda,Billetera Digital,Promo 15%,1,224.81,0.0,224.81,29.23,195.58,173.08,1
RETAILMAX S.A. - VENTAS 2021,2021-002072,2021-05-31 13:34:29,S1021,C00331,P2037,Tienda,Transferencia,2x1,2,499.04,0.2,998.08,149.71,848.37,405.23,0
RETAILMAX S.A. - VENTAS 2021,2021-002073,2021-03-06 00:06:18,S1028,C00203,P2102,Web,Transferencia,2x1,3,500.87,0.0,1502.61,225.39,1277.22,270.07,0
RETAILMAX S.A. - VENTAS 2021,2021-002074,2021-12-30 20:55:03,S1005,C00075,P2090,Tienda,Tarjeta,Cyber Week,1,105.3,0.15,105.3,13.69,91.61,72.93,0
RETAILMAX S.A. - VENTAS 2021,2021-002075,2021-04-23 12:27:29,S1008,C00556,P2046,Call Center,Efectivo,Promo 10%,1,362.57,0.0,362.57,47.13,315.44,192.92,0
RETAILMAX S.A. - VENTAS 2021,2021-002076,2021-05-23 17:06:44,S1032,C00119,P2057,Web,Billetera Digital,Black Friday,6,377.82,0.1,2266.92,340.04,1926.88,314.68,0
RETAILMAX S.A. - VENTAS 2021,2021-002077,2021-05-24 00:11:02,S1038,C00213,P2116,Web,Efectivo,Cyber Week,1,706.7,0.05,706.7,91.87,614.83,358.01,0
RETAILMAX S.A. - VENTAS 2021,2021-002078,2021-08-20 08:45:05,S1033,C00518,P2010,Tienda,Financiamiento,Black Friday,1,383.89,0.05,383.89,57.58,326.31,210.17,0
RETAILMAX S.A. - VENTAS 2021,2021-002079,2021-01-04 17:31:47,S1027,C00510,P2058,Marketplace,Billetera Digital,Cyber Week,1,372.73,0.2,372.73,55.91,316.82,324.41,1
RETAILMAX S.A. - VENTAS 2021,2021-002080,2021-01-31 03:19:48,S1018,C00700,P2031,Tienda,Billetera Digital,Promo 10%,1,203.6,0.0,203.6,24.43,179.17,111.43,0
RETAILMAX S.A. - VENTAS 2021,2021-002081,2021-02-25 23:55:06,S1043,C00470,P2131,Call Center,Tarjeta,Cyber Week,1,196.93,0.0,196.93,25.6,171.33,119.6,0
RETAILMAX S.A. - VENTAS 2021,2021-002082,2021-07-05 08:16:47,S1028,C00568,P2066,Call Center,Tarjeta,Black Friday,5,419.77,0.2,2098.85,314.83,1784.02,297.19,0
RETAILMAX S.A. - VENTAS 2021,2021-002083,2021-04-13 01:35:47,S1003,C00539,P2106,Call Center,Billetera Digital,Promo 15%,1,461.42,0.0,461.42,59.98,401.44,310.34,1
RETAILMAX S.A. - VENTAS 2021,2021-002084,2021-01-08 00:10:03,S1002,C00348,P2134,Tienda,Billetera Digital,Black Friday,5,241.56,0.0,1207.8,157.01,1050.79,153.79,0
RETAILMAX S.A. - VENTAS 2021,2021-002085,2021-10-15 11:54:50,S1008,C00775,P2085,Web,Billetera Digital,Black Friday,2,31.02,0.0,62.04,8.07,53.97,20.07,0
RETAILMAX S.A. - VENTAS 2021,2021-002086,2021-07-31 21:35:38,S1039,C00491,P2144,Call Center,Transferencia,Promo 10%,2,272.5,0.0,545.0,70.85,474.15,177.43,0
RETAILMAX S.A. - VENTAS 2021,2021-002087,2021-05-12 10:09:32,S1010,C00451,P2035,Tienda,Financiamiento,Cyber Week,5,725.28,0.2,3626.4,435.17,3191.23,418.3,0
RETAILMAX S.A. - VENTAS 2021,2021-002088,2021-11-16 18:44:18,S1031,C00752,P2140,Web,Transferencia,Black Friday,4,13.69,0.05,54.76,8.21,46.55,6.63,0
RETAILMAX S.A. - VENTAS 2021,2021-002089,2021-04-20 02:34:29,S1025,C00229,P2061,Tienda,Efectivo,Promo 15%,1,42.68,0.0,42.68,6.4,36.28,26.36,0
RETAILMAX S.A. - VENTAS 2021,2021-002090,2021-12-06 22:14:15,S1030,C00490,P2067,Web,Tarjeta,2x1,1,495.08,0.15,495.08,74.26,420.82,420.88,0
RETAILMAX S.A. - VENTAS 2021,2021-002091,2021-04-20 13:06:18,S1014,C00157,P2027,Web,Transferencia,Promo 10%,2,298.56,0.1,597.12,71.65,525.47,230.42,0
RETAILMAX S.A. - VENTAS 2021,2021-002092,2021-09-29 02:12:06,S1018,C00682,P2148,Call Center,Tarjeta,Cyber Week,1,674.81,0.0,674.81,80.98,593.83,390.62,0
RETAILMAX S.A. - VENTAS 2021,2021-002093,2021-08-18 07:03:16,S1016,C00486,P2021,Marketplace,Transferencia,Black Friday,2,439.47,0.0,878.94,105.47,773.47,239.98,0
RETAILMAX S.A. - VENTAS 2021,2021-002094,2021-04-10 19:55:17,S1040,C00258,P2091,Marketplace,Efectivo,2x1,1,541.5,0.0,541.5,70.39,471.11,397.11,1
RETAILMAX S.A. - VENTAS 2021,2021-002095,2021-06-02 14:46:41,S1013,C00238,P2060,Tienda,Transferencia,Promo 15%,4,344.93,0.1,1379.72,165.57,1214.15,245.82,0
RETAILMAX S.A. - VENTAS 2021,2021-002096,2021-08-17 16:10:39,S1023,C00783,P2001,Tienda,Financiamiento,Promo 15%,4,81.45,0.15,325.8,48.87,276.93,59.67,0
RETAILMAX S.A. - VENTAS 2021,2021-002097,2021-11-14 12:13:02,S1007,C00129,P2041,Call Center,Efectivo,Promo 10%,1,46.52,0.0,46.52,6.05,40.47,34.06,0
RETAILMAX S.A. - VENTAS 2021,2021-002098,2021-04-04 00:21:15,S1039,C00744,P2018,Marketplace,Transferencia,Sin Promo,2,352.67,0.1,705.34,91.69,613.65,224.11,0
RETAILMAX S.A. - VENTAS 2021,2021-002099,2021-09-10 22:53:56,S1037,C00758,P2142,Tienda,Billetera Digital,Sin Promo,2,419.81,0.15,839.62,109.15,730.47,331.65,0
RETAILMAX S.A. - VENTAS 2021,2021-002100,2021-02-21 03:02:02,S1027,C00628,P2140,Call Center,Tarjeta,Black Friday,6,13.69,0.05,82.14,12.32,69.82,6.63,1
RETAILMAX S.A. - VENTAS 2021,2021-002101,2021-01-10 05:10:54,S1004,C00074,P2154,Call Center,Financiamiento,Sin Promo,1,733.21,0.0,733.21,95.32,637.89,427.53,1
RETAILMAX S.A. - VENTAS 2021,2021-002102,2021-12-26 06:26:59,S1012,C00478,P2017,Call Center,Billetera Digital,Promo 15%,1,280.3,0.0,280.3,33.64,246.66,182.13,0
RETAILMAX S.A. - VENTAS 2021,2021-002103,2021-06-11 09:45:33,S1008,C00588,P2029,Web,Tarjeta,Sin Promo,2,491.5,0.0,983.0,127.79,855.21,271.13,1
RETAILMAX S.A. - VENTAS 2021,2021-002104,2021-03-11 06:38:06,S1024,C00599,P2038,Marketplace,Tarjeta,Sin Promo,2,139.95,0.0,279.9,41.98,237.92,104.22,0
RETAILMAX S.A. - VENTAS 2021,2021-002105,2021-08-02 01:50:55,S1015,C00185,P2155,Marketplace,Efectivo,Cyber Week,1,157.33,0.0,157.33,18.88,138.45,71.96,0
RETAILMAX S.A. - VENTAS 2021,2021-002106,2021-06-27 23:50:09,S1044,C00429,P2085,Marketplace,Financiamiento,Cyber Week,2,27.92,0.1,55.84,7.26,48.58,20.07,0
RETAILMAX S.A. - VENTAS 2021,2021-002107,2021-06-23 01:09:53,S1034,C00402,P2100,Call Center,Tarjeta,2x1,2,571.97,0.0,1143.94,171.59,972.35,422.9,1
RETAILMAX S.A. - VENTAS 2021,2021-002108,2021-04-08 04:42:06,S1023,C00180,P2060,Tienda,Transferencia,Cyber Week,2,344.93,0.1,689.86,103.48,586.38,245.82,1
RETAILMAX S.A. - VENTAS 2021,2021-002109,2021-10-30 13:19:52,S1032,C00789,P2086,Tienda,Tarjeta,Sin Promo,2,109.2,0.0,218.4,32.76,185.64,70.05,0
RETAILMAX S.A. - VENTAS 2021,2021-002110,2021-05-28 22:38:52,S1037,C00014,P2138,Tienda,Efectivo,Cyber Week,1,720.1,0.0,720.1,93.61,626.49,375.47,0
RETAILMAX S.A. - VENTAS 2021,2021-002111,2021-03-02 00:06:33,S1011,C00476,P2097,Tienda,Efectivo,2x1,1,521.13,0.0,521.13,62.54,458.59,298.37,0
RETAILMAX S.A. - VENTAS 2021,2021-002112,2021-09-17 22:16:00,S1029,C00344,P2156,Marketplace,Tarjeta,Sin Promo,2,65.14,0.2,130.28,19.54,110.74,55.02,0
RETAILMAX S.A. - VENTAS 2021,2021-002113,2021-06-03 22:49:23,S1035,C00550,P2057,Web,Transferencia,Black Friday,2,419.8,0.0,839.6,125.94,713.66,314.68,0
RETAILMAX S.A. - VENTAS 2021,2021-002114,2021-03-31 19:51:32,S1042,C00429,P2006,Web,Transferencia,Cyber Week,1,321.61,0.2,321.61,41.81,279.8,287.52,0
RETAILMAX S.A. - VENTAS 2021,2021-002115,2021-06-24 05:20:03,S1029,C00322,P2039,Tienda,Tarjeta,Sin Promo,1,453.15,0.05,453.15,67.97,385.18,251.05,0
RETAILMAX S.A. - VENTAS 2021,2021-002116,2021-09-07 20:43:51,S1036,C00628,P2036,Tienda,Financiamiento,Black Friday,5,288.63,0.0,1443.15,216.47,1226.68,143.03,0
RETAILMAX S.A. - VENTAS 2021,2021-002117,2021-10-08 02:08:25,S1024,C00514,P2085,Call Center,Financiamiento,Promo 15%,1,29.47,0.05,29.47,4.42,25.05,20.07,0
RETAILMAX S.A. - VENTAS 2021,2021-002118,2021-12-23 08:47:51,S1024,C00627,P2021,Marketplace,Efectivo,Cyber Week,6,395.52,0.1,2373.12,355.97,2017.15,239.98,0
RETAILMAX S.A. - VENTAS 2021,2021-002119,2021-12-06 07:03:27,S1027,C00150,P2149,Marketplace,Billetera Digital,Cyber Week,2,224.81,0.0,449.62,67.44,382.18,173.08,0
RETAILMAX S.A. - VENTAS 2021,2021-002120,2021-04-26 00:44:48,S1020,C00430,P2082,Call Center,Financiamiento,Promo 10%,1,267.35,0.05,267.35,40.1,227.25,152.77,0
RETAILMAX S.A. - VENTAS 2021,2021-002121,2021-06-17 00:17:35,S1030,C00643,P2073,Marketplace,Tarjeta,Sin Promo,1,139.88,0.15,139.88,20.98,118.9,131.1,0
RETAILMAX S.A. - VENTAS 2021,2021-002122,2021-04-19 13:48:59,S1039,C00665,P2058,Call Center,Efectivo,Promo 15%,1,465.91,0.0,465.91,60.57,405.34,324.41,0
RETAILMAX S.A. - VENTAS 2021,2021-002123,2021-08-24 19:33:36,S1026,C00283,P2114,Tienda,Efectivo,Cyber Week,1,498.6,0.1,498.6,74.79,423.81,274.57,0
RETAILMAX S.A. - VENTAS 2021,2021-002124,2021-12-26 05:26:28,S1034,C00121,P2100,Marketplace,Transferencia,Sin Promo,1,571.97,0.0,571.97,85.8,486.17,422.9,0
RETAILMAX S.A. - VENTAS 2021,2021-002125,2021-01-08 01:09:47,S1006,C00476,P2029,Call Center,Tarjeta,Promo 15%,2,417.77,0.15,835.54,108.62,726.92,271.13,0
RETAILMAX S.A. - VENTAS 2021,2021-002126,2021-01-03 23:11:59,S1017,C00274,P2013,Call Center,Billetera Digital,Promo 15%,3,180.18,0.1,540.54,64.86,475.68,98.1,0
RETAILMAX S.A. - VENTAS 2021,2021-002127,2021-01-08 05:30:53,S1004,C00174,P2099,Tienda,Financiamiento,2x1,4,294.57,0.0,1178.28,153.18,1025.1,231.19,0
RETAILMAX S.A. - VENTAS 2021,2021-002128,2021-04-23 04:57:16,S1005,C00166,P2016,Marketplace,Transferencia,2x1,2,172.59,0.0,345.18,44.87,300.31,121.18,0
RETAILMAX S.A. - VENTAS 2021,2021-002129,2021-10-16 20:15:39,S1005,C00538,P2037,Call Center,Transferencia,Black Friday,3,561.42,0.1,1684.26,218.95,1465.31,405.23,0
RETAILMAX S.A. - VENTAS 2021,2021-002130,2021-02-14 06:13:32,S1017,C00264,P2088,Call Center,Transferencia,Promo 10%,2,514.73,0.1,1029.46,123.54,905.92,308.2,0
RETAILMAX S.A. - VENTAS 2021,2021-002131,2021-01-24 08:24:30,S1039,C00692,P2064,Call Center,Efectivo,Sin Promo,5,91.31,0.0,456.55,59.35,397.2,57.47,1
RETAILMAX S.A. - VENTAS 2021,2021-002132,2021-03-14 16:39:35,S1040,C00480,P2092,Web,Tarjeta,Promo 15%,1,722.24,0.1,722.24,93.89,628.35,416.32,0
RETAILMAX S.A. - VENTAS 2021,2021-002133,2021-08-26 00:53:52,S1040,C00121,P2032,Tienda,Financiamiento,Sin Promo,2,466.57,0.0,933.14,121.31,811.83,330.43,0
RETAILMAX S.A. - VENTAS 2021,2021-002134,2021-06-26 05:54:07,S1022,C00547,P2065,Tienda,Efectivo,Promo 10%,1,326.63,0.2,326.63,48.99,277.64,269.16,0
RETAILMAX S.A. - VENTAS 2021,2021-002135,2021-12-25 06:07:32,S1036,C00273,P2127,Web,Tarjeta,Promo 15%,1,586.13,0.2,586.13,87.92,498.21,361.43,0
RETAILMAX S.A. - VENTAS 2021,2021-002136,2021-03-05 19:00:52,S1008,C00277,P2115,Tienda,Transferencia,Black Friday,2,353.94,0.05,707.88,92.02,615.86,201.2,0
RETAILMAX S.A. - VENTAS 2021,2021-002137,2021-08-11 03:52:28,S1026,C00148,P2104,Call Center,Efectivo,Black Friday,3,632.01,0.1,1896.03,284.4,1611.63,405.18,0
RETAILMAX S.A. - VENTAS 2021,2021-002138,2021-06-20 20:02:00,S1025,C00259,P2076,Marketplace,Billetera Digital,Cyber Week,2,82.89,0.15,165.78,24.87,140.91,50.2,0
RETAILMAX S.A. - VENTAS 2021,2021-002139,2021-12-20 17:07:42,S1019,C00091,P2062,Tienda,Financiamiento,Black Friday,1,95.11,0.15,95.11,14.27,80.84,74.21,0
RETAILMAX S.A. - VENTAS 2021,2021-002140,2021-01-23 01:49:58,S1001,C00683,P2094,Marketplace,Efectivo,2x1,3,560.63,0.2,1681.89,218.65,1463.24,392.99,0
RETAILMAX S.A. - VENTAS 2021,2021-002141,2021-12-25 21:59:10,S1007,C00336,P2120,Call Center,Billetera Digital,Promo 10%,4,199.5,0.0,798.0,103.74,694.26,113.2,0
RETAILMAX S.A. - VENTAS 2021,2021-002142,2021-10-25 17:27:41,S1029,C00315,P2129,Marketplace,Transferencia,Promo 15%,4,403.96,0.2,1615.84,242.38,1373.46,401.84,0
RETAILMAX S.A. - VENTAS 2021,2021-002143,2021-12-03 03:29:39,S1036,C00170,P2032,Web,Financiamiento,Promo 10%,6,466.57,0.0,2799.42,419.91,2379.51,330.43,0
RETAILMAX S.A. - VENTAS 2021,2021-002144,2021-01-28 06:28:02,S1002,C00739,P2141,Marketplace,Billetera Digital,Promo 10%,2,749.24,0.1,1498.48,194.8,1303.68,384.64,1
RETAILMAX S.A. - VENTAS 2021,2021-002145,2021-04-28 04:55:30,S1035,C00078,P2148,Tienda,Transferencia,Sin Promo,2,674.81,0.0,1349.62,202.44,1147.18,390.62,0
RETAILMAX S.A. - VENTAS 2021,2021-002146,2021-05-23 17:44:28,S1012,C00670,P2019,Web,Efectivo,Cyber Week,6,400.58,0.15,2403.48,288.42,2115.06,283.84,0
RETAILMAX S.A. - VENTAS 2021,2021-002147,2021-02-26 02:24:15,S1044,C00726,P2089,Web,Tarjeta,Cyber Week,2,736.54,0.0,1473.08,191.5,1281.58,351.93,0
RETAILMAX S.A. - VENTAS 2021,2021-002148,2021-11-18 00:28:29,S1039,C00269,P2094,Web,Tarjeta,Promo 15%,1,595.67,0.15,595.67,77.44,518.23,392.99,1
RETAILMAX S.A. - VENTAS 2021,2021-002149,2021-12-23 05:26:04,S1021,C00203,P2141,Web,Financiamiento,2x1,1,832.49,0.0,832.49,124.87,707.62,384.64,0
RETAILMAX S.A. - VENTAS 2021,2021-002150,2021-03-07 03:45:31,S1023,C00204,P2139,Web,Tarjeta,Promo 10%,1,17.24,0.15,17.24,2.59,14.65,12.71,0
RETAILMAX S.A. - VENTAS 2021,2021-002151,2021-02-17 15:12:58,S1002,C00273,P2142,Call Center,Transferencia,2x1,1,493.89,0.0,493.89,64.21,429.68,331.65,0
RETAILMAX S.A. - VENTAS 2021,2021-002152,2021-01-02 02:05:28,S1019,C00603,P2117,Web,Financiamiento,2x1,1,67.36,0.2,67.36,10.1,57.26,41.82,0
RETAILMAX S.A. - VENTAS 2021,2021-002153,2021-07-02 14:29:11,S1005,C00175,P2097,Web,Efectivo,Sin Promo,4,521.13,0.0,2084.52,270.99,1813.53,298.37,1
RETAILMAX S.A. - VENTAS 2021,2021-002154,2021-01-12 23:43:47,S1013,C00169,P2101,Tienda,Financiamiento,Cyber Week,1,302.88,0.1,302.88,36.35,266.53,262.94,1
RETAILMAX S.A. - VENTAS 2021,2021-002155,2021-02-07 17:06:01,S1001,C00507,P2085,Tienda,Efectivo,Black Friday,1,24.82,0.2,24.82,3.23,21.59,20.07,1
RETAILMAX S.A. - VENTAS 2021,2021-002156,2021-09-29 07:56:35,S1011,C00515,P2130,Tienda,Transferencia,Promo 10%,1,561.03,0.2,561.03,67.32,493.71,404.15,1
RETAILMAX S.A. - VENTAS 2021,2021-002157,2021-10-05 10:02:43,S1027,C00106,P2128,Call Center,Efectivo,Promo 10%,1,529.52,0.05,529.52,79.43,450.09,269.57,0
RETAILMAX S.A. - VENTAS 2021,2021-002158,2021-02-11 07:23:30,S1009,C00309,P2043,Call Center,Tarjeta,Black Friday,5,297.93,0.05,1489.65,193.65,1296.0,244.5,0
RETAILMAX S.A. - VENTAS 2021,2021-002159,2021-07-07 14:46:37,S1002,C00687,P2047,Call Center,Financiamiento,2x1,2,456.79,0.0,913.58,118.77,794.81,295.44,0
RETAILMAX S.A. - VENTAS 2021,2021-002160,2021-07-16 08:30:53,S1030,C00132,P2133,Tienda,Billetera Digital,Black Friday,3,52.59,0.0,157.77,23.67,134.1,38.56,0
RETAILMAX S.A. - VENTAS 2021,2021-002161,2021-07-05 13:10:04,S1043,C00764,P2035,Marketplace,Transferencia,Promo 15%,1,815.94,0.1,815.94,106.07,709.87,418.3,1
RETAILMAX S.A. - VENTAS 2021,2021-002162,2021-01-19 16:03:19,S1032,C00544,P2037,Web,Transferencia,Black Friday,5,592.61,0.05,2963.05,444.46,2518.59,405.23,0
RETAILMAX S.A. - VENTAS 2021,2021-002163,2021-04-26 20:39:50,S1023,C00769,P2119,Marketplace,Billetera Digital,2x1,1,763.08,0.0,763.08,114.46,648.62,363.73,0
RETAILMAX S.A. - VENTAS 2021,2021-002164,2021-08-21 06:54:33,S1001,C00466,P2022,Call Center,Efectivo,2x1,1,449.93,0.0,449.93,58.49,391.44,325.44,0
RETAILMAX S.A. - VENTAS 2021,2021-002165,2021-02-15 10:45:34,S1044,C00641,P2051,Web,Financiamiento,Cyber Week,5,855.46,0.0,4277.3,556.05,3721.25,394.02,0
RETAILMAX S.A. - VENTAS 2021,2021-002166,2021-06-25 23:49:52,S1038,C00727,P2063,Marketplace,Efectivo,Sin Promo,2,70.41,0.0,140.82,18.31,122.51,34.56,1
RETAILMAX S.A. - VENTAS 2021,2021-002167,2021-09-21 18:41:11,S1007,C00677,P2121,Call Center,Billetera Digital,Cyber Week,2,417.78,0.0,835.56,108.62,726.94,207.12,0
RETAILMAX S.A. - VENTAS 2021,2021-002168,2021-02-20 22:40:28,S1034,C00220,P2145,Web,Transferencia,Cyber Week,5,118.01,0.0,590.05,88.51,501.54,77.61,0
RETAILMAX S.A. - VENTAS 2021,2021-002169,2021-12-03 21:52:26,S1026,C00298,P2069,Marketplace,Efectivo,Promo 10%,2,181.97,0.05,363.94,54.59,309.35,145.02,0
RETAILMAX S.A. - VENTAS 2021,2021-002170,2021-06-23 08:43:01,S1006,C00531,P2032,Marketplace,Financiamiento,Promo 10%,4,396.58,0.15,1586.32,206.22,1380.1,330.43,0
RETAILMAX S.A. - VENTAS 2021,2021-002171,2021-12-08 02:05:50,S1022,C00767,P2026,Web,Efectivo,Promo 15%,1,459.92,0.0,459.92,68.99,390.93,230.43,0
RETAILMAX S.A. - VENTAS 2021,2021-002172,2021-01-18 08:46:13,S1004,C00377,P2079,Marketplace,Billetera Digital,2x1,1,212.15,0.15,212.15,27.58,184.57,156.92,0
RETAILMAX S.A. - VENTAS 2021,2021-002173,2021-01-15 13:36:42,S1042,C00779,P2142,Marketplace,Financiamiento,Cyber Week,6,493.89,0.0,2963.34,385.23,2578.11,331.65,0
RETAILMAX S.A. - VENTAS 2021,2021-002174,2021-12-20 20:31:27,S1009,C00682,P2090,Marketplace,Financiamiento,2x1,2,117.69,0.05,235.38,30.6,204.78,72.93,0
RETAILMAX S.A. - VENTAS 2021,2021-002175,2021-12-31 09:46:00,S1007,C00541,P2101,Marketplace,Efectivo,Promo 15%,3,286.05,0.15,858.15,111.56,746.59,262.94,0
RETAILMAX S.A. - VENTAS 2021,2021-002176,2021-08-12 13:29:50,S1002,C00093,P2109,Marketplace,Financiamiento,2x1,2,166.62,0.2,333.24,43.32,289.92,141.94,1
RETAILMAX S.A. - VENTAS 2021,2021-002177,2021-11-01 18:18:21,S1042,C00231,P2157,Tienda,Financiamiento,Promo 10%,1,178.7,0.2,178.7,23.23,155.47,118.28,0
RETAILMAX S.A. - VENTAS 2021,2021-002178,2021-03-06 02:52:44,S1017,C00134,P2106,Marketplace,Tarjeta,Black Friday,1,461.42,0.0,461.42,55.37,406.05,310.34,1
RETAILMAX S.A. - VENTAS 2021,2021-002179,2021-01-05 20:51:03,S1035,C00353,P2097,Marketplace,Billetera Digital,Sin Promo,1,416.9,0.2,416.9,62.53,354.37,298.37,0
RETAILMAX S.A. - VENTAS 2021,2021-002180,2021-04-05 14:31:50,S1013,C00364,P2113,Marketplace,Billetera Digital,2x1,2,297.65,0.0,595.3,71.44,523.86,139.53,0
RETAILMAX S.A. - VENTAS 2021,2021-002181,2021-06-04 16:15:47,S1040,C00563,P2083,Web,Tarjeta,2x1,1,418.74,0.2,418.74,54.44,364.3,334.59,0
RETAILMAX S.A. - VENTAS 2021,2021-002182,2021-03-11 08:43:24,S1015,C00623,P2130,Tienda,Transferencia,Promo 10%,1,596.1,0.15,596.1,71.53,524.57,404.15,0
RETAILMAX S.A. - VENTAS 2021,2021-002183,2021-03-04 10:24:35,S1039,C00014,P2061,Marketplace,Billetera Digital,Black Friday,1,36.28,0.15,36.28,4.72,31.56,26.36,0
RETAILMAX S.A. - VENTAS 2021,2021-002184,2021-05-07 05:43:52,S1045,C00344,P2007,Tienda,Transferencia,Promo 15%,5,169.62,0.2,848.1,110.25,737.85,162.45,0
RETAILMAX S.A. - VENTAS 2021,2021-002185,2021-04-20 02:01:58,S1003,C00727,P2145,Web,Financiamiento,Promo 10%,2,112.11,0.05,224.22,29.15,195.07,77.61,0
RETAILMAX S.A. - VENTAS 2021,2021-002186,2021-12-15 00:39:28,S1040,C00682,P2005,Tienda,Financiamiento,Black Friday,1,464.04,0.15,464.04,60.33,403.71,390.45,0
RETAILMAX S.A. - VENTAS 2021,2021-002187,2021-03-27 05:10:23,S1023,C00612,P2068,Marketplace,Billetera Digital,2x1,5,246.4,0.0,1232.0,184.8,1047.2,122.46,0
RETAILMAX S.A. - VENTAS 2021,2021-002188,2021-10-13 10:13:31,S1042,C00573,P2039,Marketplace,Transferencia,Cyber Week,1,477.0,0.0,477.0,62.01,414.99,251.05,0
RETAILMAX S.A. - VENTAS 2021,2021-002189,2021-08-10 18:24:15,S1008,C00635,P2065,Marketplace,Financiamiento,Sin Promo,3,408.29,0.0,1224.87,159.23,1065.64,269.16,0
RETAILMAX S.A. - VENTAS 2021,2021-002190,2021-09-12 07:03:47,S1005,C00061,P2143,Tienda,Billetera Digital,2x1,2,175.44,0.0,350.88,45.61,305.27,101.86,0
RETAILMAX S.A. - VENTAS 2021,2021-002191,2021-03-17 08:06:11,S1032,C00283,P2132,Call Center,Efectivo,Black Friday,4,305.53,0.05,1222.12,183.32,1038.8,220.13,0
RETAILMAX S.A. - VENTAS 2021,2021-002192,2021-07-24 11:47:36,S1010,C00770,P2106,Call Center,Tarjeta,Sin Promo,1,461.42,0.0,461.42,55.37,406.05,310.34,0
RETAILMAX S.A. - VENTAS 2021,2021-002193,2021-02-01 23:30:33,S1037,C00605,P2130,Marketplace,Efectivo,2x1,3,561.03,0.2,1683.09,218.8,1464.29,404.15,0
RETAILMAX S.A. - VENTAS 2021,2021-002194,2021-02-02 00:53:42,S1023,C00407,P2087,Marketplace,Billetera Digital,Cyber Week,4,323.78,0.0,1295.12,194.27,1100.85,166.63,0
RETAILMAX S.A. - VENTAS 2021,2021-002195,2021-01-19 00:55:18,S1004,C00593,P2015,Web,Efectivo,Sin Promo,4,165.08,0.05,660.32,85.84,574.48,122.14,0
RETAILMAX S.A. - VENTAS 2021,2021-002196,2021-04-06 11:38:35,S1033,C00427,P2084,Web,Tarjeta,2x1,2,8.71,0.2,17.42,2.61,14.81,8.31,0
RETAILMAX S.A. - VENTAS 2021,2021-002197,2021-11-06 10:57:48,S1003,C00700,P2130,Tienda,Efectivo,2x1,1,631.16,0.1,631.16,82.05,549.11,404.15,0
RETAILMAX S.A. - VENTAS 2021,2021-002198,2021-11-18 03:09:42,S1035,C00406,P2040,Tienda,Efectivo,Sin Promo,2,59.49,0.0,118.98,17.85,101.13,35.66,0
RETAILMAX S.A. - VENTAS 2021,2021-002199,2021-07-13 22:39:43,S1012,C00772,P2080,Web,Billetera Digital,2x1,1,256.52,0.15,256.52,30.78,225.74,221.89,0
RETAILMAX S.A. - VENTAS 2021,2021-002200,2021-01-14 21:52:45,S1026,C00624,P2058,Call Center,Efectivo,Promo 15%,2,419.32,0.1,838.64,125.8,712.84,324.41,0
RETAILMAX S.A. - VENTAS 2021,2021-002201,2021-07-11 22:24:17,S1018,C00115,P2046,Web,Efectivo,Promo 10%,1,290.06,0.2,290.06,34.81,255.25,192.92,0
RETAILMAX S.A. - VENTAS 2021,2021-002202,2021-03-19 23:17:57,S1008,C00494,P2090,Call Center,Efectivo,Cyber Week,2,99.1,0.2,198.2,25.77,172.43,72.93,0
RETAILMAX S.A. - VENTAS 2021,2021-002203,2021-04-08 19:00:47,S1023,C00238,P2116,Tienda,Transferencia,Promo 15%,2,743.9,0.0,1487.8,223.17,1264.63,358.01,0
RETAILMAX S.A. - VENTAS 2021,2021-002204,2021-12-20 08:05:05,S1023,C00364,P2054,Web,Efectivo,2x1,3,463.28,0.0,1389.84,208.48,1181.36,220.6,0
RETAILMAX S.A. - VENTAS 2021,2021-002205,2021-02-14 18:28:09,S1024,C00759,P2083,Call Center,Financiamiento,Sin Promo,1,523.42,0.0,523.42,78.51,444.91,334.59,0
RETAILMAX S.A. - VENTAS 2021,2021-002206,2021-10-10 16:42:57,S1042,C00096,P2011,Call Center,Billetera Digital,2x1,1,392.72,0.0,392.72,51.05,341.67,309.34,0
RETAILMAX S.A. - VENTAS 2021,2021-002207,2021-09-16 05:46:01,S1022,C00251,P2005,Call Center,Tarjeta,Sin Promo,3,545.93,0.0,1637.79,245.67,1392.12,390.45,0
RETAILMAX S.A. - VENTAS 2021,2021-002208,2021-09-09 04:32:22,S1004,C00418,P2147,Marketplace,Billetera Digital,Promo 10%,1,548.18,0.0,548.18,71.26,476.92,299.7,0
RETAILMAX S.A. - VENTAS 2021,2021-002209,2021-12-14 20:23:49,S1021,C00256,P2154,Tienda,Financiamiento,Cyber Week,2,733.21,0.0,1466.42,219.96,1246.46,427.53,1
RETAILMAX S.A. - VENTAS 2021,2021-002210,2021-08-11 09:32:39,S1009,C00784,P2131,Call Center,Financiamiento,Promo 10%,2,196.93,0.0,393.86,51.2,342.66,119.6,0
RETAILMAX S.A. - VENTAS 2021,2021-002211,2021-08-15 09:33:46,S1036,C00782,P2121,Web,Efectivo,Promo 10%,1,417.78,0.0,417.78,62.67,355.11,207.12,0
RETAILMAX S.A. - VENTAS 2021,2021-002212,2021-12-31 18:30:31,S1037,C00611,P2042,Marketplace,Transferencia,Promo 10%,1,401.39,0.0,401.39,52.18,349.21,233.31,0
RETAILMAX S.A. - VENTAS 2021,2021-002213,2021-10-14 20:36:36,S1003,C00319,P2143,Web,Efectivo,Cyber Week,1,140.35,0.2,140.35,18.25,122.1,101.86,0
RETAILMAX S.A. - VENTAS 2021,2021-002214,2021-07-27 02:04:52,S1036,C00349,P2091,Marketplace,Efectivo,Promo 15%,1,433.2,0.2,433.2,64.98,368.22,397.11,1
RETAILMAX S.A. - VENTAS 2021,2021-002215,2021-01-26 14:11:07,S1012,C00716,P2132,Call Center,Efectivo,Sin Promo,1,273.37,0.15,273.37,32.8,240.57,220.13,1
RETAILMAX S.A. - VENTAS 2021,2021-002216,2021-02-28 19:21:14,S1013,C00695,P2050,Call Center,Transferencia,Sin Promo,1,260.25,0.05,260.25,31.23,229.02,192.16,0
RETAILMAX S.A. - VENTAS 2021,2021-002217,2021-01-04 17:40:44,S1029,C00460,P2098,Marketplace,Tarjeta,Cyber Week,2,645.08,0.0,1290.16,193.52,1096.64,389.5,0
RETAILMAX S.A. - VENTAS 2021,2021-002218,2021-06-15 05:24:23,S1021,C00659,P2035,Tienda,Efectivo,2x1,1,770.61,0.15,770.61,115.59,655.02,418.3,0
RETAILMAX S.A. - VENTAS 2021,2021-002219,2021-07-25 02:05:14,S1044,C00103,P2157,Call Center,Efectivo,Black Friday,2,223.38,0.0,446.76,58.08,388.68,118.28,1
RETAILMAX S.A. - VENTAS 2021,2021-002220,2021-08-31 23:54:54,S1023,C00063,P2083,Marketplace,Transferencia,2x1,1,523.42,0.0,523.42,78.51,444.91,334.59,0
RETAILMAX S.A. - VENTAS 2021,2021-002221,2021-07-05 11:35:36,S1045,C00506,P2014,Web,Tarjeta,Promo 15%,1,430.19,0.0,430.19,55.92,374.27,296.33,0
RETAILMAX S.A. - VENTAS 2021,2021-002222,2021-08-08 09:44:43,S1010,C00632,P2071,Marketplace,Transferencia,2x1,1,435.21,0.1,435.21,52.23,382.98,243.78,0
RETAILMAX S.A. - VENTAS 2021,2021-002223,2021-01-09 20:44:15,S1003,C00733,P2130,Call Center,Billetera Digital,Promo 10%,5,701.29,0.0,3506.45,455.84,3050.61,404.15,0
RETAILMAX S.A. - VENTAS 2021,2021-002224,2021-06-14 16:24:55,S1027,C00154,P2045,Web,Tarjeta,2x1,2,68.91,0.0,137.82,20.67,117.15,46.07,0
RETAILMAX S.A. - VENTAS 2021,2021-002225,2021-03-12 00:39:40,S1005,C00028,P2068,Web,Tarjeta,Sin Promo,1,234.08,0.05,234.08,30.43,203.65,122.46,0
RETAILMAX S.A. - VENTAS 2021,2021-002226,2021-11-30 18:03:48,S1010,C00133,P2034,Tienda,Efectivo,Promo 15%,1,223.51,0.15,223.51,26.82,196.69,122.22,0
RETAILMAX S.A. - VENTAS 2021,2021-002227,2021-04-14 20:48:37,S1015,C00696,P2008,Call Center,Billetera Digital,2x1,1,743.1,0.15,743.1,89.17,653.93,421.75,0
RETAILMAX S.A. - VENTAS 2021,2021-002228,2021-09-30 20:37:36,S1001,C00470,P2049,Tienda,Billetera Digital,Black Friday,2,150.36,0.05,300.72,39.09,261.63,89.45,0
RETAILMAX S.A. - VENTAS 2021,2021-002229,2021-04-21 02:42:04,S1012,C00349,P2018,Call Center,Efectivo,Sin Promo,1,372.27,0.05,372.27,44.67,327.6,224.11,0
RETAILMAX S.A. - VENTAS 2021,2021-002230,2021-04-05 04:48:02,S1032,C00015,P2040,Tienda,Financiamiento,Promo 15%,2,56.52,0.05,113.04,16.96,96.08,35.66,1
RETAILMAX S.A. - VENTAS 2021,2021-002231,2021-10-23 19:18:42,S1018,C00052,P2154,Call Center,Transferencia,Promo 10%,2,696.55,0.05,1393.1,167.17,1225.93,427.53,1
RETAILMAX S.A. - VENTAS 2021,2021-002232,2021-04-17 22:58:21,S1018,C00300,P2132,Marketplace,Efectivo,Sin Promo,2,273.37,0.15,546.74,65.61,481.13,220.13,0
RETAILMAX S.A. - VENTAS 2021,2021-002233,2021-02-16 22:56:10,S1018,C00461,P2040,Marketplace,Efectivo,Sin Promo,3,59.49,0.0,178.47,21.42,157.05,35.66,0
RETAILMAX S.A. - VENTAS 2021,2021-002234,2021-12-11 21:03:08,S1009,C00652,P2054,Web,Tarjeta,Promo 10%,2,463.28,0.0,926.56,120.45,806.11,220.6,0
RETAILMAX S.A. - VENTAS 2021,2021-002235,2021-03-23 04:24:26,S1029,C00554,P2047,Tienda,Transferencia,2x1,2,456.79,0.0,913.58,137.04,776.54,295.44,0
RETAILMAX S.A. - VENTAS 2021,2021-002236,2021-05-20 10:17:45,S1009,C00064,P2016,Marketplace,Financiamiento,Sin Promo,2,163.96,0.05,327.92,42.63,285.29,121.18,1
RETAILMAX S.A. - VENTAS 2021,2021-002237,2021-01-26 00:02:36,S1045,C00678,P2089,Call Center,Financiamiento,Promo 15%,1,662.89,0.1,662.89,86.18,576.71,351.93,0
RETAILMAX S.A. - VENTAS 2021,2021-002238,2021-10-06 15:50:50,S1009,C00554,P2028,Call Center,Billetera Digital,2x1,2,598.19,0.0,1196.38,155.53,1040.85,344.08,0
RETAILMAX S.A. - VENTAS 2021,2021-002239,2021-02-15 15:17:02,S1038,C00571,P2137,Marketplace,Financiamiento,Cyber Week,3,407.3,0.05,1221.9,158.85,1063.05,246.0,0
RETAILMAX S.A. - VENTAS 2021,2021-002240,2021-05-12 12:02:15,S1036,C00207,P2112,Web,Transferencia,Promo 15%,1,343.67,0.05,343.67,51.55,292.12,257.82,1
RETAILMAX S.A. - VENTAS 2021,2021-002241,2021-04-23 17:07:17,S1012,C00426,P2042,Call Center,Transferencia,Black Friday,1,361.25,0.1,361.25,43.35,317.9,233.31,0
RETAILMAX S.A. - VENTAS 2021,2021-002242,2021-11-12 06:47:21,S1041,C00709,P2076,Tienda,Tarjeta,Cyber Week,5,92.64,0.05,463.2,60.22,402.98,50.2,0
RETAILMAX S.A. - VENTAS 2021,2021-002243,2021-11-29 13:02:16,S1003,C00574,P2131,Call Center,Efectivo,Promo 15%,1,167.39,0.15,167.39,21.76,145.63,119.6,0
RETAILMAX S.A. - VENTAS 2021,2021-002244,2021-01-26 13:30:22,S1008,C00529,P2062,Tienda,Efectivo,Promo 15%,2,95.11,0.15,190.22,24.73,165.49,74.21,0
RETAILMAX S.A. - VENTAS 2021,2021-002245,2021-02-26 05:52:49,S1009,C00435,P2114,Call Center,Efectivo,2x1,2,526.3,0.05,1052.6,136.84,915.76,274.57,0
RETAILMAX S.A. - VENTAS 2021,2021-002246,2021-05-01 02:51:11,S1009,C00034,P2150,Marketplace,Billetera Digital,Black Friday,4,210.66,0.1,842.64,109.54,733.1,154.53,0
RETAILMAX S.A. - VENTAS 2021,2021-002247,2021-10-19 12:12:41,S1028,C00274,P2159,Marketplace,Financiamiento,Cyber Week,2,640.88,0.0,1281.76,192.26,1089.5,434.27,0
RETAILMAX S.A. - VENTAS 2021,2021-002248,2021-05-07 10:52:09,S1026,C00578,P2152,Marketplace,Transferencia,Cyber Week,5,399.61,0.2,1998.05,299.71,1698.34,338.06,0
RETAILMAX S.A. - VENTAS 2021,2021-002249,2021-06-07 09:22:17,S1008,C00250,P2056,Marketplace,Billetera Digital,Sin Promo,3,709.55,0.2,2128.65,276.72,1851.93,417.23,0
RETAILMAX S.A. - VENTAS 2021,2021-002250,2021-10-19 21:58:19,S1001,C00507,P2043,Web,Transferencia,Promo 15%,2,250.89,0.2,501.78,65.23,436.55,244.5,0
RETAILMAX S.A. - VENTAS 2021,2021-002251,2021-08-19 10:22:47,S1022,C00109,P2015,Call Center,Transferencia,Sin Promo,1,173.77,0.0,173.77,26.07,147.7,122.14,0
RETAILMAX S.A. - VENTAS 2021,2021-002252,2021-12-13 23:56:04,S1033,C00096,P2143,Web,Efectivo,Sin Promo,2,175.44,0.0,350.88,52.63,298.25,101.86,0
RETAILMAX S.A. - VENTAS 2021,2021-002253,2021-06-18 18:13:22,S1044,C00572,P2107,Call Center,Efectivo,Black Friday,2,289.8,0.1,579.6,75.35,504.25,196.36,1
RETAILMAX S.A. - VENTAS 2021,2021-002254,2021-09-30 23:23:39,S1002,C00154,P2137,Marketplace,Tarjeta,Promo 10%,3,385.87,0.1,1157.61,150.49,1007.12,246.0,0
RETAILMAX S.A. - VENTAS 2021,2021-002255,2021-02-23 00:17:25,S1039,C00641,P2120,Call Center,Efectivo,Sin Promo,6,159.6,0.2,957.6,124.49,833.11,113.2,1
RETAILMAX S.A. - VENTAS 2021,2021-002256,2021-03-30 04:11:32,S1035,C00197,P2091,Tienda,Financiamiento,Promo 15%,4,433.2,0.2,1732.8,259.92,1472.88,397.11,0
RETAILMAX S.A. - VENTAS 2021,2021-002257,2021-09-23 12:39:39,S1042,C00663,P2120,Call Center,Transferencia,Promo 15%,1,169.57,0.15,169.57,22.04,147.53,113.2,0
RETAILMAX S.A. - VENTAS 2021,2021-002258,2021-10-27 04:48:09,S1035,C00396,P2041,Tienda,Efectivo,Sin Promo,4,46.52,0.0,186.08,27.91,158.17,34.06,0
RETAILMAX S.A. - VENTAS 2021,2021-002259,2021-06-04 10:07:36,S1025,C00102,P2070,Marketplace,Financiamiento,Sin Promo,2,491.83,0.2,983.66,147.55,836.11,281.04,0
RETAILMAX S.A. - VENTAS 2021,2021-002260,2021-11-09 08:08:07,S1019,C00573,P2121,Tienda,Efectivo,Cyber Week,2,334.22,0.2,668.44,100.27,568.17,207.12,0
RETAILMAX S.A. - VENTAS 2021,2021-002261,2021-02-24 04:57:53,S1022,C00792,P2020,Call Center,Transferencia,2x1,3,49.36,0.0,148.08,22.21,125.87,32.33,0
RETAILMAX S.A. - VENTAS 2021,2021-002262,2021-09-28 21:39:35,S1005,C00602,P2080,Marketplace,Financiamiento,Sin Promo,1,301.79,0.0,301.79,39.23,262.56,221.89,0
RETAILMAX S.A. - VENTAS 2021,2021-002263,2021-08-09 02:52:19,S1042,C00645,P2074,Web,Tarjeta,Promo 15%,4,253.14,0.1,1012.56,131.63,880.93,138.92,1
RETAILMAX S.A. - VENTAS 2021,2021-002264,2021-07-04 20:07:03,S1022,C00798,P2018,Marketplace,Financiamiento,2x1,1,391.86,0.0,391.86,58.78,333.08,224.11,0
RETAILMAX S.A. - VENTAS 2021,2021-002265,2021-02-13 02:38:19,S1014,C00395,P2138,Marketplace,Tarjeta,Promo 10%,1,648.09,0.1,648.09,77.77,570.32,375.47,0
RETAILMAX S.A. - VENTAS 2021,2021-002266,2021-04-04 06:56:08,S1026,C00257,P2008,Web,Tarjeta,Promo 10%,3,874.23,0.0,2622.69,393.4,2229.29,421.75,0
RETAILMAX S.A. - VENTAS 2021,2021-002267,2021-06-08 16:39:27,S1024,C00394,P2125,Call Center,Efectivo,Cyber Week,1,344.65,0.0,344.65,51.7,292.95,235.01,0
RETAILMAX S.A. - VENTAS 2021,2021-002268,2021-01-10 10:58:06,S1005,C00591,P2075,Call Center,Billetera Digital,Cyber Week,1,551.05,0.05,551.05,71.64,479.41,301.87,1
RETAILMAX S.A. - VENTAS 2021,2021-002269,2021-12-12 23:57:29,S1012,C00305,P2036,Tienda,Tarjeta,Black Friday,1,230.9,0.2,230.9,27.71,203.19,143.03,1
RETAILMAX S.A. - VENTAS 2021,2021-002270,2021-06-10 05:07:43,S1025,C00618,P2040,Call Center,Billetera Digital,Sin Promo,2,59.49,0.0,118.98,17.85,101.13,35.66,0
RETAILMAX S.A. - VENTAS 2021,2021-002271,2021-12-01 03:15:53,S1035,C00202,P2146,Call Center,Transferencia,Sin Promo,2,295.7,0.05,591.4,88.71,502.69,242.22,0
RETAILMAX S.A. - VENTAS 2021,2021-002272,2021-05-15 06:51:23,S1041,C00362,P2083,Web,Transferencia,Sin Promo,6,523.42,0.0,3140.52,408.27,2732.25,334.59,0
RETAILMAX S.A. - VENTAS 2021,2021-002273,2021-04-27 19:32:08,S1001,C00565,P2030,Marketplace,Tarjeta,Promo 10%,3,433.15,0.2,1299.45,168.93,1130.52,418.38,0
RETAILMAX S.A. - VENTAS 2021,2021-002274,2021-10-14 22:11:28,S1008,C00416,P2125,Call Center,Transferencia,Promo 10%,5,327.42,0.05,1637.1,212.82,1424.28,235.01,0
RETAILMAX S.A. - VENTAS 2021,2021-002275,2021-06-22 05:48:23,S1043,C00242,P2013,Web,Billetera Digital,Promo 10%,1,200.2,0.0,200.2,26.03,174.17,98.1,0
RETAILMAX S.A. - VENTAS 2021,2021-002276,2021-03-11 00:35:28,S1004,C00751,P2082,Tienda,Efectivo,Promo 10%,1,267.35,0.05,267.35,34.76,232.59,152.77,0
RETAILMAX S.A. - VENTAS 2021,2021-002277,2021-04-28 00:47:59,S1024,C00106,P2010,Call Center,Financiamiento,2x1,1,404.09,0.0,404.09,60.61,343.48,210.17,0
RETAILMAX S.A. - VENTAS 2021,2021-002278,2021-12-21 04:28:22,S1020,C00564,P2120,Call Center,Transferencia,Sin Promo,2,189.52,0.05,379.04,56.86,322.18,113.2,0
RETAILMAX S.A. - VENTAS 2021,2021-002279,2021-08-07 05:10:11,S1020,C00525,P2109,Marketplace,Transferencia,Promo 10%,3,187.45,0.1,562.35,84.35,478.0,141.94,1
RETAILMAX S.A. - VENTAS 2021,2021-002280,2021-01-30 06:19:08,S1002,C00073,P2120,Web,Tarjeta,Sin Promo,1,199.5,0.0,199.5,25.94,173.56,113.2,0
RETAILMAX S.A. - VENTAS 2021,2021-002281,2021-04-29 21:10:47,S1028,C00706,P2133,Call Center,Efectivo,Promo 10%,2,52.59,0.0,105.18,15.78,89.4,38.56,0
RETAILMAX S.A. - VENTAS 2021,2021-002282,2021-04-21 09:51:41,S1038,C00762,P2025,Web,Tarjeta,Promo 10%,3,531.42,0.2,1594.26,207.25,1387.01,394.63,0
RETAILMAX S.A. - VENTAS 2021,2021-002283,2021-06-01 16:41:30,S1041,C00767,P2065,Tienda,Tarjeta,2x1,1,326.63,0.2,326.63,42.46,284.17,269.16,1
RETAILMAX S.A. - VENTAS 2021,2021-002284,2021-03-25 05:56:58,S1039,C00137,P2049,Marketplace,Tarjeta,Promo 15%,2,158.27,0.0,316.54,41.15,275.39,89.45,0
RETAILMAX S.A. - VENTAS 2021,2021-002285,2021-08-13 15:03:29,S1006,C00467,P2044,Call Center,Tarjeta,2x1,4,454.08,0.0,1816.32,236.12,1580.2,214.81,1
RETAILMAX S.A. - VENTAS 2021,2021-002286,2021-11-22 18:01:45,S1003,C00154,P2098,Call Center,Tarjeta,Black Friday,1,645.08,0.0,645.08,83.86,561.22,389.5,0
RETAILMAX S.A. - VENTAS 2021,2021-002287,2021-04-04 09:36:04,S1043,C00517,P2112,Web,Billetera Digital,2x1,1,361.76,0.0,361.76,47.03,314.73,257.82,0
RETAILMAX S.A. - VENTAS 2021,2021-002288,2021-12-13 17:04:53,S1021,C00015,P2150,Tienda,Efectivo,Promo 10%,2,234.07,0.0,468.14,70.22,397.92,154.53,0
RETAILMAX S.A. - VENTAS 2021,2021-002289,2021-11-03 01:27:36,S1003,C00018,P2104,Marketplace,Financiamiento,2x1,3,632.01,0.1,1896.03,246.48,1649.55,405.18,0
RETAILMAX S.A. - VENTAS 2021,2021-002290,2021-05-25 09:16:26,S1043,C00085,P2042,Web,Efectivo,2x1,4,341.18,0.15,1364.72,177.41,1187.31,233.31,0
RETAILMAX S.A. - VENTAS 2021,2021-002291,2021-11-18 06:49:52,S1045,C00626,P2033,Tienda,Efectivo,Sin Promo,2,64.29,0.2,128.58,16.72,111.86,61.26,0
RETAILMAX S.A. - VENTAS 2021,2021-002292,2021-02-13 03:07:45,S1035,C00384,P2158,Call Center,Billetera Digital,Sin Promo,5,542.39,0.0,2711.95,406.79,2305.16,274.83,0
RETAILMAX S.A. - VENTAS 2021,2021-002293,2021-12-23 12:37:16,S1025,C00387,P2040,Call Center,Billetera Digital,Sin Promo,6,53.54,0.1,321.24,48.19,273.05,35.66,1
RETAILMAX S.A. - VENTAS 2021,2021-002294,2021-02-07 16:32:41,S1020,C00011,P2045,Call Center,Transferencia,Cyber Week,4,55.13,0.2,220.52,33.08,187.44,46.07,0
RETAILMAX S.A. - VENTAS 2021,2021-002295,2021-11-19 08:12:41,S1043,C00077,P2138,Tienda,Billetera Digital,Black Friday,2,720.1,0.0,1440.2,187.23,1252.97,375.47,0
RETAILMAX S.A. - VENTAS 2021,2021-002296,2021-05-09 12:55:25,S1030,C00154,P2144,Tienda,Financiamiento,Sin Promo,1,272.5,0.0,272.5,40.88,231.62,177.43,0
RETAILMAX S.A. - VENTAS 2021,2021-002297,2021-03-31 05:10:25,S1001,C00102,P2122,Marketplace,Efectivo,Promo 10%,4,647.54,0.05,2590.16,336.72,2253.44,324.38,0
RETAILMAX S.A. - VENTAS 2021,2021-002298,2021-08-21 06:37:07,S1015,C00752,P2127,Marketplace,Efectivo,Promo 10%,1,732.66,0.0,732.66,87.92,644.74,361.43,0
RETAILMAX S.A. - VENTAS 2021,2021-002299,2021-07-12 06:24:48,S1041,C00630,P2074,Marketplace,Billetera Digital,Cyber Week,1,281.27,0.0,281.27,36.57,244.7,138.92,0
RETAILMAX S.A. - VENTAS 2021,2021-002300,2021-04-09 07:06:38,S1027,C00410,P2048,Web,Efectivo,Promo 15%,3,320.16,0.0,960.48,144.07,816.41,183.57,0
RETAILMAX S.A. - VENTAS 2021,2021-002301,2021-06-04 16:07:21,S1045,C00800,P2115,Tienda,Transferencia,Black Friday,4,298.06,0.2,1192.24,154.99,1037.25,201.2,0
RETAILMAX S.A. - VENTAS 2021,2021-002302,2021-09-13 18:30:59,S1034,C00693,P2143,Tienda,Transferencia,2x1,2,175.44,0.0,350.88,52.63,298.25,101.86,0
RETAILMAX S.A. - VENTAS 2021,2021-002303,2021-03-27 00:22:33,S1020,C00242,P2054,Call Center,Billetera Digital,Cyber Week,4,416.95,0.1,1667.8,250.17,1417.63,220.6,0
RETAILMAX S.A. - VENTAS 2021,2021-002304,2021-02-06 22:17:06,S1015,C00637,P2155,Web,Financiamiento,2x1,3,157.33,0.0,471.99,56.64,415.35,71.96,0
RETAILMAX S.A. - VENTAS 2021,2021-002305,2021-11-16 06:36:50,S1009,C00292,P2095,Web,Efectivo,Black Friday,1,620.44,0.15,620.44,80.66,539.78,368.2,1
RETAILMAX S.A. - VENTAS 2021,2021-002306,2021-06-12 15:04:38,S1037,C00334,P2145,Call Center,Financiamiento,2x1,1,118.01,0.0,118.01,15.34,102.67,77.61,0
RETAILMAX S.A. - VENTAS 2021,2021-002307,2021-03-29 05:49:33,S1014,C00448,P2070,Web,Tarjeta,2x1,4,553.31,0.1,2213.24,265.59,1947.65,281.04,0
RETAILMAX S.A. - VENTAS 2021,2021-002308,2021-07-24 12:43:02,S1027,C00638,P2100,Web,Tarjeta,Cyber Week,2,571.97,0.0,1143.94,171.59,972.35,422.9,0
RETAILMAX S.A. - VENTAS 2021,2021-002309,2021-10-21 05:44:25,S1022,C00223,P2052,Tienda,Tarjeta,Promo 15%,1,94.69,0.0,94.69,14.2,80.49,47.67,0
RETAILMAX S.A. - VENTAS 2021,2021-002310,2021-04-22 01:31:50,S1031,C00409,P2011,Marketplace,Billetera Digital,2x1,1,392.72,0.0,392.72,58.91,333.81,309.34,0
RETAILMAX S.A. - VENTAS 2021,2021-002311,2021-08-12 08:53:49,S1015,C00023,P2078,Web,Financiamiento,Promo 10%,2,140.81,0.15,281.62,33.79,247.83,125.47,0
RETAILMAX S.A. - VENTAS 2021,2021-002312,2021-06-01 06:32:57,S1042,C00116,P2111,Tienda,Transferencia,Cyber Week,1,277.51,0.05,277.51,36.08,241.43,191.52,0
RETAILMAX S.A. - VENTAS 2021,2021-002313,2021-11-16 18:43:39,S1012,C00097,P2136,Marketplace,Tarjeta,Promo 10%,1,131.58,0.15,131.58,15.79,115.79,99.42,0
RETAILMAX S.A. - VENTAS 2021,2021-002314,2021-02-24 08:07:13,S1014,C00733,P2043,Tienda,Tarjeta,Promo 15%,2,250.89,0.2,501.78,60.21,441.57,244.5,0
RETAILMAX S.A. - VENTAS 2021,2021-002315,2021-10-01 08:10:19,S1041,C00290,P2043,Tienda,Tarjeta,Promo 10%,3,313.61,0.0,940.83,122.31,818.52,244.5,0
RETAILMAX S.A. - VENTAS 2021,2021-002316,2021-02-18 06:17:41,S1018,C00528,P2107,Marketplace,Billetera Digital,Cyber Week,3,322.0,0.0,966.0,115.92,850.08,196.36,0
RETAILMAX S.A. - VENTAS 2021,2021-002317,2021-12-31 13:33:42,S1020,C00022,P2160,Call Center,Billetera Digital,2x1,2,649.78,0.2,1299.56,194.93,1104.63,418.28,0
RETAILMAX S.A. - VENTAS 2021,2021-002318,2021-09-13 14:37:00,S1030,C00603,P2087,Tienda,Billetera Digital,Sin Promo,1,323.78,0.0,323.78,48.57,275.21,166.63,0
RETAILMAX S.A. - VENTAS 2021,2021-002319,2021-06-17 09:32:39,S1034,C00786,P2008,Call Center,Transferencia,Promo 15%,2,874.23,0.0,1748.46,262.27,1486.19,421.75,0
RETAILMAX S.A. - VENTAS 2021,2021-002320,2021-12-11 00:02:05,S1017,C00490,P2112,Web,Billetera Digital,Black Friday,1,343.67,0.05,343.67,41.24,302.43,257.82,0
RETAILMAX S.A. - VENTAS 2021,2021-002321,2021-08-15 23:14:20,S1034,C00426,P2130,Marketplace,Billetera Digital,Promo 15%,2,701.29,0.0,1402.58,210.39,1192.19,404.15,1
RETAILMAX S.A. - VENTAS 2021,2021-002322,2021-07-18 23:13:18,S1035,C00012,P2051,Call Center,Transferencia,Cyber Week,1,684.37,0.2,684.37,102.66,581.71,394.02,0
RETAILMAX S.A. - VENTAS 2021,2021-002323,2021-11-02 15:51:01,S1001,C00770,P2120,Marketplace,Efectivo,Sin Promo,3,199.5,0.0,598.5,77.81,520.69,113.2,0
RETAILMAX S.A. - VENTAS 2021,2021-002324,2021-03-14 15:52:42,S1020,C00552,P2146,Tienda,Efectivo,Promo 10%,3,311.26,0.0,933.78,140.07,793.71,242.22,0
RETAILMAX S.A. - VENTAS 2021,2021-002325,2021-06-06 02:19:43,S1012,C00735,P2141,Marketplace,Billetera Digital,Promo 10%,1,832.49,0.0,832.49,99.9,732.59,384.64,0
RETAILMAX S.A. - VENTAS 2021,2021-002326,2021-05-25 17:40:48,S1003,C00601,P2062,Tienda,Tarjeta,2x1,5,100.7,0.1,503.5,65.45,438.05,74.21,0
RETAILMAX S.A. - VENTAS 2021,2021-002327,2021-08-17 05:35:09,S1003,C00316,P2069,Marketplace,Billetera Digital,Cyber Week,3,181.97,0.05,545.91,70.97,474.94,145.02,0
RETAILMAX S.A. - VENTAS 2021,2021-002328,2021-02-19 23:43:38,S1035,C00046,P2090,Web,Tarjeta,Cyber Week,1,105.3,0.15,105.3,15.79,89.51,72.93,0
RETAILMAX S.A. - VENTAS 2021,2021-002329,2021-01-11 02:04:32,S1033,C00547,P2019,Call Center,Financiamiento,Sin Promo,1,447.71,0.05,447.71,67.16,380.55,283.84,1
RETAILMAX S.A. - VENTAS 2021,2021-002330,2021-12-19 06:07:12,S1001,C00045,P2080,Tienda,Transferencia,Promo 10%,3,301.79,0.0,905.37,117.7,787.67,221.89,1
RETAILMAX S.A. - VENTAS 2021,2021-002331,2021-03-24 19:37:59,S1005,C00480,P2127,Call Center,Efectivo,Sin Promo,1,659.39,0.1,659.39,85.72,573.67,361.43,0
RETAILMAX S.A. - VENTAS 2021,2021-002332,2021-06-14 23:00:12,S1043,C00020,P2051,Web,Transferencia,Promo 10%,1,684.37,0.2,684.37,88.97,595.4,394.02,0
RETAILMAX S.A. - VENTAS 2021,2021-002333,2021-05-01 20:01:07,S1022,C00454,P2008,Web,Financiamiento,Black Friday,3,874.23,0.0,2622.69,393.4,2229.29,421.75,0
RETAILMAX S.A. - VENTAS 2021,2021-002334,2021-12-04 20:33:17,S1021,C00756,P2007,Tienda,Financiamiento,2x1,3,212.03,0.0,636.09,95.41,540.68,162.45,0
RETAILMAX S.A. - VENTAS 2021,2021-002335,2021-12-24 15:44:08,S1042,C00378,P2102,Call Center,Efectivo,Promo 10%,1,475.83,0.05,475.83,61.86,413.97,270.07,0
RETAILMAX S.A. - VENTAS 2021,2021-002336,2021-10-12 07:31:46,S1019,C00566,P2063,Call Center,Efectivo,Promo 10%,4,63.37,0.1,253.48,38.02,215.46,34.56,0
RETAILMAX S.A. - VENTAS 2021,2021-002337,2021-07-28 03:01:58,S1026,C00377,P2106,Tienda,Billetera Digital,2x1,2,392.21,0.15,784.42,117.66,666.76,310.34,0
RETAILMAX S.A. - VENTAS 2021,2021-002338,2021-07-23 16:33:41,S1002,C00294,P2013,Marketplace,Tarjeta,Sin Promo,1,190.19,0.05,190.19,24.72,165.47,98.1,0
RETAILMAX S.A. - VENTAS 2021,2021-002339,2021-04-08 05:38:43,S1002,C00212,P2091,Web,Efectivo,Promo 10%,2,433.2,0.2,866.4,112.63,753.77,397.11,1
RETAILMAX S.A. - VENTAS 2021,2021-002340,2021-11-08 05:32:49,S1005,C00785,P2145,Web,Transferencia,Promo 10%,1,106.21,0.1,106.21,13.81,92.4,77.61,0
RETAILMAX S.A. - VENTAS 2021,2021-002341,2021-11-04 02:18:16,S1037,C00170,P2061,Tienda,Financiamiento,2x1,2,42.68,0.0,85.36,11.1,74.26,26.36,0
RETAILMAX S.A. - VENTAS 2021,2021-002342,2021-07-17 03:27:28,S1035,C00787,P2036,Marketplace,Billetera Digital,Promo 10%,2,274.2,0.05,548.4,82.26,466.14,143.03,0
RETAILMAX S.A. - VENTAS 2021,2021-002343,2021-11-22 19:35:46,S1002,C00526,P2144,Marketplace,Efectivo,Sin Promo,2,218.0,0.2,436.0,56.68,379.32,177.43,0
RETAILMAX S.A. - VENTAS 2021,2021-002344,2021-03-07 17:00:22,S1044,C00353,P2137,Tienda,Financiamiento,Black Friday,2,407.3,0.05,814.6,105.9,708.7,246.0,1
RETAILMAX S.A. - VENTAS 2021,2021-002345,2021-02-26 12:49:42,S1042,C00182,P2057,Web,Billetera Digital,Cyber Week,5,398.81,0.05,1994.05,259.23,1734.82,314.68,0
RETAILMAX S.A. - VENTAS 2021,2021-002346,2021-06-29 18:06:45,S1035,C00502,P2078,Tienda,Efectivo,Cyber Week,1,140.81,0.15,140.81,21.12,119.69,125.47,0
RETAILMAX S.A. - VENTAS 2021,2021-002347,2021-07-12 13:25:18,S1032,C00744,P2119,Call Center,Billetera Digital,2x1,2,610.46,0.2,1220.92,183.14,1037.78,363.73,0
RETAILMAX S.A. - VENTAS 2021,2021-002348,2021-11-10 12:53:06,S1037,C00088,P2111,Web,Transferencia,2x1,2,292.12,0.0,584.24,75.95,508.29,191.52,0
RETAILMAX S.A. - VENTAS 2021,2021-002349,2021-06-07 22:27:17,S1014,C00506,P2022,Web,Transferencia,Promo 15%,2,404.94,0.1,809.88,97.19,712.69,325.44,0
RETAILMAX S.A. - VENTAS 2021,2021-002350,2021-11-05 09:56:00,S1028,C00373,P2134,Tienda,Financiamiento,Cyber Week,2,205.33,0.15,410.66,61.6,349.06,153.79,0
RETAILMAX S.A. - VENTAS 2021,2021-002351,2021-03-11 21:05:34,S1001,C00122,P2143,Call Center,Transferencia,Cyber Week,4,175.44,0.0,701.76,91.23,610.53,101.86,0
RETAILMAX S.A. - VENTAS 2021,2021-002352,2021-03-15 22:28:36,S1013,C00452,P2140,Marketplace,Tarjeta,2x1,1,12.97,0.1,12.97,1.56,11.41,6.63,0
RETAILMAX S.A. - VENTAS 2021,2021-002353,2021-11-13 14:25:51,S1045,C00082,P2140,Tienda,Billetera Digital,Black Friday,2,12.97,0.1,25.94,3.37,22.57,6.63,0
RETAILMAX S.A. - VENTAS 2021,2021-002354,2021-06-07 18:07:57,S1020,C00792,P2053,Marketplace,Financiamiento,Promo 15%,1,934.5,0.0,934.5,140.17,794.33,436.17,0
RETAILMAX S.A. - VENTAS 2021,2021-002355,2021-09-18 07:02:47,S1007,C00601,P2043,Marketplace,Tarjeta,2x1,3,250.89,0.2,752.67,97.85,654.82,244.5,0
RETAILMAX S.A. - VENTAS 2021,2021-002356,2021-05-05 10:31:16,S1042,C00322,P2047,Marketplace,Efectivo,2x1,3,411.11,0.1,1233.33,160.33,1073.0,295.44,1
RETAILMAX S.A. - VENTAS 2021,2021-002357,2021-10-25 19:31:51,S1020,C00526,P2021,Call Center,Transferencia,Black Friday,3,439.47,0.0,1318.41,197.76,1120.65,239.98,0
RETAILMAX S.A. - VENTAS 2021,2021-002358,2021-01-15 09:39:23,S1042,C00074,P2133,Web,Billetera Digital,2x1,1,52.59,0.0,52.59,6.84,45.75,38.56,0
RETAILMAX S.A. - VENTAS 2021,2021-002359,2021-06-17 06:13:20,S1006,C00504,P2145,Web,Financiamiento,Promo 10%,1,118.01,0.0,118.01,15.34,102.67,77.61,0
RETAILMAX S.A. - VENTAS 2021,2021-002360,2021-01-21 14:26:37,S1020,C00576,P2158,Tienda,Tarjeta,Black Friday,1,488.15,0.1,488.15,73.22,414.93,274.83,0
RETAILMAX S.A. - VENTAS 2021,2021-002361,2021-05-19 19:27:56,S1017,C00204,P2042,Tienda,Efectivo,Sin Promo,3,401.39,0.0,1204.17,144.5,1059.67,233.31,0
RETAILMAX S.A. - VENTAS 2021,2021-002362,2021-10-04 20:52:01,S1015,C00329,P2033,Tienda,Transferencia,2x1,2,64.29,0.2,128.58,15.43,113.15,61.26,0
RETAILMAX S.A. - VENTAS 2021,2021-002363,2021-12-08 19:41:31,S1012,C00375,P2157,Call Center,Transferencia,Cyber Week,2,201.04,0.1,402.08,48.25,353.83,118.28,0
RETAILMAX S.A. - VENTAS 2021,2021-002364,2021-10-11 12:39:24,S1039,C00331,P2072,Web,Tarjeta,Promo 10%,1,483.7,0.2,483.7,62.88,420.82,420.23,0
RETAILMAX S.A. - VENTAS 2021,2021-002365,2021-07-09 00:27:47,S1045,C00166,P2022,Tienda,Transferencia,Cyber Week,1,449.93,0.0,449.93,58.49,391.44,325.44,0
RETAILMAX S.A. - VENTAS 2021,2021-002366,2021-12-14 14:41:00,S1016,C00752,P2005,Marketplace,Efectivo,Sin Promo,1,436.74,0.2,436.74,52.41,384.33,390.45,0
RETAILMAX S.A. - VENTAS 2021,2021-002367,2021-07-18 10:39:35,S1012,C00007,P2156,Web,Financiamiento,Black Friday,1,81.43,0.0,81.43,9.77,71.66,55.02,1
RETAILMAX S.A. - VENTAS 2021,2021-002368,2021-05-31 15:43:42,S1011,C00668,P2015,Call Center,Tarjeta,Cyber Week,2,173.77,0.0,347.54,41.7,305.84,122.14,0
RETAILMAX S.A. - VENTAS 2021,2021-002369,2021-09-29 17:11:19,S1041,C00396,P2134,Tienda,Tarjeta,Sin Promo,1,205.33,0.15,205.33,26.69,178.64,153.79,1
RETAILMAX S.A. - VENTAS 2021,2021-002370,2021-04-15 15:34:23,S1015,C00244,P2020,Tienda,Tarjeta,Promo 10%,1,41.96,0.15,41.96,5.04,36.92,32.33,0
RETAILMAX S.A. - VENTAS 2021,2021-002371,2021-06-01 11:01:56,S1013,C00052,P2029,Web,Billetera Digital,Black Friday,5,491.5,0.0,2457.5,294.9,2162.6,271.13,0
RETAILMAX S.A. - VENTAS 2021,2021-002372,2021-07-21 17:37:12,S1045,C00255,P2062,Call Center,Billetera Digital,2x1,1,111.89,0.0,111.89,14.55,97.34,74.21,0
RETAILMAX S.A. - VENTAS 2021,2021-002373,2021-03-26 10:57:17,S1003,C00494,P2055,Web,Efectivo,Sin Promo,5,133.73,0.05,668.65,86.92,581.73,77.43,0
RETAILMAX S.A. - VENTAS 2021,2021-002374,2021-06-26 22:15:21,S1045,C00656,P2138,Call Center,Efectivo,Promo 15%,2,576.08,0.2,1152.16,149.78,1002.38,375.47,0
RETAILMAX S.A. - VENTAS 2021,2021-002375,2021-04-02 06:42:28,S1038,C00124,P2153,Tienda,Billetera Digital,Sin Promo,5,407.91,0.0,2039.55,265.14,1774.41,293.96,0
RETAILMAX S.A. - VENTAS 2021,2021-002376,2021-05-01 07:50:40,S1007,C00371,P2058,Marketplace,Financiamiento,Sin Promo,5,396.02,0.15,1980.1,257.41,1722.69,324.41,0
RETAILMAX S.A. - VENTAS 2021,2021-002377,2021-09-13 11:11:18,S1045,C00013,P2074,Marketplace,Billetera Digital,Promo 15%,2,267.21,0.05,534.42,69.47,464.95,138.92,1
RETAILMAX S.A. - VENTAS 2021,2021-002378,2021-06-16 13:33:26,S1021,C00783,P2021,Call Center,Transferencia,Promo 10%,2,395.52,0.1,791.04,118.66,672.38,239.98,0
RETAILMAX S.A. - VENTAS 2021,2021-002379,2021-04-29 19:27:21,S1035,C00018,P2128,Call Center,Tarjeta,Promo 10%,1,557.39,0.0,557.39,83.61,473.78,269.57,0
RETAILMAX S.A. - VENTAS 2021,2021-002380,2021-06-20 12:39:33,S1028,C00586,P2051,Tienda,Tarjeta,Cyber Week,1,855.46,0.0,855.46,128.32,727.14,394.02,0
RETAILMAX S.A. - VENTAS 2021,2021-002381,2021-07-21 04:39:01,S1018,C00634,P2111,Tienda,Financiamiento,Promo 10%,2,292.12,0.0,584.24,70.11,514.13,191.52,1
RETAILMAX S.A. - VENTAS 2021,2021-002382,2021-03-15 23:03:28,S1017,C00430,P2103,Web,Financiamiento,Promo 15%,5,403.65,0.05,2018.25,242.19,1776.06,274.37,0
RETAILMAX S.A. - VENTAS 2021,2021-002383,2021-11-25 19:51:49,S1027,C00433,P2064,Marketplace,Billetera Digital,Promo 15%,3,82.18,0.1,246.54,36.98,209.56,57.47,1
RETAILMAX S.A. - VENTAS 2021,2021-002384,2021-12-12 11:41:44,S1025,C00196,P2140,Web,Billetera Digital,Cyber Week,2,14.41,0.0,28.82,4.32,24.5,6.63,0
RETAILMAX S.A. - VENTAS 2021,2021-002385,2021-03-29 12:36:27,S1004,C00025,P2079,Marketplace,Tarjeta,2x1,1,199.67,0.2,199.67,25.96,173.71,156.92,0
RETAILMAX S.A. - VENTAS 2021,2021-002386,2021-09-15 11:55:51,S1036,C00293,P2108,Tienda,Financiamiento,Sin Promo,2,255.04,0.1,510.08,76.51,433.57,144.01,0
RETAILMAX S.A. - VENTAS 2021,2021-002387,2021-06-22 01:54:05,S1038,C00531,P2115,Tienda,Transferencia,Promo 15%,2,316.68,0.15,633.36,82.34,551.02,201.2,0
RETAILMAX S.A. - VENTAS 2021,2021-002388,2021-02-17 09:24:19,S1017,C00067,P2066,Marketplace,Financiamiento,Promo 10%,2,524.71,0.0,1049.42,125.93,923.49,297.19,0
RETAILMAX S.A. - VENTAS 2021,2021-002389,2021-11-23 07:49:17,S1019,C00702,P2020,Marketplace,Financiamiento,Black Friday,1,49.36,0.0,49.36,7.4,41.96,32.33,1
RETAILMAX S.A. - VENTAS 2021,2021-002390,2021-06-01 04:04:57,S1033,C00203,P2025,Call Center,Tarjeta,Promo 15%,3,531.42,0.2,1594.26,239.14,1355.12,394.63,0
RETAILMAX S.A. - VENTAS 2021,2021-002391,2021-06-03 20:47:32,S1028,C00195,P2033,Marketplace,Billetera Digital,Promo 10%,2,80.36,0.0,160.72,24.11,136.61,61.26,0
RETAILMAX S.A. - VENTAS 2021,2021-002392,2021-06-20 08:25:25,S1021,C00748,P2139,Tienda,Efectivo,Promo 10%,2,18.25,0.1,36.5,5.47,31.03,12.71,0
RETAILMAX S.A. - VENTAS 2021,2021-002393,2021-09-29 07:55:43,S1017,C00627,P2129,Tienda,Efectivo,Promo 10%,2,403.96,0.2,807.92,96.95,710.97,401.84,1
RETAILMAX S.A. - VENTAS 2021,2021-002394,2021-09-24 21:52:37,S1022,C00094,P2075,Tienda,Billetera Digital,2x1,6,551.05,0.05,3306.3,495.94,2810.36,301.87,0
RETAILMAX S.A. - VENTAS 2021,2021-002395,2021-10-01 06:22:28,S1030,C00593,P2010,Tienda,Transferencia,Promo 10%,3,363.68,0.1,1091.04,163.66,927.38,210.17,0
RETAILMAX S.A. - VENTAS 2021,2021-002396,2021-10-06 17:18:07,S1038,C00799,P2124,Call Center,Efectivo,Promo 15%,1,475.69,0.0,475.69,61.84,413.85,351.18,1
RETAILMAX S.A. - VENTAS 2021,2021-002397,2021-02-02 11:24:45,S1015,C00625,P2011,Marketplace,Financiamiento,Promo 15%,1,373.08,0.05,373.08,44.77,328.31,309.34,1
RETAILMAX S.A. - VENTAS 2021,2021-002398,2021-04-19 11:55:17,S1037,C00339,P2014,Tienda,Tarjeta,Black Friday,3,408.68,0.05,1226.04,159.39,1066.65,296.33,0
RETAILMAX S.A. - VENTAS 2021,2021-002399,2021-02-24 12:58:13,S1039,C00222,P2061,Web,Transferencia,Promo 15%,2,40.55,0.05,81.1,10.54,70.56,26.36,0
RETAILMAX S.A. - VENTAS 2021,2021-002400,2021-09-12 03:11:24,S1018,C00653,P2102,Call Center,Efectivo,Black Friday,3,475.83,0.05,1427.49,171.3,1256.19,270.07,0
RETAILMAX S.A. - VENTAS 2021,2021-002401,2021-10-29 02:22:39,S1037,C00539,P2004,Web,Financiamiento,Promo 10%,6,543.65,0.0,3261.9,424.05,2837.85,298.92,0
RETAILMAX S.A. - VENTAS 2021,2021-002402,2021-11-06 20:57:23,S1007,C00109,P2105,Call Center,Transferencia,Promo 15%,1,642.34,0.05,642.34,83.5,558.84,320.12,0
RETAILMAX S.A. - VENTAS 2021,2021-002403,2021-11-09 21:23:30,S1044,C00450,P2064,Tienda,Tarjeta,Sin Promo,2,73.05,0.2,146.1,18.99,127.11,57.47,0
RETAILMAX S.A. - VENTAS 2021,2021-002404,2021-09-30 21:41:03,S1045,C00235,P2112,Web,Billetera Digital,Sin Promo,2,343.67,0.05,687.34,89.35,597.99,257.82,0
RETAILMAX S.A. - VENTAS 2021,2021-002405,2021-04-30 12:23:34,S1016,C00094,P2055,Tienda,Billetera Digital,Black Friday,1,119.65,0.15,119.65,14.36,105.29,77.43,0
RETAILMAX S.A. - VENTAS 2021,2021-002406,2021-12-06 19:00:28,S1038,C00149,P2069,Web,Transferencia,2x1,1,191.55,0.0,191.55,24.9,166.65,145.02,0
RETAILMAX S.A. - VENTAS 2021,2021-002407,2021-09-21 18:48:45,S1032,C00496,P2051,Call Center,Billetera Digital,Promo 15%,1,684.37,0.2,684.37,102.66,581.71,394.02,0
RETAILMAX S.A. - VENTAS 2021,2021-002408,2021-03-29 20:25:36,S1035,C00497,P2145,Call Center,Transferencia,Cyber Week,4,118.01,0.0,472.04,70.81,401.23,77.61,1
RETAILMAX S.A. - VENTAS 2021,2021-002409,2021-10-20 12:41:22,S1004,C00315,P2140,Tienda,Billetera Digital,Sin Promo,3,14.41,0.0,43.23,5.62,37.61,6.63,0
RETAILMAX S.A. - VENTAS 2021,2021-002410,2021-03-15 02:36:06,S1039,C00285,P2095,Call Center,Billetera Digital,Black Friday,2,656.94,0.1,1313.88,170.8,1143.08,368.2,1
RETAILMAX S.A. - VENTAS 2021,2021-002411,2021-12-06 22:58:52,S1019,C00652,P2141,Web,Transferencia,Black Friday,3,665.99,0.2,1997.97,299.7,1698.27,384.64,0
RETAILMAX S.A. - VENTAS 2021,2021-002412,2021-04-07 23:16:34,S1013,C00222,P2138,Call Center,Tarjeta,2x1,2,576.08,0.2,1152.16,138.26,1013.9,375.47,0
RETAILMAX S.A. - VENTAS 2021,2021-002413,2021-06-18 21:08:20,S1030,C00419,P2059,Marketplace,Tarjeta,Promo 15%,2,130.71,0.0,261.42,39.21,222.21,101.09,0
RETAILMAX S.A. - VENTAS 2021,2021-002414,2021-08-06 18:04:16,S1028,C00664,P2040,Call Center,Billetera Digital,Sin Promo,3,59.49,0.0,178.47,26.77,151.7,35.66,0
RETAILMAX S.A. - VENTAS 2021,2021-002415,2021-04-04 07:55:26,S1038,C00571,P2113,Marketplace,Financiamiento,Black Friday,2,297.65,0.0,595.3,77.39,517.91,139.53,0
RETAILMAX S.A. - VENTAS 2021,2021-002416,2021-02-11 21:02:55,S1043,C00074,P2150,Tienda,Transferencia,Promo 15%,1,222.37,0.05,222.37,28.91,193.46,154.53,0
RETAILMAX S.A. - VENTAS 2021,2021-002417,2021-01-06 00:49:30,S1004,C00517,P2105,Web,Tarjeta,2x1,3,608.53,0.1,1825.59,237.33,1588.26,320.12,0
RETAILMAX S.A. - VENTAS 2021,2021-002418,2021-10-23 01:42:39,S1015,C00023,P2157,Call Center,Financiamiento,Black Friday,1,223.38,0.0,223.38,26.81,196.57,118.28,0
RETAILMAX S.A. - VENTAS 2021,2021-002419,2021-04-24 13:36:17,S1006,C00501,P2069,Marketplace,Billetera Digital,Black Friday,1,153.24,0.2,153.24,19.92,133.32,145.02,0
RETAILMAX S.A. - VENTAS 2021,2021-002420,2021-08-26 00:25:58,S1029,C00414,P2065,Marketplace,Efectivo,Promo 10%,3,347.05,0.15,1041.15,156.17,884.98,269.16,1
RETAILMAX S.A. - VENTAS 2021,2021-002421,2021-07-22 00:43:38,S1016,C00416,P2111,Tienda,Billetera Digital,Promo 10%,3,292.12,0.0,876.36,105.16,771.2,191.52,0
RETAILMAX S.A. - VENTAS 2021,2021-002422,2021-02-10 00:22:47,S1023,C00432,P2006,Web,Billetera Digital,2x1,1,321.61,0.2,321.61,48.24,273.37,287.52,0
RETAILMAX S.A. - VENTAS 2021,2021-002423,2021-03-10 23:31:54,S1005,C00210,P2100,Tienda,Efectivo,Cyber Week,4,571.97,0.0,2287.88,297.42,1990.46,422.9,0
RETAILMAX S.A. - VENTAS 2021,2021-002424,2021-01-22 20:53:51,S1009,C00232,P2122,Marketplace,Billetera Digital,Sin Promo,1,613.46,0.1,613.46,79.75,533.71,324.38,0
RETAILMAX S.A. - VENTAS 2021,2021-002425,2021-03-04 01:33:18,S1004,C00558,P2155,Web,Transferencia,Promo 10%,1,157.33,0.0,157.33,20.45,136.88,71.96,1
RETAILMAX S.A. - VENTAS 2021,2021-002426,2021-08-25 07:31:17,S1022,C00334,P2082,Call Center,Efectivo,2x1,1,281.42,0.0,281.42,42.21,239.21,152.77,0
RETAILMAX S.A. - VENTAS 2021,2021-002427,2021-03-13 16:00:54,S1001,C00784,P2056,Marketplace,Billetera Digital,Cyber Week,1,753.9,0.15,753.9,98.01,655.89,417.23,0
RETAILMAX S.A. - VENTAS 2021,2021-002428,2021-07-25 20:41:34,S1037,C00017,P2022,Web,Billetera Digital,Sin Promo,1,449.93,0.0,449.93,58.49,391.44,325.44,1
RETAILMAX S.A. - VENTAS 2021,2021-002429,2021-01-04 22:48:53,S1030,C00579,P2006,Call Center,Tarjeta,Promo 15%,1,402.01,0.0,402.01,60.3,341.71,287.52,1
RETAILMAX S.A. - VENTAS 2021,2021-002430,2021-05-30 16:23:49,S1011,C00401,P2107,Marketplace,Financiamiento,2x1,2,322.0,0.0,644.0,77.28,566.72,196.36,0
RETAILMAX S.A. - VENTAS 2021,2021-002431,2021-10-27 17:44:37,S1002,C00114,P2096,Marketplace,Tarjeta,Sin Promo,2,636.0,0.0,1272.0,165.36,1106.64,369.96,0
RETAILMAX S.A. - VENTAS 2021,2021-002432,2021-05-29 08:57:36,S1016,C00712,P2037,Tienda,Efectivo,Black Friday,1,530.23,0.15,530.23,63.63,466.6,405.23,0
RETAILMAX S.A. - VENTAS 2021,2021-002433,2021-08-30 17:42:01,S1018,C00377,P2026,Web,Billetera Digital,Black Friday,1,459.92,0.0,459.92,55.19,404.73,230.43,0
RETAILMAX S.A. - VENTAS 2021,2021-002434,2021-11-29 13:46:12,S1009,C00511,P2045,Web,Transferencia,Promo 10%,1,68.91,0.0,68.91,8.96,59.95,46.07,0
RETAILMAX S.A. - VENTAS 2021,2021-002435,2021-02-12 13:45:07,S1042,C00330,P2083,Tienda,Financiamiento,Sin Promo,3,523.42,0.0,1570.26,204.13,1366.13,334.59,0
RETAILMAX S.A. - VENTAS 2021,2021-002436,2021-02-23 22:41:57,S1002,C00317,P2054,Marketplace,Efectivo,Promo 15%,6,440.12,0.05,2640.72,343.29,2297.43,220.6,0
RETAILMAX S.A. - VENTAS 2021,2021-002437,2021-11-22 10:54:30,S1045,C00717,P2133,Tienda,Transferencia,Sin Promo,1,52.59,0.0,52.59,6.84,45.75,38.56,0
RETAILMAX S.A. - VENTAS 2021,2021-002438,2021-04-07 20:23:48,S1034,C00708,P2149,Call Center,Efectivo,Sin Promo,2,224.81,0.0,449.62,67.44,382.18,173.08,0
RETAILMAX S.A. - VENTAS 2021,2021-002439,2021-03-15 17:43:00,S1026,C00503,P2131,Web,Billetera Digital,Sin Promo,1,187.08,0.05,187.08,28.06,159.02,119.6,0
RETAILMAX S.A. - VENTAS 2021,2021-002440,2021-11-21 09:26:09,S1004,C00552,P2103,Tienda,Billetera Digital,Black Friday,2,403.65,0.05,807.3,104.95,702.35,274.37,0
RETAILMAX S.A. - VENTAS 2021,2021-002441,2021-10-31 11:32:28,S1024,C00074,P2079,Call Center,Billetera Digital,Sin Promo,3,249.59,0.0,748.77,112.32,636.45,156.92,0
RETAILMAX S.A. - VENTAS 2021,2021-002442,2021-09-11 14:38:28,S1018,C00076,P2070,Tienda,Billetera Digital,Promo 10%,1,491.83,0.2,491.83,59.02,432.81,281.04,0
RETAILMAX S.A. - VENTAS 2021,2021-002443,2021-09-16 19:32:10,S1044,C00487,P2093,Call Center,Transferencia,Promo 15%,3,147.96,0.0,443.88,57.7,386.18,75.0,0
RETAILMAX S.A. - VENTAS 2021,2021-002444,2021-02-27 08:38:01,S1025,C00071,P2112,Marketplace,Billetera Digital,Cyber Week,3,289.41,0.2,868.23,130.23,738.0,257.82,0
RETAILMAX S.A. - VENTAS 2021,2021-002445,2021-03-11 17:52:31,S1031,C00313,P2126,Web,Tarjeta,Cyber Week,1,684.14,0.0,684.14,102.62,581.52,413.19,0
RETAILMAX S.A. - VENTAS 2021,2021-002446,2021-10-11 20:23:13,S1041,C00645,P2101,Tienda,Financiamiento,Promo 15%,6,269.22,0.2,1615.32,209.99,1405.33,262.94,1
RETAILMAX S.A. - VENTAS 2021,2021-002447,2021-01-18 07:23:40,S1045,C00699,P2022,Tienda,Billetera Digital,2x1,1,449.93,0.0,449.93,58.49,391.44,325.44,0
RETAILMAX S.A. - VENTAS 2021,2021-002448,2021-10-08 17:06:29,S1004,C00643,P2054,Marketplace,Billetera Digital,Promo 10%,2,393.79,0.15,787.58,102.39,685.19,220.6,1
RETAILMAX S.A. - VENTAS 2021,2021-002449,2021-04-30 07:48:28,S1040,C00377,P2066,Call Center,Financiamiento,Sin Promo,1,419.77,0.2,419.77,54.57,365.2,297.19,0
RETAILMAX S.A. - VENTAS 2021,2021-002450,2021-02-18 08:28:00,S1021,C00695,P2059,Tienda,Billetera Digital,Sin Promo,3,117.64,0.1,352.92,52.94,299.98,101.09,0
RETAILMAX S.A. - VENTAS 2021,2021-002451,2021-04-09 18:39:54,S1032,C00190,P2005,Call Center,Tarjeta,Promo 10%,3,436.74,0.2,1310.22,196.53,1113.69,390.45,0
RETAILMAX S.A. - VENTAS 2021,2021-002452,2021-03-07 14:24:51,S1040,C00040,P2101,Web,Tarjeta,Promo 15%,1,336.53,0.0,336.53,43.75,292.78,262.94,0
RETAILMAX S.A. - VENTAS 2021,2021-002453,2021-12-02 06:12:12,S1031,C00022,P2128,Tienda,Billetera Digital,Sin Promo,4,557.39,0.0,2229.56,334.43,1895.13,269.57,1
RETAILMAX S.A. - VENTAS 2021,2021-002454,2021-12-01 12:57:54,S1042,C00447,P2015,Tienda,Transferencia,Promo 15%,2,173.77,0.0,347.54,45.18,302.36,122.14,0
RETAILMAX S.A. - VENTAS 2021,2021-002455,2021-01-11 02:03:38,S1032,C00445,P2056,Marketplace,Tarjeta,Black Friday,3,842.59,0.05,2527.77,379.17,2148.6,417.23,0
RETAILMAX S.A. - VENTAS 2021,2021-002456,2021-03-23 09:51:24,S1033,C00023,P2072,Web,Billetera Digital,Cyber Week,1,483.7,0.2,483.7,72.55,411.15,420.23,0
RETAILMAX S.A. - VENTAS 2021,2021-002457,2021-01-31 22:37:26,S1012,C00215,P2009,Marketplace,Tarjeta,Cyber Week,2,470.71,0.1,941.42,112.97,828.45,287.2,0
RETAILMAX S.A. - VENTAS 2021,2021-002458,2021-03-15 10:05:13,S1023,C00353,P2073,Tienda,Billetera Digital,Cyber Week,2,156.33,0.05,312.66,46.9,265.76,131.1,1
RETAILMAX S.A. - VENTAS 2021,2021-002459,2021-10-13 17:16:55,S1039,C00543,P2095,Marketplace,Billetera Digital,2x1,1,693.43,0.05,693.43,90.15,603.28,368.2,0
RETAILMAX S.A. - VENTAS 2021,2021-002460,2021-04-04 06:27:39,S1026,C00628,P2138,Marketplace,Efectivo,Promo 10%,1,684.1,0.05,684.1,102.61,581.49,375.47,0
RETAILMAX S.A. - VENTAS 2021,2021-002461,2021-01-08 09:38:56,S1021,C00164,P2090,Web,Efectivo,2x1,3,105.3,0.15,315.9,47.38,268.52,72.93,0
RETAILMAX S.A. - VENTAS 2021,2021-002462,2021-02-25 19:25:36,S1034,C00054,P2004,Tienda,Efectivo,Promo 15%,3,543.65,0.0,1630.95,244.64,1386.31,298.92,0
RETAILMAX S.A. - VENTAS 2021,2021-002463,2021-09-27 15:42:53,S1013,C00327,P2082,Web,Tarjeta,2x1,1,267.35,0.05,267.35,32.08,235.27,152.77,0
RETAILMAX S.A. - VENTAS 2021,2021-002464,2021-03-18 19:53:05,S1038,C00344,P2108,Web,Tarjeta,Promo 10%,1,240.87,0.15,240.87,31.31,209.56,144.01,0
RETAILMAX S.A. - VENTAS 2021,2021-002465,2021-01-17 21:38:49,S1040,C00192,P2106,Web,Financiamiento,2x1,1,369.14,0.2,369.14,47.99,321.15,310.34,1
RETAILMAX S.A. - VENTAS 2021,2021-002466,2021-03-11 02:33:05,S1041,C00787,P2020,Call Center,Billetera Digital,Black Friday,2,49.36,0.0,98.72,12.83,85.89,32.33,0
RETAILMAX S.A. - VENTAS 2021,2021-002467,2021-01-06 12:20:28,S1009,C00314,P2039,Marketplace,Tarjeta,Sin Promo,2,429.3,0.1,858.6,111.62,746.98,251.05,0
RETAILMAX S.A. - VENTAS 2021,2021-002468,2021-09-11 08:51:42,S1036,C00382,P2084,Tienda,Tarjeta,2x1,1,8.71,0.2,8.71,1.31,7.4,8.31,0
RETAILMAX S.A. - VENTAS 2021,2021-002469,2021-11-12 16:48:06,S1029,C00224,P2052,Tienda,Financiamiento,Promo 10%,1,75.75,0.2,75.75,11.36,64.39,47.67,0
RETAILMAX S.A. - VENTAS 2021,2021-002470,2021-02-17 03:58:27,S1031,C00025,P2148,Call Center,Billetera Digital,Sin Promo,1,539.85,0.2,539.85,80.98,458.87,390.62,1
RETAILMAX S.A. - VENTAS 2021,2021-002471,2021-09-18 17:12:26,S1022,C00371,P2039,Call Center,Financiamiento,Promo 10%,4,405.45,0.15,1621.8,243.27,1378.53,251.05,0
RETAILMAX S.A. - VENTAS 2021,2021-002472,2021-03-03 00:54:30,S1040,C00487,P2058,Marketplace,Transferencia,Cyber Week,3,465.91,0.0,1397.73,181.7,1216.03,324.41,0
RETAILMAX S.A. - VENTAS 2021,2021-002473,2021-02-27 18:03:28,S1042,C00384,P2088,Tienda,Financiamiento,Sin Promo,1,571.92,0.0,571.92,74.35,497.57,308.2,0
RETAILMAX S.A. - VENTAS 2021,2021-002474,2021-05-12 11:09:19,S1041,C00571,P2045,Web,Efectivo,Promo 15%,1,68.91,0.0,68.91,8.96,59.95,46.07,0
RETAILMAX S.A. - VENTAS 2021,2021-002475,2021-03-09 06:41:13,S1016,C00266,P2025,Call Center,Tarjeta,Promo 10%,1,664.27,0.0,664.27,79.71,584.56,394.63,0
RETAILMAX S.A. - VENTAS 2021,2021-002476,2021-04-03 07:48:57,S1024,C00278,P2061,Tienda,Efectivo,Cyber Week,4,42.68,0.0,170.72,25.61,145.11,26.36,1
RETAILMAX S.A. - VENTAS 2021,2021-002477,2021-01-09 21:14:19,S1037,C00678,P2142,Call Center,Financiamiento,Promo 10%,1,419.81,0.15,419.81,54.58,365.23,331.65,0
RETAILMAX S.A. - VENTAS 2021,2021-002478,2021-11-12 00:49:22,S1002,C00529,P2043,Call Center,Transferencia,Promo 15%,1,313.61,0.0,313.61,40.77,272.84,244.5,0
RETAILMAX S.A. - VENTAS 2021,2021-002479,2021-04-26 04:45:11,S1042,C00795,P2141,Call Center,Billetera Digital,Promo 15%,2,832.49,0.0,1664.98,216.45,1448.53,384.64,1
RETAILMAX S.A. - VENTAS 2021,2021-002480,2021-10-13 00:52:39,S1007,C00582,P2049,Web,Transferencia,Promo 15%,5,134.53,0.15,672.65,87.44,585.21,89.45,1
RETAILMAX S.A. - VENTAS 2021,2021-002481,2021-07-03 21:16:31,S1005,C00600,P2030,Call Center,Tarjeta,Promo 10%,2,541.44,0.0,1082.88,140.77,942.11,418.38,0
RETAILMAX S.A. - VENTAS 2021,2021-002482,2021-02-24 20:56:02,S1041,C00037,P2077,Tienda,Efectivo,2x1,2,794.69,0.0,1589.38,206.62,1382.76,400.81,0
RETAILMAX S.A. - VENTAS 2021,2021-002483,2021-07-27 10:23:45,S1005,C00230,P2072,Call Center,Transferencia,2x1,3,483.7,0.2,1451.1,188.64,1262.46,420.23,0
RETAILMAX S.A. - VENTAS 2021,2021-002484,2021-08-08 18:42:11,S1006,C00058,P2099,Web,Financiamiento,2x1,2,294.57,0.0,589.14,76.59,512.55,231.19,0
RETAILMAX S.A. - VENTAS 2021,2021-002485,2021-01-05 18:12:42,S1006,C00042,P2100,Call Center,Transferencia,Sin Promo,2,571.97,0.0,1143.94,148.71,995.23,422.9,0
RETAILMAX S.A. - VENTAS 2021,2021-002486,2021-04-29 15:57:31,S1022,C00609,P2075,Tienda,Billetera Digital,Sin Promo,3,522.04,0.1,1566.12,234.92,1331.2,301.87,0
RETAILMAX S.A. - VENTAS 2021,2021-002487,2021-01-17 17:51:56,S1028,C00134,P2136,Web,Tarjeta,2x1,1,123.84,0.2,123.84,18.58,105.26,99.42,0
RETAILMAX S.A. - VENTAS 2021,2021-002488,2021-01-23 01:49:59,S1044,C00089,P2060,Web,Financiamiento,Black Friday,1,325.76,0.15,325.76,42.35,283.41,245.82,1
RETAILMAX S.A. - VENTAS 2021,2021-002489,2021-11-17 04:39:18,S1019,C00276,P2082,Marketplace,Efectivo,Promo 15%,3,225.14,0.2,675.42,101.31,574.11,152.77,0
RETAILMAX S.A. - VENTAS 2021,2021-002490,2021-05-18 18:33:48,S1001,C00789,P2109,Tienda,Billetera Digital,Promo 10%,2,197.87,0.05,395.74,51.45,344.29,141.94,0
RETAILMAX S.A. - VENTAS 2021,2021-002491,2021-04-25 20:54:06,S1026,C00270,P2123,Marketplace,Transferencia,2x1,5,166.35,0.05,831.75,124.76,706.99,112.82,0
RETAILMAX S.A. - VENTAS 2021,2021-002492,2021-03-17 00:21:15,S1039,C00381,P2148,Web,Financiamiento,Cyber Week,1,674.81,0.0,674.81,87.73,587.08,390.62,1
RETAILMAX S.A. - VENTAS 2021,2021-002493,2021-03-17 00:31:46,S1014,C00308,P2002,Tienda,Efectivo,Promo 10%,1,290.16,0.0,290.16,34.82,255.34,134.76,0
RETAILMAX S.A. - VENTAS 2021,2021-002494,2021-02-01 00:45:02,S1038,C00594,P2157,Call Center,Efectivo,Promo 15%,1,201.04,0.1,201.04,26.14,174.9,118.28,1
RETAILMAX S.A. - VENTAS 2021,2021-002495,2021-07-26 16:30:32,S1021,C00396,P2016,Tienda,Tarjeta,Black Friday,1,172.59,0.0,172.59,25.89,146.7,121.18,0
RETAILMAX S.A. - VENTAS 2021,2021-002496,2021-10-20 20:41:05,S1025,C00646,P2029,Marketplace,Tarjeta,2x1,6,491.5,0.0,2949.0,442.35,2506.65,271.13,0
RETAILMAX S.A. - VENTAS 2021,2021-002497,2021-01-12 21:06:15,S1004,C00150,P2119,Tienda,Financiamiento,Black Friday,5,610.46,0.2,3052.3,396.8,2655.5,363.73,1
RETAILMAX S.A. - VENTAS 2021,2021-002498,2021-11-18 05:32:38,S1029,C00621,P2107,Call Center,Efectivo,2x1,3,322.0,0.0,966.0,144.9,821.1,196.36,1
RETAILMAX S.A. - VENTAS 2021,2021-002499,2021-10-25 19:22:01,S1002,C00655,P2069,Call Center,Billetera Digital,Sin Promo,5,172.4,0.1,862.0,112.06,749.94,145.02,0
RETAILMAX S.A. - VENTAS 2021,2021-002500,2021-01-05 19:43:31,S1019,C00615,P2045,Marketplace,Billetera Digital,Sin Promo,3,68.91,0.0,206.73,31.01,175.72,46.07,0
RETAILMAX S.A. - VENTAS 2021,2021-002501,2021-08-06 17:28:38,S1019,C00052,P2119,Web,Tarjeta,Sin Promo,6,724.93,0.05,4349.58,652.44,3697.14,363.73,0
RETAILMAX S.A. - VENTAS 2021,2021-002502,2021-11-02 21:27:45,S1016,C00263,P2003,Web,Efectivo,2x1,2,432.41,0.15,864.82,103.78,761.04,261.5,0
RETAILMAX S.A. - VENTAS 2021,2021-002503,2021-02-19 08:53:43,S1003,C00115,P2105,Tienda,Billetera Digital,Sin Promo,5,676.15,0.0,3380.75,439.5,2941.25,320.12,0
RETAILMAX S.A. - VENTAS 2021,2021-002504,2021-02-17 21:59:44,S1022,C00088,P2045,Marketplace,Transferencia,Black Friday,2,68.91,0.0,137.82,20.67,117.15,46.07,0
RETAILMAX S.A. - VENTAS 2021,2021-002505,2021-10-21 11:15:07,S1041,C00658,P2117,Web,Transferencia,Cyber Week,1,84.2,0.0,84.2,10.95,73.25,41.82,0
RETAILMAX S.A. - VENTAS 2021,2021-002506,2021-02-05 13:13:01,S1040,C00148,P2128,Web,Transferencia,2x1,1,445.91,0.2,445.91,57.97,387.94,269.57,0
RETAILMAX S.A. - VENTAS 2021,2021-002507,2021-01-16 16:15:20,S1035,C00252,P2042,Marketplace,Transferencia,Black Friday,1,361.25,0.1,361.25,54.19,307.06,233.31,1
RETAILMAX S.A. - VENTAS 2021,2021-002508,2021-05-20 14:43:28,S1022,C00749,P2117,Tienda,Tarjeta,Sin Promo,2,84.2,0.0,168.4,25.26,143.14,41.82,0
RETAILMAX S.A. - VENTAS 2021,2021-002509,2021-03-12 09:43:15,S1030,C00210,P2024,Tienda,Efectivo,Cyber Week,4,268.83,0.15,1075.32,161.3,914.02,197.91,0
RETAILMAX S.A. - VENTAS 2021,2021-002510,2021-02-16 18:27:32,S1024,C00426,P2141,Web,Billetera Digital,2x1,1,832.49,0.0,832.49,124.87,707.62,384.64,0
RETAILMAX S.A. - VENTAS 2021,2021-002511,2021-05-28 00:02:27,S1030,C00568,P2047,Web,Tarjeta,Black Friday,1,433.95,0.05,433.95,65.09,368.86,295.44,0
RETAILMAX S.A. - VENTAS 2021,2021-002512,2021-09-14 02:32:58,S1018,C00751,P2112,Marketplace,Efectivo,2x1,2,307.5,0.15,615.0,73.8,541.2,257.82,0
RETAILMAX S.A. - VENTAS 2021,2021-002513,2021-07-03 23:11:55,S1004,C00528,P2071,Marketplace,Efectivo,Promo 10%,5,459.39,0.05,2296.95,298.6,1998.35,243.78,0
RETAILMAX S.A. - VENTAS 2021,2021-002514,2021-08-21 00:38:00,S1028,C00541,P2128,Web,Billetera Digital,Sin Promo,1,557.39,0.0,557.39,83.61,473.78,269.57,0
RETAILMAX S.A. - VENTAS 2021,2021-002515,2021-03-13 20:05:07,S1042,C00193,P2152,Tienda,Financiamiento,Sin Promo,3,499.51,0.0,1498.53,194.81,1303.72,338.06,1
RETAILMAX S.A. - VENTAS 2021,2021-002516,2021-04-01 22:59:38,S1011,C00478,P2037,Tienda,Transferencia,Cyber Week,5,623.8,0.0,3119.0,374.28,2744.72,405.23,0
RETAILMAX S.A. - VENTAS 2021,2021-002517,2021-02-28 01:09:15,S1025,C00088,P2059,Web,Efectivo,Sin Promo,1,117.64,0.1,117.64,17.65,99.99,101.09,0
RETAILMAX S.A. - VENTAS 2021,2021-002518,2021-08-07 14:52:09,S1002,C00542,P2108,Web,Billetera Digital,Promo 10%,1,283.38,0.0,283.38,36.84,246.54,144.01,0
RETAILMAX S.A. - VENTAS 2021,2021-002519,2021-03-15 16:41:07,S1004,C00695,P2064,Web,Efectivo,Promo 10%,1,91.31,0.0,91.31,11.87,79.44,57.47,0
RETAILMAX S.A. - VENTAS 2021,2021-002520,2021-11-18 15:33:16,S1015,C00390,P2108,Web,Tarjeta,Cyber Week,1,283.38,0.0,283.38,34.01,249.37,144.01,0
RETAILMAX S.A. - VENTAS 2021,2021-002521,2021-09-30 13:37:35,S1032,C00740,P2011,Call Center,Financiamiento,Promo 15%,1,333.81,0.15,333.81,50.07,283.74,309.34,0
RETAILMAX S.A. - VENTAS 2021,2021-002522,2021-05-13 11:21:41,S1003,C00524,P2008,Marketplace,Efectivo,Promo 10%,1,874.23,0.0,874.23,113.65,760.58,421.75,0
RETAILMAX S.A. - VENTAS 2021,2021-002523,2021-08-03 07:57:53,S1045,C00317,P2027,Call Center,Tarjeta,Sin Promo,4,331.73,0.0,1326.92,172.5,1154.42,230.42,0
RETAILMAX S.A. - VENTAS 2021,2021-002524,2021-02-15 12:07:13,S1026,C00573,P2137,Call Center,Efectivo,Cyber Week,1,428.74,0.0,428.74,64.31,364.43,246.0,0
RETAILMAX S.A. - VENTAS 2021,2021-002525,2021-09-09 05:25:16,S1040,C00180,P2152,Call Center,Tarjeta,2x1,1,499.51,0.0,499.51,64.94,434.57,338.06,0
RETAILMAX S.A. - VENTAS 2021,2021-002526,2021-10-01 06:09:21,S1010,C00715,P2092,Tienda,Efectivo,2x1,1,802.49,0.0,802.49,96.3,706.19,416.32,1
RETAILMAX S.A. - VENTAS 2021,2021-002527,2021-04-04 14:21:13,S1001,C00123,P2094,Call Center,Financiamiento,Cyber Week,2,700.79,0.0,1401.58,182.21,1219.37,392.99,0
RETAILMAX S.A. - VENTAS 2021,2021-002528,2021-06-29 14:34:13,S1032,C00107,P2084,Web,Transferencia,Sin Promo,5,8.71,0.2,43.55,6.53,37.02,8.31,0
RETAILMAX S.A. - VENTAS 2021,2021-002529,2021-08-15 14:52:58,S1020,C00541,P2030,Marketplace,Billetera Digital,Promo 15%,4,514.37,0.05,2057.48,308.62,1748.86,418.38,0
RETAILMAX S.A. - VENTAS 2021,2021-002530,2021-08-28 02:55:53,S1019,C00514,P2002,Tienda,Efectivo,Promo 15%,2,261.14,0.1,522.28,78.34,443.94,134.76,0
RETAILMAX S.A. - VENTAS 2021,2021-002531,2021-01-19 15:01:44,S1038,C00059,P2106,Marketplace,Billetera Digital,Black Friday,5,461.42,0.0,2307.1,299.92,2007.18,310.34,0
RETAILMAX S.A. - VENTAS 2021,2021-002532,2021-06-04 05:18:00,S1001,C00733,P2108,Marketplace,Efectivo,Promo 15%,1,283.38,0.0,283.38,36.84,246.54,144.01,0
RETAILMAX S.A. - VENTAS 2021,2021-002533,2021-06-07 15:15:55,S1030,C00617,P2035,Call Center,Billetera Digital,Promo 10%,4,725.28,0.2,2901.12,435.17,2465.95,418.3,0
RETAILMAX S.A. - VENTAS 2021,2021-002534,2021-03-19 03:09:47,S1013,C00201,P2010,Call Center,Transferencia,Black Friday,1,343.48,0.15,343.48,41.22,302.26,210.17,1
RETAILMAX S.A. - VENTAS 2021,2021-002535,2021-07-02 05:57:26,S1025,C00113,P2095,Web,Tarjeta,2x1,1,656.94,0.1,656.94,98.54,558.4,368.2,1
RETAILMAX S.A. - VENTAS 2021,2021-002536,2021-12-20 10:03:49,S1013,C00052,P2082,Tienda,Tarjeta,Sin Promo,3,239.21,0.15,717.63,86.12,631.51,152.77,1
RETAILMAX S.A. - VENTAS 2021,2021-002537,2021-12-30 22:17:56,S1043,C00587,P2022,Tienda,Billetera Digital,Promo 10%,2,449.93,0.0,899.86,116.98,782.88,325.44,0
RETAILMAX S.A. - VENTAS 2021,2021-002538,2021-05-08 00:05:30,S1024,C00038,P2111,Web,Transferencia,Promo 10%,4,277.51,0.05,1110.04,166.51,943.53,191.52,0
RETAILMAX S.A. - VENTAS 2021,2021-002539,2021-12-13 21:21:47,S1042,C00343,P2020,Web,Tarjeta,Black Friday,3,44.42,0.1,133.26,17.32,115.94,32.33,0
RETAILMAX S.A. - VENTAS 2021,2021-002540,2021-05-22 21:21:38,S1009,C00712,P2074,Tienda,Financiamiento,2x1,3,253.14,0.1,759.42,98.72,660.7,138.92,0
RETAILMAX S.A. - VENTAS 2021,2021-002541,2021-01-10 12:38:43,S1002,C00491,P2120,Tienda,Tarjeta,Promo 10%,3,159.6,0.2,478.8,62.24,416.56,113.2,0
RETAILMAX S.A. - VENTAS 2021,2021-002542,2021-03-24 13:30:36,S1040,C00726,P2100,Marketplace,Tarjeta,Cyber Week,1,486.17,0.15,486.17,63.2,422.97,422.9,0
RETAILMAX S.A. - VENTAS 2021,2021-002543,2021-05-07 01:04:01,S1006,C00176,P2138,Tienda,Transferencia,Black Friday,1,684.1,0.05,684.1,88.93,595.17,375.47,1
RETAILMAX S.A. - VENTAS 2021,2021-002544,2021-09-28 15:25:59,S1045,C00597,P2081,Call Center,Efectivo,Sin Promo,1,399.31,0.0,399.31,51.91,347.4,192.91,1
RETAILMAX S.A. - VENTAS 2021,2021-002545,2021-11-25 18:23:42,S1011,C00697,P2154,Web,Efectivo,Sin Promo,1,733.21,0.0,733.21,87.99,645.22,427.53,1
RETAILMAX S.A. - VENTAS 2021,2021-002546,2021-04-14 03:49:27,S1029,C00691,P2116,Tienda,Tarjeta,Sin Promo,2,669.51,0.1,1339.02,200.85,1138.17,358.01,0
RETAILMAX S.A. - VENTAS 2021,2021-002547,2021-01-17 00:28:50,S1001,C00691,P2060,Tienda,Efectivo,Sin Promo,1,364.09,0.05,364.09,47.33,316.76,245.82,1
RETAILMAX S.A. - VENTAS 2021,2021-002548,2021-09-12 03:36:03,S1038,C00771,P2048,Call Center,Tarjeta,Cyber Week,2,304.15,0.05,608.3,79.08,529.22,183.57,0
RETAILMAX S.A. - VENTAS 2021,2021-002549,2021-11-19 14:07:29,S1006,C00605,P2149,Marketplace,Billetera Digital,Sin Promo,4,224.81,0.0,899.24,116.9,782.34,173.08,1
RETAILMAX S.A. - VENTAS 2021,2021-002550,2021-09-17 09:24:25,S1032,C00583,P2016,Marketplace,Financiamiento,Black Friday,1,146.7,0.15,146.7,22.0,124.7,121.18,0
RETAILMAX S.A. - VENTAS 2021,2021-002551,2021-07-06 00:20:35,S1033,C00733,P2011,Web,Financiamiento,Promo 15%,2,392.72,0.0,785.44,117.82,667.62,309.34,0
RETAILMAX S.A. - VENTAS 2021,2021-002552,2021-06-22 19:18:02,S1024,C00530,P2003,Tienda,Financiamiento,Promo 10%,1,508.72,0.0,508.72,76.31,432.41,261.5,0
RETAILMAX S.A. - VENTAS 2021,2021-002553,2021-09-28 16:09:08,S1043,C00387,P2053,Call Center,Efectivo,2x1,2,934.5,0.0,1869.0,242.97,1626.03,436.17,0
RETAILMAX S.A. - VENTAS 2021,2021-002554,2021-01-29 08:15:13,S1007,C00231,P2008,Tienda,Financiamiento,Sin Promo,2,830.52,0.05,1661.04,215.94,1445.1,421.75,0
RETAILMAX S.A. - VENTAS 2021,2021-002555,2021-12-20 18:38:26,S1010,C00771,P2021,Call Center,Efectivo,Promo 10%,1,395.52,0.1,395.52,47.46,348.06,239.98,0
RETAILMAX S.A. - VENTAS 2021,2021-002556,2021-12-13 21:41:22,S1001,C00414,P2022,Call Center,Transferencia,2x1,4,404.94,0.1,1619.76,210.57,1409.19,325.44,0
RETAILMAX S.A. - VENTAS 2021,2021-002557,2021-03-03 19:29:45,S1009,C00777,P2001,Web,Tarjeta,2x1,1,95.82,0.0,95.82,12.46,83.36,59.67,0
RETAILMAX S.A. - VENTAS 2021,2021-002558,2021-10-14 03:51:39,S1004,C00673,P2043,Web,Transferencia,Black Friday,4,313.61,0.0,1254.44,163.08,1091.36,244.5,0
RETAILMAX S.A. - VENTAS 2021,2021-002559,2021-12-11 19:59:23,S1024,C00515,P2087,Call Center,Billetera Digital,Sin Promo,1,323.78,0.0,323.78,48.57,275.21,166.63,0
RETAILMAX S.A. - VENTAS 2021,2021-002560,2021-03-28 23:42:51,S1001,C00680,P2015,Marketplace,Efectivo,Promo 10%,1,139.02,0.2,139.02,18.07,120.95,122.14,0
RETAILMAX S.A. - VENTAS 2021,2021-002561,2021-07-22 06:46:48,S1030,C00123,P2110,Tienda,Financiamiento,Black Friday,1,333.38,0.2,333.38,50.01,283.37,314.95,0
RETAILMAX S.A. - VENTAS 2021,2021-002562,2021-07-16 21:56:06,S1028,C00417,P2056,Marketplace,Financiamiento,Promo 15%,2,842.59,0.05,1685.18,252.78,1432.4,417.23,0
RETAILMAX S.A. - VENTAS 2021,2021-002563,2021-12-08 17:11:26,S1020,C00225,P2068,Call Center,Transferencia,Sin Promo,1,197.12,0.2,197.12,29.57,167.55,122.46,0
RETAILMAX S.A. - VENTAS 2021,2021-002564,2021-11-14 04:18:38,S1018,C00685,P2033,Marketplace,Efectivo,Sin Promo,1,64.29,0.2,64.29,7.71,56.58,61.26,0
RETAILMAX S.A. - VENTAS 2021,2021-002565,2021-01-29 04:12:10,S1043,C00503,P2064,Web,Financiamiento,Sin Promo,3,91.31,0.0,273.93,35.61,238.32,57.47,0
RETAILMAX S.A. - VENTAS 2021,2021-002566,2021-09-03 00:21:04,S1028,C00087,P2132,Tienda,Billetera Digital,Promo 15%,1,321.61,0.0,321.61,48.24,273.37,220.13,0
RETAILMAX S.A. - VENTAS 2021,2021-002567,2021-05-25 07:42:51,S1026,C00762,P2094,Tienda,Billetera Digital,Black Friday,3,595.67,0.15,1787.01,268.05,1518.96,392.99,0
RETAILMAX S.A. - VENTAS 2021,2021-002568,2021-10-23 04:59:10,S1038,C00276,P2028,Marketplace,Billetera Digital,Sin Promo,1,478.55,0.2,478.55,62.21,416.34,344.08,0
RETAILMAX S.A. - VENTAS 2021,2021-002569,2021-01-13 00:22:19,S1013,C00169,P2070,Call Center,Billetera Digital,Sin Promo,1,614.79,0.0,614.79,73.77,541.02,281.04,0
RETAILMAX S.A. - VENTAS 2021,2021-002570,2021-06-11 08:19:27,S1029,C00003,P2089,Marketplace,Tarjeta,2x1,1,736.54,0.0,736.54,110.48,626.06,351.93,0
RETAILMAX S.A. - VENTAS 2021,2021-002571,2021-07-06 20:01:36,S1014,C00176,P2007,Marketplace,Financiamiento,Cyber Week,6,180.23,0.15,1081.38,129.77,951.61,162.45,0
RETAILMAX S.A. - VENTAS 2021,2021-002572,2021-04-29 22:22:19,S1021,C00176,P2074,Marketplace,Billetera Digital,Sin Promo,4,281.27,0.0,1125.08,168.76,956.32,138.92,0
RETAILMAX S.A. - VENTAS 2021,2021-002573,2021-01-02 11:51:50,S1034,C00717,P2014,Marketplace,Financiamiento,2x1,1,430.19,0.0,430.19,64.53,365.66,296.33,0
RETAILMAX S.A. - VENTAS 2021,2021-002574,2021-03-21 17:51:41,S1040,C00754,P2018,Call Center,Tarjeta,Promo 15%,2,313.49,0.2,626.98,81.51,545.47,224.11,0
RETAILMAX S.A. - VENTAS 2021,2021-002575,2021-05-07 20:05:26,S1019,C00030,P2119,Tienda,Efectivo,Black Friday,1,648.62,0.15,648.62,97.29,551.33,363.73,0
RETAILMAX S.A. - VENTAS 2021,2021-002576,2021-08-18 17:56:16,S1024,C00070,P2023,Web,Efectivo,Black Friday,1,529.75,0.0,529.75,79.46,450.29,346.8,0
RETAILMAX S.A. - VENTAS 2021,2021-002577,2021-10-16 18:07:21,S1034,C00339,P2145,Marketplace,Transferencia,Promo 10%,2,118.01,0.0,236.02,35.4,200.62,77.61,0
RETAILMAX S.A. - VENTAS 2021,2021-002578,2021-11-24 01:39:38,S1029,C00509,P2111,Call Center,Efectivo,Promo 10%,3,233.7,0.2,701.1,105.17,595.93,191.52,1
RETAILMAX S.A. - VENTAS 2021,2021-002579,2021-07-16 00:41:12,S1016,C00713,P2085,Marketplace,Financiamiento,Cyber Week,1,24.82,0.2,24.82,2.98,21.84,20.07,0
RETAILMAX S.A. - VENTAS 2021,2021-002580,2021-05-24 15:23:43,S1015,C00238,P2003,Web,Tarjeta,Promo 15%,3,483.28,0.05,1449.84,173.98,1275.86,261.5,0
RETAILMAX S.A. - VENTAS 2021,2021-002581,2021-08-15 03:42:16,S1015,C00427,P2055,Tienda,Billetera Digital,2x1,1,140.77,0.0,140.77,16.89,123.88,77.43,0
RETAILMAX S.A. - VENTAS 2021,2021-002582,2021-07-05 13:59:27,S1025,C00269,P2115,Call Center,Billetera Digital,Cyber Week,3,298.06,0.2,894.18,134.13,760.05,201.2,0
RETAILMAX S.A. - VENTAS 2021,2021-002583,2021-09-04 02:13:41,S1018,C00779,P2042,Marketplace,Transferencia,Promo 10%,1,381.32,0.05,381.32,45.76,335.56,233.31,0
RETAILMAX S.A. - VENTAS 2021,2021-002584,2021-01-09 06:45:41,S1002,C00702,P2114,Tienda,Transferencia,Black Friday,4,554.0,0.0,2216.0,288.08,1927.92,274.57,0
RETAILMAX S.A. - VENTAS 2021,2021-002585,2021-12-28 16:42:44,S1005,C00082,P2077,Tienda,Efectivo,Black Friday,2,754.96,0.05,1509.92,196.29,1313.63,400.81,0
RETAILMAX S.A. - VENTAS 2021,2021-002586,2021-06-20 09:27:01,S1027,C00338,P2131,Call Center,Efectivo,2x1,3,187.08,0.05,561.24,84.19,477.05,119.6,0
RETAILMAX S.A. - VENTAS 2021,2021-002587,2021-10-12 18:47:38,S1010,C00070,P2097,Call Center,Financiamiento,2x1,3,521.13,0.0,1563.39,187.61,1375.78,298.37,0
RETAILMAX S.A. - VENTAS 2021,2021-002588,2021-03-11 00:22:28,S1009,C00795,P2068,Web,Efectivo,2x1,2,234.08,0.05,468.16,60.86,407.3,122.46,0
RETAILMAX S.A. - VENTAS 2021,2021-002589,2021-12-28 07:31:09,S1032,C00555,P2150,Call Center,Financiamiento,2x1,5,234.07,0.0,1170.35,175.55,994.8,154.53,1
RETAILMAX S.A. - VENTAS 2021,2021-002590,2021-03-12 13:02:21,S1043,C00519,P2011,Call Center,Billetera Digital,2x1,2,392.72,0.0,785.44,102.11,683.33,309.34,0
RETAILMAX S.A. - VENTAS 2021,2021-002591,2021-01-27 14:47:52,S1018,C00605,P2064,Tienda,Transferencia,Black Friday,4,77.61,0.15,310.44,37.25,273.19,57.47,0
RETAILMAX S.A. - VENTAS 2021,2021-002592,2021-07-21 21:31:45,S1001,C00252,P2084,Tienda,Transferencia,Promo 15%,2,10.89,0.0,21.78,2.83,18.95,8.31,0
RETAILMAX S.A. - VENTAS 2021,2021-002593,2021-05-13 00:13:09,S1033,C00618,P2139,Web,Financiamiento,Promo 10%,1,20.28,0.0,20.28,3.04,17.24,12.71,0
RETAILMAX S.A. - VENTAS 2021,2021-002594,2021-08-03 03:03:04,S1024,C00364,P2141,Call Center,Financiamiento,Promo 15%,5,832.49,0.0,4162.45,624.37,3538.08,384.64,0
RETAILMAX S.A. - VENTAS 2021,2021-002595,2021-06-10 06:59:06,S1039,C00227,P2057,Marketplace,Financiamiento,2x1,2,356.83,0.15,713.66,92.78,620.88,314.68,0
RETAILMAX S.A. - VENTAS 2021,2021-002596,2021-08-31 18:12:41,S1001,C00367,P2068,Call Center,Transferencia,Promo 15%,2,234.08,0.05,468.16,60.86,407.3,122.46,0
RETAILMAX S.A. - VENTAS 2021,2021-002597,2021-03-23 15:53:11,S1035,C00736,P2119,Tienda,Efectivo,Black Friday,4,686.77,0.1,2747.08,412.06,2335.02,363.73,0
RETAILMAX S.A. - VENTAS 2021,2021-002598,2021-03-17 06:35:14,S1020,C00733,P2086,Call Center,Efectivo,2x1,2,87.36,0.2,174.72,26.21,148.51,70.05,1
RETAILMAX S.A. - VENTAS 2021,2021-002599,2021-04-16 06:33:47,S1003,C00559,P2142,Web,Efectivo,2x1,1,493.89,0.0,493.89,64.21,429.68,331.65,0
RETAILMAX S.A. - VENTAS 2021,2021-002600,2021-02-24 02:43:51,S1039,C00461,P2086,Marketplace,Financiamiento,2x1,3,87.36,0.2,262.08,34.07,228.01,70.05,0
