TransactionID;Date;StoreID;CustomerID;ProductID;Channel;PaymentMethod;Promotion;Quantity;UnitPrice;DiscountPct;GrossSales;TaxAmount;NetSales;UnitCost;ReturnFlag
2023-000001;10-21-2023;S1041;C00475;P2008;Web;Billetera Digital;Black Friday;2;874.23;0.0;1748.46;227.3;1521.16;421.75;0
2023-000002;10-24-2023;S1015;C00275;P2118;Marketplace;Efectivo;Sin Promo;1;61.89;0.05;61.89;7.43;54.46;45.65;0
2023-000003;09-15-2023;S1006;C00584;P2158;Marketplace;Billetera Digital;2x1;2;488.15;0.1;976.3;126.92;849.38;274.83;0
2023-000004;04-03-2023;S1035;C00397;P2066;Tienda;Transferencia;Cyber Week;2;524.71;0.0;1049.42;157.41;892.01;297.19;0
2023-000005;08-29-2023;S1042;C00768;P2007;Marketplace;Billetera Digital;Cyber Week;2;212.03;0.0;424.06;55.13;368.93;162.45;0
2023-000006;04-28-2023;S1013;C00059;P2118;Call Center;Transferencia;Sin Promo;2;65.15;0.0;130.3;15.64;114.66;45.65;1
2023-000007;03-17-2023;S1009;C00563;P2027;Marketplace;Tarjeta;Cyber Week;1;331.73;0.0;331.73;43.12;288.61;230.42;0
2023-000008;12-21-2023;S1022;C00436;P2021;Call Center;Efectivo;Sin Promo;2;439.47;0.0;878.94;131.84;747.1;239.98;1
2023-000009;05-03-2023;S1008;C00679;P2115;Marketplace;Efectivo;Promo 15%;1;316.68;0.15;316.68;41.17;275.51;201.2;0
2023-000010;10-04-2023;S1043;C00443;P2008;Marketplace;Billetera Digital;Sin Promo;4;699.38;0.2;2797.52;363.68;2433.84;421.75;1
2023-000011;08-30-2023;S1042;C00479;P2120;Tienda;Efectivo;Black Friday;6;169.57;0.15;1017.42;132.26;885.16;113.2;0
2023-000012;02-07-2023;S1016;C00070;P2097;Web;Financiamiento;Promo 15%;1;521.13;0.0;521.13;62.54;458.59;298.37;1
2023-000013;03-19-2023;S1003;C00289;P2126;Tienda;Transferencia;Promo 15%;5;615.73;0.1;3078.65;400.22;2678.43;413.19;0
2023-000014;09-11-2023;S1036;C00466;P2057;Call Center;Financiamiento;Sin Promo;2;419.8;0.0;839.6;125.94;713.66;314.68;0
2023-000015;01-30-2023;S1045;C00680;P2026;Tienda;Billetera Digital;Promo 15%;4;436.92;0.05;1747.68;227.2;1520.48;230.43;1
2023-000016;01-11-2023;S1013;C00430;P2010;Call Center;Efectivo;Promo 10%;1;404.09;0.0;404.09;48.49;355.6;210.17;0
2023-000017;07-27-2023;S1009;C00644;P2134;Web;Efectivo;2x1;5;205.33;0.15;1026.65;133.46;893.19;153.79;0
2023-000018;08-20-2023;S1034;C00128;P2025;Call Center;Billetera Digital;Black Friday;1;531.42;0.2;531.42;79.71;451.71;394.63;0
2023-000019;05-11-2023;S1030;C00041;P2148;Web;Financiamiento;Black Friday;1;607.33;0.1;607.33;91.1;516.23;390.62;0
2023-000020;09-13-2023;S1014;C00252;P2160;Web;Billetera Digital;Black Friday;2;812.22;0.0;1624.44;194.93;1429.51;418.28;0
2023-000021;08-11-2023;S1027;C00024;P2154;Tienda;Billetera Digital;Promo 15%;1;586.57;0.2;586.57;87.99;498.58;427.53;0
2023-000022;05-22-2023;S1015;C00521;P2138;Web;Billetera Digital;Promo 15%;1;612.09;0.15;612.09;73.45;538.64;375.47;0
2023-000023;10-19-2023;S1025;C00245;P2088;Web;Billetera Digital;Sin Promo;2;543.32;0.05;1086.64;163.0;923.64;308.2;0
2023-000024;08-03-2023;S1010;C00474;P2061;Marketplace;Efectivo;2x1;1;38.41;0.1;38.41;4.61;33.8;26.36;0
2023-000025;08-17-2023;S1032;C00790;P2031;Tienda;Transferencia;Cyber Week;3;193.42;0.05;580.26;87.04;493.22;111.43;0
2023-000026;04-25-2023;S1031;C00274;P2145;Call Center;Billetera Digital;Promo 10%;5;118.01;0.0;590.05;88.51;501.54;77.61;0
2023-000027;12-07-2023;S1027;C00323;P2158;Call Center;Transferencia;2x1;2;433.91;0.2;867.82;130.17;737.65;274.83;0
2023-000028;11-12-2023;S1028;C00339;P2087;Call Center;Financiamiento;Promo 15%;3;259.02;0.2;777.06;116.56;660.5;166.63;1
2023-000029;01-26-2023;S1027;C00349;P2103;Tienda;Tarjeta;Promo 10%;1;424.9;0.0;424.9;63.73;361.17;274.37;0
2023-000030;09-28-2023;S1018;C00277;P2031;Marketplace;Billetera Digital;Cyber Week;1;183.24;0.1;183.24;21.99;161.25;111.43;0
2023-000031;01-29-2023;S1025;C00720;P2080;Web;Transferencia;Promo 10%;1;256.52;0.15;256.52;38.48;218.04;221.89;0
2023-000032;11-30-2023;S1020;C00229;P2147;Call Center;Efectivo;Sin Promo;4;438.54;0.2;1754.16;263.12;1491.04;299.7;0
2023-000033;12-25-2023;S1042;C00321;P2110;Call Center;Financiamiento;Black Friday;1;416.72;0.0;416.72;54.17;362.55;314.95;0
2023-000034;03-29-2023;S1043;C00638;P2052;Web;Financiamiento;Promo 15%;2;85.22;0.1;170.44;22.16;148.28;47.67;1
2023-000035;07-17-2023;S1005;C00479;P2001;Call Center;Transferencia;Promo 10%;1;86.24;0.1;86.24;11.21;75.03;59.67;0
2023-000036;02-09-2023;S1042;C00350;P2018;Web;Billetera Digital;2x1;1;391.86;0.0;391.86;50.94;340.92;224.11;0
2023-000037;12-03-2023;S1019;C00554;P2051;Web;Tarjeta;Promo 15%;2;812.69;0.05;1625.38;243.81;1381.57;394.02;1
2023-000038;06-03-2023;S1001;C00760;P2067;Tienda;Billetera Digital;Cyber Week;2;582.45;0.0;1164.9;151.44;1013.46;420.88;0
2023-000039;07-12-2023;S1006;C00709;P2149;Call Center;Efectivo;Cyber Week;1;191.09;0.15;191.09;24.84;166.25;173.08;0
2023-000040;12-09-2023;S1045;C00642;P2050;Web;Financiamiento;2x1;2;273.95;0.0;547.9;71.23;476.67;192.16;1
2023-000041;02-08-2023;S1025;C00337;P2141;Call Center;Billetera Digital;Promo 15%;2;832.49;0.0;1664.98;249.75;1415.23;384.64;0
2023-000042;11-28-2023;S1017;C00552;P2047;Tienda;Billetera Digital;Promo 10%;1;388.27;0.15;388.27;46.59;341.68;295.44;0
2023-000043;02-15-2023;S1030;C00053;P2001;Tienda;Efectivo;Sin Promo;4;76.66;0.2;306.64;46.0;260.64;59.67;1
2023-000044;09-30-2023;S1019;C00300;P2110;Call Center;Transferencia;Black Friday;2;416.72;0.0;833.44;125.02;708.42;314.95;0
2023-000045;05-21-2023;S1006;C00459;P2100;Call Center;Financiamiento;Sin Promo;3;571.97;0.0;1715.91;223.07;1492.84;422.9;0
2023-000046;07-28-2023;S1006;C00524;P2148;Call Center;Tarjeta;Sin Promo;3;573.59;0.15;1720.77;223.7;1497.07;390.62;1
2023-000047;06-20-2023;S1011;C00690;P2153;Marketplace;Tarjeta;Sin Promo;3;407.91;0.0;1223.73;146.85;1076.88;293.96;0
2023-000048;04-05-2023;S1016;C00475;P2068;Call Center;Financiamiento;Cyber Week;2;246.4;0.0;492.8;59.14;433.66;122.46;0
2023-000049;08-25-2023;S1032;C00181;P2010;Call Center;Transferencia;Cyber Week;1;343.48;0.15;343.48;51.52;291.96;210.17;0
2023-000050;04-09-2023;S1032;C00493;P2063;Call Center;Transferencia;Sin Promo;2;66.89;0.05;133.78;20.07;113.71;34.56;0
2023-000051;06-22-2023;S1005;C00211;P2046;Tienda;Efectivo;Promo 10%;2;362.57;0.0;725.14;94.27;630.87;192.92;0
2023-000052;01-28-2023;S1002;C00499;P2019;Call Center;Efectivo;Sin Promo;3;377.02;0.2;1131.06;147.04;984.02;283.84;0
2023-000053;12-26-2023;S1001;C00677;P2119;Call Center;Tarjeta;2x1;2;610.46;0.2;1220.92;158.72;1062.2;363.73;0
2023-000054;04-23-2023;S1008;C00303;P2013;Tienda;Transferencia;Promo 10%;1;160.16;0.2;160.16;20.82;139.34;98.1;0
2023-000055;03-26-2023;S1031;C00136;P2148;Tienda;Financiamiento;Promo 10%;2;641.07;0.05;1282.14;192.32;1089.82;390.62;0
2023-000056;04-14-2023;S1022;C00365;P2047;Call Center;Tarjeta;Promo 15%;5;365.43;0.2;1827.15;274.07;1553.08;295.44;0
2023-000057;09-03-2023;S1008;C00386;P2127;Call Center;Financiamiento;Sin Promo;4;732.66;0.0;2930.64;380.98;2549.66;361.43;0
2023-000058;11-06-2023;S1012;C00226;P2076;Call Center;Tarjeta;Promo 15%;1;78.02;0.2;78.02;9.36;68.66;50.2;0
2023-000059;01-31-2023;S1022;C00011;P2054;Call Center;Financiamiento;Black Friday;1;440.12;0.05;440.12;66.02;374.1;220.6;0
2023-000060;12-12-2023;S1012;C00526;P2014;Marketplace;Financiamiento;2x1;1;387.17;0.1;387.17;46.46;340.71;296.33;0
2023-000061;10-18-2023;S1007;C00646;P2074;Call Center;Transferencia;Black Friday;1;281.27;0.0;281.27;36.57;244.7;138.92;0
2023-000062;02-05-2023;S1014;C00506;P2068;Web;Tarjeta;Black Friday;1;197.12;0.2;197.12;23.65;173.47;122.46;1
2023-000063;09-08-2023;S1043;C00243;P2131;Call Center;Financiamiento;Black Friday;2;167.39;0.15;334.78;43.52;291.26;119.6;0
2023-000064;09-18-2023;S1028;C00738;P2123;Web;Financiamiento;Promo 15%;1;140.09;0.2;140.09;21.01;119.08;112.82;0
2023-000065;07-26-2023;S1029;C00800;P2015;Call Center;Efectivo;2x1;3;156.39;0.1;469.17;70.38;398.79;122.14;0
2023-000066;09-15-2023;S1041;C00053;P2095;Tienda;Tarjeta;Black Friday;5;729.93;0.0;3649.65;474.45;3175.2;368.2;1
2023-000067;08-14-2023;S1032;C00781;P2080;Call Center;Transferencia;Black Friday;4;301.79;0.0;1207.16;181.07;1026.09;221.89;0
2023-000068;01-09-2023;S1027;C00650;P2144;Web;Financiamiento;2x1;3;272.5;0.0;817.5;122.62;694.88;177.43;0
2023-000069;12-03-2023;S1012;C00100;P2001;Call Center;Financiamiento;Cyber Week;1;95.82;0.0;95.82;11.5;84.32;59.67;0
2023-000070;02-03-2023;S1007;C00136;P2002;Web;Transferencia;2x1;1;290.16;0.0;290.16;37.72;252.44;134.76;0
2023-000071;11-08-2023;S1033;C00422;P2072;Tienda;Efectivo;2x1;3;483.7;0.2;1451.1;217.66;1233.44;420.23;0
2023-000072;08-04-2023;S1030;C00641;P2092;Web;Efectivo;Cyber Week;1;802.49;0.0;802.49;120.37;682.12;416.32;0
2023-000073;07-11-2023;S1031;C00329;P2141;Call Center;Billetera Digital;Sin Promo;1;832.49;0.0;832.49;124.87;707.62;384.64;0
2023-000074;03-02-2023;S1028;C00509;P2076;Marketplace;Tarjeta;Black Friday;3;97.52;0.0;292.56;43.88;248.68;50.2;1
2023-000075;02-08-2023;S1042;C00719;P2157;Tienda;Tarjeta;Promo 15%;1;201.04;0.1;201.04;26.14;174.9;118.28;0
2023-000076;11-01-2023;S1015;C00497;P2084;Marketplace;Transferencia;Black Friday;1;9.26;0.15;9.26;1.11;8.15;8.31;0
2023-000077;01-31-2023;S1027;C00341;P2131;Tienda;Transferencia;Sin Promo;2;177.24;0.1;354.48;53.17;301.31;119.6;0
2023-000078;04-25-2023;S1015;C00648;P2041;Call Center;Billetera Digital;Black Friday;1;46.52;0.0;46.52;5.58;40.94;34.06;0
2023-000079;12-27-2023;S1030;C00258;P2075;Web;Financiamiento;Black Friday;5;522.04;0.1;2610.2;391.53;2218.67;301.87;0
2023-000080;01-28-2023;S1017;C00099;P2017;Call Center;Tarjeta;Cyber Week;2;224.24;0.2;448.48;53.82;394.66;182.13;0
2023-000081;09-25-2023;S1037;C00515;P2018;Marketplace;Transferencia;Sin Promo;4;313.49;0.2;1253.96;163.01;1090.95;224.11;0
2023-000082;11-24-2023;S1009;C00710;P2142;Tienda;Tarjeta;2x1;4;469.2;0.05;1876.8;243.98;1632.82;331.65;0
2023-000083;12-17-2023;S1032;C00705;P2117;Web;Tarjeta;2x1;3;84.2;0.0;252.6;37.89;214.71;41.82;0
2023-000084;01-26-2023;S1029;C00180;P2116;Marketplace;Billetera Digital;Promo 10%;5;743.9;0.0;3719.5;557.92;3161.58;358.01;0
2023-000085;12-14-2023;S1014;C00140;P2006;Call Center;Financiamiento;Cyber Week;1;341.71;0.15;341.71;41.01;300.7;287.52;1
2023-000086;10-29-2023;S1011;C00151;P2113;Marketplace;Tarjeta;Sin Promo;3;297.65;0.0;892.95;107.15;785.8;139.53;0
2023-000087;01-31-2023;S1042;C00032;P2064;Call Center;Tarjeta;2x1;1;91.31;0.0;91.31;11.87;79.44;57.47;0
2023-000088;10-29-2023;S1001;C00007;P2001;Web;Transferencia;Black Friday;2;95.82;0.0;191.64;24.91;166.73;59.67;0
2023-000089;11-21-2023;S1004;C00037;P2132;Tienda;Billetera Digital;Promo 15%;1;273.37;0.15;273.37;35.54;237.83;220.13;0
2023-000090;06-27-2023;S1024;C00071;P2053;Marketplace;Tarjeta;Black Friday;5;934.5;0.0;4672.5;700.88;3971.62;436.17;0
2023-000091;01-20-2023;S1020;C00346;P2102;Call Center;Efectivo;Promo 10%;1;400.7;0.2;400.7;60.1;340.6;270.07;0
2023-000092;11-15-2023;S1026;C00134;P2108;Call Center;Financiamiento;Sin Promo;6;269.21;0.05;1615.26;242.29;1372.97;144.01;0
2023-000093;06-17-2023;S1038;C00350;P2063;Web;Financiamiento;Black Friday;1;59.85;0.15;59.85;7.78;52.07;34.56;0
2023-000094;05-01-2023;S1008;C00167;P2119;Marketplace;Transferencia;Promo 10%;2;763.08;0.0;1526.16;198.4;1327.76;363.73;1
2023-000095;05-23-2023;S1035;C00716;P2150;Tienda;Efectivo;Black Friday;2;234.07;0.0;468.14;70.22;397.92;154.53;1
2023-000096;01-03-2023;S1042;C00424;P2134;Marketplace;Financiamiento;2x1;1;205.33;0.15;205.33;26.69;178.64;153.79;0
2023-000097;05-22-2023;S1043;C00513;P2020;Tienda;Efectivo;Black Friday;2;49.36;0.0;98.72;12.83;85.89;32.33;0
2023-000098;07-05-2023;S1036;C00511;P2063;Web;Efectivo;2x1;3;70.41;0.0;211.23;31.68;179.55;34.56;0
2023-000099;01-08-2023;S1026;C00635;P2042;Call Center;Efectivo;Sin Promo;3;361.25;0.1;1083.75;162.56;921.19;233.31;0
2023-000100;06-13-2023;S1026;C00150;P2040;Web;Efectivo;Promo 15%;3;59.49;0.0;178.47;26.77;151.7;35.66;0
2023-000101;05-09-2023;S1041;C00501;P2045;Marketplace;Financiamiento;Black Friday;1;68.91;0.0;68.91;8.96;59.95;46.07;0
2023-000102;06-16-2023;S1023;C00058;P2141;Call Center;Efectivo;Promo 10%;1;832.49;0.0;832.49;124.87;707.62;384.64;0
2023-000103;01-10-2023;S1024;C00335;P2160;Marketplace;Transferencia;Cyber Week;2;812.22;0.0;1624.44;243.67;1380.77;418.28;0
2023-000104;01-23-2023;S1007;C00033;P2142;Marketplace;Tarjeta;2x1;3;493.89;0.0;1481.67;192.62;1289.05;331.65;1
2023-000105;10-05-2023;S1024;C00333;P2014;Marketplace;Transferencia;Black Friday;2;430.19;0.0;860.38;129.06;731.32;296.33;0
2023-000106;04-03-2023;S1033;C00125;P2138;Call Center;Tarjeta;2x1;1;612.09;0.15;612.09;91.81;520.28;375.47;0
2023-000107;11-19-2023;S1032;C00749;P2103;Call Center;Efectivo;2x1;1;382.41;0.1;382.41;57.36;325.05;274.37;0
2023-000108;09-26-2023;S1008;C00532;P2090;Web;Efectivo;2x1;1;111.49;0.1;111.49;14.49;97.0;72.93;0
2023-000109;04-14-2023;S1029;C00527;P2032;Marketplace;Tarjeta;Sin Promo;5;443.24;0.05;2216.2;332.43;1883.77;330.43;0
2023-000110;07-09-2023;S1036;C00268;P2099;Call Center;Tarjeta;Promo 10%;4;250.38;0.15;1001.52;150.23;851.29;231.19;0
2023-000111;02-18-2023;S1030;C00178;P2148;Call Center;Transferencia;2x1;5;641.07;0.05;3205.35;480.8;2724.55;390.62;1
2023-000112;10-06-2023;S1032;C00260;P2104;Web;Financiamiento;Sin Promo;2;667.12;0.05;1334.24;200.14;1134.1;405.18;0
2023-000113;08-14-2023;S1021;C00121;P2109;Tienda;Billetera Digital;Sin Promo;2;197.87;0.05;395.74;59.36;336.38;141.94;1
2023-000114;06-20-2023;S1026;C00785;P2035;Tienda;Efectivo;Cyber Week;2;815.94;0.1;1631.88;244.78;1387.1;418.3;0
2023-000115;12-02-2023;S1043;C00272;P2054;Call Center;Transferencia;2x1;6;370.62;0.2;2223.72;289.08;1934.64;220.6;1
2023-000116;07-06-2023;S1034;C00779;P2005;Call Center;Transferencia;Promo 15%;3;518.63;0.05;1555.89;233.38;1322.51;390.45;0
2023-000117;02-28-2023;S1002;C00031;P2050;Web;Efectivo;Promo 10%;2;260.25;0.05;520.5;67.67;452.83;192.16;0
2023-000118;10-05-2023;S1008;C00240;P2052;Call Center;Transferencia;Cyber Week;1;94.69;0.0;94.69;12.31;82.38;47.67;0
2023-000119;03-09-2023;S1019;C00795;P2009;Call Center;Tarjeta;Promo 10%;2;444.56;0.15;889.12;133.37;755.75;287.2;0
2023-000120;01-30-2023;S1009;C00159;P2111;Call Center;Tarjeta;Cyber Week;1;248.3;0.15;248.3;32.28;216.02;191.52;0
2023-000121;10-19-2023;S1029;C00327;P2063;Marketplace;Transferencia;Sin Promo;3;70.41;0.0;211.23;31.68;179.55;34.56;0
2023-000122;07-16-2023;S1037;C00556;P2135;Web;Billetera Digital;Promo 10%;3;152.93;0.0;458.79;59.64;399.15;71.27;0
2023-000123;07-15-2023;S1045;C00515;P2113;Call Center;Tarjeta;Promo 15%;5;267.88;0.1;1339.4;174.12;1165.28;139.53;1
2023-000124;04-05-2023;S1001;C00226;P2003;Call Center;Tarjeta;Sin Promo;2;432.41;0.15;864.82;112.43;752.39;261.5;0
2023-000125;08-04-2023;S1007;C00003;P2038;Marketplace;Financiamiento;Black Friday;1;139.95;0.0;139.95;18.19;121.76;104.22;0
2023-000126;11-30-2023;S1011;C00389;P2006;Marketplace;Tarjeta;Cyber Week;3;402.01;0.0;1206.03;144.72;1061.31;287.52;0
2023-000127;07-16-2023;S1037;C00317;P2044;Web;Transferencia;Promo 10%;1;454.08;0.0;454.08;59.03;395.05;214.81;0
2023-000128;09-28-2023;S1020;C00331;P2125;Tienda;Billetera Digital;Black Friday;2;292.95;0.15;585.9;87.88;498.02;235.01;0
2023-000129;07-16-2023;S1021;C00351;P2097;Tienda;Financiamiento;Sin Promo;2;521.13;0.0;1042.26;156.34;885.92;298.37;0
2023-000130;11-02-2023;S1023;C00640;P2115;Call Center;Tarjeta;Promo 10%;4;372.57;0.0;1490.28;223.54;1266.74;201.2;0
2023-000131;09-19-2023;S1006;C00357;P2064;Marketplace;Transferencia;Promo 15%;2;91.31;0.0;182.62;23.74;158.88;57.47;0
2023-000132;09-07-2023;S1028;C00013;P2157;Web;Efectivo;2x1;3;178.7;0.2;536.1;80.42;455.68;118.28;1
2023-000133;12-30-2023;S1032;C00257;P2027;Call Center;Efectivo;Black Friday;6;265.38;0.2;1592.28;238.84;1353.44;230.42;0
2023-000134;02-07-2023;S1039;C00459;P2089;Tienda;Transferencia;Promo 10%;1;662.89;0.1;662.89;86.18;576.71;351.93;0
2023-000135;06-02-2023;S1010;C00016;P2117;Call Center;Billetera Digital;2x1;1;75.78;0.1;75.78;9.09;66.69;41.82;0
2023-000136;07-12-2023;S1032;C00621;P2089;Web;Tarjeta;Black Friday;3;736.54;0.0;2209.62;331.44;1878.18;351.93;0
2023-000137;10-12-2023;S1007;C00705;P2105;Call Center;Transferencia;2x1;1;608.53;0.1;608.53;79.11;529.42;320.12;0
2023-000138;11-03-2023;S1005;C00290;P2150;Web;Tarjeta;Sin Promo;3;198.96;0.15;596.88;77.59;519.29;154.53;0
2023-000139;07-17-2023;S1030;C00687;P2084;Marketplace;Financiamiento;Sin Promo;2;10.35;0.05;20.7;3.1;17.6;8.31;0
2023-000140;01-30-2023;S1036;C00440;P2127;Web;Tarjeta;2x1;2;732.66;0.0;1465.32;219.8;1245.52;361.43;0
2023-000141;02-28-2023;S1007;C00716;P2048;Marketplace;Efectivo;Cyber Week;3;320.16;0.0;960.48;124.86;835.62;183.57;0
2023-000142;03-13-2023;S1040;C00733;P2067;Tienda;Tarjeta;Black Friday;4;524.21;0.1;2096.84;272.59;1824.25;420.88;0
2023-000143;11-09-2023;S1017;C00398;P2145;Tienda;Transferencia;Sin Promo;1;118.01;0.0;118.01;14.16;103.85;77.61;0
2023-000144;06-26-2023;S1015;C00325;P2016;Call Center;Tarjeta;Black Friday;4;172.59;0.0;690.36;82.84;607.52;121.18;0
2023-000145;02-22-2023;S1032;C00259;P2139;Tienda;Tarjeta;Sin Promo;2;20.28;0.0;40.56;6.08;34.48;12.71;0
2023-000146;08-24-2023;S1016;C00477;P2147;Marketplace;Tarjeta;Promo 10%;2;548.18;0.0;1096.36;131.56;964.8;299.7;0
2023-000147;11-23-2023;S1045;C00076;P2040;Tienda;Tarjeta;Promo 10%;1;53.54;0.1;53.54;6.96;46.58;35.66;1
2023-000148;08-18-2023;S1036;C00593;P2079;Tienda;Billetera Digital;Promo 15%;1;199.67;0.2;199.67;29.95;169.72;156.92;0
2023-000149;02-08-2023;S1029;C00629;P2126;Tienda;Efectivo;2x1;1;649.93;0.05;649.93;97.49;552.44;413.19;0
2023-000150;08-27-2023;S1016;C00080;P2102;Web;Tarjeta;Cyber Week;1;475.83;0.05;475.83;57.1;418.73;270.07;1
2023-000151;05-25-2023;S1018;C00783;P2137;Tienda;Financiamiento;Cyber Week;1;364.43;0.15;364.43;43.73;320.7;246.0;0
2023-000152;12-20-2023;S1007;C00273;P2086;Marketplace;Tarjeta;Sin Promo;1;109.2;0.0;109.2;14.2;95.0;70.05;0
2023-000153;12-30-2023;S1039;C00215;P2071;Tienda;Tarjeta;Promo 15%;2;483.57;0.0;967.14;125.73;841.41;243.78;0
2023-000154;05-20-2023;S1006;C00796;P2064;Web;Tarjeta;Promo 15%;5;86.74;0.05;433.7;56.38;377.32;57.47;1
2023-000155;02-08-2023;S1024;C00048;P2134;Web;Tarjeta;Black Friday;1;241.56;0.0;241.56;36.23;205.33;153.79;0
2023-000156;08-15-2023;S1004;C00105;P2052;Web;Transferencia;Sin Promo;1;75.75;0.2;75.75;9.85;65.9;47.67;0
2023-000157;06-08-2023;S1026;C00281;P2085;Marketplace;Billetera Digital;Cyber Week;2;31.02;0.0;62.04;9.31;52.73;20.07;1
2023-000158;08-03-2023;S1023;C00786;P2132;Tienda;Efectivo;2x1;1;321.61;0.0;321.61;48.24;273.37;220.13;0
2023-000159;12-05-2023;S1026;C00549;P2094;Call Center;Transferencia;Promo 10%;5;700.79;0.0;3503.95;525.59;2978.36;392.99;0
2023-000160;11-06-2023;S1002;C00239;P2099;Tienda;Tarjeta;Sin Promo;2;235.66;0.2;471.32;61.27;410.05;231.19;0
2023-000161;06-02-2023;S1010;C00080;P2006;Call Center;Financiamiento;Promo 15%;1;341.71;0.15;341.71;41.01;300.7;287.52;0
2023-000162;02-17-2023;S1034;C00110;P2014;Tienda;Transferencia;2x1;2;430.19;0.0;860.38;129.06;731.32;296.33;0
2023-000163;01-03-2023;S1010;C00276;P2036;Marketplace;Transferencia;Black Friday;1;288.63;0.0;288.63;34.64;253.99;143.03;1
2023-000164;12-12-2023;S1024;C00581;P2010;Marketplace;Efectivo;Sin Promo;1;343.48;0.15;343.48;51.52;291.96;210.17;0
2023-000165;09-15-2023;S1040;C00147;P2098;Tienda;Efectivo;Promo 10%;3;580.57;0.1;1741.71;226.42;1515.29;389.5;0
2023-000166;01-02-2023;S1024;C00072;P2091;Tienda;Billetera Digital;Black Friday;1;541.5;0.0;541.5;81.22;460.28;397.11;0
2023-000167;11-06-2023;S1013;C00090;P2129;Tienda;Financiamiento;Promo 15%;1;504.95;0.0;504.95;60.59;444.36;401.84;0
2023-000168;08-22-2023;S1004;C00688;P2018;Web;Financiamiento;2x1;1;333.08;0.15;333.08;43.3;289.78;224.11;0
2023-000169;11-21-2023;S1001;C00323;P2051;Call Center;Tarjeta;2x1;3;855.46;0.0;2566.38;333.63;2232.75;394.02;1
2023-000170;03-23-2023;S1012;C00172;P2089;Marketplace;Efectivo;Cyber Week;2;662.89;0.1;1325.78;159.09;1166.69;351.93;0
2023-000171;12-12-2023;S1008;C00795;P2125;Call Center;Efectivo;Sin Promo;1;310.19;0.1;310.19;40.32;269.87;235.01;0
2023-000172;01-02-2023;S1044;C00755;P2051;Call Center;Tarjeta;Sin Promo;3;769.91;0.1;2309.73;300.26;2009.47;394.02;0
2023-000173;07-16-2023;S1013;C00206;P2058;Call Center;Transferencia;Sin Promo;1;442.61;0.05;442.61;53.11;389.5;324.41;0
2023-000174;05-30-2023;S1029;C00341;P2117;Call Center;Tarjeta;Cyber Week;3;71.57;0.15;214.71;32.21;182.5;41.82;0
2023-000175;08-13-2023;S1032;C00055;P2038;Marketplace;Transferencia;Black Friday;1;139.95;0.0;139.95;20.99;118.96;104.22;0
2023-000176;07-01-2023;S1035;C00553;P2035;Tienda;Efectivo;Cyber Week;5;906.6;0.0;4533.0;679.95;3853.05;418.3;0
2023-000177;01-10-2023;S1011;C00411;P2119;Marketplace;Financiamiento;Promo 10%;3;763.08;0.0;2289.24;274.71;2014.53;363.73;0
2023-000178;08-06-2023;S1001;C00127;P2092;Web;Billetera Digital;Promo 15%;1;762.37;0.05;762.37;99.11;663.26;416.32;0
2023-000179;07-31-2023;S1036;C00393;P2085;Tienda;Billetera Digital;Black Friday;1;24.82;0.2;24.82;3.72;21.1;20.07;0
2023-000180;05-14-2023;S1042;C00195;P2011;Tienda;Transferencia;Cyber Week;1;353.45;0.1;353.45;45.95;307.5;309.34;0
2023-000181;12-07-2023;S1022;C00273;P2073;Web;Financiamiento;Sin Promo;2;164.56;0.0;329.12;49.37;279.75;131.1;0
2023-000182;06-01-2023;S1024;C00699;P2160;Call Center;Tarjeta;Promo 10%;2;649.78;0.2;1299.56;194.93;1104.63;418.28;0
2023-000183;07-05-2023;S1018;C00759;P2102;Tienda;Efectivo;Promo 15%;1;500.87;0.0;500.87;60.1;440.77;270.07;1
2023-000184;02-17-2023;S1037;C00547;P2092;Tienda;Billetera Digital;Promo 15%;2;802.49;0.0;1604.98;208.65;1396.33;416.32;0
2023-000185;02-05-2023;S1017;C00100;P2081;Tienda;Tarjeta;2x1;1;339.41;0.15;339.41;40.73;298.68;192.91;0
2023-000186;08-18-2023;S1026;C00494;P2026;Marketplace;Billetera Digital;Promo 10%;1;367.94;0.2;367.94;55.19;312.75;230.43;0
2023-000187;02-28-2023;S1029;C00431;P2050;Web;Billetera Digital;Cyber Week;1;273.95;0.0;273.95;41.09;232.86;192.16;0
2023-000188;11-13-2023;S1022;C00660;P2015;Web;Billetera Digital;2x1;4;173.77;0.0;695.08;104.26;590.82;122.14;1
2023-000189;12-05-2023;S1003;C00169;P2135;Web;Tarjeta;2x1;2;152.93;0.0;305.86;39.76;266.1;71.27;0
2023-000190;07-17-2023;S1010;C00386;P2096;Call Center;Financiamiento;Promo 15%;3;508.8;0.2;1526.4;183.17;1343.23;369.96;0
2023-000191;10-12-2023;S1027;C00729;P2102;Tienda;Billetera Digital;Promo 15%;1;500.87;0.0;500.87;75.13;425.74;270.07;0
2023-000192;01-30-2023;S1039;C00673;P2039;Web;Billetera Digital;Black Friday;2;477.0;0.0;954.0;124.02;829.98;251.05;0
2023-000193;03-21-2023;S1023;C00095;P2005;Web;Billetera Digital;2x1;2;545.93;0.0;1091.86;163.78;928.08;390.45;0
2023-000194;01-05-2023;S1011;C00431;P2049;Marketplace;Tarjeta;Promo 15%;2;134.53;0.15;269.06;32.29;236.77;89.45;0
2023-000195;09-28-2023;S1040;C00242;P2013;Web;Tarjeta;Promo 10%;1;200.2;0.0;200.2;26.03;174.17;98.1;0
2023-000196;12-11-2023;S1004;C00229;P2018;Tienda;Billetera Digital;Sin Promo;3;391.86;0.0;1175.58;152.83;1022.75;224.11;0
2023-000197;09-28-2023;S1006;C00285;P2088;Web;Billetera Digital;Sin Promo;3;571.92;0.0;1715.76;223.05;1492.71;308.2;0
2023-000198;04-10-2023;S1009;C00063;P2087;Web;Tarjeta;Cyber Week;5;307.59;0.05;1537.95;199.93;1338.02;166.63;1
2023-000199;10-05-2023;S1016;C00688;P2150;Marketplace;Tarjeta;Sin Promo;3;234.07;0.0;702.21;84.27;617.94;154.53;1
2023-000200;08-09-2023;S1005;C00217;P2038;Call Center;Billetera Digital;Promo 10%;2;111.96;0.2;223.92;29.11;194.81;104.22;1
2023-000201;12-19-2023;S1012;C00041;P2059;Tienda;Tarjeta;Promo 15%;2;111.1;0.15;222.2;26.66;195.54;101.09;0
2023-000202;09-08-2023;S1026;C00800;P2125;Marketplace;Financiamiento;Promo 15%;2;344.65;0.0;689.3;103.39;585.91;235.01;0
2023-000203;06-28-2023;S1009;C00369;P2005;Tienda;Transferencia;Promo 10%;1;518.63;0.05;518.63;67.42;451.21;390.45;0
2023-000204;08-21-2023;S1007;C00222;P2139;Marketplace;Efectivo;Sin Promo;2;18.25;0.1;36.5;4.75;31.75;12.71;1
2023-000205;11-21-2023;S1044;C00213;P2066;Call Center;Financiamiento;2x1;3;524.71;0.0;1574.13;204.64;1369.49;297.19;0
2023-000206;06-11-2023;S1015;C00148;P2102;Web;Billetera Digital;2x1;4;450.78;0.1;1803.12;216.37;1586.75;270.07;0
2023-000207;07-29-2023;S1002;C00316;P2069;Web;Efectivo;Promo 15%;1;181.97;0.05;181.97;23.66;158.31;145.02;0
2023-000208;09-08-2023;S1005;C00015;P2086;Tienda;Billetera Digital;Cyber Week;1;87.36;0.2;87.36;11.36;76.0;70.05;0
2023-000209;06-17-2023;S1014;C00309;P2145;Tienda;Transferencia;Sin Promo;1;118.01;0.0;118.01;14.16;103.85;77.61;1
2023-000210;04-30-2023;S1002;C00051;P2135;Call Center;Billetera Digital;Cyber Week;1;145.28;0.05;145.28;18.89;126.39;71.27;0
2023-000211;03-18-2023;S1033;C00468;P2043;Call Center;Billetera Digital;Sin Promo;3;297.93;0.05;893.79;134.07;759.72;244.5;1
2023-000212;11-21-2023;S1004;C00445;P2030;Tienda;Billetera Digital;Sin Promo;1;541.44;0.0;541.44;70.39;471.05;418.38;0
2023-000213;01-04-2023;S1038;C00732;P2074;Web;Financiamiento;Cyber Week;2;281.27;0.0;562.54;73.13;489.41;138.92;0
2023-000214;08-15-2023;S1013;C00369;P2038;Call Center;Efectivo;Black Friday;3;139.95;0.0;419.85;50.38;369.47;104.22;0
2023-000215;02-04-2023;S1012;C00073;P2056;Marketplace;Efectivo;Promo 15%;5;798.25;0.1;3991.25;478.95;3512.3;417.23;0
2023-000216;04-07-2023;S1010;C00570;P2158;Tienda;Financiamiento;Cyber Week;4;515.27;0.05;2061.08;247.33;1813.75;274.83;0
2023-000217;03-15-2023;S1011;C00425;P2019;Marketplace;Financiamiento;2x1;1;471.27;0.0;471.27;56.55;414.72;283.84;0
2023-000218;01-13-2023;S1033;C00474;P2073;Call Center;Efectivo;Cyber Week;1;156.33;0.05;156.33;23.45;132.88;131.1;0
2023-000219;06-09-2023;S1022;C00155;P2010;Marketplace;Financiamiento;Promo 15%;1;404.09;0.0;404.09;60.61;343.48;210.17;0
2023-000220;04-10-2023;S1020;C00734;P2110;Call Center;Billetera Digital;Black Friday;2;333.38;0.2;666.76;100.01;566.75;314.95;0
2023-000221;10-31-2023;S1041;C00056;P2013;Call Center;Tarjeta;Sin Promo;1;200.2;0.0;200.2;26.03;174.17;98.1;0
2023-000222;11-28-2023;S1007;C00507;P2074;Web;Billetera Digital;Promo 10%;4;281.27;0.0;1125.08;146.26;978.82;138.92;0
2023-000223;03-05-2023;S1020;C00784;P2090;Call Center;Billetera Digital;Cyber Week;2;123.88;0.0;247.76;37.16;210.6;72.93;0
2023-000224;07-27-2023;S1020;C00617;P2071;Tienda;Transferencia;Sin Promo;4;483.57;0.0;1934.28;290.14;1644.14;243.78;0
2023-000225;12-17-2023;S1027;C00080;P2013;Web;Transferencia;Promo 15%;1;170.17;0.15;170.17;25.53;144.64;98.1;0
2023-000226;04-05-2023;S1004;C00216;P2158;Call Center;Tarjeta;2x1;2;542.39;0.0;1084.78;141.02;943.76;274.83;0
2023-000227;05-15-2023;S1020;C00515;P2134;Call Center;Efectivo;2x1;1;193.25;0.2;193.25;28.99;164.26;153.79;0
2023-000228;02-10-2023;S1041;C00392;P2086;Tienda;Billetera Digital;Sin Promo;2;92.82;0.15;185.64;24.13;161.51;70.05;0
2023-000229;08-20-2023;S1025;C00340;P2015;Web;Billetera Digital;Cyber Week;3;156.39;0.1;469.17;70.38;398.79;122.14;0
2023-000230;06-06-2023;S1008;C00257;P2010;Tienda;Billetera Digital;Cyber Week;1;404.09;0.0;404.09;52.53;351.56;210.17;0
2023-000231;05-22-2023;S1017;C00144;P2071;Call Center;Transferencia;2x1;1;483.57;0.0;483.57;58.03;425.54;243.78;0
2023-000232;05-11-2023;S1026;C00394;P2102;Web;Billetera Digital;Cyber Week;1;475.83;0.05;475.83;71.37;404.46;270.07;0
2023-000233;10-12-2023;S1016;C00016;P2065;Call Center;Efectivo;Cyber Week;1;408.29;0.0;408.29;48.99;359.3;269.16;0
2023-000234;11-22-2023;S1026;C00639;P2125;Tienda;Billetera Digital;Sin Promo;3;275.72;0.2;827.16;124.07;703.09;235.01;0
2023-000235;06-26-2023;S1042;C00587;P2011;Marketplace;Billetera Digital;Black Friday;2;392.72;0.0;785.44;102.11;683.33;309.34;0
2023-000236;01-18-2023;S1034;C00396;P2039;Call Center;Tarjeta;2x1;1;453.15;0.05;453.15;67.97;385.18;251.05;0
2023-000237;11-30-2023;S1012;C00534;P2108;Tienda;Financiamiento;Black Friday;1;283.38;0.0;283.38;34.01;249.37;144.01;0
2023-000238;07-26-2023;S1002;C00364;P2081;Marketplace;Billetera Digital;Sin Promo;1;379.34;0.05;379.34;49.31;330.03;192.91;0
2023-000239;03-23-2023;S1036;C00608;P2137;Marketplace;Billetera Digital;Black Friday;4;364.43;0.15;1457.72;218.66;1239.06;246.0;0
2023-000240;01-02-2023;S1026;C00203;P2153;Tienda;Financiamiento;2x1;2;407.91;0.0;815.82;122.37;693.45;293.96;0
2023-000241;02-08-2023;S1008;C00029;P2123;Web;Financiamiento;Black Friday;2;148.84;0.15;297.68;38.7;258.98;112.82;1
2023-000242;04-24-2023;S1006;C00538;P2091;Web;Tarjeta;Black Friday;2;541.5;0.0;1083.0;140.79;942.21;397.11;0
2023-000243;04-05-2023;S1030;C00435;P2074;Tienda;Transferencia;2x1;2;253.14;0.1;506.28;75.94;430.34;138.92;0
2023-000244;06-28-2023;S1035;C00774;P2051;Call Center;Billetera Digital;Black Friday;2;855.46;0.0;1710.92;256.64;1454.28;394.02;1
2023-000245;03-18-2023;S1016;C00118;P2146;Web;Tarjeta;2x1;5;249.01;0.2;1245.05;149.41;1095.64;242.22;0
2023-000246;11-20-2023;S1040;C00170;P2099;Tienda;Tarjeta;Promo 15%;3;279.84;0.05;839.52;109.14;730.38;231.19;0
2023-000247;12-11-2023;S1003;C00072;P2014;Call Center;Financiamiento;Black Friday;1;430.19;0.0;430.19;55.92;374.27;296.33;0
2023-000248;02-03-2023;S1037;C00710;P2097;Tienda;Tarjeta;Promo 15%;1;495.07;0.05;495.07;64.36;430.71;298.37;1
2023-000249;02-09-2023;S1014;C00683;P2020;Marketplace;Transferencia;2x1;2;49.36;0.0;98.72;11.85;86.87;32.33;0
2023-000250;03-23-2023;S1019;C00638;P2113;Call Center;Efectivo;Promo 15%;6;297.65;0.0;1785.9;267.88;1518.02;139.53;0
2023-000251;08-17-2023;S1045;C00094;P2158;Web;Efectivo;2x1;2;515.27;0.05;1030.54;133.97;896.57;274.83;0
2023-000252;11-28-2023;S1043;C00380;P2082;Call Center;Efectivo;Promo 10%;2;281.42;0.0;562.84;73.17;489.67;152.77;0
2023-000253;08-24-2023;S1038;C00527;P2048;Web;Billetera Digital;Cyber Week;1;304.15;0.05;304.15;39.54;264.61;183.57;1
2023-000254;06-19-2023;S1018;C00206;P2120;Call Center;Billetera Digital;Black Friday;1;199.5;0.0;199.5;23.94;175.56;113.2;0
2023-000255;01-26-2023;S1026;C00228;P2065;Marketplace;Tarjeta;Cyber Week;1;387.88;0.05;387.88;58.18;329.7;269.16;0
2023-000256;10-31-2023;S1013;C00431;P2123;Call Center;Financiamiento;Cyber Week;1;175.11;0.0;175.11;21.01;154.1;112.82;0
2023-000257;12-12-2023;S1041;C00423;P2018;Marketplace;Financiamiento;Sin Promo;2;313.49;0.2;626.98;81.51;545.47;224.11;0
2023-000258;05-20-2023;S1035;C00609;P2159;Call Center;Financiamiento;Cyber Week;1;608.84;0.05;608.84;91.33;517.51;434.27;0
2023-000259;09-26-2023;S1010;C00086;P2020;Marketplace;Transferencia;Black Friday;2;41.96;0.15;83.92;10.07;73.85;32.33;0
2023-000260;07-31-2023;S1020;C00577;P2064;Web;Financiamiento;Promo 15%;2;77.61;0.15;155.22;23.28;131.94;57.47;0
2023-000261;10-05-2023;S1014;C00577;P2093;Call Center;Tarjeta;Promo 15%;4;147.96;0.0;591.84;71.02;520.82;75.0;0
2023-000262;05-18-2023;S1029;C00389;P2149;Marketplace;Financiamiento;2x1;1;224.81;0.0;224.81;33.72;191.09;173.08;1
2023-000263;02-01-2023;S1036;C00614;P2128;Web;Billetera Digital;Promo 15%;1;529.52;0.05;529.52;79.43;450.09;269.57;0
2023-000264;10-12-2023;S1006;C00507;P2111;Tienda;Tarjeta;Promo 10%;4;277.51;0.05;1110.04;144.31;965.73;191.52;0
2023-000265;07-30-2023;S1011;C00376;P2019;Marketplace;Tarjeta;Promo 10%;3;424.14;0.1;1272.42;152.69;1119.73;283.84;0
2023-000266;01-16-2023;S1045;C00083;P2080;Tienda;Efectivo;2x1;1;301.79;0.0;301.79;39.23;262.56;221.89;0
2023-000267;10-09-2023;S1013;C00715;P2136;Marketplace;Transferencia;Sin Promo;2;147.06;0.05;294.12;35.29;258.83;99.42;0
2023-000268;09-26-2023;S1011;C00732;P2102;Call Center;Tarjeta;2x1;3;500.87;0.0;1502.61;180.31;1322.3;270.07;1
2023-000269;09-15-2023;S1001;C00591;P2092;Tienda;Efectivo;Promo 10%;2;802.49;0.0;1604.98;208.65;1396.33;416.32;0
2023-000270;06-05-2023;S1019;C00770;P2036;Marketplace;Billetera Digital;Promo 15%;1;274.2;0.05;274.2;41.13;233.07;143.03;0
2023-000271;07-03-2023;S1007;C00375;P2118;Marketplace;Financiamiento;Promo 15%;1;61.89;0.05;61.89;8.05;53.84;45.65;0
2023-000272;06-13-2023;S1016;C00414;P2023;Web;Efectivo;Black Friday;1;503.26;0.05;503.26;60.39;442.87;346.8;0
2023-000273;01-06-2023;S1031;C00795;P2011;Tienda;Transferencia;2x1;2;314.18;0.2;628.36;94.25;534.11;309.34;0
2023-000274;06-22-2023;S1009;C00527;P2005;Marketplace;Tarjeta;Sin Promo;2;491.34;0.1;982.68;127.75;854.93;390.45;0
2023-000275;07-27-2023;S1028;C00303;P2120;Call Center;Financiamiento;Sin Promo;3;169.57;0.15;508.71;76.31;432.4;113.2;0
2023-000276;12-12-2023;S1024;C00265;P2136;Tienda;Financiamiento;2x1;2;154.8;0.0;309.6;46.44;263.16;99.42;0
2023-000277;01-11-2023;S1004;C00654;P2003;Marketplace;Financiamiento;Black Friday;1;432.41;0.15;432.41;56.21;376.2;261.5;0
2023-000278;12-26-2023;S1010;C00623;P2149;Marketplace;Efectivo;Promo 10%;1;224.81;0.0;224.81;26.98;197.83;173.08;1
2023-000279;07-18-2023;S1033;C00550;P2011;Call Center;Transferencia;Promo 15%;5;392.72;0.0;1963.6;294.54;1669.06;309.34;0
2023-000280;07-21-2023;S1042;C00473;P2054;Marketplace;Efectivo;2x1;1;463.28;0.0;463.28;60.23;403.05;220.6;0
2023-000281;07-10-2023;S1022;C00598;P2092;Web;Transferencia;Black Friday;1;722.24;0.1;722.24;108.34;613.9;416.32;1
2023-000282;10-29-2023;S1029;C00297;P2112;Tienda;Billetera Digital;Cyber Week;2;343.67;0.05;687.34;103.1;584.24;257.82;1
2023-000283;12-17-2023;S1028;C00293;P2057;Marketplace;Billetera Digital;Black Friday;2;335.84;0.2;671.68;100.75;570.93;314.68;0
2023-000284;05-28-2023;S1028;C00311;P2069;Web;Financiamiento;Promo 10%;1;191.55;0.0;191.55;28.73;162.82;145.02;0
2023-000285;09-27-2023;S1027;C00272;P2040;Web;Financiamiento;Sin Promo;1;59.49;0.0;59.49;8.92;50.57;35.66;0
2023-000286;05-04-2023;S1017;C00165;P2107;Web;Efectivo;Cyber Week;2;257.6;0.2;515.2;61.82;453.38;196.36;1
2023-000287;11-07-2023;S1009;C00179;P2153;Marketplace;Transferencia;Promo 10%;4;367.12;0.1;1468.48;190.9;1277.58;293.96;0
2023-000288;12-18-2023;S1026;C00618;P2110;Marketplace;Transferencia;Promo 15%;1;416.72;0.0;416.72;62.51;354.21;314.95;0
2023-000289;11-07-2023;S1015;C00759;P2034;Call Center;Efectivo;Promo 15%;2;262.95;0.0;525.9;63.11;462.79;122.22;0
2023-000290;07-18-2023;S1011;C00583;P2007;Tienda;Financiamiento;Cyber Week;2;212.03;0.0;424.06;50.89;373.17;162.45;0
2023-000291;08-03-2023;S1032;C00066;P2133;Web;Financiamiento;Cyber Week;2;47.33;0.1;94.66;14.2;80.46;38.56;0
2023-000292;11-28-2023;S1024;C00565;P2026;Tienda;Transferencia;Sin Promo;1;367.94;0.2;367.94;55.19;312.75;230.43;0
2023-000293;07-24-2023;S1044;C00420;P2113;Call Center;Billetera Digital;Promo 15%;2;282.77;0.05;565.54;73.52;492.02;139.53;0
2023-000294;12-03-2023;S1030;C00149;P2042;Web;Transferencia;Black Friday;1;401.39;0.0;401.39;60.21;341.18;233.31;0
2023-000295;09-03-2023;S1037;C00267;P2014;Call Center;Financiamiento;Promo 15%;2;387.17;0.1;774.34;100.66;673.68;296.33;0
2023-000296;08-20-2023;S1009;C00573;P2090;Web;Tarjeta;Black Friday;6;99.1;0.2;594.6;77.3;517.3;72.93;0
2023-000297;06-21-2023;S1005;C00479;P2011;Marketplace;Transferencia;Promo 10%;2;392.72;0.0;785.44;102.11;683.33;309.34;0
2023-000298;09-28-2023;S1036;C00684;P2051;Call Center;Financiamiento;Black Friday;1;769.91;0.1;769.91;115.49;654.42;394.02;0
2023-000299;03-03-2023;S1002;C00789;P2144;Call Center;Transferencia;Black Friday;2;258.88;0.05;517.76;67.31;450.45;177.43;0
2023-000300;08-07-2023;S1007;C00256;P2021;Call Center;Billetera Digital;Sin Promo;2;395.52;0.1;791.04;102.84;688.2;239.98;0
2023-000301;09-03-2023;S1032;C00205;P2136;Tienda;Transferencia;Sin Promo;2;139.32;0.1;278.64;41.8;236.84;99.42;0
2023-000302;12-21-2023;S1029;C00779;P2117;Marketplace;Billetera Digital;Sin Promo;1;84.2;0.0;84.2;12.63;71.57;41.82;1
2023-000303;05-25-2023;S1036;C00562;P2120;Web;Financiamiento;Sin Promo;1;199.5;0.0;199.5;29.92;169.58;113.2;0
2023-000304;03-12-2023;S1020;C00476;P2126;Web;Financiamiento;Black Friday;1;684.14;0.0;684.14;102.62;581.52;413.19;0
2023-000305;02-02-2023;S1009;C00187;P2140;Call Center;Efectivo;Black Friday;2;14.41;0.0;28.82;3.75;25.07;6.63;0
2023-000306;05-22-2023;S1011;C00482;P2142;Web;Billetera Digital;Sin Promo;2;493.89;0.0;987.78;118.53;869.25;331.65;0
2023-000307;07-15-2023;S1020;C00571;P2138;Web;Billetera Digital;Sin Promo;1;648.09;0.1;648.09;97.21;550.88;375.47;0
2023-000308;06-10-2023;S1001;C00075;P2034;Tienda;Tarjeta;Black Friday;2;236.66;0.1;473.32;61.53;411.79;122.22;1
2023-000309;11-28-2023;S1018;C00781;P2106;Call Center;Tarjeta;Cyber Week;2;438.35;0.05;876.7;105.2;771.5;310.34;0
2023-000310;07-03-2023;S1014;C00076;P2012;Web;Billetera Digital;Cyber Week;1;709.5;0.1;709.5;85.14;624.36;363.05;0
2023-000311;06-15-2023;S1007;C00458;P2157;Call Center;Transferencia;Cyber Week;5;212.21;0.05;1061.05;137.94;923.11;118.28;0
2023-000312;05-06-2023;S1023;C00564;P2091;Call Center;Tarjeta;Black Friday;3;514.42;0.05;1543.26;231.49;1311.77;397.11;0
2023-000313;04-03-2023;S1004;C00322;P2045;Call Center;Tarjeta;2x1;1;65.46;0.05;65.46;8.51;56.95;46.07;0
2023-000314;04-26-2023;S1036;C00371;P2148;Tienda;Efectivo;Sin Promo;1;539.85;0.2;539.85;80.98;458.87;390.62;0
2023-000315;03-14-2023;S1025;C00564;P2105;Call Center;Transferencia;Sin Promo;1;574.73;0.15;574.73;86.21;488.52;320.12;0
2023-000316;05-10-2023;S1045;C00596;P2018;Marketplace;Billetera Digital;2x1;1;313.49;0.2;313.49;40.75;272.74;224.11;0
2023-000317;01-16-2023;S1018;C00700;P2053;Marketplace;Efectivo;Promo 15%;1;934.5;0.0;934.5;112.14;822.36;436.17;0
2023-000318;11-29-2023;S1033;C00155;P2031;Tienda;Financiamiento;2x1;1;203.6;0.0;203.6;30.54;173.06;111.43;0
2023-000319;01-25-2023;S1038;C00638;P2086;Tienda;Efectivo;Black Friday;2;87.36;0.2;174.72;22.71;152.01;70.05;0
2023-000320;05-08-2023;S1009;C00214;P2118;Tienda;Tarjeta;Cyber Week;4;65.15;0.0;260.6;33.88;226.72;45.65;0
2023-000321;03-25-2023;S1028;C00318;P2010;Call Center;Transferencia;Sin Promo;1;323.27;0.2;323.27;48.49;274.78;210.17;0
2023-000322;11-21-2023;S1043;C00304;P2080;Call Center;Billetera Digital;Sin Promo;1;286.7;0.05;286.7;37.27;249.43;221.89;0
2023-000323;02-10-2023;S1043;C00447;P2047;Web;Tarjeta;Promo 15%;1;456.79;0.0;456.79;59.38;397.41;295.44;0
2023-000324;06-03-2023;S1035;C00138;P2120;Marketplace;Financiamiento;Promo 15%;5;199.5;0.0;997.5;149.62;847.88;113.2;0
2023-000325;12-20-2023;S1042;C00540;P2081;Call Center;Financiamiento;Black Friday;2;399.31;0.0;798.62;103.82;694.8;192.91;0
2023-000326;02-17-2023;S1034;C00356;P2122;Call Center;Billetera Digital;Cyber Week;3;647.54;0.05;1942.62;291.39;1651.23;324.38;0
2023-000327;05-04-2023;S1038;C00145;P2004;Call Center;Billetera Digital;Promo 15%;1;543.65;0.0;543.65;70.67;472.98;298.92;0
2023-000328;01-11-2023;S1040;C00785;P2025;Marketplace;Financiamiento;2x1;2;664.27;0.0;1328.54;172.71;1155.83;394.63;0
2023-000329;02-12-2023;S1014;C00772;P2131;Web;Billetera Digital;Cyber Week;4;167.39;0.15;669.56;80.35;589.21;119.6;0
2023-000330;01-28-2023;S1008;C00633;P2147;Web;Tarjeta;Black Friday;1;548.18;0.0;548.18;71.26;476.92;299.7;0
2023-000331;02-02-2023;S1035;C00745;P2035;Web;Efectivo;Cyber Week;2;861.27;0.05;1722.54;258.38;1464.16;418.3;0
2023-000332;07-08-2023;S1025;C00030;P2132;Call Center;Transferencia;Cyber Week;1;273.37;0.15;273.37;41.01;232.36;220.13;0
2023-000333;05-25-2023;S1003;C00747;P2049;Tienda;Efectivo;Black Friday;3;158.27;0.0;474.81;61.73;413.08;89.45;0
2023-000334;07-30-2023;S1022;C00314;P2140;Marketplace;Transferencia;Cyber Week;2;13.69;0.05;27.38;4.11;23.27;6.63;0
2023-000335;02-08-2023;S1032;C00079;P2089;Web;Billetera Digital;Black Friday;5;589.23;0.2;2946.15;441.92;2504.23;351.93;0
2023-000336;06-03-2023;S1032;C00005;P2088;Marketplace;Transferencia;Promo 10%;3;571.92;0.0;1715.76;257.36;1458.4;308.2;0
2023-000337;11-19-2023;S1003;C00632;P2050;Call Center;Tarjeta;2x1;1;246.56;0.1;246.56;32.05;214.51;192.16;1
2023-000338;09-19-2023;S1011;C00055;P2064;Marketplace;Financiamiento;Promo 15%;3;91.31;0.0;273.93;32.87;241.06;57.47;0
2023-000339;05-06-2023;S1037;C00671;P2036;Marketplace;Billetera Digital;Sin Promo;3;274.2;0.05;822.6;106.94;715.66;143.03;0
2023-000340;06-12-2023;S1022;C00066;P2127;Web;Transferencia;Sin Promo;1;659.39;0.1;659.39;98.91;560.48;361.43;0
2023-000341;12-10-2023;S1042;C00422;P2050;Marketplace;Tarjeta;Promo 10%;3;260.25;0.05;780.75;101.5;679.25;192.16;0
2023-000342;07-25-2023;S1036;C00490;P2015;Call Center;Tarjeta;Sin Promo;1;147.7;0.15;147.7;22.15;125.55;122.14;0
2023-000343;06-28-2023;S1018;C00444;P2048;Call Center;Efectivo;Promo 15%;2;272.14;0.15;544.28;65.31;478.97;183.57;0
2023-000344;01-01-2023;S1011;C00141;P2080;Marketplace;Financiamiento;Promo 15%;1;271.61;0.1;271.61;32.59;239.02;221.89;0
2023-000345;11-02-2023;S1035;C00225;P2137;Web;Billetera Digital;Sin Promo;1;342.99;0.2;342.99;51.45;291.54;246.0;1
2023-000346;06-14-2023;S1007;C00512;P2141;Web;Efectivo;Sin Promo;2;832.49;0.0;1664.98;216.45;1448.53;384.64;0
2023-000347;07-01-2023;S1026;C00396;P2086;Call Center;Efectivo;Sin Promo;5;98.28;0.1;491.4;73.71;417.69;70.05;0
2023-000348;12-17-2023;S1009;C00516;P2093;Tienda;Efectivo;Promo 15%;2;118.37;0.2;236.74;30.78;205.96;75.0;1
2023-000349;11-20-2023;S1028;C00554;P2103;Web;Financiamiento;Promo 10%;5;361.16;0.15;1805.8;270.87;1534.93;274.37;0
2023-000350;06-19-2023;S1020;C00515;P2102;Marketplace;Financiamiento;Promo 10%;3;500.87;0.0;1502.61;225.39;1277.22;270.07;0
2023-000351;06-04-2023;S1026;C00324;P2156;Marketplace;Financiamiento;Black Friday;2;77.36;0.05;154.72;23.21;131.51;55.02;1
2023-000352;04-23-2023;S1039;C00310;P2040;Marketplace;Efectivo;Sin Promo;2;53.54;0.1;107.08;13.92;93.16;35.66;0
2023-000353;10-24-2023;S1042;C00149;P2117;Marketplace;Financiamiento;Black Friday;1;75.78;0.1;75.78;9.85;65.93;41.82;0
2023-000354;09-29-2023;S1041;C00061;P2146;Tienda;Billetera Digital;Promo 15%;3;280.13;0.1;840.39;109.25;731.14;242.22;0
2023-000355;04-03-2023;S1019;C00629;P2124;Web;Tarjeta;Cyber Week;1;451.91;0.05;451.91;67.79;384.12;351.18;0
2023-000356;10-15-2023;S1035;C00109;P2039;Marketplace;Billetera Digital;Cyber Week;2;381.6;0.2;763.2;114.48;648.72;251.05;0
2023-000357;05-30-2023;S1008;C00425;P2013;Tienda;Financiamiento;Promo 15%;3;170.17;0.15;510.51;66.37;444.14;98.1;0
2023-000358;08-03-2023;S1024;C00382;P2052;Call Center;Financiamiento;Sin Promo;2;80.49;0.15;160.98;24.15;136.83;47.67;0
2023-000359;03-22-2023;S1040;C00554;P2040;Call Center;Transferencia;Black Friday;1;53.54;0.1;53.54;6.96;46.58;35.66;0
2023-000360;06-18-2023;S1025;C00168;P2064;Tienda;Efectivo;Sin Promo;3;82.18;0.1;246.54;36.98;209.56;57.47;0
2023-000361;06-24-2023;S1002;C00761;P2060;Tienda;Financiamiento;Promo 15%;1;364.09;0.05;364.09;47.33;316.76;245.82;0
2023-000362;10-25-2023;S1028;C00034;P2085;Marketplace;Billetera Digital;Promo 15%;2;24.82;0.2;49.64;7.45;42.19;20.07;0
2023-000363;09-11-2023;S1030;C00341;P2016;Web;Transferencia;Cyber Week;2;172.59;0.0;345.18;51.78;293.4;121.18;0
2023-000364;05-18-2023;S1016;C00772;P2070;Tienda;Billetera Digital;2x1;2;614.79;0.0;1229.58;147.55;1082.03;281.04;0
2023-000365;10-05-2023;S1023;C00406;P2036;Tienda;Tarjeta;Sin Promo;2;245.34;0.15;490.68;73.6;417.08;143.03;0
2023-000366;01-30-2023;S1003;C00660;P2160;Web;Billetera Digital;Cyber Week;3;771.61;0.05;2314.83;300.93;2013.9;418.28;1
2023-000367;02-06-2023;S1017;C00354;P2003;Marketplace;Efectivo;2x1;2;432.41;0.15;864.82;103.78;761.04;261.5;0
2023-000368;11-23-2023;S1007;C00561;P2097;Marketplace;Financiamiento;Sin Promo;1;495.07;0.05;495.07;64.36;430.71;298.37;0
2023-000369;09-08-2023;S1008;C00185;P2160;Call Center;Transferencia;2x1;1;812.22;0.0;812.22;105.59;706.63;418.28;0
2023-000370;03-11-2023;S1024;C00730;P2031;Web;Tarjeta;Cyber Week;2;203.6;0.0;407.2;61.08;346.12;111.43;0
2023-000371;02-08-2023;S1022;C00450;P2001;Web;Efectivo;Sin Promo;1;76.66;0.2;76.66;11.5;65.16;59.67;0
2023-000372;03-23-2023;S1013;C00050;P2009;Call Center;Transferencia;Sin Promo;5;523.01;0.0;2615.05;313.81;2301.24;287.2;1
2023-000373;07-16-2023;S1005;C00050;P2106;Web;Tarjeta;Black Friday;3;461.42;0.0;1384.26;179.95;1204.31;310.34;0
2023-000374;01-13-2023;S1031;C00381;P2153;Web;Tarjeta;2x1;1;326.33;0.2;326.33;48.95;277.38;293.96;0
2023-000375;03-13-2023;S1023;C00728;P2108;Call Center;Transferencia;Promo 15%;1;283.38;0.0;283.38;42.51;240.87;144.01;0
2023-000376;03-01-2023;S1024;C00317;P2106;Call Center;Tarjeta;2x1;1;369.14;0.2;369.14;55.37;313.77;310.34;0
2023-000377;11-26-2023;S1001;C00525;P2139;Web;Tarjeta;Promo 15%;2;19.27;0.05;38.54;5.01;33.53;12.71;0
2023-000378;10-06-2023;S1020;C00166;P2039;Web;Billetera Digital;Sin Promo;1;453.15;0.05;453.15;67.97;385.18;251.05;0
2023-000379;12-05-2023;S1003;C00770;P2106;Tienda;Tarjeta;Cyber Week;2;369.14;0.2;738.28;95.98;642.3;310.34;0
2023-000380;08-22-2023;S1018;C00295;P2157;Call Center;Transferencia;2x1;3;178.7;0.2;536.1;64.33;471.77;118.28;1
2023-000381;12-14-2023;S1020;C00796;P2118;Marketplace;Financiamiento;Promo 15%;3;58.64;0.1;175.92;26.39;149.53;45.65;0
2023-000382;10-31-2023;S1020;C00797;P2059;Web;Financiamiento;Cyber Week;4;104.57;0.2;418.28;62.74;355.54;101.09;0
2023-000383;06-13-2023;S1019;C00582;P2106;Marketplace;Financiamiento;Black Friday;2;392.21;0.15;784.42;117.66;666.76;310.34;0
2023-000384;01-11-2023;S1041;C00314;P2114;Web;Financiamiento;Black Friday;3;470.9;0.15;1412.7;183.65;1229.05;274.57;0
2023-000385;10-04-2023;S1035;C00685;P2027;Tienda;Billetera Digital;Sin Promo;1;331.73;0.0;331.73;49.76;281.97;230.42;0
2023-000386;06-11-2023;S1006;C00227;P2040;Tienda;Transferencia;Black Friday;1;59.49;0.0;59.49;7.73;51.76;35.66;0
2023-000387;03-31-2023;S1022;C00560;P2151;Tienda;Tarjeta;Sin Promo;3;196.94;0.2;590.82;88.62;502.2;116.51;0
2023-000388;07-21-2023;S1039;C00372;P2057;Call Center;Transferencia;Promo 10%;1;419.8;0.0;419.8;54.57;365.23;314.68;1
2023-000389;11-12-2023;S1011;C00487;P2142;Tienda;Financiamiento;Promo 10%;3;395.11;0.2;1185.33;142.24;1043.09;331.65;0
2023-000390;03-13-2023;S1005;C00493;P2139;Web;Efectivo;Sin Promo;1;19.27;0.05;19.27;2.51;16.76;12.71;0
2023-000391;06-28-2023;S1021;C00329;P2092;Web;Financiamiento;Promo 10%;1;762.37;0.05;762.37;114.36;648.01;416.32;1
2023-000392;05-08-2023;S1002;C00599;P2127;Marketplace;Billetera Digital;Cyber Week;2;732.66;0.0;1465.32;190.49;1274.83;361.43;1
2023-000393;01-07-2023;S1010;C00648;P2031;Call Center;Tarjeta;Sin Promo;4;183.24;0.1;732.96;87.96;645.0;111.43;0
2023-000394;07-08-2023;S1019;C00181;P2113;Web;Tarjeta;2x1;1;297.65;0.0;297.65;44.65;253.0;139.53;0
2023-000395;12-15-2023;S1001;C00389;P2070;Tienda;Tarjeta;Promo 10%;4;614.79;0.0;2459.16;319.69;2139.47;281.04;0
2023-000396;02-24-2023;S1040;C00346;P2127;Tienda;Financiamiento;2x1;2;732.66;0.0;1465.32;190.49;1274.83;361.43;0
2023-000397;04-30-2023;S1009;C00766;P2043;Web;Financiamiento;2x1;1;313.61;0.0;313.61;40.77;272.84;244.5;0
2023-000398;12-01-2023;S1016;C00596;P2020;Call Center;Tarjeta;2x1;1;49.36;0.0;49.36;5.92;43.44;32.33;0
2023-000399;07-30-2023;S1020;C00440;P2062;Call Center;Transferencia;Sin Promo;2;111.89;0.0;223.78;33.57;190.21;74.21;0
2023-000400;08-31-2023;S1020;C00269;P2113;Marketplace;Financiamiento;Black Friday;1;267.88;0.1;267.88;40.18;227.7;139.53;0
2023-000401;06-21-2023;S1038;C00488;P2112;Web;Transferencia;Promo 10%;2;361.76;0.0;723.52;94.06;629.46;257.82;0
2023-000402;08-24-2023;S1017;C00763;P2010;Call Center;Financiamiento;Promo 10%;4;363.68;0.1;1454.72;174.57;1280.15;210.17;1
2023-000403;10-21-2023;S1008;C00738;P2061;Call Center;Tarjeta;Promo 10%;1;36.28;0.15;36.28;4.72;31.56;26.36;1
2023-000404;03-24-2023;S1015;C00373;P2009;Tienda;Tarjeta;Promo 15%;1;496.86;0.05;496.86;59.62;437.24;287.2;1
2023-000405;01-09-2023;S1020;C00766;P2125;Tienda;Financiamiento;Cyber Week;1;292.95;0.15;292.95;43.94;249.01;235.01;0
2023-000406;06-29-2023;S1039;C00179;P2079;Call Center;Efectivo;Promo 10%;6;249.59;0.0;1497.54;194.68;1302.86;156.92;0
2023-000407;01-30-2023;S1042;C00756;P2005;Web;Transferencia;Cyber Week;1;518.63;0.05;518.63;67.42;451.21;390.45;0
2023-000408;08-03-2023;S1039;C00746;P2034;Marketplace;Efectivo;Promo 10%;3;262.95;0.0;788.85;102.55;686.3;122.22;0
2023-000409;05-30-2023;S1029;C00014;P2146;Tienda;Financiamiento;Promo 10%;1;249.01;0.2;249.01;37.35;211.66;242.22;0
2023-000410;09-18-2023;S1011;C00744;P2011;Call Center;Financiamiento;Sin Promo;1;333.81;0.15;333.81;40.06;293.75;309.34;1
2023-000411;04-09-2023;S1022;C00556;P2079;Tienda;Transferencia;Sin Promo;5;224.63;0.1;1123.15;168.47;954.68;156.92;1
2023-000412;09-25-2023;S1023;C00491;P2073;Marketplace;Billetera Digital;Promo 10%;1;164.56;0.0;164.56;24.68;139.88;131.1;0
2023-000413;05-08-2023;S1034;C00733;P2017;Call Center;Financiamiento;Black Friday;2;280.3;0.0;560.6;84.09;476.51;182.13;1
2023-000414;05-08-2023;S1001;C00298;P2160;Marketplace;Tarjeta;Cyber Week;2;812.22;0.0;1624.44;211.18;1413.26;418.28;0
2023-000415;08-26-2023;S1036;C00777;P2018;Call Center;Transferencia;Promo 10%;1;313.49;0.2;313.49;47.02;266.47;224.11;0
2023-000416;11-13-2023;S1017;C00623;P2114;Web;Billetera Digital;Cyber Week;1;554.0;0.0;554.0;66.48;487.52;274.57;0
2023-000417;03-13-2023;S1020;C00275;P2080;Marketplace;Billetera Digital;2x1;2;256.52;0.15;513.04;76.96;436.08;221.89;0
2023-000418;11-06-2023;S1034;C00152;P2006;Marketplace;Tarjeta;2x1;1;321.61;0.2;321.61;48.24;273.37;287.52;1
2023-000419;03-28-2023;S1002;C00721;P2091;Marketplace;Transferencia;Promo 15%;3;541.5;0.0;1624.5;211.19;1413.31;397.11;0
2023-000420;03-21-2023;S1045;C00540;P2095;Web;Efectivo;Sin Promo;1;693.43;0.05;693.43;90.15;603.28;368.2;0
2023-000421;06-22-2023;S1045;C00226;P2024;Call Center;Financiamiento;2x1;1;268.83;0.15;268.83;34.95;233.88;197.91;0
2023-000422;05-17-2023;S1022;C00004;P2156;Call Center;Transferencia;Promo 15%;1;81.43;0.0;81.43;12.21;69.22;55.02;0
2023-000423;08-06-2023;S1008;C00167;P2001;Web;Transferencia;2x1;3;76.66;0.2;229.98;29.9;200.08;59.67;0
2023-000424;07-25-2023;S1045;C00513;P2078;Tienda;Financiamiento;Black Friday;3;132.53;0.2;397.59;51.69;345.9;125.47;0
2023-000425;02-04-2023;S1018;C00653;P2023;Tienda;Efectivo;Promo 15%;1;503.26;0.05;503.26;60.39;442.87;346.8;1
2023-000426;12-03-2023;S1045;C00678;P2023;Marketplace;Transferencia;Cyber Week;2;529.75;0.0;1059.5;137.74;921.76;346.8;0
2023-000427;01-15-2023;S1018;C00287;P2014;Tienda;Transferencia;2x1;3;430.19;0.0;1290.57;154.87;1135.7;296.33;0
2023-000428;12-16-2023;S1002;C00457;P2095;Call Center;Financiamiento;2x1;3;729.93;0.0;2189.79;284.67;1905.12;368.2;0
2023-000429;10-01-2023;S1011;C00389;P2121;Web;Billetera Digital;Cyber Week;2;417.78;0.0;835.56;100.27;735.29;207.12;0
2023-000430;03-02-2023;S1034;C00256;P2135;Call Center;Billetera Digital;Promo 10%;2;152.93;0.0;305.86;45.88;259.98;71.27;0
2023-000431;06-29-2023;S1036;C00666;P2071;Web;Transferencia;Promo 15%;1;483.57;0.0;483.57;72.54;411.03;243.78;0
2023-000432;05-27-2023;S1005;C00701;P2126;Tienda;Efectivo;Promo 15%;2;649.93;0.05;1299.86;168.98;1130.88;413.19;0
2023-000433;06-08-2023;S1038;C00036;P2070;Marketplace;Transferencia;2x1;2;522.57;0.15;1045.14;135.87;909.27;281.04;0
2023-000434;05-15-2023;S1040;C00026;P2073;Tienda;Tarjeta;Cyber Week;1;131.65;0.2;131.65;17.11;114.54;131.1;0
2023-000435;05-30-2023;S1011;C00290;P2159;Tienda;Efectivo;Black Friday;4;576.79;0.1;2307.16;276.86;2030.3;434.27;0
2023-000436;11-30-2023;S1040;C00126;P2062;Marketplace;Transferencia;Black Friday;5;111.89;0.0;559.45;72.73;486.72;74.21;1
2023-000437;01-05-2023;S1033;C00122;P2055;Tienda;Efectivo;2x1;1;133.73;0.05;133.73;20.06;113.67;77.43;0
2023-000438;12-24-2023;S1005;C00193;P2151;Marketplace;Efectivo;Black Friday;4;233.86;0.05;935.44;121.61;813.83;116.51;0
2023-000439;10-30-2023;S1008;C00602;P2019;Marketplace;Financiamiento;Black Friday;2;471.27;0.0;942.54;122.53;820.01;283.84;0
2023-000440;01-08-2023;S1026;C00665;P2060;Tienda;Billetera Digital;Black Friday;1;383.25;0.0;383.25;57.49;325.76;245.82;1
2023-000441;03-23-2023;S1039;C00102;P2142;Call Center;Transferencia;Sin Promo;2;493.89;0.0;987.78;128.41;859.37;331.65;0
2023-000442;11-13-2023;S1029;C00763;P2084;Marketplace;Tarjeta;Promo 10%;1;9.26;0.15;9.26;1.39;7.87;8.31;1
2023-000443;10-17-2023;S1025;C00584;P2010;Marketplace;Efectivo;2x1;2;404.09;0.0;808.18;121.23;686.95;210.17;1
2023-000444;06-13-2023;S1037;C00325;P2084;Tienda;Efectivo;Promo 10%;2;10.89;0.0;21.78;2.83;18.95;8.31;0
2023-000445;07-17-2023;S1015;C00639;P2086;Tienda;Tarjeta;Black Friday;1;103.74;0.05;103.74;12.45;91.29;70.05;0
2023-000446;07-06-2023;S1031;C00629;P2049;Tienda;Billetera Digital;Black Friday;2;134.53;0.15;269.06;40.36;228.7;89.45;0
2023-000447;01-07-2023;S1014;C00604;P2069;Tienda;Transferencia;Promo 10%;2;191.55;0.0;383.1;45.97;337.13;145.02;0
2023-000448;10-03-2023;S1038;C00648;P2116;Call Center;Efectivo;Cyber Week;2;706.7;0.05;1413.4;183.74;1229.66;358.01;1
2023-000449;11-18-2023;S1009;C00579;P2011;Web;Tarjeta;2x1;1;314.18;0.2;314.18;40.84;273.34;309.34;0
2023-000450;02-01-2023;S1011;C00056;P2083;Call Center;Billetera Digital;Cyber Week;1;418.74;0.2;418.74;50.25;368.49;334.59;0
2023-000451;03-27-2023;S1004;C00013;P2023;Call Center;Financiamiento;Cyber Week;4;476.78;0.1;1907.12;247.93;1659.19;346.8;0
2023-000452;03-27-2023;S1026;C00737;P2088;Marketplace;Tarjeta;Black Friday;1;571.92;0.0;571.92;85.79;486.13;308.2;0
2023-000453;01-31-2023;S1024;C00745;P2103;Web;Financiamiento;Cyber Week;1;339.92;0.2;339.92;50.99;288.93;274.37;0
2023-000454;11-14-2023;S1045;C00426;P2020;Marketplace;Efectivo;Cyber Week;3;41.96;0.15;125.88;16.36;109.52;32.33;0
2023-000455;07-29-2023;S1009;C00505;P2005;Web;Transferencia;Black Friday;1;436.74;0.2;436.74;56.78;379.96;390.45;0
2023-000456;12-27-2023;S1030;C00570;P2059;Call Center;Transferencia;Black Friday;1;117.64;0.1;117.64;17.65;99.99;101.09;0
2023-000457;06-29-2023;S1037;C00049;P2159;Web;Efectivo;Promo 10%;1;576.79;0.1;576.79;74.98;501.81;434.27;0
2023-000458;07-05-2023;S1034;C00204;P2008;Web;Billetera Digital;Cyber Week;2;830.52;0.05;1661.04;249.16;1411.88;421.75;0
2023-000459;05-15-2023;S1039;C00064;P2080;Tienda;Financiamiento;Sin Promo;2;256.52;0.15;513.04;66.7;446.34;221.89;1
2023-000460;11-04-2023;S1030;C00167;P2096;Call Center;Transferencia;Promo 10%;1;572.4;0.1;572.4;85.86;486.54;369.96;0
2023-000461;12-24-2023;S1029;C00174;P2010;Tienda;Transferencia;Cyber Week;1;383.89;0.05;383.89;57.58;326.31;210.17;0
2023-000462;11-04-2023;S1026;C00333;P2143;Marketplace;Tarjeta;2x1;6;149.12;0.15;894.72;134.21;760.51;101.86;0
2023-000463;10-17-2023;S1038;C00212;P2030;Tienda;Efectivo;2x1;2;541.44;0.0;1082.88;140.77;942.11;418.38;0
2023-000464;09-18-2023;S1007;C00659;P2113;Tienda;Transferencia;Promo 15%;2;253.0;0.15;506.0;65.78;440.22;139.53;0
2023-000465;10-05-2023;S1007;C00594;P2030;Tienda;Financiamiento;Cyber Week;3;487.3;0.1;1461.9;190.05;1271.85;418.38;0
2023-000466;09-20-2023;S1003;C00747;P2153;Marketplace;Billetera Digital;Cyber Week;1;367.12;0.1;367.12;47.73;319.39;293.96;0
2023-000467;05-19-2023;S1030;C00344;P2028;Tienda;Billetera Digital;Promo 10%;1;478.55;0.2;478.55;71.78;406.77;344.08;0
2023-000468;04-05-2023;S1024;C00052;P2002;Call Center;Transferencia;Cyber Week;4;261.14;0.1;1044.56;156.68;887.88;134.76;0
2023-000469;01-12-2023;S1017;C00398;P2035;Tienda;Billetera Digital;Cyber Week;2;906.6;0.0;1813.2;217.58;1595.62;418.3;1
2023-000470;01-12-2023;S1021;C00341;P2120;Tienda;Billetera Digital;2x1;2;199.5;0.0;399.0;59.85;339.15;113.2;0
2023-000471;04-18-2023;S1032;C00393;P2118;Call Center;Transferencia;Cyber Week;2;65.15;0.0;130.3;19.55;110.75;45.65;0
2023-000472;12-03-2023;S1042;C00066;P2019;Marketplace;Financiamiento;Black Friday;1;471.27;0.0;471.27;61.27;410.0;283.84;0
2023-000473;12-26-2023;S1031;C00186;P2065;Tienda;Tarjeta;Sin Promo;1;326.63;0.2;326.63;48.99;277.64;269.16;0
2023-000474;12-22-2023;S1022;C00773;P2075;Web;Financiamiento;Promo 10%;2;580.05;0.0;1160.1;174.01;986.09;301.87;0
2023-000475;12-27-2023;S1006;C00763;P2069;Marketplace;Financiamiento;Cyber Week;1;162.82;0.15;162.82;21.17;141.65;145.02;0
2023-000476;01-03-2023;S1041;C00765;P2076;Tienda;Billetera Digital;Cyber Week;5;97.52;0.0;487.6;63.39;424.21;50.2;0
2023-000477;07-21-2023;S1027;C00070;P2150;Marketplace;Transferencia;2x1;2;234.07;0.0;468.14;70.22;397.92;154.53;0
2023-000478;11-15-2023;S1012;C00144;P2156;Call Center;Efectivo;Promo 15%;3;77.36;0.05;232.08;27.85;204.23;55.02;0
2023-000479;09-03-2023;S1016;C00532;P2047;Web;Tarjeta;Cyber Week;1;433.95;0.05;433.95;52.07;381.88;295.44;0
2023-000480;04-19-2023;S1024;C00418;P2086;Tienda;Billetera Digital;Sin Promo;2;92.82;0.15;185.64;27.85;157.79;70.05;1
2023-000481;01-30-2023;S1044;C00057;P2089;Call Center;Efectivo;Promo 15%;3;589.23;0.2;1767.69;229.8;1537.89;351.93;1
2023-000482;08-24-2023;S1010;C00533;P2100;Tienda;Billetera Digital;Sin Promo;2;486.17;0.15;972.34;116.68;855.66;422.9;0
2023-000483;03-10-2023;S1036;C00511;P2015;Web;Tarjeta;Promo 15%;2;173.77;0.0;347.54;52.13;295.41;122.14;0
2023-000484;09-02-2023;S1009;C00371;P2147;Call Center;Billetera Digital;Cyber Week;2;548.18;0.0;1096.36;142.53;953.83;299.7;0
2023-000485;09-14-2023;S1021;C00331;P2126;Marketplace;Transferencia;Promo 15%;1;649.93;0.05;649.93;97.49;552.44;413.19;0
2023-000486;06-19-2023;S1030;C00560;P2045;Call Center;Billetera Digital;Promo 15%;1;68.91;0.0;68.91;10.34;58.57;46.07;0
2023-000487;08-07-2023;S1006;C00336;P2004;Call Center;Billetera Digital;Promo 10%;1;489.28;0.1;489.28;63.61;425.67;298.92;1
2023-000488;07-25-2023;S1041;C00469;P2096;Call Center;Tarjeta;Promo 10%;4;572.4;0.1;2289.6;297.65;1991.95;369.96;0
2023-000489;01-27-2023;S1015;C00321;P2042;Marketplace;Financiamiento;Cyber Week;1;401.39;0.0;401.39;48.17;353.22;233.31;0
2023-000490;06-24-2023;S1042;C00562;P2159;Marketplace;Efectivo;Black Friday;1;608.84;0.05;608.84;79.15;529.69;434.27;0
2023-000491;11-22-2023;S1015;C00275;P2053;Marketplace;Financiamiento;Sin Promo;5;934.5;0.0;4672.5;560.7;4111.8;436.17;0
2023-000492;03-02-2023;S1038;C00035;P2154;Call Center;Efectivo;Promo 10%;1;733.21;0.0;733.21;95.32;637.89;427.53;0
2023-000493;01-21-2023;S1013;C00682;P2010;Tienda;Tarjeta;Black Friday;2;404.09;0.0;808.18;96.98;711.2;210.17;0
2023-000494;10-30-2023;S1043;C00185;P2017;Call Center;Transferencia;Cyber Week;2;280.3;0.0;560.6;72.88;487.72;182.13;0
2023-000495;06-28-2023;S1021;C00797;P2093;Web;Billetera Digital;Black Friday;2;147.96;0.0;295.92;44.39;251.53;75.0;0
2023-000496;12-07-2023;S1032;C00295;P2115;Web;Transferencia;Sin Promo;1;316.68;0.15;316.68;47.5;269.18;201.2;0
2023-000497;12-08-2023;S1024;C00746;P2079;Tienda;Tarjeta;Black Friday;2;237.11;0.05;474.22;71.13;403.09;156.92;0
2023-000498;02-25-2023;S1034;C00779;P2044;Call Center;Transferencia;Promo 10%;2;363.26;0.2;726.52;108.98;617.54;214.81;0
2023-000499;01-27-2023;S1005;C00156;P2039;Marketplace;Billetera Digital;Promo 10%;2;477.0;0.0;954.0;124.02;829.98;251.05;0
2023-000500;02-20-2023;S1026;C00346;P2094;Marketplace;Financiamiento;Promo 15%;1;665.75;0.05;665.75;99.86;565.89;392.99;0
2023-000501;04-16-2023;S1044;C00706;P2155;Call Center;Billetera Digital;Black Friday;1;149.46;0.05;149.46;19.43;130.03;71.96;0
2023-000502;04-19-2023;S1008;C00733;P2078;Tienda;Billetera Digital;Cyber Week;1;157.38;0.05;157.38;20.46;136.92;125.47;0
2023-000503;08-24-2023;S1004;C00452;P2040;Marketplace;Billetera Digital;Cyber Week;1;50.57;0.15;50.57;6.57;44.0;35.66;0
2023-000504;10-04-2023;S1008;C00027;P2032;Call Center;Transferencia;Promo 10%;1;373.26;0.2;373.26;48.52;324.74;330.43;1
2023-000505;02-04-2023;S1018;C00425;P2044;Tienda;Tarjeta;Promo 15%;3;385.97;0.15;1157.91;138.95;1018.96;214.81;0
2023-000506;12-06-2023;S1011;C00437;P2068;Tienda;Transferencia;Promo 15%;1;234.08;0.05;234.08;28.09;205.99;122.46;1
2023-000507;09-08-2023;S1023;C00355;P2056;Marketplace;Transferencia;Black Friday;1;753.9;0.15;753.9;113.08;640.82;417.23;0
2023-000508;10-03-2023;S1011;C00769;P2137;Marketplace;Billetera Digital;Sin Promo;2;428.74;0.0;857.48;102.9;754.58;246.0;1
2023-000509;03-29-2023;S1005;C00119;P2016;Tienda;Financiamiento;Black Friday;2;172.59;0.0;345.18;44.87;300.31;121.18;0
2023-000510;08-19-2023;S1041;C00323;P2155;Web;Transferencia;Black Friday;1;141.6;0.1;141.6;18.41;123.19;71.96;0
2023-000511;02-25-2023;S1025;C00690;P2141;Marketplace;Transferencia;Black Friday;3;665.99;0.2;1997.97;299.7;1698.27;384.64;1
2023-000512;03-30-2023;S1011;C00194;P2027;Tienda;Efectivo;Promo 15%;1;331.73;0.0;331.73;39.81;291.92;230.42;0
2023-000513;06-13-2023;S1020;C00125;P2123;Call Center;Efectivo;Cyber Week;1;175.11;0.0;175.11;26.27;148.84;112.82;0
2023-000514;05-19-2023;S1042;C00437;P2149;Marketplace;Billetera Digital;Promo 10%;1;179.85;0.2;179.85;23.38;156.47;173.08;0
2023-000515;07-30-2023;S1029;C00522;P2133;Tienda;Efectivo;Promo 10%;1;44.7;0.15;44.7;6.71;37.99;38.56;0
2023-000516;08-26-2023;S1024;C00662;P2160;Web;Billetera Digital;Cyber Week;2;812.22;0.0;1624.44;243.67;1380.77;418.28;0
2023-000517;01-23-2023;S1028;C00498;P2160;Call Center;Financiamiento;Promo 10%;1;690.39;0.15;690.39;103.56;586.83;418.28;0
2023-000518;05-21-2023;S1044;C00218;P2014;Call Center;Tarjeta;Promo 10%;1;365.66;0.15;365.66;47.54;318.12;296.33;1
2023-000519;07-12-2023;S1030;C00717;P2057;Call Center;Transferencia;Sin Promo;1;419.8;0.0;419.8;62.97;356.83;314.68;1
2023-000520;07-26-2023;S1029;C00165;P2035;Call Center;Tarjeta;Promo 10%;1;725.28;0.2;725.28;108.79;616.49;418.3;0
2023-000521;03-19-2023;S1032;C00742;P2032;Tienda;Transferencia;Cyber Week;1;396.58;0.15;396.58;59.49;337.09;330.43;1
2023-000522;04-27-2023;S1043;C00651;P2038;Call Center;Efectivo;Cyber Week;4;139.95;0.0;559.8;72.77;487.03;104.22;0
2023-000523;12-09-2023;S1018;C00546;P2069;Tienda;Transferencia;Cyber Week;4;191.55;0.0;766.2;91.94;674.26;145.02;1
2023-000524;12-04-2023;S1043;C00406;P2083;Call Center;Tarjeta;Cyber Week;2;523.42;0.0;1046.84;136.09;910.75;334.59;0
2023-000525;05-06-2023;S1006;C00062;P2062;Web;Efectivo;Promo 15%;1;106.3;0.05;106.3;13.82;92.48;74.21;0
2023-000526;06-13-2023;S1015;C00199;P2143;Tienda;Financiamiento;Sin Promo;3;175.44;0.0;526.32;63.16;463.16;101.86;0
2023-000527;04-26-2023;S1011;C00345;P2077;Marketplace;Billetera Digital;Black Friday;1;794.69;0.0;794.69;95.36;699.33;400.81;0
2023-000528;08-31-2023;S1003;C00355;P2035;Web;Transferencia;Sin Promo;3;906.6;0.0;2719.8;353.57;2366.23;418.3;0
2023-000529;09-09-2023;S1017;C00787;P2029;Web;Efectivo;Promo 15%;3;466.92;0.05;1400.76;168.09;1232.67;271.13;0
2023-000530;07-03-2023;S1003;C00481;P2150;Tienda;Billetera Digital;Promo 10%;1;234.07;0.0;234.07;30.43;203.64;154.53;0
2023-000531;05-14-2023;S1027;C00449;P2100;Call Center;Transferencia;Black Friday;2;457.58;0.2;915.16;137.27;777.89;422.9;0
2023-000532;10-24-2023;S1038;C00400;P2049;Marketplace;Transferencia;2x1;1;126.62;0.2;126.62;16.46;110.16;89.45;1
2023-000533;04-17-2023;S1045;C00765;P2013;Call Center;Billetera Digital;Cyber Week;4;200.2;0.0;800.8;104.1;696.7;98.1;0
2023-000534;07-27-2023;S1024;C00324;P2152;Marketplace;Tarjeta;Promo 15%;1;449.56;0.1;449.56;67.43;382.13;338.06;0
2023-000535;08-22-2023;S1010;C00743;P2141;Marketplace;Tarjeta;Promo 15%;1;790.87;0.05;790.87;94.9;695.97;384.64;0
2023-000536;12-14-2023;S1043;C00300;P2137;Tienda;Financiamiento;Promo 15%;1;428.74;0.0;428.74;55.74;373.0;246.0;0
2023-000537;07-23-2023;S1038;C00127;P2129;Web;Efectivo;Promo 10%;2;403.96;0.2;807.92;105.03;702.89;401.84;0
2023-000538;05-29-2023;S1001;C00036;P2117;Tienda;Tarjeta;2x1;1;84.2;0.0;84.2;10.95;73.25;41.82;0
2023-000539;12-20-2023;S1027;C00465;P2127;Tienda;Financiamiento;Black Friday;2;586.13;0.2;1172.26;175.84;996.42;361.43;0
2023-000540;02-21-2023;S1011;C00603;P2144;Marketplace;Billetera Digital;Sin Promo;1;272.5;0.0;272.5;32.7;239.8;177.43;1
2023-000541;02-16-2023;S1021;C00118;P2070;Tienda;Efectivo;Black Friday;6;614.79;0.0;3688.74;553.31;3135.43;281.04;0
2023-000542;02-25-2023;S1008;C00033;P2053;Web;Billetera Digital;2x1;3;934.5;0.0;2803.5;364.45;2439.05;436.17;1
2023-000543;03-03-2023;S1014;C00553;P2061;Web;Transferencia;Promo 15%;1;34.14;0.2;34.14;4.1;30.04;26.36;0
2023-000544;03-11-2023;S1042;C00284;P2020;Web;Efectivo;Promo 15%;1;44.42;0.1;44.42;5.77;38.65;32.33;0
2023-000545;01-12-2023;S1001;C00191;P2094;Tienda;Tarjeta;Sin Promo;1;700.79;0.0;700.79;91.1;609.69;392.99;0
2023-000546;04-08-2023;S1035;C00196;P2066;Web;Billetera Digital;Cyber Week;2;472.24;0.1;944.48;141.67;802.81;297.19;1
2023-000547;03-24-2023;S1045;C00039;P2159;Tienda;Billetera Digital;2x1;2;640.88;0.0;1281.76;166.63;1115.13;434.27;0
2023-000548;02-19-2023;S1011;C00472;P2113;Web;Billetera Digital;Promo 15%;1;238.12;0.2;238.12;28.57;209.55;139.53;0
2023-000549;03-01-2023;S1033;C00361;P2084;Web;Billetera Digital;Promo 15%;5;10.35;0.05;51.75;7.76;43.99;8.31;1
2023-000550;12-23-2023;S1016;C00789;P2029;Call Center;Financiamiento;Promo 15%;1;417.77;0.15;417.77;50.13;367.64;271.13;0
2023-000551;10-03-2023;S1020;C00470;P2030;Marketplace;Efectivo;2x1;4;514.37;0.05;2057.48;308.62;1748.86;418.38;0
2023-000552;05-21-2023;S1013;C00450;P2122;Call Center;Tarjeta;Black Friday;2;681.62;0.0;1363.24;163.59;1199.65;324.38;0
2023-000553;07-20-2023;S1027;C00128;P2006;Call Center;Tarjeta;Promo 10%;4;402.01;0.0;1608.04;241.21;1366.83;287.52;0
2023-000554;04-07-2023;S1013;C00630;P2062;Call Center;Financiamiento;Cyber Week;3;111.89;0.0;335.67;40.28;295.39;74.21;0
2023-000555;08-04-2023;S1029;C00795;P2132;Web;Financiamiento;Promo 10%;2;257.29;0.2;514.58;77.19;437.39;220.13;0
2023-000556;03-16-2023;S1032;C00481;P2144;Call Center;Financiamiento;2x1;1;245.25;0.1;245.25;36.79;208.46;177.43;0
2023-000557;10-06-2023;S1008;C00194;P2110;Web;Tarjeta;Promo 15%;2;416.72;0.0;833.44;108.35;725.09;314.95;0
2023-000558;03-27-2023;S1004;C00238;P2113;Web;Billetera Digital;Promo 10%;1;297.65;0.0;297.65;38.69;258.96;139.53;0
2023-000559;09-25-2023;S1029;C00111;P2151;Web;Efectivo;Promo 10%;1;246.17;0.0;246.17;36.93;209.24;116.51;0
2023-000560;11-04-2023;S1036;C00635;P2033;Tienda;Billetera Digital;Cyber Week;1;76.34;0.05;76.34;11.45;64.89;61.26;0
2023-000561;01-22-2023;S1004;C00736;P2105;Tienda;Efectivo;Promo 15%;6;676.15;0.0;4056.9;527.4;3529.5;320.12;0
2023-000562;03-24-2023;S1012;C00549;P2030;Marketplace;Transferencia;2x1;2;541.44;0.0;1082.88;129.95;952.93;418.38;0
2023-000563;12-12-2023;S1003;C00203;P2004;Web;Billetera Digital;Cyber Week;2;434.92;0.2;869.84;113.08;756.76;298.92;0
2023-000564;12-24-2023;S1021;C00775;P2128;Call Center;Efectivo;Cyber Week;1;557.39;0.0;557.39;83.61;473.78;269.57;0
2023-000565;12-21-2023;S1016;C00275;P2153;Marketplace;Tarjeta;Promo 15%;1;387.51;0.05;387.51;46.5;341.01;293.96;0
2023-000566;06-25-2023;S1027;C00323;P2047;Web;Efectivo;Cyber Week;3;388.27;0.15;1164.81;174.72;990.09;295.44;0
2023-000567;08-17-2023;S1018;C00665;P2054;Marketplace;Billetera Digital;Sin Promo;2;416.95;0.1;833.9;100.07;733.83;220.6;1
2023-000568;11-09-2023;S1045;C00739;P2050;Tienda;Billetera Digital;Cyber Week;1;219.16;0.2;219.16;28.49;190.67;192.16;1
2023-000569;05-18-2023;S1008;C00386;P2113;Marketplace;Tarjeta;Black Friday;2;297.65;0.0;595.3;77.39;517.91;139.53;1
2023-000570;04-05-2023;S1019;C00304;P2124;Web;Efectivo;Promo 10%;3;451.91;0.05;1355.73;203.36;1152.37;351.18;1
2023-000571;12-24-2023;S1023;C00108;P2087;Tienda;Billetera Digital;2x1;1;307.59;0.05;307.59;46.14;261.45;166.63;0
2023-000572;10-13-2023;S1029;C00140;P2040;Marketplace;Financiamiento;Cyber Week;2;59.49;0.0;118.98;17.85;101.13;35.66;0
2023-000573;05-26-2023;S1034;C00381;P2055;Marketplace;Efectivo;Cyber Week;3;112.62;0.2;337.86;50.68;287.18;77.43;0
2023-000574;02-20-2023;S1020;C00319;P2014;Marketplace;Financiamiento;Promo 15%;2;365.66;0.15;731.32;109.7;621.62;296.33;0
2023-000575;10-12-2023;S1005;C00549;P2139;Web;Efectivo;2x1;3;18.25;0.1;54.75;7.12;47.63;12.71;1
2023-000576;01-01-2023;S1020;C00549;P2038;Marketplace;Transferencia;Cyber Week;1;139.95;0.0;139.95;20.99;118.96;104.22;0
2023-000577;02-26-2023;S1013;C00045;P2028;Marketplace;Transferencia;Cyber Week;4;478.55;0.2;1914.2;229.7;1684.5;344.08;0
2023-000578;04-02-2023;S1011;C00072;P2158;Web;Financiamiento;Cyber Week;1;542.39;0.0;542.39;65.09;477.3;274.83;0
2023-000579;08-17-2023;S1029;C00720;P2052;Tienda;Billetera Digital;Promo 15%;4;85.22;0.1;340.88;51.13;289.75;47.67;0
2023-000580;06-10-2023;S1020;C00458;P2103;Tienda;Efectivo;Promo 10%;1;403.65;0.05;403.65;60.55;343.1;274.37;0
2023-000581;05-17-2023;S1007;C00754;P2141;Marketplace;Efectivo;Cyber Week;3;665.99;0.2;1997.97;259.74;1738.23;384.64;0
2023-000582;01-13-2023;S1012;C00328;P2066;Web;Efectivo;2x1;1;419.77;0.2;419.77;50.37;369.4;297.19;1
2023-000583;02-04-2023;S1020;C00014;P2118;Tienda;Efectivo;2x1;6;65.15;0.0;390.9;58.63;332.27;45.65;0
2023-000584;06-26-2023;S1010;C00593;P2110;Marketplace;Efectivo;Sin Promo;4;354.21;0.15;1416.84;170.02;1246.82;314.95;0
2023-000585;11-08-2023;S1025;C00686;P2113;Call Center;Billetera Digital;Promo 10%;1;238.12;0.2;238.12;35.72;202.4;139.53;1
2023-000586;01-16-2023;S1006;C00320;P2035;Marketplace;Efectivo;Cyber Week;4;770.61;0.15;3082.44;400.72;2681.72;418.3;0
2023-000587;04-06-2023;S1008;C00001;P2118;Call Center;Transferencia;Black Friday;6;65.15;0.0;390.9;50.82;340.08;45.65;0
2023-000588;05-25-2023;S1034;C00111;P2139;Call Center;Financiamiento;Cyber Week;2;20.28;0.0;40.56;6.08;34.48;12.71;1
2023-000589;12-09-2023;S1033;C00370;P2053;Call Center;Efectivo;Sin Promo;1;934.5;0.0;934.5;140.17;794.33;436.17;0
2023-000590;12-04-2023;S1024;C00603;P2056;Tienda;Tarjeta;Cyber Week;2;886.94;0.0;1773.88;266.08;1507.8;417.23;0
2023-000591;02-25-2023;S1002;C00661;P2112;Marketplace;Billetera Digital;Sin Promo;1;289.41;0.2;289.41;37.62;251.79;257.82;0
2023-000592;07-20-2023;S1017;C00502;P2001;Tienda;Tarjeta;Cyber Week;2;95.82;0.0;191.64;23.0;168.64;59.67;0
2023-000593;09-04-2023;S1005;C00761;P2148;Tienda;Tarjeta;Promo 15%;3;573.59;0.15;1720.77;223.7;1497.07;390.62;0
2023-000594;10-27-2023;S1005;C00432;P2158;Tienda;Financiamiento;Promo 10%;3;461.03;0.15;1383.09;179.8;1203.29;274.83;1
2023-000595;04-09-2023;S1017;C00789;P2105;Marketplace;Billetera Digital;Promo 10%;3;540.92;0.2;1622.76;194.73;1428.03;320.12;0
2023-000596;05-26-2023;S1019;C00441;P2133;Call Center;Transferencia;Sin Promo;2;52.59;0.0;105.18;15.78;89.4;38.56;0
2023-000597;02-13-2023;S1003;C00528;P2092;Tienda;Transferencia;Cyber Week;1;762.37;0.05;762.37;99.11;663.26;416.32;0
2023-000598;02-08-2023;S1045;C00397;P2083;Tienda;Efectivo;Sin Promo;3;523.42;0.0;1570.26;204.13;1366.13;334.59;0
2023-000599;09-25-2023;S1030;C00334;P2068;Tienda;Financiamiento;2x1;2;246.4;0.0;492.8;73.92;418.88;122.46;0
2023-000600;08-09-2023;S1024;C00714;P2040;Tienda;Transferencia;Sin Promo;5;59.49;0.0;297.45;44.62;252.83;35.66;0
2023-000601;09-25-2023;S1016;C00301;P2071;Marketplace;Financiamiento;Sin Promo;1;483.57;0.0;483.57;58.03;425.54;243.78;0
2023-000602;06-29-2023;S1012;C00243;P2112;Call Center;Financiamiento;Sin Promo;1;361.76;0.0;361.76;43.41;318.35;257.82;1
2023-000603;03-21-2023;S1044;C00619;P2138;Call Center;Tarjeta;Sin Promo;1;720.1;0.0;720.1;93.61;626.49;375.47;0
2023-000604;03-04-2023;S1044;C00097;P2068;Call Center;Efectivo;Cyber Week;1;209.44;0.15;209.44;27.23;182.21;122.46;0
2023-000605;02-19-2023;S1022;C00178;P2032;Web;Transferencia;Sin Promo;1;466.57;0.0;466.57;69.99;396.58;330.43;0
2023-000606;07-21-2023;S1033;C00626;P2072;Marketplace;Tarjeta;Cyber Week;2;574.39;0.05;1148.78;172.32;976.46;420.23;0
2023-000607;12-24-2023;S1002;C00629;P2117;Marketplace;Efectivo;Sin Promo;1;84.2;0.0;84.2;10.95;73.25;41.82;1
2023-000608;01-19-2023;S1024;C00573;P2091;Web;Efectivo;Sin Promo;1;541.5;0.0;541.5;81.22;460.28;397.11;0
2023-000609;03-16-2023;S1035;C00221;P2007;Marketplace;Transferencia;Cyber Week;3;190.83;0.1;572.49;85.87;486.62;162.45;1
2023-000610;04-01-2023;S1045;C00797;P2057;Call Center;Tarjeta;Cyber Week;4;377.82;0.1;1511.28;196.47;1314.81;314.68;0
2023-000611;08-08-2023;S1012;C00737;P2094;Web;Efectivo;2x1;1;560.63;0.2;560.63;67.28;493.35;392.99;0
2023-000612;02-20-2023;S1028;C00575;P2024;Web;Tarjeta;Black Friday;4;284.64;0.1;1138.56;170.78;967.78;197.91;0
2023-000613;12-28-2023;S1015;C00714;P2016;Tienda;Efectivo;Cyber Week;3;172.59;0.0;517.77;62.13;455.64;121.18;0
2023-000614;08-20-2023;S1015;C00704;P2086;Web;Efectivo;Black Friday;6;98.28;0.1;589.68;70.76;518.92;70.05;0
2023-000615;08-18-2023;S1044;C00312;P2088;Marketplace;Billetera Digital;Promo 10%;3;571.92;0.0;1715.76;223.05;1492.71;308.2;0
2023-000616;05-16-2023;S1002;C00307;P2121;Marketplace;Tarjeta;Promo 10%;1;355.11;0.15;355.11;46.16;308.95;207.12;0
2023-000617;08-07-2023;S1007;C00539;P2049;Web;Billetera Digital;Cyber Week;2;150.36;0.05;300.72;39.09;261.63;89.45;0
2023-000618;11-17-2023;S1040;C00639;P2065;Call Center;Transferencia;Black Friday;4;326.63;0.2;1306.52;169.85;1136.67;269.16;0
2023-000619;02-12-2023;S1002;C00158;P2117;Web;Billetera Digital;Cyber Week;1;67.36;0.2;67.36;8.76;58.6;41.82;1
2023-000620;03-11-2023;S1026;C00073;P2042;Web;Tarjeta;Cyber Week;1;401.39;0.0;401.39;60.21;341.18;233.31;0
2023-000621;09-10-2023;S1013;C00083;P2059;Web;Financiamiento;2x1;2;117.64;0.1;235.28;28.23;207.05;101.09;0
2023-000622;09-17-2023;S1024;C00512;P2035;Web;Transferencia;Sin Promo;1;906.6;0.0;906.6;135.99;770.61;418.3;0
2023-000623;11-09-2023;S1022;C00068;P2057;Web;Efectivo;Cyber Week;2;419.8;0.0;839.6;125.94;713.66;314.68;0
2023-000624;07-01-2023;S1004;C00044;P2045;Web;Efectivo;2x1;2;68.91;0.0;137.82;17.92;119.9;46.07;0
2023-000625;02-12-2023;S1031;C00655;P2042;Tienda;Financiamiento;Promo 10%;2;401.39;0.0;802.78;120.42;682.36;233.31;0
2023-000626;06-16-2023;S1006;C00050;P2025;Call Center;Tarjeta;Cyber Week;2;631.06;0.05;1262.12;164.08;1098.04;394.63;0
2023-000627;08-03-2023;S1032;C00294;P2143;Tienda;Tarjeta;Black Friday;2;175.44;0.0;350.88;52.63;298.25;101.86;0
2023-000628;01-01-2023;S1040;C00716;P2153;Web;Financiamiento;2x1;2;346.72;0.15;693.44;90.15;603.29;293.96;0
2023-000629;04-21-2023;S1042;C00159;P2089;Call Center;Efectivo;Promo 10%;1;662.89;0.1;662.89;86.18;576.71;351.93;0
2023-000630;10-26-2023;S1033;C00212;P2042;Tienda;Financiamiento;2x1;2;401.39;0.0;802.78;120.42;682.36;233.31;1
2023-000631;07-27-2023;S1036;C00599;P2144;Tienda;Transferencia;Promo 15%;6;258.88;0.05;1553.28;232.99;1320.29;177.43;0
2023-000632;09-27-2023;S1029;C00126;P2077;Marketplace;Tarjeta;Cyber Week;1;794.69;0.0;794.69;119.2;675.49;400.81;0
2023-000633;01-28-2023;S1025;C00337;P2089;Web;Transferencia;Sin Promo;1;699.71;0.05;699.71;104.96;594.75;351.93;1
2023-000634;12-30-2023;S1028;C00066;P2067;Tienda;Transferencia;Promo 15%;3;465.96;0.2;1397.88;209.68;1188.2;420.88;0
2023-000635;06-01-2023;S1040;C00446;P2026;Marketplace;Tarjeta;Promo 10%;3;413.93;0.1;1241.79;161.43;1080.36;230.43;0
2023-000636;04-19-2023;S1032;C00131;P2110;Marketplace;Tarjeta;Cyber Week;1;416.72;0.0;416.72;62.51;354.21;314.95;0
2023-000637;11-02-2023;S1010;C00305;P2070;Tienda;Financiamiento;2x1;3;553.31;0.1;1659.93;199.19;1460.74;281.04;0
2023-000638;10-25-2023;S1005;C00102;P2033;Tienda;Transferencia;Black Friday;3;72.32;0.1;216.96;28.2;188.76;61.26;0
2023-000639;04-18-2023;S1002;C00567;P2112;Tienda;Efectivo;Promo 10%;2;361.76;0.0;723.52;94.06;629.46;257.82;0
2023-000640;08-19-2023;S1003;C00676;P2112;Tienda;Tarjeta;2x1;1;289.41;0.2;289.41;37.62;251.79;257.82;0
2023-000641;08-13-2023;S1041;C00210;P2077;Tienda;Transferencia;Promo 10%;1;675.49;0.15;675.49;87.81;587.68;400.81;0
2023-000642;06-23-2023;S1042;C00575;P2150;Tienda;Transferencia;2x1;4;198.96;0.15;795.84;103.46;692.38;154.53;0
2023-000643;11-27-2023;S1018;C00499;P2133;Marketplace;Tarjeta;Cyber Week;4;47.33;0.1;189.32;22.72;166.6;38.56;0
2023-000644;05-07-2023;S1025;C00454;P2038;Tienda;Efectivo;2x1;1;139.95;0.0;139.95;20.99;118.96;104.22;0
2023-000645;05-30-2023;S1028;C00043;P2110;Marketplace;Financiamiento;2x1;2;333.38;0.2;666.76;100.01;566.75;314.95;0
2023-000646;04-15-2023;S1008;C00485;P2012;Web;Transferencia;Cyber Week;5;788.33;0.0;3941.65;512.41;3429.24;363.05;1
2023-000647;09-10-2023;S1001;C00020;P2127;Call Center;Tarjeta;Black Friday;1;732.66;0.0;732.66;95.25;637.41;361.43;0
2023-000648;03-29-2023;S1024;C00357;P2096;Tienda;Efectivo;2x1;2;636.0;0.0;1272.0;190.8;1081.2;369.96;0
2023-000649;02-15-2023;S1037;C00733;P2052;Web;Tarjeta;Black Friday;1;94.69;0.0;94.69;12.31;82.38;47.67;0
2023-000650;05-03-2023;S1008;C00672;P2046;Call Center;Tarjeta;Black Friday;4;290.06;0.2;1160.24;150.83;1009.41;192.92;1
2023-000651;11-11-2023;S1028;C00537;P2158;Call Center;Billetera Digital;Black Friday;2;542.39;0.0;1084.78;162.72;922.06;274.83;0
2023-000652;02-28-2023;S1034;C00709;P2048;Tienda;Financiamiento;2x1;1;288.14;0.1;288.14;43.22;244.92;183.57;0
2023-000653;06-09-2023;S1044;C00653;P2060;Marketplace;Efectivo;Black Friday;4;383.25;0.0;1533.0;199.29;1333.71;245.82;0
2023-000654;12-10-2023;S1029;C00088;P2012;Web;Efectivo;Cyber Week;3;748.91;0.05;2246.73;337.01;1909.72;363.05;0
2023-000655;08-27-2023;S1020;C00600;P2140;Tienda;Transferencia;Promo 15%;1;14.41;0.0;14.41;2.16;12.25;6.63;1
2023-000656;01-20-2023;S1006;C00093;P2043;Web;Billetera Digital;Cyber Week;3;313.61;0.0;940.83;122.31;818.52;244.5;0
2023-000657;07-31-2023;S1012;C00615;P2124;Web;Tarjeta;Cyber Week;3;428.12;0.1;1284.36;154.12;1130.24;351.18;0
2023-000658;10-28-2023;S1028;C00698;P2132;Call Center;Transferencia;Black Friday;1;289.45;0.1;289.45;43.42;246.03;220.13;0
2023-000659;04-22-2023;S1024;C00695;P2015;Marketplace;Transferencia;Promo 10%;2;165.08;0.05;330.16;49.52;280.64;122.14;0
2023-000660;02-02-2023;S1001;C00325;P2028;Marketplace;Billetera Digital;2x1;1;598.19;0.0;598.19;77.76;520.43;344.08;0
2023-000661;02-13-2023;S1026;C00170;P2071;Web;Efectivo;Cyber Week;1;483.57;0.0;483.57;72.54;411.03;243.78;1
2023-000662;08-14-2023;S1023;C00428;P2079;Tienda;Billetera Digital;Sin Promo;1;212.15;0.15;212.15;31.82;180.33;156.92;0
2023-000663;06-18-2023;S1040;C00022;P2159;Call Center;Billetera Digital;Promo 15%;1;512.7;0.2;512.7;66.65;446.05;434.27;0
2023-000664;07-20-2023;S1031;C00056;P2081;Web;Transferencia;Promo 10%;1;339.41;0.15;339.41;50.91;288.5;192.91;1
2023-000665;10-21-2023;S1009;C00156;P2118;Web;Financiamiento;Black Friday;1;65.15;0.0;65.15;8.47;56.68;45.65;0
2023-000666;03-22-2023;S1024;C00753;P2156;Tienda;Transferencia;Sin Promo;1;69.22;0.15;69.22;10.38;58.84;55.02;0
2023-000667;02-27-2023;S1012;C00161;P2037;Tienda;Billetera Digital;Black Friday;2;530.23;0.15;1060.46;127.26;933.2;405.23;0
2023-000668;01-23-2023;S1012;C00121;P2031;Marketplace;Billetera Digital;Black Friday;1;193.42;0.05;193.42;23.21;170.21;111.43;0
2023-000669;09-15-2023;S1018;C00795;P2085;Marketplace;Financiamiento;Promo 15%;3;31.02;0.0;93.06;11.17;81.89;20.07;0
2023-000670;03-08-2023;S1020;C00557;P2068;Marketplace;Transferencia;Cyber Week;1;197.12;0.2;197.12;29.57;167.55;122.46;1
2023-000671;01-22-2023;S1026;C00306;P2156;Marketplace;Transferencia;Sin Promo;2;69.22;0.15;138.44;20.77;117.67;55.02;1
2023-000672;04-30-2023;S1041;C00595;P2099;Web;Transferencia;2x1;2;294.57;0.0;589.14;76.59;512.55;231.19;0
2023-000673;11-05-2023;S1004;C00311;P2048;Marketplace;Billetera Digital;Black Friday;2;320.16;0.0;640.32;83.24;557.08;183.57;0
2023-000674;01-23-2023;S1020;C00615;P2015;Marketplace;Efectivo;Promo 10%;2;165.08;0.05;330.16;49.52;280.64;122.14;1
2023-000675;10-12-2023;S1035;C00258;P2092;Web;Tarjeta;2x1;4;802.49;0.0;3209.96;481.49;2728.47;416.32;0
2023-000676;08-27-2023;S1042;C00325;P2091;Tienda;Transferencia;Cyber Week;3;541.5;0.0;1624.5;211.19;1413.31;397.11;0
2023-000677;12-23-2023;S1029;C00155;P2013;Tienda;Transferencia;Sin Promo;2;200.2;0.0;400.4;60.06;340.34;98.1;0
2023-000678;12-30-2023;S1031;C00705;P2037;Marketplace;Transferencia;Sin Promo;3;623.8;0.0;1871.4;280.71;1590.69;405.23;0
2023-000679;11-07-2023;S1021;C00181;P2150;Marketplace;Transferencia;Promo 15%;1;198.96;0.15;198.96;29.84;169.12;154.53;0
2023-000680;09-18-2023;S1044;C00300;P2160;Tienda;Transferencia;Cyber Week;1;771.61;0.05;771.61;100.31;671.3;418.28;0
2023-000681;12-29-2023;S1008;C00459;P2133;Tienda;Financiamiento;Promo 15%;1;52.59;0.0;52.59;6.84;45.75;38.56;0
2023-000682;09-27-2023;S1033;C00325;P2069;Marketplace;Tarjeta;Cyber Week;1;191.55;0.0;191.55;28.73;162.82;145.02;1
2023-000683;01-29-2023;S1034;C00773;P2032;Call Center;Transferencia;Promo 15%;2;443.24;0.05;886.48;132.97;753.51;330.43;0
2023-000684;01-18-2023;S1013;C00312;P2120;Marketplace;Financiamiento;Cyber Week;1;169.57;0.15;169.57;20.35;149.22;113.2;1
2023-000685;07-16-2023;S1030;C00036;P2079;Call Center;Efectivo;Promo 10%;2;237.11;0.05;474.22;71.13;403.09;156.92;0
2023-000686;02-04-2023;S1023;C00376;P2116;Call Center;Transferencia;Sin Promo;1;743.9;0.0;743.9;111.58;632.32;358.01;0
2023-000687;02-17-2023;S1024;C00286;P2117;Marketplace;Financiamiento;2x1;3;84.2;0.0;252.6;37.89;214.71;41.82;1
2023-000688;02-02-2023;S1039;C00101;P2078;Web;Transferencia;Cyber Week;1;132.53;0.2;132.53;17.23;115.3;125.47;0
2023-000689;08-02-2023;S1031;C00360;P2119;Call Center;Billetera Digital;Promo 10%;2;763.08;0.0;1526.16;228.92;1297.24;363.73;1
2023-000690;08-19-2023;S1015;C00334;P2097;Web;Tarjeta;2x1;3;495.07;0.05;1485.21;178.23;1306.98;298.37;0
2023-000691;05-14-2023;S1018;C00436;P2149;Marketplace;Tarjeta;Black Friday;1;213.57;0.05;213.57;25.63;187.94;173.08;0
2023-000692;06-06-2023;S1033;C00184;P2091;Tienda;Billetera Digital;Promo 10%;4;541.5;0.0;2166.0;324.9;1841.1;397.11;0
2023-000693;07-31-2023;S1025;C00794;P2007;Marketplace;Billetera Digital;Cyber Week;3;169.62;0.2;508.86;76.33;432.53;162.45;0
2023-000694;03-06-2023;S1024;C00773;P2120;Call Center;Financiamiento;2x1;2;169.57;0.15;339.14;50.87;288.27;113.2;0
2023-000695;06-18-2023;S1001;C00563;P2098;Marketplace;Financiamiento;Sin Promo;1;645.08;0.0;645.08;83.86;561.22;389.5;0
2023-000696;06-26-2023;S1018;C00551;P2042;Marketplace;Tarjeta;Promo 10%;4;381.32;0.05;1525.28;183.03;1342.25;233.31;0
2023-000697;11-28-2023;S1010;C00795;P2073;Call Center;Transferencia;Promo 10%;1;164.56;0.0;164.56;19.75;144.81;131.1;0
2023-000698;04-25-2023;S1040;C00496;P2113;Web;Financiamiento;Promo 15%;2;282.77;0.05;565.54;73.52;492.02;139.53;0
2023-000699;06-24-2023;S1005;C00436;P2042;Marketplace;Billetera Digital;Cyber Week;1;321.11;0.2;321.11;41.74;279.37;233.31;0
2023-000700;10-21-2023;S1029;C00698;P2109;Marketplace;Transferencia;Promo 10%;2;208.28;0.0;416.56;62.48;354.08;141.94;0
2023-000701;12-03-2023;S1011;C00188;P2055;Web;Tarjeta;Black Friday;2;140.77;0.0;281.54;33.78;247.76;77.43;0
2023-000702;08-13-2023;S1010;C00564;P2093;Call Center;Financiamiento;Promo 15%;1;147.96;0.0;147.96;17.76;130.2;75.0;0
2023-000703;12-29-2023;S1007;C00525;P2155;Tienda;Tarjeta;Black Friday;2;125.86;0.2;251.72;32.72;219.0;71.96;1
2023-000704;12-02-2023;S1019;C00525;P2044;Web;Financiamiento;Sin Promo;1;385.97;0.15;385.97;57.9;328.07;214.81;0
2023-000705;05-03-2023;S1012;C00411;P2092;Web;Billetera Digital;2x1;2;682.12;0.15;1364.24;163.71;1200.53;416.32;0
2023-000706;06-30-2023;S1024;C00698;P2017;Marketplace;Efectivo;Sin Promo;1;238.25;0.15;238.25;35.74;202.51;182.13;0
2023-000707;10-26-2023;S1028;C00484;P2037;Web;Billetera Digital;Promo 15%;2;592.61;0.05;1185.22;177.78;1007.44;405.23;0
2023-000708;05-19-2023;S1039;C00297;P2008;Web;Billetera Digital;Promo 15%;3;874.23;0.0;2622.69;340.95;2281.74;421.75;0
2023-000709;01-04-2023;S1015;C00323;P2154;Call Center;Billetera Digital;Cyber Week;2;659.89;0.1;1319.78;158.37;1161.41;427.53;0
2023-000710;11-22-2023;S1044;C00102;P2097;Call Center;Financiamiento;Promo 10%;1;442.96;0.15;442.96;57.58;385.38;298.37;0
2023-000711;12-03-2023;S1025;C00314;P2040;Call Center;Financiamiento;Sin Promo;2;59.49;0.0;118.98;17.85;101.13;35.66;0
2023-000712;06-29-2023;S1012;C00774;P2042;Call Center;Billetera Digital;Sin Promo;2;401.39;0.0;802.78;96.33;706.45;233.31;0
2023-000713;07-28-2023;S1021;C00611;P2018;Web;Tarjeta;Cyber Week;3;372.27;0.05;1116.81;167.52;949.29;224.11;0
2023-000714;04-19-2023;S1017;C00338;P2125;Tienda;Efectivo;Cyber Week;5;275.72;0.2;1378.6;165.43;1213.17;235.01;0
2023-000715;09-11-2023;S1039;C00420;P2120;Web;Tarjeta;Black Friday;1;199.5;0.0;199.5;25.94;173.56;113.2;1
2023-000716;03-02-2023;S1040;C00596;P2071;Tienda;Financiamiento;Promo 10%;2;386.86;0.2;773.72;100.58;673.14;243.78;0
2023-000717;12-12-2023;S1043;C00420;P2028;Call Center;Financiamiento;2x1;2;538.37;0.1;1076.74;139.98;936.76;344.08;0
2023-000718;02-08-2023;S1001;C00098;P2020;Call Center;Billetera Digital;Cyber Week;1;49.36;0.0;49.36;6.42;42.94;32.33;1
2023-000719;04-03-2023;S1027;C00203;P2145;Call Center;Financiamiento;Sin Promo;1;112.11;0.05;112.11;16.82;95.29;77.61;1
2023-000720;08-22-2023;S1015;C00129;P2040;Tienda;Transferencia;Black Friday;1;56.52;0.05;56.52;6.78;49.74;35.66;1
2023-000721;10-20-2023;S1005;C00230;P2111;Marketplace;Financiamiento;Black Friday;2;292.12;0.0;584.24;75.95;508.29;191.52;0
2023-000722;12-21-2023;S1039;C00658;P2102;Web;Billetera Digital;Black Friday;1;500.87;0.0;500.87;65.11;435.76;270.07;0
2023-000723;01-14-2023;S1022;C00756;P2061;Tienda;Efectivo;2x1;1;34.14;0.2;34.14;5.12;29.02;26.36;0
2023-000724;05-09-2023;S1018;C00510;P2073;Call Center;Tarjeta;Sin Promo;1;164.56;0.0;164.56;19.75;144.81;131.1;0
2023-000725;06-11-2023;S1032;C00220;P2040;Web;Tarjeta;Black Friday;6;47.59;0.2;285.54;42.83;242.71;35.66;0
2023-000726;10-17-2023;S1016;C00185;P2063;Tienda;Financiamiento;Sin Promo;1;70.41;0.0;70.41;8.45;61.96;34.56;0
2023-000727;08-22-2023;S1028;C00455;P2119;Web;Tarjeta;Promo 10%;2;648.62;0.15;1297.24;194.59;1102.65;363.73;0
2023-000728;07-20-2023;S1043;C00292;P2048;Web;Efectivo;2x1;1;288.14;0.1;288.14;37.46;250.68;183.57;0
2023-000729;03-24-2023;S1018;C00002;P2027;Web;Transferencia;Promo 10%;1;331.73;0.0;331.73;39.81;291.92;230.42;0
2023-000730;12-22-2023;S1025;C00703;P2157;Tienda;Tarjeta;Promo 10%;3;223.38;0.0;670.14;100.52;569.62;118.28;0
2023-000731;06-03-2023;S1004;C00197;P2121;Tienda;Transferencia;Black Friday;2;334.22;0.2;668.44;86.9;581.54;207.12;0
2023-000732;12-09-2023;S1034;C00677;P2148;Call Center;Financiamiento;Sin Promo;1;607.33;0.1;607.33;91.1;516.23;390.62;0
2023-000733;02-18-2023;S1022;C00008;P2128;Web;Transferencia;Black Friday;1;529.52;0.05;529.52;79.43;450.09;269.57;0
2023-000734;04-06-2023;S1012;C00176;P2146;Web;Transferencia;Promo 15%;1;311.26;0.0;311.26;37.35;273.91;242.22;0
2023-000735;07-18-2023;S1010;C00572;P2104;Call Center;Billetera Digital;Black Friday;3;561.78;0.2;1685.34;202.24;1483.1;405.18;0
2023-000736;12-18-2023;S1012;C00555;P2013;Web;Financiamiento;Cyber Week;2;190.19;0.05;380.38;45.65;334.73;98.1;0
2023-000737;12-09-2023;S1002;C00743;P2132;Tienda;Tarjeta;Cyber Week;3;289.45;0.1;868.35;112.89;755.46;220.13;0
2023-000738;04-10-2023;S1039;C00688;P2003;Call Center;Efectivo;Black Friday;3;406.98;0.2;1220.94;158.72;1062.22;261.5;0
2023-000739;11-21-2023;S1015;C00608;P2131;Tienda;Transferencia;Promo 10%;1;167.39;0.15;167.39;20.09;147.3;119.6;0
2023-000740;05-31-2023;S1020;C00354;P2057;Web;Tarjeta;Sin Promo;2;335.84;0.2;671.68;100.75;570.93;314.68;0
2023-000741;03-31-2023;S1025;C00486;P2051;Marketplace;Tarjeta;2x1;2;855.46;0.0;1710.92;256.64;1454.28;394.02;0
2023-000742;12-06-2023;S1038;C00370;P2018;Tienda;Billetera Digital;Black Friday;2;391.86;0.0;783.72;101.88;681.84;224.11;1
2023-000743;04-17-2023;S1017;C00478;P2094;Tienda;Tarjeta;Promo 10%;2;560.63;0.2;1121.26;134.55;986.71;392.99;0
2023-000744;04-21-2023;S1012;C00743;P2075;Web;Billetera Digital;Black Friday;1;522.04;0.1;522.04;62.64;459.4;301.87;0
2023-000745;02-23-2023;S1023;C00134;P2049;Marketplace;Billetera Digital;Promo 15%;4;126.62;0.2;506.48;75.97;430.51;89.45;0
2023-000746;09-08-2023;S1019;C00573;P2138;Tienda;Financiamiento;Black Friday;1;648.09;0.1;648.09;97.21;550.88;375.47;0
2023-000747;05-02-2023;S1021;C00294;P2149;Tienda;Tarjeta;Promo 15%;1;179.85;0.2;179.85;26.98;152.87;173.08;1
2023-000748;12-23-2023;S1038;C00398;P2037;Tienda;Tarjeta;Cyber Week;4;561.42;0.1;2245.68;291.94;1953.74;405.23;0
2023-000749;03-02-2023;S1012;C00666;P2145;Call Center;Tarjeta;Promo 15%;1;118.01;0.0;118.01;14.16;103.85;77.61;0
2023-000750;05-15-2023;S1045;C00182;P2101;Tienda;Tarjeta;Promo 15%;1;286.05;0.15;286.05;37.19;248.86;262.94;0
2023-000751;10-22-2023;S1032;C00216;P2039;Web;Billetera Digital;Sin Promo;2;405.45;0.15;810.9;121.63;689.27;251.05;1
2023-000752;08-31-2023;S1041;C00622;P2100;Call Center;Billetera Digital;Cyber Week;3;571.97;0.0;1715.91;223.07;1492.84;422.9;0
2023-000753;11-05-2023;S1030;C00182;P2069;Tienda;Financiamiento;Cyber Week;1;191.55;0.0;191.55;28.73;162.82;145.02;0
2023-000754;06-12-2023;S1024;C00025;P2018;Marketplace;Billetera Digital;Promo 15%;1;313.49;0.2;313.49;47.02;266.47;224.11;0
2023-000755;11-21-2023;S1045;C00628;P2059;Tienda;Tarjeta;2x1;3;130.71;0.0;392.13;50.98;341.15;101.09;0
2023-000756;01-07-2023;S1014;C00022;P2057;Web;Financiamiento;Sin Promo;3;419.8;0.0;1259.4;151.13;1108.27;314.68;0
2023-000757;07-17-2023;S1038;C00148;P2005;Marketplace;Efectivo;Cyber Week;1;545.93;0.0;545.93;70.97;474.96;390.45;0
2023-000758;11-08-2023;S1035;C00498;P2025;Tienda;Billetera Digital;2x1;1;664.27;0.0;664.27;99.64;564.63;394.63;0
2023-000759;03-01-2023;S1024;C00754;P2099;Tienda;Transferencia;Promo 10%;1;294.57;0.0;294.57;44.19;250.38;231.19;0
2023-000760;06-26-2023;S1011;C00699;P2051;Tienda;Transferencia;Black Friday;3;855.46;0.0;2566.38;307.97;2258.41;394.02;0
2023-000761;01-23-2023;S1040;C00498;P2146;Marketplace;Transferencia;Promo 15%;1;280.13;0.1;280.13;36.42;243.71;242.22;0
2023-000762;12-16-2023;S1033;C00441;P2116;Web;Transferencia;Sin Promo;2;743.9;0.0;1487.8;223.17;1264.63;358.01;0
2023-000763;11-23-2023;S1017;C00315;P2135;Marketplace;Tarjeta;Sin Promo;3;129.99;0.15;389.97;46.8;343.17;71.27;1
2023-000764;10-17-2023;S1008;C00283;P2049;Tienda;Tarjeta;Promo 10%;1;142.44;0.1;142.44;18.52;123.92;89.45;0
2023-000765;11-26-2023;S1015;C00287;P2048;Call Center;Financiamiento;2x1;1;304.15;0.05;304.15;36.5;267.65;183.57;1
2023-000766;01-14-2023;S1011;C00322;P2121;Web;Tarjeta;Black Friday;4;417.78;0.0;1671.12;200.53;1470.59;207.12;0
2023-000767;12-13-2023;S1045;C00037;P2154;Tienda;Transferencia;Cyber Week;4;696.55;0.05;2786.2;362.21;2423.99;427.53;0
2023-000768;11-07-2023;S1001;C00291;P2148;Tienda;Billetera Digital;Cyber Week;1;674.81;0.0;674.81;87.73;587.08;390.62;1
2023-000769;09-29-2023;S1045;C00457;P2058;Marketplace;Financiamiento;Black Friday;6;465.91;0.0;2795.46;363.41;2432.05;324.41;0
2023-000770;11-08-2023;S1036;C00182;P2156;Tienda;Efectivo;2x1;1;77.36;0.05;77.36;11.6;65.76;55.02;0
2023-000771;04-16-2023;S1001;C00752;P2153;Call Center;Billetera Digital;Cyber Week;1;407.91;0.0;407.91;53.03;354.88;293.96;1
2023-000772;06-06-2023;S1015;C00211;P2043;Tienda;Financiamiento;Promo 15%;1;266.57;0.15;266.57;31.99;234.58;244.5;0
2023-000773;08-23-2023;S1018;C00423;P2014;Marketplace;Tarjeta;Cyber Week;1;430.19;0.0;430.19;51.62;378.57;296.33;0
2023-000774;06-28-2023;S1040;C00653;P2031;Tienda;Transferencia;Sin Promo;1;203.6;0.0;203.6;26.47;177.13;111.43;1
2023-000775;02-06-2023;S1024;C00235;P2018;Call Center;Tarjeta;2x1;1;333.08;0.15;333.08;49.96;283.12;224.11;0
2023-000776;01-02-2023;S1001;C00422;P2029;Marketplace;Transferencia;Cyber Week;5;442.35;0.1;2211.75;287.53;1924.22;271.13;1
2023-000777;02-25-2023;S1009;C00133;P2122;Marketplace;Billetera Digital;Sin Promo;2;579.38;0.15;1158.76;150.64;1008.12;324.38;0
2023-000778;10-26-2023;S1023;C00333;P2037;Marketplace;Transferencia;Promo 10%;2;623.8;0.0;1247.6;187.14;1060.46;405.23;1
2023-000779;10-20-2023;S1034;C00546;P2109;Marketplace;Financiamiento;Sin Promo;1;166.62;0.2;166.62;24.99;141.63;141.94;0
2023-000780;05-18-2023;S1028;C00218;P2100;Call Center;Tarjeta;Sin Promo;5;486.17;0.15;2430.85;364.63;2066.22;422.9;0
2023-000781;11-10-2023;S1032;C00378;P2129;Marketplace;Efectivo;Black Friday;2;504.95;0.0;1009.9;151.48;858.42;401.84;0
2023-000782;02-25-2023;S1042;C00231;P2009;Tienda;Tarjeta;Promo 15%;3;523.01;0.0;1569.03;203.97;1365.06;287.2;0
2023-000783;04-30-2023;S1019;C00314;P2101;Tienda;Billetera Digital;2x1;1;286.05;0.15;286.05;42.91;243.14;262.94;1
2023-000784;06-25-2023;S1022;C00486;P2050;Tienda;Efectivo;Sin Promo;5;260.25;0.05;1301.25;195.19;1106.06;192.16;0
2023-000785;07-31-2023;S1025;C00363;P2050;Tienda;Tarjeta;Sin Promo;1;273.95;0.0;273.95;41.09;232.86;192.16;0
2023-000786;03-26-2023;S1033;C00704;P2029;Tienda;Tarjeta;2x1;1;417.77;0.15;417.77;62.67;355.1;271.13;0
2023-000787;10-24-2023;S1022;C00093;P2157;Call Center;Financiamiento;Promo 10%;1;223.38;0.0;223.38;33.51;189.87;118.28;0
2023-000788;04-24-2023;S1045;C00467;P2140;Web;Financiamiento;Black Friday;3;11.53;0.2;34.59;4.5;30.09;6.63;0
2023-000789;02-20-2023;S1002;C00559;P2138;Call Center;Efectivo;Promo 10%;1;720.1;0.0;720.1;93.61;626.49;375.47;0
2023-000790;01-12-2023;S1045;C00683;P2116;Tienda;Transferencia;Promo 10%;1;669.51;0.1;669.51;87.04;582.47;358.01;0
2023-000791;12-12-2023;S1010;C00190;P2090;Marketplace;Billetera Digital;Promo 15%;3;123.88;0.0;371.64;44.6;327.04;72.93;0
2023-000792;11-11-2023;S1043;C00182;P2050;Tienda;Financiamiento;Black Friday;1;232.86;0.15;232.86;30.27;202.59;192.16;0
2023-000793;07-23-2023;S1044;C00463;P2113;Call Center;Efectivo;Sin Promo;1;282.77;0.05;282.77;36.76;246.01;139.53;0
2023-000794;12-25-2023;S1025;C00081;P2021;Marketplace;Tarjeta;Sin Promo;2;417.5;0.05;835.0;125.25;709.75;239.98;0
2023-000795;10-26-2023;S1022;C00033;P2125;Call Center;Billetera Digital;Black Friday;4;344.65;0.0;1378.6;206.79;1171.81;235.01;1
2023-000796;02-13-2023;S1026;C00056;P2053;Marketplace;Billetera Digital;Promo 15%;1;934.5;0.0;934.5;140.17;794.33;436.17;1
2023-000797;07-08-2023;S1033;C00022;P2067;Web;Transferencia;Promo 10%;2;582.45;0.0;1164.9;174.74;990.16;420.88;0
2023-000798;02-19-2023;S1001;C00533;P2001;Marketplace;Efectivo;Promo 15%;1;86.24;0.1;86.24;11.21;75.03;59.67;0
2023-000799;09-03-2023;S1027;C00412;P2071;Tienda;Efectivo;Sin Promo;2;435.21;0.1;870.42;130.56;739.86;243.78;0
2023-000800;11-13-2023;S1015;C00724;P2148;Web;Financiamiento;Promo 15%;2;641.07;0.05;1282.14;153.86;1128.28;390.62;0
2023-000801;12-01-2023;S1006;C00284;P2094;Web;Tarjeta;Promo 15%;1;700.79;0.0;700.79;91.1;609.69;392.99;1
2023-000802;06-21-2023;S1001;C00448;P2005;Web;Tarjeta;Promo 15%;2;545.93;0.0;1091.86;141.94;949.92;390.45;0
2023-000803;07-14-2023;S1001;C00334;P2028;Tienda;Efectivo;Sin Promo;3;598.19;0.0;1794.57;233.29;1561.28;344.08;0
2023-000804;05-24-2023;S1013;C00502;P2014;Tienda;Tarjeta;Promo 10%;1;430.19;0.0;430.19;51.62;378.57;296.33;0
2023-000805;05-25-2023;S1010;C00114;P2002;Web;Tarjeta;Promo 15%;1;290.16;0.0;290.16;34.82;255.34;134.76;0
2023-000806;08-27-2023;S1024;C00362;P2073;Tienda;Transferencia;Promo 15%;2;139.88;0.15;279.76;41.96;237.8;131.1;1
2023-000807;11-12-2023;S1016;C00584;P2097;Call Center;Tarjeta;Cyber Week;3;495.07;0.05;1485.21;178.23;1306.98;298.37;0
2023-000808;08-07-2023;S1040;C00242;P2087;Call Center;Financiamiento;Black Friday;3;291.4;0.1;874.2;113.65;760.55;166.63;1
2023-000809;08-31-2023;S1019;C00381;P2044;Call Center;Efectivo;Promo 15%;2;408.67;0.1;817.34;122.6;694.74;214.81;0
2023-000810;12-10-2023;S1001;C00117;P2058;Marketplace;Tarjeta;Sin Promo;2;372.73;0.2;745.46;96.91;648.55;324.41;0
2023-000811;06-28-2023;S1036;C00450;P2156;Call Center;Transferencia;Black Friday;4;69.22;0.15;276.88;41.53;235.35;55.02;0
2023-000812;07-14-2023;S1033;C00494;P2158;Call Center;Efectivo;Promo 10%;1;515.27;0.05;515.27;77.29;437.98;274.83;0
2023-000813;07-30-2023;S1037;C00543;P2144;Call Center;Tarjeta;Sin Promo;1;272.5;0.0;272.5;35.43;237.07;177.43;0
2023-000814;05-25-2023;S1020;C00529;P2068;Marketplace;Efectivo;Promo 10%;1;209.44;0.15;209.44;31.42;178.02;122.46;0
2023-000815;02-18-2023;S1044;C00508;P2125;Call Center;Tarjeta;Cyber Week;1;275.72;0.2;275.72;35.84;239.88;235.01;0
2023-000816;03-14-2023;S1002;C00770;P2091;Web;Efectivo;Cyber Week;5;541.5;0.0;2707.5;351.98;2355.52;397.11;1
2023-000817;03-12-2023;S1005;C00763;P2120;Marketplace;Efectivo;Promo 10%;3;199.5;0.0;598.5;77.81;520.69;113.2;0
2023-000818;07-28-2023;S1013;C00095;P2036;Call Center;Transferencia;Cyber Week;2;274.2;0.05;548.4;65.81;482.59;143.03;0
2023-000819;07-31-2023;S1016;C00532;P2025;Tienda;Tarjeta;Black Friday;2;631.06;0.05;1262.12;151.45;1110.67;394.63;0
2023-000820;10-24-2023;S1039;C00656;P2056;Tienda;Tarjeta;Promo 15%;4;709.55;0.2;2838.2;368.97;2469.23;417.23;0
2023-000821;10-07-2023;S1033;C00113;P2151;Tienda;Efectivo;2x1;1;221.55;0.1;221.55;33.23;188.32;116.51;0
2023-000822;06-14-2023;S1025;C00688;P2150;Call Center;Tarjeta;Promo 10%;1;210.66;0.1;210.66;31.6;179.06;154.53;0
2023-000823;06-04-2023;S1027;C00387;P2152;Web;Transferencia;Promo 15%;1;399.61;0.2;399.61;59.94;339.67;338.06;0
2023-000824;10-03-2023;S1007;C00733;P2099;Web;Financiamiento;Sin Promo;3;250.38;0.15;751.14;97.65;653.49;231.19;0
2023-000825;08-25-2023;S1041;C00345;P2150;Tienda;Billetera Digital;Cyber Week;2;234.07;0.0;468.14;60.86;407.28;154.53;0
2023-000826;07-02-2023;S1027;C00782;P2079;Tienda;Tarjeta;2x1;2;212.15;0.15;424.3;63.64;360.66;156.92;0
2023-000827;05-13-2023;S1007;C00486;P2031;Tienda;Efectivo;Cyber Week;1;203.6;0.0;203.6;26.47;177.13;111.43;0
2023-000828;05-14-2023;S1019;C00556;P2030;Marketplace;Transferencia;Promo 10%;2;541.44;0.0;1082.88;162.43;920.45;418.38;0
2023-000829;11-08-2023;S1005;C00434;P2033;Tienda;Transferencia;Promo 15%;1;76.34;0.05;76.34;9.92;66.42;61.26;0
2023-000830;07-23-2023;S1044;C00400;P2042;Tienda;Financiamiento;Sin Promo;1;361.25;0.1;361.25;46.96;314.29;233.31;0
2023-000831;03-28-2023;S1003;C00022;P2006;Web;Transferencia;2x1;3;341.71;0.15;1025.13;133.27;891.86;287.52;0
2023-000832;05-28-2023;S1005;C00781;P2124;Marketplace;Transferencia;Cyber Week;1;428.12;0.1;428.12;55.66;372.46;351.18;0
2023-000833;08-25-2023;S1020;C00013;P2096;Tienda;Billetera Digital;Black Friday;2;636.0;0.0;1272.0;190.8;1081.2;369.96;0
2023-000834;06-12-2023;S1040;C00567;P2091;Marketplace;Tarjeta;Promo 10%;2;433.2;0.2;866.4;112.63;753.77;397.11;0
2023-000835;05-22-2023;S1038;C00372;P2098;Marketplace;Transferencia;Cyber Week;3;548.32;0.15;1644.96;213.84;1431.12;389.5;0
2023-000836;11-02-2023;S1035;C00297;P2141;Call Center;Billetera Digital;Cyber Week;2;832.49;0.0;1664.98;249.75;1415.23;384.64;0
2023-000837;09-01-2023;S1017;C00509;P2035;Marketplace;Transferencia;Promo 15%;2;725.28;0.2;1450.56;174.07;1276.49;418.3;0
2023-000838;01-14-2023;S1017;C00281;P2064;Tienda;Transferencia;Sin Promo;1;91.31;0.0;91.31;10.96;80.35;57.47;0
2023-000839;08-30-2023;S1007;C00062;P2137;Web;Tarjeta;Cyber Week;5;385.87;0.1;1929.35;250.82;1678.53;246.0;0
2023-000840;10-22-2023;S1033;C00552;P2102;Call Center;Efectivo;Promo 15%;2;475.83;0.05;951.66;142.75;808.91;270.07;0
2023-000841;07-07-2023;S1024;C00444;P2102;Web;Transferencia;Sin Promo;1;425.74;0.15;425.74;63.86;361.88;270.07;0
2023-000842;08-29-2023;S1028;C00205;P2150;Call Center;Transferencia;Promo 10%;2;234.07;0.0;468.14;70.22;397.92;154.53;1
2023-000843;07-26-2023;S1028;C00683;P2056;Marketplace;Efectivo;2x1;4;709.55;0.2;2838.2;425.73;2412.47;417.23;0
2023-000844;03-21-2023;S1043;C00078;P2064;Web;Tarjeta;Promo 10%;3;73.05;0.2;219.15;28.49;190.66;57.47;0
2023-000845;01-27-2023;S1015;C00172;P2007;Marketplace;Billetera Digital;2x1;1;201.43;0.05;201.43;24.17;177.26;162.45;0
2023-000846;08-23-2023;S1003;C00010;P2002;Tienda;Tarjeta;Cyber Week;1;290.16;0.0;290.16;37.72;252.44;134.76;0
2023-000847;09-20-2023;S1001;C00445;P2100;Call Center;Financiamiento;Promo 10%;1;514.77;0.1;514.77;66.92;447.85;422.9;0
2023-000848;03-29-2023;S1021;C00010;P2063;Web;Efectivo;Sin Promo;1;63.37;0.1;63.37;9.51;53.86;34.56;1
2023-000849;10-21-2023;S1011;C00542;P2057;Web;Efectivo;Sin Promo;1;335.84;0.2;335.84;40.3;295.54;314.68;0
2023-000850;01-01-2023;S1017;C00290;P2081;Call Center;Billetera Digital;2x1;3;399.31;0.0;1197.93;143.75;1054.18;192.91;1
2023-000851;02-28-2023;S1011;C00331;P2144;Marketplace;Transferencia;Cyber Week;4;245.25;0.1;981.0;117.72;863.28;177.43;0
2023-000852;03-06-2023;S1001;C00221;P2126;Marketplace;Tarjeta;Sin Promo;1;615.73;0.1;615.73;80.04;535.69;413.19;1
2023-000853;01-14-2023;S1010;C00762;P2012;Web;Tarjeta;Black Friday;3;670.08;0.15;2010.24;241.23;1769.01;363.05;0
2023-000854;07-12-2023;S1022;C00012;P2016;Marketplace;Tarjeta;2x1;1;172.59;0.0;172.59;25.89;146.7;121.18;0
2023-000855;05-06-2023;S1042;C00452;P2017;Tienda;Financiamiento;Promo 15%;1;280.3;0.0;280.3;36.44;243.86;182.13;0
2023-000856;11-05-2023;S1017;C00722;P2116;Web;Billetera Digital;2x1;2;595.12;0.2;1190.24;142.83;1047.41;358.01;0
2023-000857;06-22-2023;S1003;C00560;P2085;Tienda;Transferencia;Cyber Week;2;31.02;0.0;62.04;8.07;53.97;20.07;0
2023-000858;05-19-2023;S1007;C00459;P2008;Tienda;Transferencia;Promo 10%;1;830.52;0.05;830.52;107.97;722.55;421.75;0
2023-000859;12-17-2023;S1042;C00565;P2088;Web;Efectivo;Promo 10%;5;543.32;0.05;2716.6;353.16;2363.44;308.2;0
2023-000860;08-27-2023;S1043;C00344;P2153;Marketplace;Billetera Digital;Black Friday;2;367.12;0.1;734.24;95.45;638.79;293.96;0
2023-000861;07-24-2023;S1034;C00192;P2114;Call Center;Tarjeta;Sin Promo;5;554.0;0.0;2770.0;415.5;2354.5;274.57;0
2023-000862;07-20-2023;S1038;C00363;P2136;Call Center;Efectivo;Black Friday;2;123.84;0.2;247.68;32.2;215.48;99.42;0
2023-000863;01-30-2023;S1037;C00166;P2044;Web;Tarjeta;Cyber Week;1;363.26;0.2;363.26;47.22;316.04;214.81;0
2023-000864;03-30-2023;S1033;C00555;P2105;Web;Transferencia;Promo 10%;1;676.15;0.0;676.15;101.42;574.73;320.12;0
2023-000865;04-18-2023;S1004;C00481;P2062;Marketplace;Transferencia;Black Friday;2;111.89;0.0;223.78;29.09;194.69;74.21;0
2023-000866;07-23-2023;S1007;C00226;P2144;Marketplace;Transferencia;Black Friday;1;272.5;0.0;272.5;35.43;237.07;177.43;1
2023-000867;11-09-2023;S1038;C00515;P2142;Tienda;Transferencia;Sin Promo;2;469.2;0.05;938.4;121.99;816.41;331.65;1
2023-000868;03-28-2023;S1019;C00231;P2157;Marketplace;Transferencia;Cyber Week;1;189.87;0.15;189.87;28.48;161.39;118.28;0
2023-000869;03-08-2023;S1014;C00163;P2150;Call Center;Tarjeta;Promo 10%;2;234.07;0.0;468.14;56.18;411.96;154.53;0
2023-000870;06-02-2023;S1017;C00182;P2160;Tienda;Transferencia;2x1;1;771.61;0.05;771.61;92.59;679.02;418.28;1
2023-000871;07-14-2023;S1003;C00053;P2076;Call Center;Transferencia;Promo 15%;1;87.77;0.1;87.77;11.41;76.36;50.2;0
2023-000872;02-12-2023;S1024;C00482;P2038;Marketplace;Efectivo;2x1;3;111.96;0.2;335.88;50.38;285.5;104.22;0
2023-000873;01-17-2023;S1031;C00490;P2122;Call Center;Tarjeta;Promo 15%;2;647.54;0.05;1295.08;194.26;1100.82;324.38;0
2023-000874;04-16-2023;S1018;C00499;P2030;Web;Efectivo;2x1;1;433.15;0.2;433.15;51.98;381.17;418.38;0
2023-000875;05-21-2023;S1040;C00766;P2125;Marketplace;Financiamiento;Sin Promo;2;275.72;0.2;551.44;71.69;479.75;235.01;0
2023-000876;10-03-2023;S1033;C00066;P2057;Tienda;Financiamiento;Promo 15%;4;419.8;0.0;1679.2;251.88;1427.32;314.68;0
2023-000877;05-01-2023;S1022;C00013;P2103;Call Center;Financiamiento;Black Friday;4;361.16;0.15;1444.64;216.7;1227.94;274.37;0
2023-000878;03-01-2023;S1006;C00515;P2159;Marketplace;Tarjeta;Promo 10%;3;576.79;0.1;1730.37;224.95;1505.42;434.27;0
2023-000879;11-05-2023;S1016;C00353;P2106;Tienda;Financiamiento;Black Friday;2;461.42;0.0;922.84;110.74;812.1;310.34;0
2023-000880;03-13-2023;S1029;C00376;P2026;Web;Transferencia;Promo 10%;1;367.94;0.2;367.94;55.19;312.75;230.43;0
2023-000881;05-12-2023;S1035;C00352;P2052;Call Center;Financiamiento;Sin Promo;2;94.69;0.0;189.38;28.41;160.97;47.67;0
2023-000882;07-27-2023;S1036;C00111;P2112;Web;Transferencia;Promo 15%;2;361.76;0.0;723.52;108.53;614.99;257.82;0
2023-000883;09-24-2023;S1010;C00800;P2140;Call Center;Billetera Digital;Black Friday;2;14.41;0.0;28.82;3.46;25.36;6.63;0
2023-000884;05-01-2023;S1028;C00683;P2015;Web;Financiamiento;Black Friday;1;173.77;0.0;173.77;26.07;147.7;122.14;0
2023-000885;07-20-2023;S1002;C00190;P2062;Web;Financiamiento;2x1;1;89.51;0.2;89.51;11.64;77.87;74.21;0
2023-000886;07-27-2023;S1001;C00060;P2106;Tienda;Financiamiento;Black Friday;2;461.42;0.0;922.84;119.97;802.87;310.34;0
2023-000887;08-02-2023;S1039;C00003;P2134;Tienda;Efectivo;Promo 10%;1;241.56;0.0;241.56;31.4;210.16;153.79;0
2023-000888;07-06-2023;S1015;C00695;P2074;Call Center;Tarjeta;Promo 15%;2;239.08;0.15;478.16;57.38;420.78;138.92;0
2023-000889;01-03-2023;S1033;C00345;P2047;Web;Efectivo;2x1;1;456.79;0.0;456.79;68.52;388.27;295.44;0
2023-000890;05-16-2023;S1013;C00142;P2149;Call Center;Transferencia;2x1;2;224.81;0.0;449.62;53.95;395.67;173.08;0
2023-000891;09-13-2023;S1010;C00179;P2037;Web;Financiamiento;Cyber Week;1;623.8;0.0;623.8;74.86;548.94;405.23;1
2023-000892;09-15-2023;S1027;C00500;P2025;Marketplace;Transferencia;Promo 10%;1;597.84;0.1;597.84;89.68;508.16;394.63;0
2023-000893;08-02-2023;S1044;C00128;P2055;Web;Financiamiento;Cyber Week;2;119.65;0.15;239.3;31.11;208.19;77.43;0
2023-000894;09-19-2023;S1001;C00781;P2092;Tienda;Financiamiento;Promo 10%;1;802.49;0.0;802.49;104.32;698.17;416.32;0
2023-000895;02-13-2023;S1021;C00346;P2160;Tienda;Financiamiento;Sin Promo;3;731.0;0.1;2193.0;328.95;1864.05;418.28;1
2023-000896;09-14-2023;S1008;C00319;P2158;Tienda;Billetera Digital;Black Friday;2;488.15;0.1;976.3;126.92;849.38;274.83;0
2023-000897;02-01-2023;S1032;C00151;P2154;Web;Financiamiento;Cyber Week;1;733.21;0.0;733.21;109.98;623.23;427.53;0
2023-000898;08-13-2023;S1041;C00523;P2055;Marketplace;Transferencia;Promo 10%;6;112.62;0.2;675.72;87.84;587.88;77.43;0
2023-000899;09-05-2023;S1015;C00196;P2151;Call Center;Financiamiento;Promo 10%;2;246.17;0.0;492.34;59.08;433.26;116.51;0
2023-000900;12-20-2023;S1039;C00454;P2103;Tienda;Transferencia;Promo 15%;1;424.9;0.0;424.9;55.24;369.66;274.37;0
2023-000901;03-16-2023;S1009;C00331;P2016;Call Center;Billetera Digital;Black Friday;1;172.59;0.0;172.59;22.44;150.15;121.18;0
2023-000902;04-06-2023;S1039;C00318;P2053;Marketplace;Transferencia;Sin Promo;5;887.77;0.05;4438.85;577.05;3861.8;436.17;0
2023-000903;12-27-2023;S1009;C00551;P2096;Tienda;Financiamiento;Sin Promo;1;540.6;0.15;540.6;70.28;470.32;369.96;0
2023-000904;07-24-2023;S1019;C00093;P2152;Marketplace;Tarjeta;Promo 10%;3;499.51;0.0;1498.53;224.78;1273.75;338.06;0
2023-000905;10-25-2023;S1017;C00632;P2110;Tienda;Transferencia;2x1;2;354.21;0.15;708.42;85.01;623.41;314.95;0
2023-000906;03-18-2023;S1009;C00367;P2064;Marketplace;Financiamiento;Sin Promo;2;86.74;0.05;173.48;22.55;150.93;57.47;1
2023-000907;02-17-2023;S1006;C00631;P2049;Tienda;Financiamiento;Promo 10%;1;158.27;0.0;158.27;20.58;137.69;89.45;0
2023-000908;10-21-2023;S1007;C00716;P2090;Marketplace;Financiamiento;Promo 15%;2;123.88;0.0;247.76;32.21;215.55;72.93;0
2023-000909;01-28-2023;S1029;C00607;P2144;Marketplace;Tarjeta;2x1;5;258.88;0.05;1294.4;194.16;1100.24;177.43;0
2023-000910;08-04-2023;S1035;C00033;P2089;Tienda;Billetera Digital;2x1;4;736.54;0.0;2946.16;441.92;2504.24;351.93;0
2023-000911;10-27-2023;S1013;C00091;P2114;Web;Efectivo;Promo 10%;1;470.9;0.15;470.9;56.51;414.39;274.57;0
2023-000912;05-21-2023;S1034;C00175;P2061;Marketplace;Tarjeta;Promo 15%;2;38.41;0.1;76.82;11.52;65.3;26.36;0
2023-000913;08-19-2023;S1024;C00632;P2074;Marketplace;Efectivo;Promo 15%;3;281.27;0.0;843.81;126.57;717.24;138.92;0
2023-000914;02-23-2023;S1044;C00157;P2026;Tienda;Financiamiento;2x1;1;459.92;0.0;459.92;59.79;400.13;230.43;0
2023-000915;05-20-2023;S1007;C00068;P2105;Tienda;Efectivo;Cyber Week;1;676.15;0.0;676.15;87.9;588.25;320.12;0
2023-000916;03-09-2023;S1044;C00444;P2036;Call Center;Efectivo;Black Friday;1;245.34;0.15;245.34;31.89;213.45;143.03;0
2023-000917;12-09-2023;S1005;C00794;P2142;Marketplace;Financiamiento;Promo 10%;1;493.89;0.0;493.89;64.21;429.68;331.65;0
2023-000918;08-21-2023;S1004;C00074;P2078;Web;Billetera Digital;Promo 15%;1;140.81;0.15;140.81;18.31;122.5;125.47;0
2023-000919;05-02-2023;S1005;C00385;P2139;Web;Efectivo;Promo 10%;1;18.25;0.1;18.25;2.37;15.88;12.71;0
2023-000920;02-21-2023;S1039;C00580;P2138;Marketplace;Tarjeta;Promo 10%;1;720.1;0.0;720.1;93.61;626.49;375.47;0
2023-000921;11-29-2023;S1004;C00673;P2072;Marketplace;Efectivo;Sin Promo;3;513.93;0.15;1541.79;200.43;1341.36;420.23;1
2023-000922;08-14-2023;S1022;C00601;P2048;Tienda;Financiamiento;Promo 10%;2;272.14;0.15;544.28;81.64;462.64;183.57;0
2023-000923;06-28-2023;S1006;C00235;P2104;Marketplace;Transferencia;Promo 10%;2;702.23;0.0;1404.46;182.58;1221.88;405.18;0
2023-000924;11-24-2023;S1007;C00511;P2008;Marketplace;Transferencia;Sin Promo;2;874.23;0.0;1748.46;227.3;1521.16;421.75;0
2023-000925;07-30-2023;S1028;C00582;P2041;Web;Tarjeta;2x1;2;46.52;0.0;93.04;13.96;79.08;34.06;0
2023-000926;03-10-2023;S1043;C00274;P2125;Marketplace;Transferencia;Black Friday;5;310.19;0.1;1550.95;201.62;1349.33;235.01;1
2023-000927;01-22-2023;S1019;C00576;P2105;Marketplace;Financiamiento;Sin Promo;4;676.15;0.0;2704.6;405.69;2298.91;320.12;1
2023-000928;10-13-2023;S1010;C00745;P2143;Tienda;Billetera Digital;Cyber Week;2;149.12;0.15;298.24;35.79;262.45;101.86;1
2023-000929;09-21-2023;S1006;C00414;P2066;Marketplace;Transferencia;Black Friday;2;524.71;0.0;1049.42;136.42;913.0;297.19;0
2023-000930;04-11-2023;S1020;C00785;P2007;Web;Financiamiento;Promo 15%;4;212.03;0.0;848.12;127.22;720.9;162.45;0
2023-000931;04-13-2023;S1018;C00086;P2068;Tienda;Efectivo;2x1;4;234.08;0.05;936.32;112.36;823.96;122.46;0
2023-000932;12-21-2023;S1041;C00349;P2067;Call Center;Tarjeta;2x1;3;582.45;0.0;1747.35;227.16;1520.19;420.88;0
2023-000933;06-13-2023;S1010;C00662;P2117;Tienda;Financiamiento;Cyber Week;1;79.99;0.05;79.99;9.6;70.39;41.82;1
2023-000934;05-02-2023;S1018;C00499;P2068;Call Center;Transferencia;2x1;2;246.4;0.0;492.8;59.14;433.66;122.46;0
2023-000935;08-02-2023;S1027;C00206;P2043;Marketplace;Efectivo;Sin Promo;3;250.89;0.2;752.67;112.9;639.77;244.5;0
2023-000936;02-25-2023;S1024;C00297;P2047;Marketplace;Tarjeta;Cyber Week;3;365.43;0.2;1096.29;164.44;931.85;295.44;1
2023-000937;07-18-2023;S1022;C00743;P2060;Call Center;Financiamiento;Promo 10%;3;383.25;0.0;1149.75;172.46;977.29;245.82;0
2023-000938;05-20-2023;S1033;C00673;P2155;Web;Tarjeta;Black Friday;2;157.33;0.0;314.66;47.2;267.46;71.96;0
2023-000939;11-27-2023;S1016;C00566;P2139;Call Center;Transferencia;Cyber Week;4;18.25;0.1;73.0;8.76;64.24;12.71;1
2023-000940;10-13-2023;S1002;C00405;P2036;Marketplace;Tarjeta;Sin Promo;2;274.2;0.05;548.4;71.29;477.11;143.03;0
2023-000941;03-15-2023;S1032;C00328;P2023;Tienda;Financiamiento;Promo 15%;1;529.75;0.0;529.75;79.46;450.29;346.8;0
2023-000942;01-01-2023;S1043;C00691;P2155;Call Center;Tarjeta;Promo 15%;1;157.33;0.0;157.33;20.45;136.88;71.96;1
2023-000943;04-30-2023;S1023;C00679;P2138;Tienda;Efectivo;Black Friday;3;720.1;0.0;2160.3;324.05;1836.25;375.47;0
2023-000944;03-06-2023;S1002;C00270;P2142;Marketplace;Financiamiento;2x1;2;493.89;0.0;987.78;128.41;859.37;331.65;0
2023-000945;11-20-2023;S1043;C00262;P2087;Marketplace;Efectivo;Promo 15%;2;323.78;0.0;647.56;84.18;563.38;166.63;1
2023-000946;02-01-2023;S1001;C00147;P2087;Call Center;Tarjeta;Promo 10%;1;323.78;0.0;323.78;42.09;281.69;166.63;0
2023-000947;06-19-2023;S1039;C00290;P2148;Web;Efectivo;Sin Promo;1;607.33;0.1;607.33;78.95;528.38;390.62;0
2023-000948;03-18-2023;S1024;C00191;P2100;Call Center;Billetera Digital;Promo 10%;2;543.37;0.05;1086.74;163.01;923.73;422.9;0
2023-000949;04-14-2023;S1045;C00231;P2034;Marketplace;Billetera Digital;Black Friday;2;223.51;0.15;447.02;58.11;388.91;122.22;0
2023-000950;11-07-2023;S1031;C00299;P2118;Call Center;Efectivo;Black Friday;4;61.89;0.05;247.56;37.13;210.43;45.65;0
2023-000951;09-20-2023;S1023;C00102;P2096;Web;Efectivo;Promo 15%;3;540.6;0.15;1621.8;243.27;1378.53;369.96;1
2023-000952;11-28-2023;S1028;C00555;P2012;Call Center;Efectivo;2x1;1;670.08;0.15;670.08;100.51;569.57;363.05;0
2023-000953;04-01-2023;S1007;C00775;P2091;Call Center;Tarjeta;2x1;2;541.5;0.0;1083.0;140.79;942.21;397.11;0
2023-000954;04-19-2023;S1023;C00396;P2135;Marketplace;Transferencia;Promo 10%;1;122.34;0.2;122.34;18.35;103.99;71.27;0
2023-000955;05-18-2023;S1027;C00216;P2066;Marketplace;Billetera Digital;Cyber Week;3;498.47;0.05;1495.41;224.31;1271.1;297.19;0
2023-000956;11-07-2023;S1041;C00454;P2071;Tienda;Billetera Digital;Black Friday;2;483.57;0.0;967.14;125.73;841.41;243.78;1
2023-000957;08-25-2023;S1025;C00677;P2049;Marketplace;Tarjeta;2x1;2;158.27;0.0;316.54;47.48;269.06;89.45;0
2023-000958;04-15-2023;S1030;C00781;P2057;Tienda;Transferencia;Black Friday;1;419.8;0.0;419.8;62.97;356.83;314.68;1
2023-000959;03-02-2023;S1041;C00776;P2010;Marketplace;Transferencia;Promo 15%;1;404.09;0.0;404.09;52.53;351.56;210.17;1
2023-000960;01-17-2023;S1038;C00057;P2087;Call Center;Efectivo;Promo 15%;1;259.02;0.2;259.02;33.67;225.35;166.63;0
2023-000961;10-09-2023;S1043;C00321;P2042;Marketplace;Tarjeta;Promo 15%;2;401.39;0.0;802.78;104.36;698.42;233.31;0
2023-000962;12-09-2023;S1027;C00639;P2026;Tienda;Efectivo;Promo 15%;2;436.92;0.05;873.84;131.08;742.76;230.43;0
2023-000963;08-25-2023;S1012;C00140;P2157;Web;Tarjeta;2x1;1;178.7;0.2;178.7;21.44;157.26;118.28;1
2023-000964;08-15-2023;S1016;C00324;P2083;Marketplace;Tarjeta;Cyber Week;3;497.25;0.05;1491.75;179.01;1312.74;334.59;1
2023-000965;01-01-2023;S1021;C00594;P2127;Marketplace;Tarjeta;Black Friday;1;622.76;0.15;622.76;93.41;529.35;361.43;0
2023-000966;01-12-2023;S1037;C00020;P2059;Web;Transferencia;2x1;1;104.57;0.2;104.57;13.59;90.98;101.09;0
2023-000967;07-05-2023;S1016;C00278;P2035;Tienda;Financiamiento;Sin Promo;1;770.61;0.15;770.61;92.47;678.14;418.3;0
2023-000968;03-20-2023;S1004;C00419;P2047;Web;Transferencia;Sin Promo;1;456.79;0.0;456.79;59.38;397.41;295.44;1
2023-000969;04-18-2023;S1011;C00308;P2105;Marketplace;Tarjeta;Sin Promo;1;676.15;0.0;676.15;81.14;595.01;320.12;1
2023-000970;02-17-2023;S1020;C00289;P2060;Call Center;Efectivo;Black Friday;2;325.76;0.15;651.52;97.73;553.79;245.82;0
2023-000971;01-29-2023;S1020;C00525;P2101;Web;Efectivo;2x1;6;336.53;0.0;2019.18;302.88;1716.3;262.94;0
2023-000972;04-07-2023;S1011;C00107;P2018;Call Center;Transferencia;2x1;1;352.67;0.1;352.67;42.32;310.35;224.11;1
2023-000973;05-30-2023;S1020;C00517;P2030;Marketplace;Transferencia;Promo 10%;1;487.3;0.1;487.3;73.09;414.21;418.38;0
2023-000974;04-29-2023;S1012;C00052;P2046;Marketplace;Financiamiento;Promo 15%;1;362.57;0.0;362.57;43.51;319.06;192.92;0
2023-000975;10-20-2023;S1003;C00003;P2040;Web;Tarjeta;Black Friday;1;59.49;0.0;59.49;7.73;51.76;35.66;0
2023-000976;05-31-2023;S1008;C00549;P2008;Call Center;Tarjeta;2x1;1;874.23;0.0;874.23;113.65;760.58;421.75;1
2023-000977;05-11-2023;S1022;C00267;P2138;Web;Transferencia;Cyber Week;3;720.1;0.0;2160.3;324.05;1836.25;375.47;1
2023-000978;10-17-2023;S1005;C00702;P2073;Tienda;Financiamiento;Cyber Week;4;164.56;0.0;658.24;85.57;572.67;131.1;0
2023-000979;11-17-2023;S1040;C00757;P2146;Web;Tarjeta;Cyber Week;1;264.57;0.15;264.57;34.39;230.18;242.22;0
2023-000980;02-26-2023;S1007;C00406;P2155;Tienda;Billetera Digital;Promo 10%;3;157.33;0.0;471.99;61.36;410.63;71.96;0
2023-000981;07-16-2023;S1040;C00730;P2120;Web;Billetera Digital;Promo 10%;4;169.57;0.15;678.28;88.18;590.1;113.2;0
2023-000982;02-04-2023;S1005;C00331;P2072;Tienda;Tarjeta;Cyber Week;4;574.39;0.05;2297.56;298.68;1998.88;420.23;0
2023-000983;10-06-2023;S1039;C00227;P2148;Web;Billetera Digital;Black Friday;1;539.85;0.2;539.85;70.18;469.67;390.62;0
2023-000984;07-24-2023;S1018;C00045;P2034;Web;Transferencia;2x1;2;262.95;0.0;525.9;63.11;462.79;122.22;0
2023-000985;06-12-2023;S1037;C00138;P2069;Marketplace;Transferencia;Cyber Week;3;181.97;0.05;545.91;70.97;474.94;145.02;0
2023-000986;02-05-2023;S1035;C00243;P2041;Marketplace;Transferencia;2x1;2;46.52;0.0;93.04;13.96;79.08;34.06;1
2023-000987;04-05-2023;S1042;C00341;P2101;Call Center;Efectivo;Promo 15%;1;302.88;0.1;302.88;39.37;263.51;262.94;0
2023-000988;12-06-2023;S1014;C00498;P2061;Marketplace;Billetera Digital;Promo 10%;1;36.28;0.15;36.28;4.35;31.93;26.36;0
2023-000989;04-26-2023;S1002;C00508;P2150;Tienda;Transferencia;Promo 15%;2;234.07;0.0;468.14;60.86;407.28;154.53;0
2023-000990;11-07-2023;S1045;C00578;P2039;Web;Billetera Digital;Cyber Week;2;477.0;0.0;954.0;124.02;829.98;251.05;0
2023-000991;09-03-2023;S1002;C00080;P2123;Web;Billetera Digital;Promo 15%;2;166.35;0.05;332.7;43.25;289.45;112.82;0
2023-000992;10-23-2023;S1030;C00791;P2002;Tienda;Tarjeta;2x1;3;232.13;0.2;696.39;104.46;591.93;134.76;1
2023-000993;09-04-2023;S1007;C00526;P2103;Web;Financiamiento;2x1;1;382.41;0.1;382.41;49.71;332.7;274.37;0
2023-000994;04-21-2023;S1015;C00143;P2043;Web;Transferencia;Black Friday;2;313.61;0.0;627.22;75.27;551.95;244.5;0
2023-000995;07-20-2023;S1030;C00479;P2026;Web;Efectivo;Black Friday;2;390.93;0.15;781.86;117.28;664.58;230.43;0
2023-000996;10-08-2023;S1040;C00388;P2046;Web;Tarjeta;Sin Promo;3;308.18;0.15;924.54;120.19;804.35;192.92;0
2023-000997;12-15-2023;S1015;C00601;P2052;Marketplace;Transferencia;Promo 15%;6;80.49;0.15;482.94;57.95;424.99;47.67;0
2023-000998;10-09-2023;S1034;C00097;P2020;Tienda;Financiamiento;Promo 15%;2;49.36;0.0;98.72;14.81;83.91;32.33;0
2023-000999;07-07-2023;S1028;C00791;P2152;Call Center;Tarjeta;Promo 10%;3;399.61;0.2;1198.83;179.82;1019.01;338.06;1
2023-001000;03-10-2023;S1019;C00629;P2131;Call Center;Financiamiento;Promo 15%;1;167.39;0.15;167.39;25.11;142.28;119.6;0
2023-001001;11-10-2023;S1034;C00655;P2018;Marketplace;Billetera Digital;Black Friday;1;313.49;0.2;313.49;47.02;266.47;224.11;0
2023-001002;10-21-2023;S1015;C00754;P2071;Web;Tarjeta;Cyber Week;1;483.57;0.0;483.57;58.03;425.54;243.78;0
2023-001003;02-24-2023;S1045;C00136;P2074;Web;Billetera Digital;Sin Promo;1;267.21;0.05;267.21;34.74;232.47;138.92;0
2023-001004;03-18-2023;S1038;C00781;P2136;Marketplace;Financiamiento;Promo 15%;2;139.32;0.1;278.64;36.22;242.42;99.42;0
2023-001005;02-28-2023;S1011;C00325;P2009;Tienda;Tarjeta;2x1;2;496.86;0.05;993.72;119.25;874.47;287.2;0
2023-001006;08-07-2023;S1039;C00465;P2081;Tienda;Efectivo;Promo 10%;3;399.31;0.0;1197.93;155.73;1042.2;192.91;0
2023-001007;02-22-2023;S1015;C00720;P2086;Web;Tarjeta;Promo 10%;1;103.74;0.05;103.74;12.45;91.29;70.05;0
2023-001008;05-27-2023;S1036;C00198;P2089;Web;Efectivo;Promo 15%;1;589.23;0.2;589.23;88.38;500.85;351.93;0
2023-001009;10-23-2023;S1009;C00548;P2107;Marketplace;Financiamiento;Promo 15%;2;273.7;0.15;547.4;71.16;476.24;196.36;0
2023-001010;03-23-2023;S1011;C00501;P2136;Marketplace;Billetera Digital;Sin Promo;2;154.8;0.0;309.6;37.15;272.45;99.42;0
2023-001011;10-18-2023;S1027;C00736;P2153;Marketplace;Financiamiento;Promo 15%;4;407.91;0.0;1631.64;244.75;1386.89;293.96;0
2023-001012;08-13-2023;S1020;C00031;P2038;Call Center;Billetera Digital;Cyber Week;3;111.96;0.2;335.88;50.38;285.5;104.22;0
2023-001013;06-28-2023;S1042;C00569;P2009;Marketplace;Billetera Digital;2x1;5;418.41;0.2;2092.05;271.97;1820.08;287.2;0
2023-001014;09-12-2023;S1014;C00193;P2071;Marketplace;Financiamiento;2x1;1;483.57;0.0;483.57;58.03;425.54;243.78;1
2023-001015;01-03-2023;S1015;C00244;P2152;Marketplace;Tarjeta;2x1;1;474.53;0.05;474.53;56.94;417.59;338.06;0
2023-001016;11-03-2023;S1002;C00635;P2146;Marketplace;Tarjeta;Sin Promo;1;311.26;0.0;311.26;40.46;270.8;242.22;0
2023-001017;10-27-2023;S1028;C00340;P2039;Web;Transferencia;2x1;1;429.3;0.1;429.3;64.39;364.91;251.05;0
2023-001018;08-22-2023;S1007;C00678;P2110;Call Center;Transferencia;2x1;1;416.72;0.0;416.72;54.17;362.55;314.95;0
2023-001019;09-13-2023;S1033;C00479;P2065;Tienda;Transferencia;Cyber Week;1;326.63;0.2;326.63;48.99;277.64;269.16;0
2023-001020;07-28-2023;S1019;C00772;P2089;Call Center;Efectivo;Black Friday;2;626.06;0.15;1252.12;187.82;1064.3;351.93;1
2023-001021;04-04-2023;S1043;C00318;P2035;Marketplace;Tarjeta;2x1;1;770.61;0.15;770.61;100.18;670.43;418.3;0
2023-001022;08-26-2023;S1010;C00130;P2089;Web;Tarjeta;Cyber Week;1;589.23;0.2;589.23;70.71;518.52;351.93;0
2023-001023;03-22-2023;S1029;C00025;P2101;Web;Efectivo;Black Friday;1;336.53;0.0;336.53;50.48;286.05;262.94;0
2023-001024;03-31-2023;S1026;C00056;P2142;Marketplace;Transferencia;Cyber Week;3;419.81;0.15;1259.43;188.91;1070.52;331.65;0
2023-001025;03-10-2023;S1003;C00581;P2106;Tienda;Transferencia;Black Friday;1;461.42;0.0;461.42;59.98;401.44;310.34;0
2023-001026;05-15-2023;S1025;C00719;P2004;Tienda;Transferencia;Cyber Week;4;462.1;0.15;1848.4;277.26;1571.14;298.92;0
2023-001027;03-09-2023;S1009;C00585;P2136;Marketplace;Billetera Digital;Black Friday;5;154.8;0.0;774.0;100.62;673.38;99.42;0
2023-001028;10-07-2023;S1032;C00430;P2083;Web;Transferencia;Black Friday;1;444.91;0.15;444.91;66.74;378.17;334.59;1
2023-001029;05-31-2023;S1030;C00274;P2112;Tienda;Financiamiento;Black Friday;2;289.41;0.2;578.82;86.82;492.0;257.82;0
2023-001030;04-25-2023;S1040;C00039;P2008;Marketplace;Efectivo;Promo 10%;4;743.1;0.15;2972.4;386.41;2585.99;421.75;0
2023-001031;08-31-2023;S1031;C00114;P2082;Web;Tarjeta;Black Friday;2;281.42;0.0;562.84;84.43;478.41;152.77;1
2023-001032;01-23-2023;S1020;C00779;P2022;Marketplace;Billetera Digital;2x1;2;427.43;0.05;854.86;128.23;726.63;325.44;0
2023-001033;02-02-2023;S1024;C00544;P2142;Call Center;Efectivo;Promo 10%;1;444.5;0.1;444.5;66.67;377.83;331.65;0
2023-001034;01-14-2023;S1040;C00653;P2156;Tienda;Tarjeta;Promo 15%;2;69.22;0.15;138.44;18.0;120.44;55.02;1
2023-001035;01-02-2023;S1015;C00282;P2156;Marketplace;Billetera Digital;2x1;2;65.14;0.2;130.28;15.63;114.65;55.02;1
2023-001036;02-22-2023;S1045;C00503;P2041;Marketplace;Tarjeta;Sin Promo;2;39.54;0.15;79.08;10.28;68.8;34.06;1
2023-001037;07-05-2023;S1029;C00026;P2052;Web;Transferencia;Cyber Week;2;75.75;0.2;151.5;22.72;128.78;47.67;0
2023-001038;07-03-2023;S1034;C00526;P2109;Tienda;Tarjeta;Cyber Week;3;208.28;0.0;624.84;93.73;531.11;141.94;0
2023-001039;03-25-2023;S1037;C00100;P2082;Tienda;Billetera Digital;Promo 10%;2;281.42;0.0;562.84;73.17;489.67;152.77;0
2023-001040;11-18-2023;S1016;C00766;P2115;Tienda;Financiamiento;Black Friday;1;335.31;0.1;335.31;40.24;295.07;201.2;0
2023-001041;03-31-2023;S1022;C00216;P2068;Marketplace;Transferencia;Sin Promo;1;209.44;0.15;209.44;31.42;178.02;122.46;0
2023-001042;03-03-2023;S1016;C00178;P2100;Call Center;Transferencia;2x1;1;571.97;0.0;571.97;68.64;503.33;422.9;0
2023-001043;01-02-2023;S1013;C00601;P2029;Call Center;Tarjeta;Cyber Week;3;442.35;0.1;1327.05;159.25;1167.8;271.13;0
2023-001044;02-17-2023;S1030;C00343;P2088;Web;Transferencia;Sin Promo;2;571.92;0.0;1143.84;171.58;972.26;308.2;0
2023-001045;10-05-2023;S1023;C00524;P2126;Web;Financiamiento;Black Friday;3;615.73;0.1;1847.19;277.08;1570.11;413.19;0
2023-001046;07-04-2023;S1024;C00247;P2135;Web;Financiamiento;2x1;3;137.64;0.1;412.92;61.94;350.98;71.27;1
2023-001047;02-01-2023;S1024;C00630;P2104;Web;Efectivo;2x1;2;561.78;0.2;1123.56;168.53;955.03;405.18;0
2023-001048;12-03-2023;S1009;C00418;P2098;Marketplace;Billetera Digital;Sin Promo;3;612.83;0.05;1838.49;239.0;1599.49;389.5;0
2023-001049;01-11-2023;S1015;C00093;P2137;Call Center;Tarjeta;Sin Promo;2;407.3;0.05;814.6;97.75;716.85;246.0;0
2023-001050;03-28-2023;S1004;C00037;P2067;Web;Tarjeta;Black Friday;1;582.45;0.0;582.45;75.72;506.73;420.88;0
2023-001051;07-07-2023;S1035;C00782;P2134;Tienda;Transferencia;2x1;3;229.48;0.05;688.44;103.27;585.17;153.79;0
2023-001052;12-27-2023;S1033;C00522;P2148;Marketplace;Financiamiento;Promo 10%;2;674.81;0.0;1349.62;202.44;1147.18;390.62;0
2023-001053;09-02-2023;S1030;C00749;P2057;Marketplace;Billetera Digital;Cyber Week;2;377.82;0.1;755.64;113.35;642.29;314.68;0
2023-001054;05-05-2023;S1019;C00656;P2054;Call Center;Tarjeta;Sin Promo;3;393.79;0.15;1181.37;177.21;1004.16;220.6;0
2023-001055;09-22-2023;S1027;C00187;P2123;Tienda;Tarjeta;Cyber Week;2;148.84;0.15;297.68;44.65;253.03;112.82;0
2023-001056;04-30-2023;S1027;C00209;P2011;Web;Efectivo;Promo 10%;2;333.81;0.15;667.62;100.14;567.48;309.34;0
2023-001057;05-17-2023;S1034;C00116;P2064;Call Center;Tarjeta;Cyber Week;1;91.31;0.0;91.31;13.7;77.61;57.47;0
2023-001058;02-20-2023;S1025;C00485;P2053;Call Center;Efectivo;Promo 10%;2;887.77;0.05;1775.54;266.33;1509.21;436.17;1
2023-001059;09-19-2023;S1045;C00656;P2117;Tienda;Billetera Digital;Cyber Week;3;75.78;0.1;227.34;29.55;197.79;41.82;0
2023-001060;04-09-2023;S1014;C00292;P2114;Web;Efectivo;Sin Promo;1;554.0;0.0;554.0;66.48;487.52;274.57;0
2023-001061;05-25-2023;S1003;C00502;P2024;Web;Transferencia;Sin Promo;1;253.02;0.2;253.02;32.89;220.13;197.91;0
2023-001062;09-09-2023;S1007;C00638;P2001;Tienda;Financiamiento;Promo 15%;3;76.66;0.2;229.98;29.9;200.08;59.67;0
2023-001063;06-30-2023;S1016;C00620;P2082;Tienda;Transferencia;Promo 10%;1;225.14;0.2;225.14;27.02;198.12;152.77;1
2023-001064;06-24-2023;S1034;C00043;P2147;Web;Billetera Digital;Promo 15%;2;548.18;0.0;1096.36;164.45;931.91;299.7;0
2023-001065;03-10-2023;S1004;C00665;P2130;Tienda;Tarjeta;Black Friday;3;666.23;0.05;1998.69;259.83;1738.86;404.15;1
2023-001066;04-25-2023;S1027;C00496;P2156;Call Center;Financiamiento;Cyber Week;3;81.43;0.0;244.29;36.64;207.65;55.02;0
2023-001067;04-18-2023;S1028;C00628;P2034;Marketplace;Financiamiento;Black Friday;1;262.95;0.0;262.95;39.44;223.51;122.22;0
2023-001068;06-20-2023;S1029;C00308;P2122;Web;Efectivo;Promo 15%;1;681.62;0.0;681.62;102.24;579.38;324.38;0
2023-001069;02-28-2023;S1020;C00655;P2036;Web;Tarjeta;Sin Promo;1;288.63;0.0;288.63;43.29;245.34;143.03;1
2023-001070;06-21-2023;S1043;C00333;P2084;Call Center;Billetera Digital;2x1;2;9.26;0.15;18.52;2.41;16.11;8.31;0
2023-001071;07-08-2023;S1040;C00113;P2154;Tienda;Financiamiento;2x1;1;733.21;0.0;733.21;95.32;637.89;427.53;0
2023-001072;11-21-2023;S1015;C00336;P2149;Web;Tarjeta;Promo 10%;1;224.81;0.0;224.81;26.98;197.83;173.08;0
2023-001073;01-06-2023;S1011;C00148;P2105;Call Center;Financiamiento;Promo 15%;3;574.73;0.15;1724.19;206.9;1517.29;320.12;1
2023-001074;11-22-2023;S1021;C00709;P2067;Web;Financiamiento;Promo 10%;1;465.96;0.2;465.96;69.89;396.07;420.88;0
2023-001075;03-07-2023;S1034;C00332;P2159;Marketplace;Tarjeta;Cyber Week;3;640.88;0.0;1922.64;288.4;1634.24;434.27;0
2023-001076;02-23-2023;S1025;C00035;P2148;Call Center;Billetera Digital;Cyber Week;1;607.33;0.1;607.33;91.1;516.23;390.62;0
2023-001077;06-17-2023;S1034;C00480;P2158;Tienda;Billetera Digital;Promo 15%;2;433.91;0.2;867.82;130.17;737.65;274.83;0
2023-001078;10-27-2023;S1017;C00605;P2045;Marketplace;Billetera Digital;2x1;1;68.91;0.0;68.91;8.27;60.64;46.07;0
2023-001079;06-30-2023;S1015;C00763;P2100;Tienda;Transferencia;2x1;2;571.97;0.0;1143.94;137.27;1006.67;422.9;0
2023-001080;06-06-2023;S1024;C00371;P2041;Marketplace;Financiamiento;Promo 10%;2;44.19;0.05;88.38;13.26;75.12;34.06;0
2023-001081;05-12-2023;S1019;C00234;P2070;Call Center;Transferencia;Sin Promo;1;614.79;0.0;614.79;92.22;522.57;281.04;0
2023-001082;06-04-2023;S1024;C00468;P2060;Marketplace;Financiamiento;Promo 15%;1;325.76;0.15;325.76;48.86;276.9;245.82;0
2023-001083;02-04-2023;S1035;C00161;P2132;Marketplace;Efectivo;Cyber Week;3;321.61;0.0;964.83;144.72;820.11;220.13;0
2023-001084;09-19-2023;S1029;C00526;P2078;Marketplace;Financiamiento;Promo 15%;2;157.38;0.05;314.76;47.21;267.55;125.47;0
2023-001085;10-14-2023;S1004;C00393;P2095;Marketplace;Efectivo;Sin Promo;1;729.93;0.0;729.93;94.89;635.04;368.2;0
2023-001086;10-13-2023;S1027;C00203;P2135;Tienda;Efectivo;2x1;1;152.93;0.0;152.93;22.94;129.99;71.27;1
2023-001087;11-08-2023;S1019;C00356;P2086;Marketplace;Billetera Digital;Promo 10%;5;109.2;0.0;546.0;81.9;464.1;70.05;0
2023-001088;04-20-2023;S1023;C00398;P2031;Call Center;Tarjeta;Promo 15%;2;203.6;0.0;407.2;61.08;346.12;111.43;0
2023-001089;03-19-2023;S1029;C00652;P2007;Marketplace;Tarjeta;Cyber Week;1;212.03;0.0;212.03;31.8;180.23;162.45;0
2023-001090;09-27-2023;S1013;C00737;P2135;Web;Transferencia;2x1;1;152.93;0.0;152.93;18.35;134.58;71.27;0
2023-001091;04-03-2023;S1032;C00342;P2088;Call Center;Efectivo;Sin Promo;5;457.54;0.2;2287.7;343.15;1944.55;308.2;0
2023-001092;06-02-2023;S1023;C00372;P2031;Web;Financiamiento;Sin Promo;2;203.6;0.0;407.2;61.08;346.12;111.43;1
2023-001093;01-27-2023;S1026;C00114;P2138;Call Center;Financiamiento;Promo 10%;1;720.1;0.0;720.1;108.02;612.08;375.47;0
2023-001094;07-10-2023;S1043;C00778;P2110;Marketplace;Billetera Digital;Promo 10%;1;416.72;0.0;416.72;54.17;362.55;314.95;1
2023-001095;08-24-2023;S1038;C00342;P2116;Web;Financiamiento;Promo 10%;1;669.51;0.1;669.51;87.04;582.47;358.01;0
2023-001096;02-14-2023;S1035;C00758;P2095;Marketplace;Tarjeta;Cyber Week;2;583.94;0.2;1167.88;175.18;992.7;368.2;0
2023-001097;10-13-2023;S1005;C00499;P2153;Tienda;Billetera Digital;Sin Promo;1;367.12;0.1;367.12;47.73;319.39;293.96;0
2023-001098;11-05-2023;S1004;C00381;P2131;Tienda;Financiamiento;Cyber Week;1;177.24;0.1;177.24;23.04;154.2;119.6;0
2023-001099;05-01-2023;S1017;C00567;P2030;Tienda;Financiamiento;Promo 15%;1;460.22;0.15;460.22;55.23;404.99;418.38;0
2023-001100;04-13-2023;S1003;C00238;P2076;Marketplace;Transferencia;Promo 10%;4;82.89;0.15;331.56;43.1;288.46;50.2;0
2023-001101;04-11-2023;S1028;C00291;P2140;Call Center;Tarjeta;Black Friday;1;12.25;0.15;12.25;1.84;10.41;6.63;0
2023-001102;03-07-2023;S1041;C00281;P2076;Web;Efectivo;Promo 15%;1;97.52;0.0;97.52;12.68;84.84;50.2;0
2023-001103;05-22-2023;S1007;C00088;P2144;Tienda;Tarjeta;Black Friday;3;218.0;0.2;654.0;85.02;568.98;177.43;1
2023-001104;02-11-2023;S1002;C00497;P2017;Web;Efectivo;Promo 10%;1;266.29;0.05;266.29;34.62;231.67;182.13;0
2023-001105;11-28-2023;S1037;C00758;P2094;Call Center;Efectivo;Promo 15%;1;630.71;0.1;630.71;81.99;548.72;392.99;0
2023-001106;09-03-2023;S1007;C00303;P2140;Tienda;Financiamiento;Sin Promo;1;12.97;0.1;12.97;1.69;11.28;6.63;0
2023-001107;02-12-2023;S1005;C00439;P2036;Call Center;Billetera Digital;Sin Promo;1;259.77;0.1;259.77;33.77;226.0;143.03;0
2023-001108;03-17-2023;S1032;C00103;P2101;Web;Financiamiento;Promo 10%;4;302.88;0.1;1211.52;181.73;1029.79;262.94;0
2023-001109;05-29-2023;S1014;C00147;P2105;Tienda;Financiamiento;2x1;2;676.15;0.0;1352.3;162.28;1190.02;320.12;0
2023-001110;10-26-2023;S1032;C00328;P2086;Web;Billetera Digital;Promo 10%;3;109.2;0.0;327.6;49.14;278.46;70.05;0
2023-001111;02-16-2023;S1039;C00308;P2061;Marketplace;Tarjeta;2x1;2;38.41;0.1;76.82;9.99;66.83;26.36;0
2023-001112;07-03-2023;S1026;C00082;P2133;Tienda;Tarjeta;Promo 15%;5;47.33;0.1;236.65;35.5;201.15;38.56;0
2023-001113;06-01-2023;S1040;C00218;P2081;Call Center;Financiamiento;Sin Promo;3;379.34;0.05;1138.02;147.94;990.08;192.91;0
2023-001114;12-07-2023;S1014;C00506;P2137;Web;Transferencia;2x1;1;407.3;0.05;407.3;48.88;358.42;246.0;0
2023-001115;02-17-2023;S1027;C00489;P2079;Web;Financiamiento;2x1;6;249.59;0.0;1497.54;224.63;1272.91;156.92;0
2023-001116;06-28-2023;S1035;C00097;P2108;Call Center;Efectivo;Black Friday;4;283.38;0.0;1133.52;170.03;963.49;144.01;0
2023-001117;08-19-2023;S1017;C00349;P2065;Marketplace;Transferencia;Black Friday;3;408.29;0.0;1224.87;146.98;1077.89;269.16;0
2023-001118;07-18-2023;S1032;C00328;P2131;Tienda;Efectivo;Black Friday;4;196.93;0.0;787.72;118.16;669.56;119.6;0
2023-001119;10-02-2023;S1013;C00790;P2068;Call Center;Efectivo;Promo 15%;1;246.4;0.0;246.4;29.57;216.83;122.46;0
2023-001120;02-17-2023;S1006;C00005;P2089;Tienda;Efectivo;Cyber Week;2;662.89;0.1;1325.78;172.35;1153.43;351.93;0
2023-001121;01-27-2023;S1006;C00438;P2128;Call Center;Tarjeta;Promo 15%;1;557.39;0.0;557.39;72.46;484.93;269.57;0
2023-001122;07-16-2023;S1028;C00792;P2062;Web;Transferencia;Promo 10%;2;100.7;0.1;201.4;30.21;171.19;74.21;0
2023-001123;10-22-2023;S1017;C00163;P2096;Call Center;Transferencia;Cyber Week;1;508.8;0.2;508.8;61.06;447.74;369.96;1
2023-001124;05-23-2023;S1016;C00775;P2095;Tienda;Financiamiento;Black Friday;1;583.94;0.2;583.94;70.07;513.87;368.2;0
2023-001125;06-02-2023;S1025;C00161;P2069;Tienda;Efectivo;2x1;1;172.4;0.1;172.4;25.86;146.54;145.02;0
2023-001126;04-26-2023;S1008;C00252;P2148;Marketplace;Efectivo;Promo 10%;6;539.85;0.2;3239.1;421.08;2818.02;390.62;0
2023-001127;03-23-2023;S1029;C00063;P2009;Call Center;Efectivo;Promo 10%;2;496.86;0.05;993.72;149.06;844.66;287.2;0
2023-001128;12-24-2023;S1030;C00131;P2094;Marketplace;Financiamiento;Black Friday;1;665.75;0.05;665.75;99.86;565.89;392.99;0
2023-001129;05-23-2023;S1045;C00446;P2113;Web;Efectivo;Promo 15%;6;297.65;0.0;1785.9;232.17;1553.73;139.53;1
2023-001130;03-29-2023;S1025;C00321;P2108;Call Center;Transferencia;Promo 10%;1;226.7;0.2;226.7;34.0;192.7;144.01;0
2023-001131;05-28-2023;S1032;C00626;P2027;Call Center;Transferencia;Promo 10%;2;331.73;0.0;663.46;99.52;563.94;230.42;0
2023-001132;02-12-2023;S1030;C00684;P2033;Call Center;Tarjeta;Cyber Week;3;68.31;0.15;204.93;30.74;174.19;61.26;1
2023-001133;04-07-2023;S1013;C00021;P2138;Call Center;Efectivo;Sin Promo;4;576.08;0.2;2304.32;276.52;2027.8;375.47;0
2023-001134;08-08-2023;S1006;C00516;P2018;Marketplace;Efectivo;Black Friday;1;372.27;0.05;372.27;48.4;323.87;224.11;0
2023-001135;07-09-2023;S1030;C00030;P2003;Marketplace;Transferencia;Promo 10%;4;508.72;0.0;2034.88;305.23;1729.65;261.5;0
2023-001136;01-03-2023;S1006;C00023;P2149;Marketplace;Efectivo;Cyber Week;1;191.09;0.15;191.09;24.84;166.25;173.08;0
2023-001137;11-09-2023;S1033;C00752;P2012;Tienda;Billetera Digital;Black Friday;3;748.91;0.05;2246.73;337.01;1909.72;363.05;0
2023-001138;06-23-2023;S1004;C00358;P2143;Marketplace;Billetera Digital;Cyber Week;3;175.44;0.0;526.32;68.42;457.9;101.86;0
2023-001139;08-07-2023;S1033;C00551;P2114;Call Center;Transferencia;Black Friday;1;470.9;0.15;470.9;70.63;400.27;274.57;0
2023-001140;10-22-2023;S1004;C00636;P2098;Call Center;Transferencia;Promo 10%;3;548.32;0.15;1644.96;213.84;1431.12;389.5;0
2023-001141;05-30-2023;S1016;C00481;P2110;Tienda;Transferencia;Promo 10%;2;354.21;0.15;708.42;85.01;623.41;314.95;0
2023-001142;09-29-2023;S1023;C00646;P2153;Call Center;Billetera Digital;Promo 15%;3;407.91;0.0;1223.73;183.56;1040.17;293.96;0
2023-001143;09-11-2023;S1022;C00299;P2046;Call Center;Billetera Digital;Cyber Week;1;290.06;0.2;290.06;43.51;246.55;192.92;0
2023-001144;09-04-2023;S1022;C00265;P2135;Tienda;Billetera Digital;Sin Promo;3;152.93;0.0;458.79;68.82;389.97;71.27;0
2023-001145;09-29-2023;S1020;C00217;P2043;Call Center;Billetera Digital;Cyber Week;2;297.93;0.05;595.86;89.38;506.48;244.5;0
2023-001146;05-14-2023;S1023;C00282;P2129;Web;Efectivo;Promo 15%;1;403.96;0.2;403.96;60.59;343.37;401.84;0
2023-001147;09-04-2023;S1026;C00375;P2134;Web;Financiamiento;Promo 15%;2;205.33;0.15;410.66;61.6;349.06;153.79;0
2023-001148;04-21-2023;S1022;C00676;P2070;Tienda;Efectivo;Cyber Week;4;614.79;0.0;2459.16;368.87;2090.29;281.04;0
2023-001149;07-08-2023;S1025;C00298;P2147;Marketplace;Tarjeta;Black Friday;2;548.18;0.0;1096.36;164.45;931.91;299.7;0
2023-001150;06-29-2023;S1012;C00741;P2006;Web;Tarjeta;Black Friday;1;402.01;0.0;402.01;48.24;353.77;287.52;1
2023-001151;05-06-2023;S1018;C00115;P2048;Tienda;Tarjeta;Promo 15%;1;272.14;0.15;272.14;32.66;239.48;183.57;0
2023-001152;07-28-2023;S1005;C00230;P2036;Call Center;Efectivo;Cyber Week;3;288.63;0.0;865.89;112.57;753.32;143.03;0
2023-001153;12-03-2023;S1035;C00524;P2012;Web;Financiamiento;2x1;1;788.33;0.0;788.33;118.25;670.08;363.05;0
2023-001154;09-29-2023;S1027;C00140;P2131;Web;Efectivo;Cyber Week;1;157.54;0.2;157.54;23.63;133.91;119.6;1
2023-001155;09-26-2023;S1024;C00645;P2068;Tienda;Financiamiento;Sin Promo;1;246.4;0.0;246.4;36.96;209.44;122.46;0
2023-001156;01-18-2023;S1029;C00011;P2016;Tienda;Billetera Digital;2x1;5;163.96;0.05;819.8;122.97;696.83;121.18;0
2023-001157;09-28-2023;S1031;C00279;P2041;Tienda;Billetera Digital;2x1;1;44.19;0.05;44.19;6.63;37.56;34.06;0
2023-001158;12-24-2023;S1044;C00009;P2010;Tienda;Financiamiento;Black Friday;2;343.48;0.15;686.96;89.3;597.66;210.17;0
2023-001159;08-18-2023;S1018;C00103;P2158;Marketplace;Financiamiento;Sin Promo;2;515.27;0.05;1030.54;123.66;906.88;274.83;0
2023-001160;01-23-2023;S1010;C00214;P2074;Call Center;Financiamiento;Promo 15%;5;239.08;0.15;1195.4;143.45;1051.95;138.92;0
2023-001161;01-01-2023;S1035;C00022;P2094;Tienda;Billetera Digital;Promo 10%;2;700.79;0.0;1401.58;210.24;1191.34;392.99;0
2023-001162;07-09-2023;S1024;C00595;P2045;Call Center;Financiamiento;Cyber Week;2;55.13;0.2;110.26;16.54;93.72;46.07;0
2023-001163;10-06-2023;S1029;C00358;P2054;Marketplace;Efectivo;2x1;1;463.28;0.0;463.28;69.49;393.79;220.6;0
2023-001164;01-04-2023;S1041;C00664;P2038;Tienda;Tarjeta;Promo 10%;1;139.95;0.0;139.95;18.19;121.76;104.22;0
2023-001165;03-09-2023;S1028;C00624;P2013;Web;Billetera Digital;Sin Promo;1;190.19;0.05;190.19;28.53;161.66;98.1;0
2023-001166;02-19-2023;S1044;C00392;P2103;Tienda;Billetera Digital;Sin Promo;1;339.92;0.2;339.92;44.19;295.73;274.37;1
2023-001167;07-13-2023;S1032;C00738;P2092;Tienda;Tarjeta;2x1;1;802.49;0.0;802.49;120.37;682.12;416.32;0
2023-001168;08-12-2023;S1044;C00662;P2043;Tienda;Tarjeta;Sin Promo;2;297.93;0.05;595.86;77.46;518.4;244.5;0
2023-001169;11-11-2023;S1029;C00156;P2069;Call Center;Efectivo;Promo 10%;1;153.24;0.2;153.24;22.99;130.25;145.02;0
2023-001170;03-18-2023;S1012;C00519;P2023;Call Center;Transferencia;Promo 10%;1;476.78;0.1;476.78;57.21;419.57;346.8;0
2023-001171;06-18-2023;S1007;C00707;P2101;Call Center;Financiamiento;Promo 10%;2;336.53;0.0;673.06;87.5;585.56;262.94;0
2023-001172;02-02-2023;S1039;C00780;P2081;Web;Transferencia;Promo 15%;1;319.45;0.2;319.45;41.53;277.92;192.91;0
2023-001173;11-01-2023;S1029;C00745;P2064;Web;Transferencia;Cyber Week;1;91.31;0.0;91.31;13.7;77.61;57.47;0
2023-001174;02-12-2023;S1012;C00443;P2039;Web;Transferencia;Promo 15%;2;381.6;0.2;763.2;91.58;671.62;251.05;1
2023-001175;09-26-2023;S1006;C00682;P2013;Marketplace;Billetera Digital;Promo 15%;1;190.19;0.05;190.19;24.72;165.47;98.1;0
2023-001176;03-29-2023;S1017;C00705;P2042;Web;Financiamiento;Promo 10%;1;401.39;0.0;401.39;48.17;353.22;233.31;0
2023-001177;07-11-2023;S1021;C00288;P2024;Call Center;Transferencia;Promo 15%;1;268.83;0.15;268.83;40.32;228.51;197.91;0
2023-001178;08-15-2023;S1037;C00122;P2014;Web;Efectivo;Sin Promo;5;344.15;0.2;1720.75;223.7;1497.05;296.33;0
2023-001179;01-09-2023;S1033;C00241;P2058;Web;Tarjeta;Promo 10%;1;465.91;0.0;465.91;69.89;396.02;324.41;0
2023-001180;09-26-2023;S1039;C00164;P2117;Call Center;Transferencia;Promo 15%;2;67.36;0.2;134.72;17.51;117.21;41.82;0
2023-001181;03-27-2023;S1015;C00775;P2067;Tienda;Financiamiento;Promo 10%;2;553.33;0.05;1106.66;132.8;973.86;420.88;0
2023-001182;02-01-2023;S1033;C00624;P2021;Call Center;Efectivo;Sin Promo;4;439.47;0.0;1757.88;263.68;1494.2;239.98;1
2023-001183;10-24-2023;S1010;C00099;P2122;Call Center;Financiamiento;Promo 10%;1;545.3;0.2;545.3;65.44;479.86;324.38;0
2023-001184;07-13-2023;S1020;C00780;P2106;Call Center;Transferencia;Black Friday;2;369.14;0.2;738.28;110.74;627.54;310.34;0
2023-001185;02-05-2023;S1020;C00340;P2004;Call Center;Tarjeta;2x1;1;434.92;0.2;434.92;65.24;369.68;298.92;0
2023-001186;11-01-2023;S1001;C00749;P2120;Marketplace;Billetera Digital;Promo 15%;4;159.6;0.2;638.4;82.99;555.41;113.2;1
2023-001187;06-05-2023;S1013;C00529;P2129;Tienda;Efectivo;Cyber Week;1;479.7;0.05;479.7;57.56;422.14;401.84;1
2023-001188;08-19-2023;S1012;C00208;P2127;Web;Financiamiento;Black Friday;1;732.66;0.0;732.66;87.92;644.74;361.43;1
2023-001189;10-25-2023;S1044;C00552;P2007;Call Center;Efectivo;Promo 10%;2;212.03;0.0;424.06;55.13;368.93;162.45;0
2023-001190;08-28-2023;S1015;C00611;P2130;Marketplace;Billetera Digital;Cyber Week;2;701.29;0.0;1402.58;168.31;1234.27;404.15;0
2023-001191;03-07-2023;S1032;C00553;P2132;Marketplace;Financiamiento;Cyber Week;4;257.29;0.2;1029.16;154.37;874.79;220.13;0
2023-001192;06-25-2023;S1020;C00732;P2035;Web;Tarjeta;Cyber Week;1;906.6;0.0;906.6;135.99;770.61;418.3;0
2023-001193;03-21-2023;S1002;C00286;P2110;Web;Financiamiento;2x1;1;416.72;0.0;416.72;54.17;362.55;314.95;0
2023-001194;10-16-2023;S1028;C00369;P2134;Web;Efectivo;Promo 10%;1;241.56;0.0;241.56;36.23;205.33;153.79;0
2023-001195;06-06-2023;S1028;C00176;P2126;Marketplace;Financiamiento;2x1;3;684.14;0.0;2052.42;307.86;1744.56;413.19;0
2023-001196;03-24-2023;S1005;C00161;P2060;Call Center;Transferencia;2x1;3;344.93;0.1;1034.79;134.52;900.27;245.82;1
2023-001197;07-08-2023;S1012;C00660;P2135;Web;Tarjeta;Promo 10%;2;129.99;0.15;259.98;31.2;228.78;71.27;1
2023-001198;11-11-2023;S1025;C00166;P2106;Web;Financiamiento;Cyber Week;1;461.42;0.0;461.42;69.21;392.21;310.34;0
2023-001199;02-07-2023;S1015;C00348;P2088;Call Center;Financiamiento;Sin Promo;1;571.92;0.0;571.92;68.63;503.29;308.2;0
2023-001200;06-09-2023;S1014;C00541;P2039;Marketplace;Billetera Digital;Sin Promo;1;477.0;0.0;477.0;57.24;419.76;251.05;1
2023-001201;07-14-2023;S1041;C00628;P2088;Web;Billetera Digital;Promo 15%;1;571.92;0.0;571.92;74.35;497.57;308.2;0
2023-001202;10-08-2023;S1015;C00312;P2131;Call Center;Financiamiento;Promo 15%;1;177.24;0.1;177.24;21.27;155.97;119.6;0
2023-001203;10-23-2023;S1034;C00664;P2090;Call Center;Transferencia;Sin Promo;1;111.49;0.1;111.49;16.72;94.77;72.93;0
2023-001204;08-13-2023;S1028;C00011;P2093;Web;Tarjeta;Promo 15%;3;118.37;0.2;355.11;53.27;301.84;75.0;0
2023-001205;01-20-2023;S1043;C00096;P2041;Tienda;Tarjeta;Sin Promo;5;41.87;0.1;209.35;27.22;182.13;34.06;1
2023-001206;10-24-2023;S1018;C00655;P2044;Tienda;Efectivo;2x1;1;454.08;0.0;454.08;54.49;399.59;214.81;0
2023-001207;04-26-2023;S1040;C00642;P2026;Call Center;Transferencia;2x1;3;390.93;0.15;1172.79;152.46;1020.33;230.43;0
2023-001208;05-29-2023;S1005;C00403;P2076;Web;Billetera Digital;Sin Promo;2;92.64;0.05;185.28;24.09;161.19;50.2;1
2023-001209;09-27-2023;S1021;C00012;P2081;Web;Financiamiento;2x1;1;399.31;0.0;399.31;59.9;339.41;192.91;0
2023-001210;04-26-2023;S1034;C00003;P2150;Web;Tarjeta;Cyber Week;1;234.07;0.0;234.07;35.11;198.96;154.53;0
2023-001211;08-23-2023;S1011;C00095;P2008;Call Center;Tarjeta;Promo 15%;1;786.81;0.1;786.81;94.42;692.39;421.75;0
2023-001212;05-17-2023;S1028;C00361;P2055;Web;Billetera Digital;Promo 10%;2;140.77;0.0;281.54;42.23;239.31;77.43;0
2023-001213;07-12-2023;S1019;C00307;P2138;Marketplace;Efectivo;Black Friday;3;720.1;0.0;2160.3;324.05;1836.25;375.47;1
2023-001214;04-14-2023;S1005;C00533;P2041;Call Center;Financiamiento;Promo 15%;4;46.52;0.0;186.08;24.19;161.89;34.06;1
2023-001215;03-10-2023;S1001;C00011;P2148;Marketplace;Transferencia;Sin Promo;3;539.85;0.2;1619.55;210.54;1409.01;390.62;0
2023-001216;09-30-2023;S1001;C00199;P2136;Web;Billetera Digital;Black Friday;2;154.8;0.0;309.6;40.25;269.35;99.42;0
2023-001217;09-08-2023;S1023;C00258;P2065;Call Center;Efectivo;Cyber Week;1;367.46;0.1;367.46;55.12;312.34;269.16;0
2023-001218;06-20-2023;S1016;C00381;P2065;Web;Efectivo;Promo 15%;2;367.46;0.1;734.92;88.19;646.73;269.16;0
2023-001219;06-26-2023;S1001;C00466;P2046;Marketplace;Efectivo;Sin Promo;1;308.18;0.15;308.18;40.06;268.12;192.92;0
2023-001220;01-05-2023;S1007;C00714;P2110;Call Center;Tarjeta;Sin Promo;1;375.05;0.1;375.05;48.76;326.29;314.95;0
2023-001221;08-17-2023;S1014;C00400;P2002;Marketplace;Efectivo;Black Friday;1;290.16;0.0;290.16;34.82;255.34;134.76;1
2023-001222;11-29-2023;S1009;C00401;P2093;Call Center;Financiamiento;Promo 10%;3;140.56;0.05;421.68;54.82;366.86;75.0;1
2023-001223;08-09-2023;S1007;C00151;P2158;Web;Efectivo;Black Friday;1;433.91;0.2;433.91;56.41;377.5;274.83;0
2023-001224;05-04-2023;S1027;C00487;P2020;Web;Transferencia;Cyber Week;1;41.96;0.15;41.96;6.29;35.67;32.33;0
2023-001225;04-11-2023;S1043;C00337;P2129;Web;Transferencia;2x1;1;429.21;0.15;429.21;55.8;373.41;401.84;1
2023-001226;04-16-2023;S1009;C00423;P2080;Web;Tarjeta;Promo 10%;3;286.7;0.05;860.1;111.81;748.29;221.89;0
2023-001227;03-22-2023;S1028;C00695;P2112;Call Center;Tarjeta;Sin Promo;1;307.5;0.15;307.5;46.12;261.38;257.82;0
2023-001228;02-18-2023;S1042;C00262;P2042;Tienda;Financiamiento;Promo 10%;1;401.39;0.0;401.39;52.18;349.21;233.31;1
2023-001229;04-16-2023;S1041;C00757;P2021;Web;Transferencia;Black Friday;2;417.5;0.05;835.0;108.55;726.45;239.98;1
2023-001230;04-01-2023;S1038;C00084;P2108;Call Center;Billetera Digital;Promo 15%;1;283.38;0.0;283.38;36.84;246.54;144.01;0
2023-001231;04-23-2023;S1015;C00091;P2059;Call Center;Tarjeta;2x1;2;117.64;0.1;235.28;28.23;207.05;101.09;0
2023-001232;04-29-2023;S1032;C00583;P2156;Web;Transferencia;Cyber Week;5;73.29;0.1;366.45;54.97;311.48;55.02;1
2023-001233;09-20-2023;S1030;C00767;P2127;Marketplace;Transferencia;Black Friday;1;732.66;0.0;732.66;109.9;622.76;361.43;0
2023-001234;06-19-2023;S1014;C00189;P2119;Web;Billetera Digital;2x1;1;724.93;0.05;724.93;86.99;637.94;363.73;0
2023-001235;04-12-2023;S1028;C00555;P2135;Tienda;Efectivo;Sin Promo;4;145.28;0.05;581.12;87.17;493.95;71.27;1
2023-001236;11-03-2023;S1012;C00650;P2113;Call Center;Billetera Digital;Cyber Week;1;267.88;0.1;267.88;32.15;235.73;139.53;1
2023-001237;12-27-2023;S1006;C00455;P2134;Call Center;Financiamiento;Promo 15%;2;241.56;0.0;483.12;62.81;420.31;153.79;0
2023-001238;06-11-2023;S1039;C00771;P2031;Web;Tarjeta;Cyber Week;1;193.42;0.05;193.42;25.14;168.28;111.43;0
2023-001239;08-14-2023;S1021;C00685;P2059;Call Center;Billetera Digital;Black Friday;1;124.17;0.05;124.17;18.63;105.54;101.09;0
2023-001240;12-17-2023;S1019;C00325;P2101;Marketplace;Financiamiento;Black Friday;1;286.05;0.15;286.05;42.91;243.14;262.94;0
2023-001241;10-17-2023;S1018;C00631;P2069;Marketplace;Billetera Digital;Promo 10%;1;181.97;0.05;181.97;21.84;160.13;145.02;0
2023-001242;02-20-2023;S1008;C00092;P2152;Marketplace;Transferencia;Sin Promo;1;474.53;0.05;474.53;61.69;412.84;338.06;0
2023-001243;07-18-2023;S1044;C00662;P2027;Call Center;Tarjeta;Cyber Week;1;331.73;0.0;331.73;43.12;288.61;230.42;0
2023-001244;07-29-2023;S1005;C00252;P2004;Marketplace;Tarjeta;Black Friday;1;462.1;0.15;462.1;60.07;402.03;298.92;0
2023-001245;03-29-2023;S1043;C00475;P2022;Call Center;Transferencia;2x1;2;449.93;0.0;899.86;116.98;782.88;325.44;0
2023-001246;04-13-2023;S1025;C00234;P2005;Web;Billetera Digital;Black Friday;3;464.04;0.15;1392.12;208.82;1183.3;390.45;0
2023-001247;02-10-2023;S1013;C00758;P2106;Marketplace;Transferencia;Promo 15%;2;415.28;0.1;830.56;99.67;730.89;310.34;0
2023-001248;04-12-2023;S1001;C00748;P2027;Marketplace;Transferencia;Cyber Week;1;281.97;0.15;281.97;36.66;245.31;230.42;0
2023-001249;09-08-2023;S1036;C00638;P2054;Marketplace;Financiamiento;Cyber Week;4;463.28;0.0;1853.12;277.97;1575.15;220.6;0
2023-001250;02-21-2023;S1012;C00604;P2029;Web;Efectivo;Promo 10%;1;466.92;0.05;466.92;56.03;410.89;271.13;0
2023-001251;04-24-2023;S1034;C00092;P2025;Tienda;Transferencia;2x1;3;664.27;0.0;1992.81;298.92;1693.89;394.63;1
2023-001252;06-30-2023;S1030;C00574;P2132;Call Center;Financiamiento;Sin Promo;2;257.29;0.2;514.58;77.19;437.39;220.13;0
2023-001253;01-30-2023;S1042;C00472;P2017;Marketplace;Tarjeta;2x1;3;224.24;0.2;672.72;87.45;585.27;182.13;1
2023-001254;07-15-2023;S1033;C00284;P2015;Marketplace;Tarjeta;Black Friday;2;165.08;0.05;330.16;49.52;280.64;122.14;0
2023-001255;12-31-2023;S1023;C00233;P2104;Call Center;Billetera Digital;Black Friday;2;702.23;0.0;1404.46;210.67;1193.79;405.18;0
2023-001256;07-10-2023;S1020;C00053;P2051;Web;Efectivo;2x1;4;727.14;0.15;2908.56;436.28;2472.28;394.02;0
2023-001257;09-12-2023;S1027;C00505;P2012;Marketplace;Tarjeta;Promo 10%;4;670.08;0.15;2680.32;402.05;2278.27;363.05;1
2023-001258;05-20-2023;S1032;C00707;P2010;Marketplace;Efectivo;Black Friday;2;323.27;0.2;646.54;96.98;549.56;210.17;0
2023-001259;09-24-2023;S1004;C00166;P2115;Marketplace;Billetera Digital;2x1;2;372.57;0.0;745.14;96.87;648.27;201.2;0
2023-001260;01-04-2023;S1010;C00713;P2118;Web;Tarjeta;Black Friday;4;58.64;0.1;234.56;28.15;206.41;45.65;0
2023-001261;02-24-2023;S1019;C00704;P2077;Tienda;Billetera Digital;Promo 10%;2;715.22;0.1;1430.44;214.57;1215.87;400.81;1
2023-001262;12-13-2023;S1025;C00669;P2084;Call Center;Tarjeta;Black Friday;2;10.89;0.0;21.78;3.27;18.51;8.31;0
2023-001263;09-17-2023;S1014;C00755;P2064;Tienda;Billetera Digital;Black Friday;2;91.31;0.0;182.62;21.91;160.71;57.47;0
2023-001264;11-06-2023;S1011;C00442;P2140;Tienda;Tarjeta;Black Friday;1;14.41;0.0;14.41;1.73;12.68;6.63;0
2023-001265;08-27-2023;S1028;C00483;P2105;Tienda;Tarjeta;Black Friday;2;574.73;0.15;1149.46;172.42;977.04;320.12;0
2023-001266;09-24-2023;S1033;C00693;P2063;Marketplace;Efectivo;Promo 10%;3;59.85;0.15;179.55;26.93;152.62;34.56;0
2023-001267;03-09-2023;S1034;C00409;P2126;Marketplace;Efectivo;Cyber Week;2;684.14;0.0;1368.28;205.24;1163.04;413.19;0
2023-001268;11-11-2023;S1016;C00349;P2002;Call Center;Financiamiento;Promo 15%;1;290.16;0.0;290.16;34.82;255.34;134.76;1
2023-001269;02-11-2023;S1005;C00603;P2037;Tienda;Efectivo;Sin Promo;5;623.8;0.0;3119.0;405.47;2713.53;405.23;0
2023-001270;08-24-2023;S1030;C00561;P2127;Web;Transferencia;Promo 10%;2;732.66;0.0;1465.32;219.8;1245.52;361.43;1
2023-001271;09-08-2023;S1008;C00328;P2002;Marketplace;Transferencia;Black Friday;3;232.13;0.2;696.39;90.53;605.86;134.76;0
2023-001272;09-09-2023;S1028;C00058;P2074;Tienda;Billetera Digital;Promo 10%;2;281.27;0.0;562.54;84.38;478.16;138.92;0
2023-001273;08-12-2023;S1041;C00275;P2142;Tienda;Financiamiento;Promo 10%;2;493.89;0.0;987.78;128.41;859.37;331.65;0
2023-001274;02-26-2023;S1025;C00671;P2029;Marketplace;Transferencia;Black Friday;1;491.5;0.0;491.5;73.72;417.78;271.13;1
2023-001275;04-10-2023;S1021;C00153;P2087;Web;Transferencia;Sin Promo;1;323.78;0.0;323.78;48.57;275.21;166.63;0
2023-001276;06-20-2023;S1043;C00759;P2102;Call Center;Tarjeta;Cyber Week;1;500.87;0.0;500.87;65.11;435.76;270.07;0
2023-001277;06-09-2023;S1004;C00727;P2038;Call Center;Transferencia;2x1;1;118.96;0.15;118.96;15.46;103.5;104.22;0
2023-001278;11-27-2023;S1037;C00040;P2127;Marketplace;Transferencia;Black Friday;2;732.66;0.0;1465.32;190.49;1274.83;361.43;0
2023-001279;02-28-2023;S1004;C00428;P2068;Call Center;Efectivo;Black Friday;3;197.12;0.2;591.36;76.88;514.48;122.46;0
2023-001280;12-04-2023;S1005;C00022;P2010;Marketplace;Transferencia;Black Friday;1;404.09;0.0;404.09;52.53;351.56;210.17;0
2023-001281;09-08-2023;S1028;C00355;P2037;Marketplace;Tarjeta;Promo 10%;1;623.8;0.0;623.8;93.57;530.23;405.23;0
2023-001282;06-24-2023;S1025;C00577;P2129;Call Center;Transferencia;Sin Promo;1;403.96;0.2;403.96;60.59;343.37;401.84;0
2023-001283;12-27-2023;S1031;C00748;P2154;Call Center;Efectivo;Black Friday;1;696.55;0.05;696.55;104.48;592.07;427.53;0
2023-001284;05-17-2023;S1030;C00040;P2087;Tienda;Efectivo;Promo 15%;2;307.59;0.05;615.18;92.28;522.9;166.63;0
2023-001285;03-26-2023;S1014;C00523;P2029;Web;Transferencia;Sin Promo;3;417.77;0.15;1253.31;150.4;1102.91;271.13;0
2023-001286;08-06-2023;S1001;C00073;P2018;Web;Billetera Digital;Cyber Week;3;313.49;0.2;940.47;122.26;818.21;224.11;1
2023-001287;11-14-2023;S1005;C00736;P2135;Marketplace;Financiamiento;Promo 10%;2;145.28;0.05;290.56;37.77;252.79;71.27;1
2023-001288;01-22-2023;S1003;C00025;P2114;Tienda;Efectivo;Black Friday;3;470.9;0.15;1412.7;183.65;1229.05;274.57;0
2023-001289;04-20-2023;S1030;C00731;P2134;Call Center;Financiamiento;Promo 15%;2;205.33;0.15;410.66;61.6;349.06;153.79;0
2023-001290;02-18-2023;S1009;C00368;P2135;Marketplace;Efectivo;Black Friday;4;129.99;0.15;519.96;67.59;452.37;71.27;0
2023-001291;03-04-2023;S1042;C00503;P2150;Tienda;Tarjeta;Promo 10%;2;198.96;0.15;397.92;51.73;346.19;154.53;1
2023-001292;05-21-2023;S1027;C00343;P2064;Marketplace;Billetera Digital;Promo 10%;2;91.31;0.0;182.62;27.39;155.23;57.47;0
2023-001293;12-17-2023;S1020;C00479;P2146;Web;Efectivo;Sin Promo;4;295.7;0.05;1182.8;177.42;1005.38;242.22;0
2023-001294;02-10-2023;S1029;C00469;P2116;Marketplace;Financiamiento;Cyber Week;2;706.7;0.05;1413.4;212.01;1201.39;358.01;0
2023-001295;02-19-2023;S1041;C00696;P2078;Call Center;Billetera Digital;2x1;5;157.38;0.05;786.9;102.3;684.6;125.47;0
2023-001296;10-09-2023;S1033;C00607;P2067;Call Center;Billetera Digital;Cyber Week;6;582.45;0.0;3494.7;524.2;2970.5;420.88;0
2023-001297;08-27-2023;S1006;C00038;P2062;Marketplace;Billetera Digital;Sin Promo;2;111.89;0.0;223.78;29.09;194.69;74.21;0
2023-001298;11-05-2023;S1024;C00647;P2029;Tienda;Financiamiento;Black Friday;1;417.77;0.15;417.77;62.67;355.1;271.13;1
2023-001299;04-01-2023;S1035;C00743;P2137;Marketplace;Tarjeta;Sin Promo;2;385.87;0.1;771.74;115.76;655.98;246.0;0
2023-001300;11-29-2023;S1036;C00228;P2019;Call Center;Billetera Digital;2x1;5;377.02;0.2;1885.1;282.76;1602.34;283.84;0
2023-001301;09-24-2023;S1004;C00512;P2001;Marketplace;Efectivo;Sin Promo;2;81.45;0.15;162.9;21.18;141.72;59.67;0
2023-001302;04-28-2023;S1045;C00394;P2073;Marketplace;Tarjeta;Cyber Week;5;131.65;0.2;658.25;85.57;572.68;131.1;0
2023-001303;01-26-2023;S1003;C00150;P2089;Tienda;Tarjeta;Promo 15%;4;736.54;0.0;2946.16;383.0;2563.16;351.93;0
2023-001304;01-21-2023;S1002;C00176;P2023;Tienda;Efectivo;Promo 10%;6;529.75;0.0;3178.5;413.21;2765.29;346.8;0
2023-001305;04-02-2023;S1032;C00194;P2029;Call Center;Financiamiento;Sin Promo;1;491.5;0.0;491.5;73.72;417.78;271.13;0
2023-001306;12-31-2023;S1025;C00521;P2138;Tienda;Tarjeta;Black Friday;3;684.1;0.05;2052.3;307.85;1744.45;375.47;0
2023-001307;11-20-2023;S1007;C00104;P2005;Call Center;Tarjeta;Promo 15%;1;464.04;0.15;464.04;60.33;403.71;390.45;0
2023-001308;04-16-2023;S1007;C00358;P2106;Call Center;Financiamiento;Sin Promo;5;415.28;0.1;2076.4;269.93;1806.47;310.34;0
2023-001309;12-22-2023;S1040;C00715;P2035;Call Center;Efectivo;Sin Promo;2;861.27;0.05;1722.54;223.93;1498.61;418.3;1
2023-001310;04-11-2023;S1032;C00665;P2009;Call Center;Tarjeta;Promo 15%;1;523.01;0.0;523.01;78.45;444.56;287.2;1
2023-001311;04-27-2023;S1043;C00343;P2148;Web;Transferencia;Black Friday;1;674.81;0.0;674.81;87.73;587.08;390.62;1
2023-001312;10-23-2023;S1024;C00682;P2006;Web;Tarjeta;Promo 10%;3;402.01;0.0;1206.03;180.9;1025.13;287.52;0
2023-001313;01-17-2023;S1013;C00084;P2021;Tienda;Transferencia;Sin Promo;3;395.52;0.1;1186.56;142.39;1044.17;239.98;0
2023-001314;03-31-2023;S1028;C00322;P2055;Call Center;Tarjeta;Promo 10%;1;119.65;0.15;119.65;17.95;101.7;77.43;0
2023-001315;05-09-2023;S1004;C00760;P2103;Call Center;Efectivo;Promo 10%;4;339.92;0.2;1359.68;176.76;1182.92;274.37;0
2023-001316;04-15-2023;S1022;C00551;P2137;Marketplace;Tarjeta;Promo 15%;3;428.74;0.0;1286.22;192.93;1093.29;246.0;1
2023-001317;08-14-2023;S1041;C00731;P2020;Call Center;Financiamiento;Promo 10%;3;44.42;0.1;133.26;17.32;115.94;32.33;0
2023-001318;09-03-2023;S1025;C00116;P2066;Marketplace;Efectivo;Cyber Week;2;446.0;0.15;892.0;133.8;758.2;297.19;0
2023-001319;04-01-2023;S1006;C00633;P2128;Call Center;Efectivo;2x1;1;557.39;0.0;557.39;72.46;484.93;269.57;0
2023-001320;10-05-2023;S1025;C00050;P2111;Tienda;Financiamiento;Promo 15%;1;292.12;0.0;292.12;43.82;248.3;191.52;0
2023-001321;09-09-2023;S1014;C00745;P2052;Web;Efectivo;Promo 15%;2;94.69;0.0;189.38;22.73;166.65;47.67;1
2023-001322;01-31-2023;S1006;C00732;P2033;Tienda;Billetera Digital;2x1;2;64.29;0.2;128.58;16.72;111.86;61.26;1
2023-001323;11-26-2023;S1026;C00091;P2108;Call Center;Financiamiento;Promo 10%;1;255.04;0.1;255.04;38.26;216.78;144.01;0
2023-001324;02-17-2023;S1016;C00342;P2092;Call Center;Transferencia;Cyber Week;1;802.49;0.0;802.49;96.3;706.19;416.32;0
2023-001325;12-19-2023;S1037;C00078;P2082;Web;Efectivo;2x1;3;267.35;0.05;802.05;104.27;697.78;152.77;0
2023-001326;07-10-2023;S1042;C00444;P2159;Call Center;Tarjeta;Promo 10%;2;544.75;0.15;1089.5;141.63;947.87;434.27;0
2023-001327;10-22-2023;S1025;C00761;P2053;Tienda;Financiamiento;2x1;2;934.5;0.0;1869.0;280.35;1588.65;436.17;1
2023-001328;09-02-2023;S1023;C00086;P2157;Call Center;Tarjeta;Sin Promo;2;178.7;0.2;357.4;53.61;303.79;118.28;0
2023-001329;03-29-2023;S1027;C00693;P2123;Call Center;Efectivo;Cyber Week;2;140.09;0.2;280.18;42.03;238.15;112.82;0
2023-001330;06-06-2023;S1006;C00610;P2118;Marketplace;Efectivo;Sin Promo;1;58.64;0.1;58.64;7.62;51.02;45.65;1
2023-001331;01-06-2023;S1021;C00567;P2008;Tienda;Financiamiento;Promo 15%;2;830.52;0.05;1661.04;249.16;1411.88;421.75;0
2023-001332;06-24-2023;S1042;C00300;P2116;Tienda;Billetera Digital;2x1;1;669.51;0.1;669.51;87.04;582.47;358.01;0
2023-001333;11-27-2023;S1033;C00007;P2048;Call Center;Transferencia;Black Friday;2;288.14;0.1;576.28;86.44;489.84;183.57;1
2023-001334;04-10-2023;S1014;C00303;P2012;Web;Efectivo;2x1;1;670.08;0.15;670.08;80.41;589.67;363.05;0
2023-001335;07-26-2023;S1038;C00782;P2156;Web;Financiamiento;Promo 15%;2;69.22;0.15;138.44;18.0;120.44;55.02;0
2023-001336;09-09-2023;S1015;C00382;P2058;Marketplace;Transferencia;2x1;1;372.73;0.2;372.73;44.73;328.0;324.41;1
2023-001337;12-22-2023;S1005;C00161;P2064;Tienda;Billetera Digital;Promo 10%;4;91.31;0.0;365.24;47.48;317.76;57.47;0
2023-001338;08-03-2023;S1011;C00561;P2145;Tienda;Efectivo;Promo 10%;1;106.21;0.1;106.21;12.75;93.46;77.61;0
2023-001339;03-30-2023;S1023;C00784;P2101;Tienda;Transferencia;Sin Promo;5;336.53;0.0;1682.65;252.4;1430.25;262.94;0
2023-001340;03-25-2023;S1019;C00595;P2016;Web;Transferencia;Cyber Week;1;138.07;0.2;138.07;20.71;117.36;121.18;0
2023-001341;10-20-2023;S1036;C00603;P2104;Marketplace;Financiamiento;Promo 10%;3;702.23;0.0;2106.69;316.0;1790.69;405.18;0
2023-001342;05-27-2023;S1045;C00558;P2061;Call Center;Efectivo;Promo 10%;1;40.55;0.05;40.55;5.27;35.28;26.36;1
2023-001343;05-10-2023;S1025;C00286;P2137;Web;Billetera Digital;Promo 10%;2;428.74;0.0;857.48;128.62;728.86;246.0;1
2023-001344;09-15-2023;S1027;C00793;P2073;Tienda;Tarjeta;Promo 10%;2;164.56;0.0;329.12;49.37;279.75;131.1;0
2023-001345;06-11-2023;S1038;C00162;P2064;Call Center;Transferencia;Sin Promo;3;77.61;0.15;232.83;30.27;202.56;57.47;1
2023-001346;08-24-2023;S1038;C00371;P2074;Call Center;Billetera Digital;2x1;2;253.14;0.1;506.28;65.82;440.46;138.92;0
2023-001347;05-06-2023;S1036;C00750;P2131;Web;Billetera Digital;Promo 10%;4;157.54;0.2;630.16;94.52;535.64;119.6;0
2023-001348;09-16-2023;S1020;C00259;P2139;Call Center;Financiamiento;Black Friday;3;18.25;0.1;54.75;8.21;46.54;12.71;0
2023-001349;04-18-2023;S1010;C00515;P2037;Web;Transferencia;Black Friday;3;592.61;0.05;1777.83;213.34;1564.49;405.23;0
2023-001350;08-18-2023;S1031;C00349;P2121;Call Center;Billetera Digital;Sin Promo;2;355.11;0.15;710.22;106.53;603.69;207.12;0
2023-001351;06-28-2023;S1015;C00085;P2125;Marketplace;Tarjeta;2x1;3;344.65;0.0;1033.95;124.07;909.88;235.01;1
2023-001352;11-05-2023;S1039;C00724;P2107;Call Center;Efectivo;Cyber Week;2;305.9;0.05;611.8;79.53;532.27;196.36;1
2023-001353;07-04-2023;S1038;C00460;P2090;Tienda;Financiamiento;Black Friday;1;111.49;0.1;111.49;14.49;97.0;72.93;0
2023-001354;11-02-2023;S1020;C00540;P2145;Web;Transferencia;Promo 10%;1;118.01;0.0;118.01;17.7;100.31;77.61;0
2023-001355;11-12-2023;S1008;C00686;P2001;Call Center;Efectivo;Cyber Week;1;91.03;0.05;91.03;11.83;79.2;59.67;0
2023-001356;07-29-2023;S1015;C00101;P2020;Tienda;Tarjeta;2x1;2;44.42;0.1;88.84;10.66;78.18;32.33;0
2023-001357;08-14-2023;S1024;C00021;P2119;Call Center;Financiamiento;Cyber Week;3;724.93;0.05;2174.79;326.22;1848.57;363.73;1
2023-001358;04-28-2023;S1019;C00135;P2003;Tienda;Billetera Digital;Sin Promo;2;457.85;0.1;915.7;137.35;778.35;261.5;0
2023-001359;11-30-2023;S1003;C00530;P2066;Web;Efectivo;Sin Promo;2;498.47;0.05;996.94;129.6;867.34;297.19;0
2023-001360;04-21-2023;S1005;C00728;P2138;Call Center;Efectivo;Promo 15%;1;612.09;0.15;612.09;79.57;532.52;375.47;0
2023-001361;07-18-2023;S1004;C00559;P2097;Web;Efectivo;Promo 15%;1;521.13;0.0;521.13;67.75;453.38;298.37;0
2023-001362;12-21-2023;S1036;C00137;P2010;Marketplace;Tarjeta;Black Friday;2;383.89;0.05;767.78;115.17;652.61;210.17;0
2023-001363;05-21-2023;S1037;C00632;P2054;Call Center;Financiamiento;Sin Promo;1;416.95;0.1;416.95;54.2;362.75;220.6;0
2023-001364;03-14-2023;S1002;C00533;P2066;Web;Transferencia;2x1;1;498.47;0.05;498.47;64.8;433.67;297.19;0
2023-001365;05-16-2023;S1011;C00265;P2069;Marketplace;Financiamiento;Promo 10%;1;191.55;0.0;191.55;22.99;168.56;145.02;0
2023-001366;12-05-2023;S1031;C00017;P2125;Call Center;Efectivo;Black Friday;1;344.65;0.0;344.65;51.7;292.95;235.01;1
2023-001367;12-28-2023;S1018;C00130;P2140;Marketplace;Billetera Digital;Sin Promo;3;12.97;0.1;38.91;4.67;34.24;6.63;0
2023-001368;10-24-2023;S1022;C00570;P2067;Call Center;Financiamiento;Cyber Week;3;524.21;0.1;1572.63;235.89;1336.74;420.88;1
2023-001369;10-19-2023;S1004;C00186;P2001;Marketplace;Tarjeta;Promo 15%;3;95.82;0.0;287.46;37.37;250.09;59.67;0
2023-001370;05-17-2023;S1019;C00599;P2076;Call Center;Efectivo;Promo 15%;1;87.77;0.1;87.77;13.17;74.6;50.2;1
2023-001371;11-07-2023;S1039;C00124;P2075;Marketplace;Transferencia;Promo 10%;1;580.05;0.0;580.05;75.41;504.64;301.87;0
2023-001372;05-31-2023;S1039;C00198;P2115;Tienda;Financiamiento;2x1;2;372.57;0.0;745.14;96.87;648.27;201.2;1
2023-001373;10-21-2023;S1032;C00085;P2138;Web;Efectivo;Promo 10%;2;684.1;0.05;1368.2;205.23;1162.97;375.47;0
2023-001374;12-24-2023;S1010;C00021;P2119;Tienda;Transferencia;Promo 10%;1;724.93;0.05;724.93;86.99;637.94;363.73;0
2023-001375;01-18-2023;S1013;C00536;P2147;Web;Financiamiento;Promo 15%;1;548.18;0.0;548.18;65.78;482.4;299.7;1
2023-001376;01-31-2023;S1023;C00756;P2081;Call Center;Financiamiento;Cyber Week;3;319.45;0.2;958.35;143.75;814.6;192.91;0
2023-001377;05-05-2023;S1003;C00306;P2044;Tienda;Transferencia;Promo 15%;2;454.08;0.0;908.16;118.06;790.1;214.81;0
2023-001378;10-11-2023;S1040;C00552;P2139;Tienda;Tarjeta;2x1;2;17.24;0.15;34.48;4.48;30.0;12.71;0
2023-001379;02-06-2023;S1043;C00663;P2142;Call Center;Transferencia;Sin Promo;3;493.89;0.0;1481.67;192.62;1289.05;331.65;0
2023-001380;01-13-2023;S1016;C00439;P2118;Tienda;Transferencia;Promo 15%;2;52.12;0.2;104.24;12.51;91.73;45.65;0
2023-001381;06-27-2023;S1042;C00425;P2010;Web;Efectivo;Promo 15%;1;363.68;0.1;363.68;47.28;316.4;210.17;0
2023-001382;06-13-2023;S1040;C00645;P2007;Web;Efectivo;Promo 10%;5;212.03;0.0;1060.15;137.82;922.33;162.45;0
2023-001383;02-19-2023;S1037;C00030;P2041;Marketplace;Transferencia;Sin Promo;3;41.87;0.1;125.61;16.33;109.28;34.06;0
2023-001384;11-15-2023;S1006;C00361;P2117;Tienda;Financiamiento;2x1;2;71.57;0.15;143.14;18.61;124.53;41.82;0
2023-001385;11-04-2023;S1003;C00174;P2004;Web;Billetera Digital;Sin Promo;1;543.65;0.0;543.65;70.67;472.98;298.92;0
2023-001386;08-11-2023;S1012;C00670;P2107;Call Center;Tarjeta;Promo 15%;1;322.0;0.0;322.0;38.64;283.36;196.36;1
2023-001387;12-04-2023;S1030;C00110;P2155;Tienda;Tarjeta;2x1;2;133.73;0.15;267.46;40.12;227.34;71.96;0
2023-001388;07-30-2023;S1006;C00635;P2041;Web;Billetera Digital;2x1;2;46.52;0.0;93.04;12.1;80.94;34.06;0
2023-001389;01-22-2023;S1038;C00378;P2064;Call Center;Efectivo;Sin Promo;2;91.31;0.0;182.62;23.74;158.88;57.47;1
2023-001390;07-12-2023;S1033;C00502;P2030;Web;Tarjeta;Promo 15%;3;541.44;0.0;1624.32;243.65;1380.67;418.38;0
2023-001391;03-09-2023;S1027;C00659;P2059;Call Center;Efectivo;Black Friday;2;104.57;0.2;209.14;31.37;177.77;101.09;0
2023-001392;05-01-2023;S1023;C00761;P2094;Marketplace;Tarjeta;Promo 15%;3;700.79;0.0;2102.37;315.36;1787.01;392.99;0
2023-001393;02-08-2023;S1002;C00398;P2135;Call Center;Tarjeta;Black Friday;1;152.93;0.0;152.93;19.88;133.05;71.27;0
2023-001394;02-24-2023;S1041;C00593;P2001;Call Center;Tarjeta;Promo 15%;1;81.45;0.15;81.45;10.59;70.86;59.67;1
2023-001395;10-07-2023;S1040;C00155;P2034;Call Center;Transferencia;Promo 15%;3;236.66;0.1;709.98;92.3;617.68;122.22;0
2023-001396;10-10-2023;S1021;C00677;P2070;Marketplace;Tarjeta;Black Friday;2;614.79;0.0;1229.58;184.44;1045.14;281.04;0
2023-001397;10-06-2023;S1005;C00551;P2010;Call Center;Tarjeta;Black Friday;1;404.09;0.0;404.09;52.53;351.56;210.17;0
2023-001398;09-13-2023;S1008;C00066;P2112;Marketplace;Transferencia;Black Friday;3;361.76;0.0;1085.28;141.09;944.19;257.82;0
2023-001399;06-06-2023;S1036;C00398;P2142;Call Center;Financiamiento;Promo 10%;2;493.89;0.0;987.78;148.17;839.61;331.65;0
2023-001400;01-15-2023;S1041;C00107;P2076;Tienda;Billetera Digital;Cyber Week;3;92.64;0.05;277.92;36.13;241.79;50.2;0
2023-001401;05-20-2023;S1037;C00769;P2157;Marketplace;Tarjeta;Sin Promo;1;223.38;0.0;223.38;29.04;194.34;118.28;0
2023-001402;12-11-2023;S1010;C00284;P2152;Call Center;Financiamiento;Cyber Week;4;499.51;0.0;1998.04;239.76;1758.28;338.06;0
2023-001403;07-12-2023;S1020;C00775;P2044;Marketplace;Tarjeta;Promo 15%;3;363.26;0.2;1089.78;163.47;926.31;214.81;0
2023-001404;01-11-2023;S1032;C00285;P2002;Marketplace;Financiamiento;2x1;4;246.64;0.15;986.56;147.98;838.58;134.76;0
2023-001405;09-06-2023;S1031;C00494;P2156;Call Center;Billetera Digital;Cyber Week;4;81.43;0.0;325.72;48.86;276.86;55.02;0
2023-001406;10-26-2023;S1012;C00335;P2022;Call Center;Transferencia;Promo 10%;4;449.93;0.0;1799.72;215.97;1583.75;325.44;0
2023-001407;03-19-2023;S1018;C00575;P2159;Web;Transferencia;Promo 10%;3;640.88;0.0;1922.64;230.72;1691.92;434.27;0
2023-001408;12-22-2023;S1002;C00212;P2142;Tienda;Billetera Digital;Sin Promo;3;469.2;0.05;1407.6;182.99;1224.61;331.65;0
2023-001409;03-12-2023;S1009;C00376;P2051;Marketplace;Financiamiento;Sin Promo;2;684.37;0.2;1368.74;177.94;1190.8;394.02;0
2023-001410;04-06-2023;S1042;C00303;P2013;Web;Tarjeta;Sin Promo;2;200.2;0.0;400.4;52.05;348.35;98.1;0
2023-001411;11-20-2023;S1010;C00411;P2060;Call Center;Efectivo;Promo 10%;1;364.09;0.05;364.09;43.69;320.4;245.82;0
2023-001412;08-19-2023;S1004;C00763;P2091;Tienda;Efectivo;Promo 10%;6;487.35;0.1;2924.1;380.13;2543.97;397.11;0
2023-001413;11-10-2023;S1015;C00793;P2136;Marketplace;Efectivo;Promo 10%;1;154.8;0.0;154.8;18.58;136.22;99.42;0
2023-001414;10-01-2023;S1010;C00378;P2035;Web;Efectivo;Cyber Week;1;861.27;0.05;861.27;103.35;757.92;418.3;0
2023-001415;09-21-2023;S1033;C00021;P2019;Marketplace;Financiamiento;Promo 15%;1;471.27;0.0;471.27;70.69;400.58;283.84;0
2023-001416;10-10-2023;S1006;C00303;P2091;Tienda;Transferencia;Black Friday;1;487.35;0.1;487.35;63.36;423.99;397.11;0
2023-001417;01-17-2023;S1027;C00152;P2111;Marketplace;Efectivo;Black Friday;3;262.91;0.1;788.73;118.31;670.42;191.52;0
2023-001418;06-17-2023;S1043;C00140;P2138;Tienda;Tarjeta;Promo 15%;3;576.08;0.2;1728.24;224.67;1503.57;375.47;0
2023-001419;04-24-2023;S1009;C00506;P2110;Marketplace;Financiamiento;Black Friday;6;354.21;0.15;2125.26;276.28;1848.98;314.95;0
2023-001420;10-14-2023;S1009;C00443;P2054;Call Center;Billetera Digital;Cyber Week;1;440.12;0.05;440.12;57.22;382.9;220.6;0
2023-001421;11-14-2023;S1006;C00285;P2030;Tienda;Transferencia;Cyber Week;3;487.3;0.1;1461.9;190.05;1271.85;418.38;1
2023-001422;02-28-2023;S1026;C00261;P2123;Tienda;Billetera Digital;Cyber Week;1;166.35;0.05;166.35;24.95;141.4;112.82;0
2023-001423;06-24-2023;S1032;C00098;P2019;Tienda;Tarjeta;2x1;1;471.27;0.0;471.27;70.69;400.58;283.84;0
2023-001424;08-01-2023;S1001;C00619;P2109;Call Center;Billetera Digital;Black Friday;4;197.87;0.05;791.48;102.89;688.59;141.94;0
2023-001425;05-29-2023;S1035;C00541;P2038;Call Center;Efectivo;2x1;2;139.95;0.0;279.9;41.98;237.92;104.22;0
2023-001426;08-06-2023;S1038;C00732;P2024;Marketplace;Billetera Digital;Black Friday;1;284.64;0.1;284.64;37.0;247.64;197.91;0
2023-001427;03-28-2023;S1037;C00241;P2082;Web;Efectivo;Black Friday;1;225.14;0.2;225.14;29.27;195.87;152.77;0
2023-001428;08-08-2023;S1039;C00589;P2057;Marketplace;Billetera Digital;Promo 15%;1;398.81;0.05;398.81;51.85;346.96;314.68;0
2023-001429;11-27-2023;S1039;C00405;P2131;Tienda;Transferencia;2x1;2;187.08;0.05;374.16;48.64;325.52;119.6;0
2023-001430;10-08-2023;S1026;C00527;P2053;Marketplace;Billetera Digital;Sin Promo;1;934.5;0.0;934.5;140.17;794.33;436.17;1
2023-001431;07-11-2023;S1002;C00401;P2148;Marketplace;Tarjeta;Cyber Week;1;573.59;0.15;573.59;74.57;499.02;390.62;0
2023-001432;02-09-2023;S1043;C00340;P2028;Tienda;Financiamiento;Sin Promo;1;598.19;0.0;598.19;77.76;520.43;344.08;0
2023-001433;09-06-2023;S1036;C00108;P2051;Marketplace;Transferencia;2x1;1;855.46;0.0;855.46;128.32;727.14;394.02;0
2023-001434;04-09-2023;S1001;C00377;P2062;Web;Billetera Digital;Cyber Week;1;111.89;0.0;111.89;14.55;97.34;74.21;0
2023-001435;09-05-2023;S1009;C00726;P2096;Call Center;Billetera Digital;Promo 10%;1;540.6;0.15;540.6;70.28;470.32;369.96;0
2023-001436;06-27-2023;S1034;C00383;P2020;Marketplace;Efectivo;Sin Promo;2;41.96;0.15;83.92;12.59;71.33;32.33;0
2023-001437;11-21-2023;S1038;C00210;P2029;Call Center;Transferencia;Sin Promo;2;417.77;0.15;835.54;108.62;726.92;271.13;0
2023-001438;08-18-2023;S1004;C00600;P2018;Call Center;Efectivo;Black Friday;2;391.86;0.0;783.72;101.88;681.84;224.11;0
2023-001439;03-19-2023;S1003;C00670;P2039;Call Center;Transferencia;2x1;2;477.0;0.0;954.0;124.02;829.98;251.05;0
2023-001440;08-13-2023;S1010;C00749;P2060;Tienda;Financiamiento;Sin Promo;2;306.6;0.2;613.2;73.58;539.62;245.82;0
2023-001441;05-05-2023;S1016;C00695;P2039;Tienda;Tarjeta;Black Friday;1;477.0;0.0;477.0;57.24;419.76;251.05;0
2023-001442;11-02-2023;S1006;C00458;P2160;Tienda;Billetera Digital;Cyber Week;1;812.22;0.0;812.22;105.59;706.63;418.28;0
2023-001443;05-29-2023;S1022;C00218;P2006;Call Center;Efectivo;Promo 15%;1;402.01;0.0;402.01;60.3;341.71;287.52;0
2023-001444;05-09-2023;S1038;C00724;P2084;Tienda;Financiamiento;Sin Promo;1;10.35;0.05;10.35;1.35;9.0;8.31;1
2023-001445;12-08-2023;S1026;C00775;P2020;Marketplace;Transferencia;Promo 15%;1;49.36;0.0;49.36;7.4;41.96;32.33;0
2023-001446;05-06-2023;S1028;C00351;P2073;Web;Tarjeta;Sin Promo;2;164.56;0.0;329.12;49.37;279.75;131.1;0
2023-001447;07-15-2023;S1027;C00048;P2020;Tienda;Financiamiento;Cyber Week;1;46.89;0.05;46.89;7.03;39.86;32.33;0
2023-001448;02-09-2023;S1024;C00328;P2086;Web;Financiamiento;2x1;4;109.2;0.0;436.8;65.52;371.28;70.05;0
2023-001449;05-19-2023;S1021;C00335;P2157;Web;Transferencia;Sin Promo;3;223.38;0.0;670.14;100.52;569.62;118.28;1
2023-001450;09-09-2023;S1022;C00144;P2052;Tienda;Financiamiento;Sin Promo;1;85.22;0.1;85.22;12.78;72.44;47.67;0
2023-001451;07-11-2023;S1032;C00308;P2136;Marketplace;Transferencia;Sin Promo;2;131.58;0.15;263.16;39.47;223.69;99.42;0
2023-001452;10-26-2023;S1021;C00431;P2003;Marketplace;Transferencia;Black Friday;1;457.85;0.1;457.85;68.68;389.17;261.5;0
2023-001453;10-05-2023;S1032;C00295;P2146;Tienda;Financiamiento;Promo 10%;4;295.7;0.05;1182.8;177.42;1005.38;242.22;0
2023-001454;07-21-2023;S1007;C00527;P2102;Tienda;Billetera Digital;Promo 15%;3;400.7;0.2;1202.1;156.27;1045.83;270.07;0
2023-001455;09-24-2023;S1042;C00228;P2127;Marketplace;Billetera Digital;Promo 10%;4;696.03;0.05;2784.12;361.94;2422.18;361.43;0
2023-001456;03-28-2023;S1032;C00467;P2073;Tienda;Financiamiento;Sin Promo;2;164.56;0.0;329.12;49.37;279.75;131.1;0
2023-001457;07-17-2023;S1030;C00082;P2040;Web;Tarjeta;Cyber Week;1;59.49;0.0;59.49;8.92;50.57;35.66;0
2023-001458;07-13-2023;S1018;C00427;P2007;Tienda;Billetera Digital;Black Friday;1;180.23;0.15;180.23;21.63;158.6;162.45;0
2023-001459;09-19-2023;S1042;C00035;P2142;Web;Efectivo;Sin Promo;3;469.2;0.05;1407.6;182.99;1224.61;331.65;0
2023-001460;04-01-2023;S1027;C00746;P2044;Web;Efectivo;2x1;2;431.38;0.05;862.76;129.41;733.35;214.81;0
2023-001461;03-27-2023;S1040;C00705;P2046;Call Center;Billetera Digital;Promo 15%;3;362.57;0.0;1087.71;141.4;946.31;192.92;0
2023-001462;05-15-2023;S1025;C00431;P2077;Call Center;Tarjeta;Promo 15%;1;675.49;0.15;675.49;101.32;574.17;400.81;0
2023-001463;01-25-2023;S1027;C00770;P2093;Web;Transferencia;Promo 10%;2;147.96;0.0;295.92;44.39;251.53;75.0;0
2023-001464;08-03-2023;S1034;C00799;P2092;Web;Tarjeta;Promo 15%;4;802.49;0.0;3209.96;481.49;2728.47;416.32;0
2023-001465;10-16-2023;S1038;C00651;P2103;Marketplace;Transferencia;Sin Promo;4;339.92;0.2;1359.68;176.76;1182.92;274.37;0
2023-001466;12-13-2023;S1014;C00184;P2027;Call Center;Transferencia;Promo 10%;1;298.56;0.1;298.56;35.83;262.73;230.42;0
2023-001467;01-31-2023;S1010;C00182;P2030;Tienda;Billetera Digital;Black Friday;1;541.44;0.0;541.44;64.97;476.47;418.38;0
2023-001468;12-28-2023;S1015;C00056;P2149;Tienda;Transferencia;Sin Promo;1;224.81;0.0;224.81;26.98;197.83;173.08;0
2023-001469;12-02-2023;S1014;C00504;P2024;Call Center;Transferencia;Sin Promo;1;253.02;0.2;253.02;30.36;222.66;197.91;0
2023-001470;11-08-2023;S1029;C00419;P2138;Web;Financiamiento;Promo 15%;4;612.09;0.15;2448.36;367.25;2081.11;375.47;0
2023-001471;06-08-2023;S1025;C00560;P2126;Web;Transferencia;Promo 15%;5;547.31;0.2;2736.55;410.48;2326.07;413.19;0
2023-001472;08-08-2023;S1019;C00454;P2056;Web;Efectivo;Promo 10%;1;886.94;0.0;886.94;133.04;753.9;417.23;0
2023-001473;05-13-2023;S1041;C00616;P2071;Web;Billetera Digital;Cyber Week;1;459.39;0.05;459.39;59.72;399.67;243.78;0
2023-001474;06-13-2023;S1031;C00042;P2002;Web;Efectivo;Promo 15%;1;261.14;0.1;261.14;39.17;221.97;134.76;0
2023-001475;11-25-2023;S1023;C00608;P2153;Marketplace;Efectivo;Black Friday;1;387.51;0.05;387.51;58.13;329.38;293.96;0
2023-001476;11-15-2023;S1031;C00296;P2106;Marketplace;Transferencia;Sin Promo;2;438.35;0.05;876.7;131.5;745.2;310.34;0
2023-001477;09-21-2023;S1033;C00047;P2107;Marketplace;Financiamiento;Promo 10%;2;289.8;0.1;579.6;86.94;492.66;196.36;0
2023-001478;04-07-2023;S1032;C00053;P2142;Marketplace;Financiamiento;Sin Promo;2;469.2;0.05;938.4;140.76;797.64;331.65;0
2023-001479;02-11-2023;S1039;C00672;P2105;Tienda;Efectivo;Promo 10%;1;676.15;0.0;676.15;87.9;588.25;320.12;1
2023-001480;12-25-2023;S1021;C00314;P2096;Web;Transferencia;Promo 10%;2;508.8;0.2;1017.6;152.64;864.96;369.96;0
2023-001481;06-04-2023;S1028;C00367;P2125;Marketplace;Transferencia;Cyber Week;3;344.65;0.0;1033.95;155.09;878.86;235.01;0
2023-001482;08-21-2023;S1040;C00504;P2065;Web;Billetera Digital;2x1;2;367.46;0.1;734.92;95.54;639.38;269.16;0
2023-001483;04-13-2023;S1019;C00434;P2018;Web;Transferencia;Promo 15%;2;391.86;0.0;783.72;117.56;666.16;224.11;0
2023-001484;01-19-2023;S1037;C00237;P2027;Web;Transferencia;Promo 10%;4;331.73;0.0;1326.92;172.5;1154.42;230.42;0
2023-001485;06-30-2023;S1045;C00682;P2149;Marketplace;Financiamiento;2x1;2;191.09;0.15;382.18;49.68;332.5;173.08;0
2023-001486;08-10-2023;S1003;C00005;P2099;Web;Transferencia;2x1;3;250.38;0.15;751.14;97.65;653.49;231.19;0
2023-001487;07-03-2023;S1031;C00665;P2137;Tienda;Tarjeta;Black Friday;3;407.3;0.05;1221.9;183.28;1038.62;246.0;0
2023-001488;12-07-2023;S1003;C00627;P2001;Tienda;Efectivo;Promo 10%;1;95.82;0.0;95.82;12.46;83.36;59.67;0
2023-001489;03-13-2023;S1021;C00479;P2031;Tienda;Efectivo;Sin Promo;2;203.6;0.0;407.2;61.08;346.12;111.43;0
2023-001490;11-02-2023;S1011;C00106;P2140;Web;Billetera Digital;Promo 15%;1;14.41;0.0;14.41;1.73;12.68;6.63;0
2023-001491;02-20-2023;S1018;C00561;P2155;Call Center;Efectivo;Cyber Week;5;157.33;0.0;786.65;94.4;692.25;71.96;0
2023-001492;07-31-2023;S1007;C00479;P2036;Marketplace;Efectivo;2x1;1;288.63;0.0;288.63;37.52;251.11;143.03;0
2023-001493;06-22-2023;S1005;C00153;P2143;Tienda;Billetera Digital;2x1;1;175.44;0.0;175.44;22.81;152.63;101.86;0
2023-001494;10-06-2023;S1017;C00747;P2159;Tienda;Tarjeta;Cyber Week;2;576.79;0.1;1153.58;138.43;1015.15;434.27;0
2023-001495;11-24-2023;S1044;C00776;P2004;Web;Efectivo;2x1;3;543.65;0.0;1630.95;212.02;1418.93;298.92;0
2023-001496;06-02-2023;S1010;C00056;P2050;Call Center;Efectivo;Promo 15%;1;273.95;0.0;273.95;32.87;241.08;192.16;0
2023-001497;05-18-2023;S1037;C00042;P2049;Web;Efectivo;Cyber Week;2;158.27;0.0;316.54;41.15;275.39;89.45;0
2023-001498;10-16-2023;S1009;C00397;P2077;Marketplace;Financiamiento;Sin Promo;1;635.75;0.2;635.75;82.65;553.1;400.81;0
2023-001499;08-21-2023;S1036;C00688;P2010;Tienda;Transferencia;Promo 15%;1;343.48;0.15;343.48;51.52;291.96;210.17;0
2023-001500;06-23-2023;S1009;C00582;P2151;Call Center;Financiamiento;Cyber Week;2;221.55;0.1;443.1;57.6;385.5;116.51;0
2023-001501;11-19-2023;S1015;C00206;P2155;Web;Transferencia;2x1;1;157.33;0.0;157.33;18.88;138.45;71.96;0
2023-001502;01-12-2023;S1018;C00424;P2041;Call Center;Billetera Digital;Black Friday;1;41.87;0.1;41.87;5.02;36.85;34.06;0
2023-001503;11-04-2023;S1041;C00235;P2052;Call Center;Financiamiento;Black Friday;1;80.49;0.15;80.49;10.46;70.03;47.67;0
2023-001504;10-19-2023;S1041;C00684;P2006;Tienda;Billetera Digital;Cyber Week;2;402.01;0.0;804.02;104.52;699.5;287.52;0
2023-001505;11-18-2023;S1030;C00423;P2107;Call Center;Transferencia;2x1;1;257.6;0.2;257.6;38.64;218.96;196.36;0
2023-001506;03-30-2023;S1036;C00067;P2014;Tienda;Tarjeta;Promo 10%;5;430.19;0.0;2150.95;322.64;1828.31;296.33;0
2023-001507;02-16-2023;S1026;C00214;P2060;Marketplace;Billetera Digital;2x1;1;364.09;0.05;364.09;54.61;309.48;245.82;0
2023-001508;08-20-2023;S1004;C00777;P2109;Web;Financiamiento;Sin Promo;1;208.28;0.0;208.28;27.08;181.2;141.94;0
2023-001509;09-16-2023;S1040;C00290;P2094;Call Center;Billetera Digital;2x1;2;665.75;0.05;1331.5;173.09;1158.41;392.99;0
2023-001510;07-08-2023;S1037;C00137;P2131;Web;Tarjeta;Sin Promo;3;196.93;0.0;590.79;76.8;513.99;119.6;0
2023-001511;03-24-2023;S1042;C00181;P2136;Call Center;Transferencia;Sin Promo;1;131.58;0.15;131.58;17.11;114.47;99.42;0
2023-001512;12-25-2023;S1042;C00257;P2066;Web;Billetera Digital;2x1;1;498.47;0.05;498.47;64.8;433.67;297.19;1
2023-001513;07-06-2023;S1032;C00042;P2058;Tienda;Transferencia;Promo 15%;3;465.91;0.0;1397.73;209.66;1188.07;324.41;0
2023-001514;09-11-2023;S1020;C00245;P2050;Tienda;Efectivo;2x1;2;273.95;0.0;547.9;82.18;465.72;192.16;0
2023-001515;10-21-2023;S1033;C00135;P2106;Marketplace;Billetera Digital;2x1;1;392.21;0.15;392.21;58.83;333.38;310.34;0
2023-001516;08-20-2023;S1016;C00085;P2018;Marketplace;Efectivo;Promo 15%;1;391.86;0.0;391.86;47.02;344.84;224.11;0
2023-001517;04-07-2023;S1002;C00689;P2034;Marketplace;Efectivo;Cyber Week;1;262.95;0.0;262.95;34.18;228.77;122.22;0
2023-001518;03-28-2023;S1019;C00702;P2044;Call Center;Tarjeta;2x1;3;408.67;0.1;1226.01;183.9;1042.11;214.81;0
2023-001519;11-26-2023;S1026;C00633;P2143;Tienda;Billetera Digital;Sin Promo;3;157.9;0.1;473.7;71.05;402.65;101.86;1
2023-001520;05-20-2023;S1012;C00281;P2159;Tienda;Transferencia;Sin Promo;2;512.7;0.2;1025.4;123.05;902.35;434.27;0
2023-001521;02-23-2023;S1009;C00276;P2071;Tienda;Billetera Digital;Promo 15%;1;386.86;0.2;386.86;50.29;336.57;243.78;0
2023-001522;12-07-2023;S1032;C00293;P2051;Marketplace;Financiamiento;Cyber Week;3;727.14;0.15;2181.42;327.21;1854.21;394.02;0
2023-001523;03-24-2023;S1002;C00147;P2105;Call Center;Transferencia;Sin Promo;2;676.15;0.0;1352.3;175.8;1176.5;320.12;0
2023-001524;03-29-2023;S1006;C00050;P2005;Marketplace;Transferencia;Cyber Week;1;545.93;0.0;545.93;70.97;474.96;390.45;0
2023-001525;12-25-2023;S1031;C00351;P2076;Marketplace;Transferencia;Promo 10%;3;97.52;0.0;292.56;43.88;248.68;50.2;0
2023-001526;07-23-2023;S1019;C00745;P2053;Marketplace;Tarjeta;Black Friday;3;934.5;0.0;2803.5;420.52;2382.98;436.17;0
2023-001527;08-21-2023;S1044;C00359;P2086;Web;Transferencia;Cyber Week;3;109.2;0.0;327.6;42.59;285.01;70.05;0
2023-001528;10-20-2023;S1016;C00447;P2090;Web;Financiamiento;2x1;2;123.88;0.0;247.76;29.73;218.03;72.93;0
2023-001529;04-01-2023;S1021;C00395;P2066;Tienda;Efectivo;Promo 10%;2;472.24;0.1;944.48;141.67;802.81;297.19;0
2023-001530;07-16-2023;S1002;C00517;P2042;Web;Billetera Digital;Sin Promo;1;401.39;0.0;401.39;52.18;349.21;233.31;0
2023-001531;09-07-2023;S1019;C00157;P2029;Call Center;Billetera Digital;Cyber Week;1;442.35;0.1;442.35;66.35;376.0;271.13;0
2023-001532;11-07-2023;S1002;C00241;P2124;Tienda;Transferencia;Black Friday;2;475.69;0.0;951.38;123.68;827.7;351.18;0
2023-001533;02-08-2023;S1038;C00764;P2070;Web;Tarjeta;2x1;1;614.79;0.0;614.79;79.92;534.87;281.04;0
2023-001534;03-11-2023;S1012;C00692;P2145;Call Center;Billetera Digital;2x1;4;118.01;0.0;472.04;56.64;415.4;77.61;0
2023-001535;09-30-2023;S1023;C00688;P2128;Web;Financiamiento;2x1;1;473.78;0.15;473.78;71.07;402.71;269.57;0
2023-001536;10-09-2023;S1041;C00730;P2031;Web;Financiamiento;Sin Promo;1;203.6;0.0;203.6;26.47;177.13;111.43;0
2023-001537;03-12-2023;S1044;C00338;P2077;Web;Efectivo;Promo 10%;2;794.69;0.0;1589.38;206.62;1382.76;400.81;0
2023-001538;01-04-2023;S1018;C00380;P2026;Marketplace;Financiamiento;Black Friday;4;459.92;0.0;1839.68;220.76;1618.92;230.43;0
2023-001539;05-20-2023;S1013;C00092;P2139;Web;Efectivo;Sin Promo;3;20.28;0.0;60.84;7.3;53.54;12.71;0
2023-001540;07-02-2023;S1031;C00371;P2142;Web;Billetera Digital;Promo 15%;2;444.5;0.1;889.0;133.35;755.65;331.65;0
2023-001541;12-21-2023;S1032;C00387;P2153;Call Center;Efectivo;Sin Promo;1;387.51;0.05;387.51;58.13;329.38;293.96;0
2023-001542;06-04-2023;S1026;C00641;P2151;Tienda;Efectivo;Cyber Week;1;196.94;0.2;196.94;29.54;167.4;116.51;1
2023-001543;06-09-2023;S1013;C00796;P2020;Marketplace;Financiamiento;Cyber Week;1;49.36;0.0;49.36;5.92;43.44;32.33;0
2023-001544;04-11-2023;S1007;C00059;P2042;Web;Financiamiento;Promo 15%;2;401.39;0.0;802.78;104.36;698.42;233.31;0
2023-001545;12-28-2023;S1041;C00686;P2058;Marketplace;Transferencia;Promo 10%;1;396.02;0.15;396.02;51.48;344.54;324.41;0
2023-001546;09-21-2023;S1033;C00445;P2049;Marketplace;Efectivo;Promo 15%;1;158.27;0.0;158.27;23.74;134.53;89.45;0
2023-001547;12-04-2023;S1032;C00098;P2106;Call Center;Billetera Digital;Black Friday;3;369.14;0.2;1107.42;166.11;941.31;310.34;0
2023-001548;12-31-2023;S1008;C00089;P2119;Marketplace;Financiamiento;2x1;2;724.93;0.05;1449.86;188.48;1261.38;363.73;0
2023-001549;10-09-2023;S1039;C00788;P2118;Marketplace;Efectivo;Sin Promo;6;65.15;0.0;390.9;50.82;340.08;45.65;1
2023-001550;11-08-2023;S1010;C00127;P2024;Call Center;Transferencia;Sin Promo;1;268.83;0.15;268.83;32.26;236.57;197.91;0
2023-001551;05-28-2023;S1009;C00578;P2156;Tienda;Transferencia;Promo 15%;1;69.22;0.15;69.22;9.0;60.22;55.02;0
2023-001552;03-21-2023;S1009;C00298;P2047;Web;Tarjeta;2x1;1;433.95;0.05;433.95;56.41;377.54;295.44;0
2023-001553;01-08-2023;S1043;C00121;P2125;Call Center;Tarjeta;Promo 10%;1;344.65;0.0;344.65;44.8;299.85;235.01;1
2023-001554;05-18-2023;S1042;C00757;P2008;Tienda;Transferencia;Promo 10%;1;874.23;0.0;874.23;113.65;760.58;421.75;0
2023-001555;11-06-2023;S1031;C00660;P2025;Call Center;Transferencia;Promo 10%;1;531.42;0.2;531.42;79.71;451.71;394.63;0
2023-001556;03-20-2023;S1001;C00033;P2150;Call Center;Transferencia;Cyber Week;1;187.26;0.2;187.26;24.34;162.92;154.53;0
2023-001557;05-26-2023;S1036;C00333;P2074;Call Center;Billetera Digital;2x1;1;267.21;0.05;267.21;40.08;227.13;138.92;0
2023-001558;12-04-2023;S1005;C00786;P2015;Web;Financiamiento;Black Friday;1;147.7;0.15;147.7;19.2;128.5;122.14;0
2023-001559;07-29-2023;S1034;C00730;P2042;Tienda;Efectivo;Promo 10%;1;321.11;0.2;321.11;48.17;272.94;233.31;0
2023-001560;03-09-2023;S1035;C00782;P2011;Web;Tarjeta;2x1;2;353.45;0.1;706.9;106.03;600.87;309.34;0
2023-001561;03-29-2023;S1019;C00415;P2116;Call Center;Tarjeta;Black Friday;5;632.31;0.15;3161.55;474.23;2687.32;358.01;0
2023-001562;07-17-2023;S1038;C00623;P2079;Marketplace;Billetera Digital;Sin Promo;1;224.63;0.1;224.63;29.2;195.43;156.92;0
2023-001563;06-30-2023;S1017;C00169;P2084;Marketplace;Financiamiento;Sin Promo;1;10.35;0.05;10.35;1.24;9.11;8.31;0
2023-001564;01-22-2023;S1036;C00075;P2006;Marketplace;Efectivo;2x1;2;361.81;0.1;723.62;108.54;615.08;287.52;0
2023-001565;08-03-2023;S1014;C00621;P2142;Web;Billetera Digital;2x1;4;395.11;0.2;1580.44;189.65;1390.79;331.65;0
2023-001566;06-10-2023;S1014;C00712;P2105;Tienda;Tarjeta;Black Friday;1;540.92;0.2;540.92;64.91;476.01;320.12;0
2023-001567;07-15-2023;S1007;C00343;P2035;Web;Billetera Digital;Promo 10%;2;906.6;0.0;1813.2;235.72;1577.48;418.3;0
2023-001568;06-22-2023;S1001;C00346;P2123;Marketplace;Tarjeta;2x1;2;175.11;0.0;350.22;45.53;304.69;112.82;0
2023-001569;01-08-2023;S1004;C00274;P2100;Web;Transferencia;Cyber Week;1;486.17;0.15;486.17;63.2;422.97;422.9;1
2023-001570;09-05-2023;S1011;C00718;P2154;Web;Financiamiento;Promo 10%;1;733.21;0.0;733.21;87.99;645.22;427.53;0
2023-001571;11-29-2023;S1006;C00266;P2043;Marketplace;Billetera Digital;Promo 15%;4;250.89;0.2;1003.56;130.46;873.1;244.5;1
2023-001572;02-19-2023;S1036;C00223;P2131;Tienda;Financiamiento;Promo 10%;2;196.93;0.0;393.86;59.08;334.78;119.6;0
2023-001573;04-11-2023;S1008;C00158;P2085;Marketplace;Billetera Digital;Promo 10%;3;31.02;0.0;93.06;12.1;80.96;20.07;0
2023-001574;04-25-2023;S1029;C00467;P2029;Marketplace;Tarjeta;Sin Promo;2;417.77;0.15;835.54;125.33;710.21;271.13;1
2023-001575;03-03-2023;S1033;C00487;P2115;Call Center;Financiamiento;Promo 10%;2;335.31;0.1;670.62;100.59;570.03;201.2;0
2023-001576;12-05-2023;S1005;C00301;P2144;Call Center;Financiamiento;2x1;2;258.88;0.05;517.76;67.31;450.45;177.43;0
2023-001577;03-22-2023;S1043;C00195;P2114;Marketplace;Efectivo;Promo 10%;1;470.9;0.15;470.9;61.22;409.68;274.57;0
2023-001578;07-16-2023;S1022;C00144;P2078;Marketplace;Transferencia;Black Friday;1;165.66;0.0;165.66;24.85;140.81;125.47;0
2023-001579;06-23-2023;S1014;C00532;P2039;Call Center;Efectivo;Sin Promo;1;477.0;0.0;477.0;57.24;419.76;251.05;0
2023-001580;09-28-2023;S1016;C00661;P2118;Marketplace;Billetera Digital;Black Friday;1;55.38;0.15;55.38;6.65;48.73;45.65;1
2023-001581;03-05-2023;S1042;C00338;P2048;Web;Tarjeta;Promo 10%;2;304.15;0.05;608.3;79.08;529.22;183.57;0
2023-001582;09-21-2023;S1029;C00484;P2092;Tienda;Billetera Digital;Promo 15%;1;802.49;0.0;802.49;120.37;682.12;416.32;0
2023-001583;11-28-2023;S1003;C00497;P2020;Tienda;Billetera Digital;Cyber Week;2;49.36;0.0;98.72;12.83;85.89;32.33;0
2023-001584;03-01-2023;S1023;C00018;P2158;Call Center;Billetera Digital;2x1;3;461.03;0.15;1383.09;207.46;1175.63;274.83;0
2023-001585;04-10-2023;S1028;C00586;P2153;Call Center;Transferencia;Black Friday;2;407.91;0.0;815.82;122.37;693.45;293.96;0
2023-001586;01-28-2023;S1015;C00440;P2143;Web;Financiamiento;Sin Promo;1;140.35;0.2;140.35;16.84;123.51;101.86;0
2023-001587;03-27-2023;S1035;C00197;P2112;Tienda;Efectivo;Cyber Week;2;307.5;0.15;615.0;92.25;522.75;257.82;0
2023-001588;05-24-2023;S1013;C00724;P2071;Call Center;Tarjeta;Cyber Week;1;483.57;0.0;483.57;58.03;425.54;243.78;0
2023-001589;10-31-2023;S1015;C00352;P2096;Web;Transferencia;Sin Promo;5;604.2;0.05;3021.0;362.52;2658.48;369.96;0
2023-001590;09-27-2023;S1006;C00709;P2128;Call Center;Efectivo;Promo 10%;6;557.39;0.0;3344.34;434.76;2909.58;269.57;0
2023-001591;09-17-2023;S1025;C00464;P2067;Marketplace;Financiamiento;Cyber Week;1;582.45;0.0;582.45;87.37;495.08;420.88;1
2023-001592;05-31-2023;S1037;C00215;P2032;Call Center;Efectivo;Promo 10%;1;443.24;0.05;443.24;57.62;385.62;330.43;0
2023-001593;06-21-2023;S1031;C00627;P2105;Marketplace;Efectivo;Promo 15%;1;574.73;0.15;574.73;86.21;488.52;320.12;0
2023-001594;04-18-2023;S1010;C00284;P2099;Call Center;Efectivo;Promo 15%;1;235.66;0.2;235.66;28.28;207.38;231.19;0
2023-001595;09-22-2023;S1029;C00777;P2001;Call Center;Transferencia;Promo 15%;6;95.82;0.0;574.92;86.24;488.68;59.67;1
2023-001596;08-11-2023;S1028;C00619;P2136;Call Center;Tarjeta;Promo 10%;3;154.8;0.0;464.4;69.66;394.74;99.42;0
2023-001597;12-17-2023;S1045;C00264;P2105;Tienda;Efectivo;Black Friday;1;676.15;0.0;676.15;87.9;588.25;320.12;1
2023-001598;02-21-2023;S1022;C00415;P2125;Marketplace;Tarjeta;Sin Promo;2;275.72;0.2;551.44;82.72;468.72;235.01;0
2023-001599;07-08-2023;S1004;C00497;P2044;Tienda;Tarjeta;Promo 15%;1;454.08;0.0;454.08;59.03;395.05;214.81;0
2023-001600;01-24-2023;S1036;C00184;P2157;Marketplace;Efectivo;Promo 15%;1;189.87;0.15;189.87;28.48;161.39;118.28;1
2023-001601;10-31-2023;S1005;C00728;P2037;Tienda;Tarjeta;Promo 15%;2;561.42;0.1;1122.84;145.97;976.87;405.23;0
2023-001602;10-03-2023;S1040;C00725;P2010;Web;Transferencia;2x1;3;343.48;0.15;1030.44;133.96;896.48;210.17;0
2023-001603;02-11-2023;S1002;C00551;P2020;Call Center;Tarjeta;Promo 10%;2;46.89;0.05;93.78;12.19;81.59;32.33;0
2023-001604;02-18-2023;S1020;C00408;P2125;Call Center;Billetera Digital;Cyber Week;2;344.65;0.0;689.3;103.39;585.91;235.01;0
2023-001605;10-12-2023;S1014;C00208;P2080;Call Center;Tarjeta;Black Friday;4;271.61;0.1;1086.44;130.37;956.07;221.89;0
2023-001606;11-12-2023;S1037;C00227;P2091;Web;Transferencia;2x1;3;487.35;0.1;1462.05;190.07;1271.98;397.11;1
2023-001607;08-16-2023;S1023;C00022;P2023;Tienda;Transferencia;2x1;1;529.75;0.0;529.75;79.46;450.29;346.8;0
2023-001608;01-01-2023;S1043;C00086;P2038;Web;Tarjeta;Promo 10%;2;139.95;0.0;279.9;36.39;243.51;104.22;0
2023-001609;12-27-2023;S1010;C00692;P2112;Web;Transferencia;Cyber Week;2;289.41;0.2;578.82;69.46;509.36;257.82;0
2023-001610;06-04-2023;S1029;C00448;P2032;Marketplace;Transferencia;2x1;1;373.26;0.2;373.26;55.99;317.27;330.43;0
2023-001611;08-26-2023;S1036;C00431;P2148;Web;Transferencia;Black Friday;2;674.81;0.0;1349.62;202.44;1147.18;390.62;0
2023-001612;04-24-2023;S1012;C00709;P2007;Tienda;Tarjeta;Sin Promo;2;169.62;0.2;339.24;40.71;298.53;162.45;0
2023-001613;08-20-2023;S1014;C00339;P2033;Web;Efectivo;Promo 15%;2;68.31;0.15;136.62;16.39;120.23;61.26;0
2023-001614;01-04-2023;S1036;C00524;P2028;Marketplace;Tarjeta;Cyber Week;1;538.37;0.1;538.37;80.76;457.61;344.08;0
2023-001615;04-12-2023;S1038;C00264;P2106;Call Center;Financiamiento;2x1;1;461.42;0.0;461.42;59.98;401.44;310.34;0
2023-001616;09-02-2023;S1006;C00330;P2080;Call Center;Financiamiento;Black Friday;1;301.79;0.0;301.79;39.23;262.56;221.89;1
2023-001617;05-18-2023;S1007;C00441;P2040;Web;Tarjeta;Black Friday;1;50.57;0.15;50.57;6.57;44.0;35.66;0
2023-001618;09-08-2023;S1016;C00147;P2041;Tienda;Billetera Digital;Sin Promo;2;37.22;0.2;74.44;8.93;65.51;34.06;0
2023-001619;07-19-2023;S1008;C00312;P2056;Web;Transferencia;Promo 15%;1;886.94;0.0;886.94;115.3;771.64;417.23;0
2023-001620;01-29-2023;S1006;C00431;P2005;Marketplace;Financiamiento;2x1;1;545.93;0.0;545.93;70.97;474.96;390.45;0
2023-001621;02-12-2023;S1042;C00145;P2126;Web;Financiamiento;Promo 10%;3;649.93;0.05;1949.79;253.47;1696.32;413.19;0
2023-001622;12-29-2023;S1036;C00561;P2008;Marketplace;Billetera Digital;Cyber Week;1;874.23;0.0;874.23;131.13;743.1;421.75;0
2023-001623;02-26-2023;S1018;C00361;P2049;Web;Tarjeta;Black Friday;3;158.27;0.0;474.81;56.98;417.83;89.45;0
2023-001624;02-02-2023;S1038;C00591;P2049;Call Center;Financiamiento;Black Friday;1;126.62;0.2;126.62;16.46;110.16;89.45;0
2023-001625;05-05-2023;S1022;C00210;P2002;Marketplace;Billetera Digital;Black Friday;1;246.64;0.15;246.64;37.0;209.64;134.76;0
2023-001626;06-27-2023;S1037;C00227;P2037;Tienda;Transferencia;2x1;5;530.23;0.15;2651.15;344.65;2306.5;405.23;0
2023-001627;07-07-2023;S1030;C00158;P2093;Web;Financiamiento;Promo 15%;1;118.37;0.2;118.37;17.76;100.61;75.0;0
2023-001628;06-27-2023;S1023;C00731;P2032;Marketplace;Tarjeta;Cyber Week;4;396.58;0.15;1586.32;237.95;1348.37;330.43;0
2023-001629;06-11-2023;S1009;C00560;P2097;Tienda;Transferencia;2x1;1;495.07;0.05;495.07;64.36;430.71;298.37;0
2023-001630;02-12-2023;S1025;C00184;P2027;Tienda;Tarjeta;Black Friday;1;315.14;0.05;315.14;47.27;267.87;230.42;1
2023-001631;12-03-2023;S1031;C00364;P2121;Web;Transferencia;Black Friday;2;355.11;0.15;710.22;106.53;603.69;207.12;0
2023-001632;09-09-2023;S1015;C00049;P2095;Call Center;Efectivo;Promo 15%;2;729.93;0.0;1459.86;175.18;1284.68;368.2;1
2023-001633;06-23-2023;S1027;C00501;P2116;Tienda;Transferencia;Sin Promo;1;706.7;0.05;706.7;106.01;600.69;358.01;1
2023-001634;12-31-2023;S1045;C00540;P2124;Marketplace;Billetera Digital;Sin Promo;1;380.55;0.2;380.55;49.47;331.08;351.18;0
2023-001635;08-02-2023;S1029;C00420;P2069;Web;Tarjeta;Promo 15%;2;162.82;0.15;325.64;48.85;276.79;145.02;0
2023-001636;05-24-2023;S1004;C00705;P2133;Call Center;Billetera Digital;Promo 15%;1;47.33;0.1;47.33;6.15;41.18;38.56;0
2023-001637;03-08-2023;S1032;C00241;P2158;Tienda;Efectivo;Promo 10%;2;542.39;0.0;1084.78;162.72;922.06;274.83;0
2023-001638;10-06-2023;S1008;C00396;P2040;Tienda;Transferencia;Sin Promo;3;59.49;0.0;178.47;23.2;155.27;35.66;0
2023-001639;05-07-2023;S1012;C00456;P2126;Call Center;Transferencia;Black Friday;5;547.31;0.2;2736.55;328.39;2408.16;413.19;0
2023-001640;12-03-2023;S1026;C00223;P2115;Tienda;Transferencia;Sin Promo;2;372.57;0.0;745.14;111.77;633.37;201.2;0
2023-001641;08-10-2023;S1030;C00164;P2066;Marketplace;Financiamiento;Black Friday;3;524.71;0.0;1574.13;236.12;1338.01;297.19;0
2023-001642;01-20-2023;S1022;C00143;P2092;Tienda;Efectivo;Cyber Week;1;802.49;0.0;802.49;120.37;682.12;416.32;0
2023-001643;11-05-2023;S1042;C00534;P2112;Web;Financiamiento;Black Friday;1;343.67;0.05;343.67;44.68;298.99;257.82;0
2023-001644;11-01-2023;S1009;C00638;P2029;Web;Billetera Digital;2x1;4;442.35;0.1;1769.4;230.02;1539.38;271.13;0
2023-001645;09-29-2023;S1015;C00664;P2041;Call Center;Billetera Digital;2x1;1;46.52;0.0;46.52;5.58;40.94;34.06;0
2023-001646;07-31-2023;S1040;C00367;P2109;Call Center;Tarjeta;2x1;1;197.87;0.05;197.87;25.72;172.15;141.94;1
2023-001647;08-23-2023;S1033;C00480;P2043;Marketplace;Efectivo;Cyber Week;1;297.93;0.05;297.93;44.69;253.24;244.5;0
2023-001648;11-15-2023;S1021;C00354;P2061;Call Center;Billetera Digital;Black Friday;1;42.68;0.0;42.68;6.4;36.28;26.36;1
2023-001649;02-15-2023;S1020;C00052;P2060;Web;Transferencia;Promo 15%;1;325.76;0.15;325.76;48.86;276.9;245.82;0
2023-001650;08-16-2023;S1027;C00647;P2150;Call Center;Transferencia;Promo 15%;1;234.07;0.0;234.07;35.11;198.96;154.53;0
2023-001651;06-14-2023;S1031;C00048;P2079;Tienda;Billetera Digital;Cyber Week;1;249.59;0.0;249.59;37.44;212.15;156.92;1
2023-001652;10-02-2023;S1016;C00439;P2153;Call Center;Billetera Digital;Black Friday;2;387.51;0.05;775.02;93.0;682.02;293.96;1
2023-001653;07-08-2023;S1003;C00204;P2121;Tienda;Billetera Digital;Promo 10%;1;376.0;0.1;376.0;48.88;327.12;207.12;0
2023-001654;08-25-2023;S1008;C00068;P2024;Tienda;Transferencia;Promo 10%;2;316.27;0.0;632.54;82.23;550.31;197.91;0
2023-001655;02-21-2023;S1014;C00688;P2035;Marketplace;Efectivo;Black Friday;1;815.94;0.1;815.94;97.91;718.03;418.3;1
2023-001656;03-31-2023;S1039;C00409;P2038;Marketplace;Tarjeta;Promo 15%;2;139.95;0.0;279.9;36.39;243.51;104.22;0
2023-001657;04-01-2023;S1040;C00744;P2025;Web;Transferencia;2x1;2;631.06;0.05;1262.12;164.08;1098.04;394.63;0
2023-001658;04-21-2023;S1041;C00309;P2017;Web;Efectivo;Sin Promo;2;266.29;0.05;532.58;69.24;463.34;182.13;0
2023-001659;12-05-2023;S1005;C00497;P2047;Marketplace;Transferencia;Promo 15%;1;456.79;0.0;456.79;59.38;397.41;295.44;0
2023-001660;12-02-2023;S1013;C00730;P2086;Web;Tarjeta;Cyber Week;1;109.2;0.0;109.2;13.1;96.1;70.05;0
2023-001661;11-01-2023;S1001;C00360;P2135;Call Center;Billetera Digital;2x1;1;137.64;0.1;137.64;17.89;119.75;71.27;0
2023-001662;09-07-2023;S1015;C00228;P2002;Web;Tarjeta;2x1;3;246.64;0.15;739.92;88.79;651.13;134.76;0
2023-001663;01-02-2023;S1013;C00291;P2079;Marketplace;Financiamiento;2x1;2;212.15;0.15;424.3;50.92;373.38;156.92;0
2023-001664;02-04-2023;S1018;C00003;P2008;Marketplace;Tarjeta;Sin Promo;1;786.81;0.1;786.81;94.42;692.39;421.75;0
2023-001665;04-21-2023;S1015;C00615;P2153;Marketplace;Financiamiento;Cyber Week;1;407.91;0.0;407.91;48.95;358.96;293.96;0
2023-001666;03-10-2023;S1022;C00013;P2110;Tienda;Efectivo;Black Friday;1;354.21;0.15;354.21;53.13;301.08;314.95;0
2023-001667;06-27-2023;S1009;C00588;P2098;Marketplace;Transferencia;Sin Promo;3;516.06;0.2;1548.18;201.26;1346.92;389.5;0
2023-001668;01-29-2023;S1040;C00077;P2152;Marketplace;Financiamiento;2x1;1;499.51;0.0;499.51;64.94;434.57;338.06;1
2023-001669;05-02-2023;S1028;C00786;P2120;Call Center;Efectivo;2x1;5;199.5;0.0;997.5;149.62;847.88;113.2;0
2023-001670;08-11-2023;S1025;C00322;P2046;Web;Tarjeta;Promo 10%;3;290.06;0.2;870.18;130.53;739.65;192.92;0
2023-001671;08-19-2023;S1028;C00282;P2044;Web;Billetera Digital;Cyber Week;2;454.08;0.0;908.16;136.22;771.94;214.81;0
2023-001672;06-14-2023;S1001;C00553;P2063;Web;Financiamiento;Cyber Week;2;70.41;0.0;140.82;18.31;122.51;34.56;0
2023-001673;12-26-2023;S1014;C00483;P2083;Call Center;Efectivo;Sin Promo;5;444.91;0.15;2224.55;266.95;1957.6;334.59;1
2023-001674;04-21-2023;S1011;C00234;P2144;Web;Efectivo;Promo 10%;4;272.5;0.0;1090.0;130.8;959.2;177.43;1
2023-001675;08-27-2023;S1040;C00576;P2073;Call Center;Financiamiento;Black Friday;4;156.33;0.05;625.32;81.29;544.03;131.1;0
2023-001676;07-12-2023;S1033;C00148;P2070;Web;Efectivo;Promo 15%;4;614.79;0.0;2459.16;368.87;2090.29;281.04;0
2023-001677;05-31-2023;S1008;C00231;P2153;Tienda;Financiamiento;2x1;1;387.51;0.05;387.51;50.38;337.13;293.96;0
2023-001678;09-01-2023;S1017;C00353;P2099;Marketplace;Billetera Digital;Promo 15%;5;279.84;0.05;1399.2;167.9;1231.3;231.19;1
2023-001679;08-13-2023;S1012;C00355;P2126;Marketplace;Transferencia;Sin Promo;1;547.31;0.2;547.31;65.68;481.63;413.19;1
2023-001680;10-25-2023;S1039;C00770;P2142;Web;Transferencia;2x1;1;469.2;0.05;469.2;61.0;408.2;331.65;0
2023-001681;12-15-2023;S1038;C00768;P2141;Marketplace;Tarjeta;2x1;3;749.24;0.1;2247.72;292.2;1955.52;384.64;0
2023-001682;03-15-2023;S1012;C00441;P2076;Web;Transferencia;Sin Promo;2;92.64;0.05;185.28;22.23;163.05;50.2;0
2023-001683;10-09-2023;S1010;C00689;P2133;Web;Transferencia;Cyber Week;2;49.96;0.05;99.92;11.99;87.93;38.56;0
2023-001684;05-21-2023;S1025;C00125;P2104;Call Center;Financiamiento;Promo 15%;2;667.12;0.05;1334.24;200.14;1134.1;405.18;0
2023-001685;07-28-2023;S1019;C00248;P2069;Tienda;Tarjeta;Promo 10%;2;162.82;0.15;325.64;48.85;276.79;145.02;0
2023-001686;09-26-2023;S1011;C00405;P2029;Web;Financiamiento;2x1;2;393.2;0.2;786.4;94.37;692.03;271.13;0
2023-001687;08-03-2023;S1012;C00243;P2068;Call Center;Financiamiento;Cyber Week;4;209.44;0.15;837.76;100.53;737.23;122.46;1
2023-001688;05-25-2023;S1006;C00536;P2093;Tienda;Transferencia;2x1;5;147.96;0.0;739.8;96.17;643.63;75.0;0
2023-001689;06-01-2023;S1034;C00242;P2112;Tienda;Financiamiento;Promo 10%;1;289.41;0.2;289.41;43.41;246.0;257.82;0
2023-001690;07-28-2023;S1039;C00473;P2138;Call Center;Transferencia;Sin Promo;1;612.09;0.15;612.09;79.57;532.52;375.47;0
2023-001691;04-30-2023;S1038;C00514;P2035;Tienda;Efectivo;Cyber Week;1;906.6;0.0;906.6;117.86;788.74;418.3;0
2023-001692;03-06-2023;S1012;C00227;P2150;Call Center;Billetera Digital;Sin Promo;2;198.96;0.15;397.92;47.75;350.17;154.53;0
2023-001693;08-09-2023;S1038;C00076;P2037;Tienda;Transferencia;2x1;2;499.04;0.2;998.08;129.75;868.33;405.23;0
2023-001694;01-28-2023;S1037;C00677;P2105;Marketplace;Billetera Digital;Promo 10%;2;540.92;0.2;1081.84;140.64;941.2;320.12;0
2023-001695;08-01-2023;S1039;C00433;P2104;Marketplace;Transferencia;Cyber Week;1;561.78;0.2;561.78;73.03;488.75;405.18;0
2023-001696;04-05-2023;S1027;C00751;P2122;Web;Transferencia;2x1;1;579.38;0.15;579.38;86.91;492.47;324.38;0
2023-001697;06-21-2023;S1044;C00020;P2140;Marketplace;Financiamiento;Black Friday;2;12.25;0.15;24.5;3.19;21.31;6.63;0
2023-001698;04-11-2023;S1012;C00436;P2142;Web;Efectivo;Sin Promo;1;444.5;0.1;444.5;53.34;391.16;331.65;0
2023-001699;03-23-2023;S1007;C00302;P2014;Web;Tarjeta;Black Friday;3;430.19;0.0;1290.57;167.77;1122.8;296.33;0
2023-001700;01-31-2023;S1010;C00436;P2034;Tienda;Tarjeta;Cyber Week;1;262.95;0.0;262.95;31.55;231.4;122.22;0
2023-001701;05-11-2023;S1016;C00082;P2098;Marketplace;Transferencia;2x1;5;645.08;0.0;3225.4;387.05;2838.35;389.5;1
2023-001702;09-06-2023;S1013;C00717;P2106;Web;Efectivo;Black Friday;1;392.21;0.15;392.21;47.07;345.14;310.34;0
2023-001703;04-28-2023;S1011;C00170;P2024;Tienda;Billetera Digital;Cyber Week;1;316.27;0.0;316.27;37.95;278.32;197.91;0
2023-001704;08-01-2023;S1043;C00309;P2014;Marketplace;Billetera Digital;Black Friday;2;365.66;0.15;731.32;95.07;636.25;296.33;0
2023-001705;07-03-2023;S1025;C00778;P2094;Marketplace;Financiamiento;Black Friday;2;700.79;0.0;1401.58;210.24;1191.34;392.99;0
2023-001706;09-12-2023;S1007;C00600;P2130;Call Center;Transferencia;Black Friday;1;561.03;0.2;561.03;72.93;488.1;404.15;0
2023-001707;06-21-2023;S1006;C00656;P2127;Web;Financiamiento;Sin Promo;1;732.66;0.0;732.66;95.25;637.41;361.43;1
2023-001708;03-15-2023;S1013;C00030;P2049;Marketplace;Transferencia;Black Friday;4;150.36;0.05;601.44;72.17;529.27;89.45;0
2023-001709;11-11-2023;S1018;C00334;P2057;Call Center;Tarjeta;Black Friday;2;398.81;0.05;797.62;95.71;701.91;314.68;0
2023-001710;08-28-2023;S1032;C00601;P2031;Call Center;Efectivo;2x1;1;203.6;0.0;203.6;30.54;173.06;111.43;0
2023-001711;07-27-2023;S1025;C00506;P2084;Call Center;Efectivo;Promo 15%;2;9.8;0.1;19.6;2.94;16.66;8.31;0
2023-001712;06-03-2023;S1028;C00484;P2036;Tienda;Efectivo;Cyber Week;4;288.63;0.0;1154.52;173.18;981.34;143.03;0
2023-001713;12-17-2023;S1001;C00059;P2132;Tienda;Billetera Digital;Promo 10%;3;273.37;0.15;820.11;106.61;713.5;220.13;0
2023-001714;06-06-2023;S1044;C00756;P2003;Tienda;Billetera Digital;Black Friday;1;457.85;0.1;457.85;59.52;398.33;261.5;0
2023-001715;12-17-2023;S1015;C00224;P2088;Web;Tarjeta;Promo 15%;1;571.92;0.0;571.92;68.63;503.29;308.2;1
2023-001716;02-19-2023;S1036;C00168;P2023;Marketplace;Tarjeta;Promo 10%;2;476.78;0.1;953.56;143.03;810.53;346.8;0
2023-001717;09-18-2023;S1036;C00515;P2141;Tienda;Financiamiento;Cyber Week;1;832.49;0.0;832.49;124.87;707.62;384.64;0
2023-001718;03-26-2023;S1010;C00405;P2051;Call Center;Financiamiento;2x1;2;855.46;0.0;1710.92;205.31;1505.61;394.02;0
2023-001719;02-09-2023;S1019;C00534;P2071;Web;Efectivo;Promo 10%;1;483.57;0.0;483.57;72.54;411.03;243.78;1
2023-001720;08-09-2023;S1003;C00762;P2078;Call Center;Billetera Digital;Cyber Week;2;165.66;0.0;331.32;43.07;288.25;125.47;0
2023-001721;05-03-2023;S1033;C00346;P2062;Marketplace;Financiamiento;Promo 15%;2;111.89;0.0;223.78;33.57;190.21;74.21;1
2023-001722;04-23-2023;S1019;C00306;P2138;Web;Efectivo;Promo 10%;3;576.08;0.2;1728.24;259.24;1469.0;375.47;0
2023-001723;10-06-2023;S1038;C00455;P2076;Call Center;Financiamiento;2x1;3;97.52;0.0;292.56;38.03;254.53;50.2;0
2023-001724;01-29-2023;S1037;C00492;P2079;Web;Tarjeta;Black Friday;2;224.63;0.1;449.26;58.4;390.86;156.92;0
2023-001725;05-23-2023;S1011;C00747;P2108;Call Center;Billetera Digital;Promo 10%;2;255.04;0.1;510.08;61.21;448.87;144.01;0
2023-001726;05-19-2023;S1042;C00244;P2022;Tienda;Efectivo;Promo 15%;1;449.93;0.0;449.93;58.49;391.44;325.44;0
2023-001727;09-14-2023;S1032;C00679;P2047;Web;Efectivo;Sin Promo;2;456.79;0.0;913.58;137.04;776.54;295.44;0
2023-001728;10-06-2023;S1017;C00118;P2088;Marketplace;Financiamiento;Sin Promo;1;571.92;0.0;571.92;68.63;503.29;308.2;1
2023-001729;07-31-2023;S1004;C00095;P2051;Call Center;Billetera Digital;Cyber Week;4;812.69;0.05;3250.76;422.6;2828.16;394.02;1
2023-001730;11-30-2023;S1032;C00541;P2104;Marketplace;Transferencia;Cyber Week;1;561.78;0.2;561.78;84.27;477.51;405.18;0
2023-001731;06-03-2023;S1044;C00083;P2068;Call Center;Tarjeta;Sin Promo;1;221.76;0.1;221.76;28.83;192.93;122.46;0
2023-001732;02-26-2023;S1032;C00262;P2034;Call Center;Billetera Digital;2x1;3;223.51;0.15;670.53;100.58;569.95;122.22;0
2023-001733;03-01-2023;S1008;C00421;P2122;Call Center;Transferencia;Promo 15%;1;681.62;0.0;681.62;88.61;593.01;324.38;0
2023-001734;08-08-2023;S1018;C00138;P2055;Call Center;Billetera Digital;Promo 15%;2;140.77;0.0;281.54;33.78;247.76;77.43;0
2023-001735;09-20-2023;S1014;C00074;P2011;Tienda;Billetera Digital;Sin Promo;3;314.18;0.2;942.54;113.1;829.44;309.34;0
2023-001736;06-27-2023;S1023;C00460;P2128;Call Center;Efectivo;2x1;2;501.65;0.1;1003.3;150.49;852.81;269.57;0
2023-001737;12-15-2023;S1040;C00578;P2079;Marketplace;Tarjeta;Promo 10%;2;237.11;0.05;474.22;61.65;412.57;156.92;0
2023-001738;11-21-2023;S1005;C00658;P2120;Marketplace;Efectivo;Sin Promo;2;189.52;0.05;379.04;49.28;329.76;113.2;1
2023-001739;01-04-2023;S1003;C00393;P2055;Call Center;Efectivo;Black Friday;1;112.62;0.2;112.62;14.64;97.98;77.43;0
2023-001740;01-16-2023;S1021;C00293;P2145;Marketplace;Billetera Digital;2x1;1;112.11;0.05;112.11;16.82;95.29;77.61;0
2023-001741;07-13-2023;S1007;C00070;P2129;Tienda;Tarjeta;Black Friday;2;504.95;0.0;1009.9;131.29;878.61;401.84;0
2023-001742;12-06-2023;S1025;C00277;P2040;Web;Transferencia;2x1;3;59.49;0.0;178.47;26.77;151.7;35.66;0
2023-001743;04-07-2023;S1016;C00399;P2087;Web;Tarjeta;Sin Promo;1;323.78;0.0;323.78;38.85;284.93;166.63;0
2023-001744;09-18-2023;S1009;C00058;P2021;Tienda;Tarjeta;Black Friday;1;439.47;0.0;439.47;57.13;382.34;239.98;0
2023-001745;04-02-2023;S1040;C00563;P2041;Web;Efectivo;Cyber Week;6;46.52;0.0;279.12;36.29;242.83;34.06;0
2023-001746;01-22-2023;S1014;C00654;P2077;Marketplace;Financiamiento;Sin Promo;2;715.22;0.1;1430.44;171.65;1258.79;400.81;0
2023-001747;10-20-2023;S1024;C00486;P2016;Call Center;Tarjeta;2x1;1;163.96;0.05;163.96;24.59;139.37;121.18;0
2023-001748;01-08-2023;S1030;C00335;P2159;Web;Transferencia;2x1;1;512.7;0.2;512.7;76.91;435.79;434.27;0
2023-001749;10-17-2023;S1040;C00447;P2146;Tienda;Financiamiento;Promo 10%;3;249.01;0.2;747.03;97.11;649.92;242.22;0
2023-001750;01-23-2023;S1034;C00339;P2136;Call Center;Billetera Digital;Black Friday;1;154.8;0.0;154.8;23.22;131.58;99.42;1
2023-001751;09-15-2023;S1040;C00405;P2088;Tienda;Efectivo;2x1;2;543.32;0.05;1086.64;141.26;945.38;308.2;0
2023-001752;03-04-2023;S1006;C00751;P2042;Marketplace;Tarjeta;Promo 10%;1;321.11;0.2;321.11;41.74;279.37;233.31;1
2023-001753;06-06-2023;S1001;C00503;P2026;Web;Efectivo;Cyber Week;1;367.94;0.2;367.94;47.83;320.11;230.43;0
2023-001754;02-01-2023;S1014;C00705;P2057;Tienda;Financiamiento;Black Friday;1;419.8;0.0;419.8;50.38;369.42;314.68;0
2023-001755;11-22-2023;S1036;C00208;P2151;Call Center;Billetera Digital;2x1;2;246.17;0.0;492.34;73.85;418.49;116.51;0
2023-001756;08-28-2023;S1028;C00384;P2022;Marketplace;Financiamiento;Black Friday;3;382.44;0.15;1147.32;172.1;975.22;325.44;0
2023-001757;05-23-2023;S1007;C00043;P2005;Tienda;Tarjeta;Sin Promo;3;545.93;0.0;1637.79;212.91;1424.88;390.45;0
2023-001758;12-24-2023;S1008;C00527;P2034;Marketplace;Efectivo;2x1;1;249.8;0.05;249.8;32.47;217.33;122.22;0
2023-001759;05-19-2023;S1020;C00519;P2007;Call Center;Efectivo;Black Friday;3;212.03;0.0;636.09;95.41;540.68;162.45;0
2023-001760;04-08-2023;S1021;C00437;P2114;Web;Efectivo;2x1;1;443.2;0.2;443.2;66.48;376.72;274.57;0
2023-001761;03-26-2023;S1013;C00024;P2055;Web;Efectivo;Promo 15%;3;112.62;0.2;337.86;40.54;297.32;77.43;0
2023-001762;01-23-2023;S1028;C00127;P2150;Call Center;Financiamiento;2x1;1;234.07;0.0;234.07;35.11;198.96;154.53;0
2023-001763;08-25-2023;S1002;C00410;P2135;Call Center;Tarjeta;Sin Promo;6;122.34;0.2;734.04;95.43;638.61;71.27;1
2023-001764;11-30-2023;S1016;C00088;P2090;Tienda;Tarjeta;Black Friday;1;123.88;0.0;123.88;14.87;109.01;72.93;0
2023-001765;03-25-2023;S1019;C00230;P2133;Web;Billetera Digital;Promo 10%;3;49.96;0.05;149.88;22.48;127.4;38.56;1
2023-001766;04-16-2023;S1022;C00579;P2038;Tienda;Transferencia;Sin Promo;2;125.95;0.1;251.9;37.78;214.12;104.22;0
2023-001767;07-22-2023;S1002;C00145;P2139;Web;Tarjeta;Promo 15%;2;19.27;0.05;38.54;5.01;33.53;12.71;1
2023-001768;06-27-2023;S1031;C00152;P2147;Tienda;Tarjeta;Black Friday;1;493.36;0.1;493.36;74.0;419.36;299.7;0
2023-001769;07-09-2023;S1034;C00152;P2110;Marketplace;Tarjeta;Cyber Week;3;395.88;0.05;1187.64;178.15;1009.49;314.95;0
2023-001770;02-26-2023;S1021;C00538;P2149;Web;Efectivo;2x1;4;224.81;0.0;899.24;134.89;764.35;173.08;0
2023-001771;12-07-2023;S1023;C00268;P2005;Call Center;Billetera Digital;Cyber Week;1;545.93;0.0;545.93;81.89;464.04;390.45;0
2023-001772;01-09-2023;S1039;C00542;P2099;Tienda;Efectivo;Black Friday;2;250.38;0.15;500.76;65.1;435.66;231.19;0
2023-001773;12-13-2023;S1017;C00460;P2057;Marketplace;Efectivo;Black Friday;4;377.82;0.1;1511.28;181.35;1329.93;314.68;0
2023-001774;03-24-2023;S1044;C00310;P2122;Call Center;Tarjeta;Sin Promo;3;681.62;0.0;2044.86;265.83;1779.03;324.38;0
2023-001775;08-18-2023;S1005;C00591;P2083;Call Center;Tarjeta;Sin Promo;1;418.74;0.2;418.74;54.44;364.3;334.59;0
2023-001776;08-05-2023;S1043;C00749;P2086;Marketplace;Transferencia;Cyber Week;1;109.2;0.0;109.2;14.2;95.0;70.05;0
2023-001777;09-07-2023;S1001;C00674;P2021;Web;Tarjeta;Cyber Week;1;395.52;0.1;395.52;51.42;344.1;239.98;0
2023-001778;10-01-2023;S1011;C00396;P2089;Call Center;Financiamiento;Promo 15%;4;736.54;0.0;2946.16;353.54;2592.62;351.93;0
2023-001779;11-03-2023;S1031;C00485;P2019;Tienda;Financiamiento;Cyber Week;3;400.58;0.15;1201.74;180.26;1021.48;283.84;0
2023-001780;06-03-2023;S1039;C00463;P2141;Call Center;Tarjeta;Black Friday;2;749.24;0.1;1498.48;194.8;1303.68;384.64;0
2023-001781;07-16-2023;S1029;C00422;P2059;Tienda;Billetera Digital;Promo 10%;4;130.71;0.0;522.84;78.43;444.41;101.09;0
2023-001782;10-23-2023;S1044;C00415;P2081;Tienda;Financiamiento;Promo 15%;4;339.41;0.15;1357.64;176.49;1181.15;192.91;0
2023-001783;08-09-2023;S1038;C00471;P2033;Web;Tarjeta;Black Friday;1;72.32;0.1;72.32;9.4;62.92;61.26;0
2023-001784;06-14-2023;S1015;C00444;P2026;Call Center;Efectivo;Sin Promo;6;390.93;0.15;2345.58;281.47;2064.11;230.43;0
2023-001785;10-24-2023;S1017;C00600;P2045;Call Center;Billetera Digital;Sin Promo;2;62.02;0.1;124.04;14.88;109.16;46.07;0
2023-001786;12-18-2023;S1033;C00036;P2092;Marketplace;Financiamiento;Black Friday;1;762.37;0.05;762.37;114.36;648.01;416.32;0
2023-001787;04-22-2023;S1029;C00461;P2156;Marketplace;Billetera Digital;2x1;4;69.22;0.15;276.88;41.53;235.35;55.02;0
2023-001788;12-08-2023;S1027;C00103;P2137;Web;Transferencia;Promo 15%;1;407.3;0.05;407.3;61.09;346.21;246.0;0
2023-001789;05-04-2023;S1025;C00301;P2027;Marketplace;Billetera Digital;Sin Promo;1;265.38;0.2;265.38;39.81;225.57;230.42;1
2023-001790;12-26-2023;S1002;C00374;P2129;Call Center;Efectivo;Promo 15%;3;504.95;0.0;1514.85;196.93;1317.92;401.84;1
2023-001791;05-29-2023;S1035;C00700;P2071;Tienda;Billetera Digital;Black Friday;1;386.86;0.2;386.86;58.03;328.83;243.78;0
2023-001792;04-30-2023;S1038;C00646;P2067;Web;Tarjeta;Black Friday;6;524.21;0.1;3145.26;408.88;2736.38;420.88;0
2023-001793;08-14-2023;S1040;C00301;P2148;Call Center;Billetera Digital;Promo 10%;5;539.85;0.2;2699.25;350.9;2348.35;390.62;0
2023-001794;01-25-2023;S1016;C00336;P2072;Web;Efectivo;Black Friday;2;513.93;0.15;1027.86;123.34;904.52;420.23;0
2023-001795;10-13-2023;S1017;C00480;P2049;Tienda;Financiamiento;2x1;1;150.36;0.05;150.36;18.04;132.32;89.45;1
2023-001796;02-18-2023;S1040;C00028;P2050;Tienda;Efectivo;Sin Promo;1;273.95;0.0;273.95;35.61;238.34;192.16;0
2023-001797;04-23-2023;S1037;C00392;P2160;Marketplace;Financiamiento;Promo 15%;1;812.22;0.0;812.22;105.59;706.63;418.28;0
2023-001798;08-31-2023;S1040;C00523;P2073;Marketplace;Billetera Digital;Sin Promo;2;148.1;0.1;296.2;38.51;257.69;131.1;0
2023-001799;02-01-2023;S1040;C00233;P2080;Tienda;Efectivo;Promo 10%;3;241.43;0.2;724.29;94.16;630.13;221.89;0
2023-001800;12-18-2023;S1014;C00663;P2070;Marketplace;Billetera Digital;Black Friday;1;614.79;0.0;614.79;73.77;541.02;281.04;0
2023-001801;05-11-2023;S1007;C00331;P2074;Web;Billetera Digital;Promo 10%;1;239.08;0.15;239.08;31.08;208.0;138.92;0
2023-001802;07-01-2023;S1003;C00475;P2047;Tienda;Billetera Digital;Promo 10%;2;388.27;0.15;776.54;100.95;675.59;295.44;0
2023-001803;09-09-2023;S1015;C00366;P2106;Call Center;Financiamiento;Promo 15%;1;461.42;0.0;461.42;55.37;406.05;310.34;0
2023-001804;07-13-2023;S1006;C00524;P2135;Marketplace;Financiamiento;Black Friday;2;129.99;0.15;259.98;33.8;226.18;71.27;0
2023-001805;02-20-2023;S1039;C00346;P2145;Web;Efectivo;2x1;4;100.31;0.15;401.24;52.16;349.08;77.61;0
2023-001806;11-14-2023;S1030;C00064;P2115;Tienda;Transferencia;Black Friday;1;372.57;0.0;372.57;55.89;316.68;201.2;0
2023-001807;12-19-2023;S1006;C00385;P2074;Tienda;Billetera Digital;Promo 10%;2;239.08;0.15;478.16;62.16;416.0;138.92;0
2023-001808;09-25-2023;S1012;C00558;P2021;Marketplace;Financiamiento;Sin Promo;3;417.5;0.05;1252.5;150.3;1102.2;239.98;0
2023-001809;08-29-2023;S1040;C00625;P2132;Call Center;Billetera Digital;Sin Promo;2;257.29;0.2;514.58;66.9;447.68;220.13;0
2023-001810;07-13-2023;S1001;C00244;P2125;Tienda;Financiamiento;Cyber Week;1;310.19;0.1;310.19;40.32;269.87;235.01;0
2023-001811;10-18-2023;S1009;C00333;P2038;Call Center;Tarjeta;Cyber Week;3;132.95;0.05;398.85;51.85;347.0;104.22;0
2023-001812;11-21-2023;S1017;C00700;P2143;Marketplace;Financiamiento;Promo 15%;2;166.67;0.05;333.34;40.0;293.34;101.86;0
2023-001813;08-06-2023;S1027;C00579;P2147;Call Center;Transferencia;Black Friday;3;520.77;0.05;1562.31;234.35;1327.96;299.7;0
2023-001814;09-09-2023;S1011;C00001;P2060;Tienda;Tarjeta;2x1;2;325.76;0.15;651.52;78.18;573.34;245.82;0
2023-001815;01-18-2023;S1002;C00536;P2040;Web;Financiamiento;Promo 10%;2;59.49;0.0;118.98;15.47;103.51;35.66;0
2023-001816;10-17-2023;S1024;C00269;P2018;Marketplace;Tarjeta;Cyber Week;1;313.49;0.2;313.49;47.02;266.47;224.11;1
2023-001817;03-31-2023;S1022;C00590;P2070;Call Center;Transferencia;2x1;2;553.31;0.1;1106.62;165.99;940.63;281.04;0
2023-001818;08-17-2023;S1010;C00415;P2013;Marketplace;Transferencia;2x1;2;180.18;0.1;360.36;43.24;317.12;98.1;0
2023-001819;07-04-2023;S1045;C00666;P2099;Web;Efectivo;Sin Promo;1;279.84;0.05;279.84;36.38;243.46;231.19;0
2023-001820;04-22-2023;S1045;C00723;P2135;Call Center;Billetera Digital;Black Friday;2;137.64;0.1;275.28;35.79;239.49;71.27;0
2023-001821;11-18-2023;S1020;C00638;P2142;Web;Efectivo;Black Friday;2;493.89;0.0;987.78;148.17;839.61;331.65;1
2023-001822;06-27-2023;S1036;C00122;P2114;Call Center;Financiamiento;Black Friday;3;443.2;0.2;1329.6;199.44;1130.16;274.57;0
2023-001823;01-29-2023;S1035;C00109;P2159;Call Center;Tarjeta;2x1;2;640.88;0.0;1281.76;192.26;1089.5;434.27;0
2023-001824;10-26-2023;S1038;C00024;P2082;Tienda;Financiamiento;Promo 10%;3;239.21;0.15;717.63;93.29;624.34;152.77;0
2023-001825;12-17-2023;S1028;C00767;P2131;Marketplace;Efectivo;Promo 15%;1;167.39;0.15;167.39;25.11;142.28;119.6;0
2023-001826;11-16-2023;S1025;C00529;P2073;Marketplace;Financiamiento;Sin Promo;2;156.33;0.05;312.66;46.9;265.76;131.1;1
2023-001827;10-07-2023;S1008;C00262;P2110;Call Center;Tarjeta;Sin Promo;2;395.88;0.05;791.76;102.93;688.83;314.95;1
2023-001828;08-14-2023;S1022;C00378;P2069;Marketplace;Billetera Digital;2x1;1;172.4;0.1;172.4;25.86;146.54;145.02;0
2023-001829;05-12-2023;S1043;C00629;P2098;Tienda;Billetera Digital;Promo 15%;2;516.06;0.2;1032.12;134.18;897.94;389.5;0
2023-001830;08-02-2023;S1022;C00507;P2106;Call Center;Financiamiento;Promo 10%;2;369.14;0.2;738.28;110.74;627.54;310.34;0
2023-001831;01-06-2023;S1007;C00045;P2142;Call Center;Tarjeta;Sin Promo;2;493.89;0.0;987.78;128.41;859.37;331.65;1
2023-001832;05-07-2023;S1027;C00463;P2137;Call Center;Financiamiento;2x1;3;428.74;0.0;1286.22;192.93;1093.29;246.0;0
2023-001833;02-02-2023;S1044;C00492;P2100;Tienda;Financiamiento;Sin Promo;1;543.37;0.05;543.37;70.64;472.73;422.9;0
2023-001834;05-18-2023;S1027;C00429;P2117;Web;Tarjeta;2x1;3;75.78;0.1;227.34;34.1;193.24;41.82;0
2023-001835;09-22-2023;S1011;C00035;P2160;Tienda;Efectivo;Promo 10%;2;690.39;0.15;1380.78;165.69;1215.09;418.28;0
2023-001836;05-05-2023;S1010;C00278;P2143;Call Center;Tarjeta;Promo 15%;6;157.9;0.1;947.4;113.69;833.71;101.86;0
2023-001837;04-08-2023;S1020;C00087;P2032;Tienda;Financiamiento;Promo 10%;1;373.26;0.2;373.26;55.99;317.27;330.43;0
2023-001838;02-16-2023;S1016;C00385;P2087;Tienda;Transferencia;2x1;4;323.78;0.0;1295.12;155.41;1139.71;166.63;0
2023-001839;07-06-2023;S1020;C00281;P2145;Web;Efectivo;Promo 10%;1;94.41;0.2;94.41;14.16;80.25;77.61;0
2023-001840;07-06-2023;S1022;C00281;P2106;Marketplace;Billetera Digital;Sin Promo;1;369.14;0.2;369.14;55.37;313.77;310.34;0
2023-001841;12-02-2023;S1013;C00576;P2012;Web;Financiamiento;Promo 10%;1;788.33;0.0;788.33;94.6;693.73;363.05;0
2023-001842;09-20-2023;S1016;C00096;P2050;Call Center;Transferencia;Sin Promo;3;246.56;0.1;739.68;88.76;650.92;192.16;0
2023-001843;08-17-2023;S1040;C00543;P2116;Web;Transferencia;Cyber Week;1;743.9;0.0;743.9;96.71;647.19;358.01;0
2023-001844;02-02-2023;S1039;C00278;P2093;Web;Financiamiento;Promo 15%;1;147.96;0.0;147.96;19.23;128.73;75.0;0
2023-001845;01-11-2023;S1038;C00566;P2080;Call Center;Financiamiento;2x1;2;271.61;0.1;543.22;70.62;472.6;221.89;0
2023-001846;11-17-2023;S1039;C00378;P2086;Marketplace;Tarjeta;Promo 15%;3;109.2;0.0;327.6;42.59;285.01;70.05;0
2023-001847;03-18-2023;S1027;C00572;P2057;Call Center;Transferencia;Black Friday;5;419.8;0.0;2099.0;314.85;1784.15;314.68;0
2023-001848;12-17-2023;S1015;C00702;P2067;Tienda;Transferencia;Promo 10%;1;582.45;0.0;582.45;69.89;512.56;420.88;0
2023-001849;02-08-2023;S1040;C00368;P2096;Web;Billetera Digital;Promo 10%;1;604.2;0.05;604.2;78.55;525.65;369.96;0
2023-001850;12-31-2023;S1028;C00655;P2143;Marketplace;Tarjeta;Promo 10%;2;166.67;0.05;333.34;50.0;283.34;101.86;0
2023-001851;08-22-2023;S1043;C00257;P2126;Tienda;Efectivo;2x1;1;684.14;0.0;684.14;88.94;595.2;413.19;0
2023-001852;05-01-2023;S1045;C00127;P2156;Tienda;Billetera Digital;Black Friday;1;77.36;0.05;77.36;10.06;67.3;55.02;0
2023-001853;10-22-2023;S1043;C00307;P2087;Tienda;Billetera Digital;Sin Promo;2;323.78;0.0;647.56;84.18;563.38;166.63;0
2023-001854;04-19-2023;S1009;C00280;P2082;Web;Efectivo;2x1;2;239.21;0.15;478.42;62.19;416.23;152.77;0
2023-001855;06-12-2023;S1024;C00384;P2134;Call Center;Transferencia;2x1;6;241.56;0.0;1449.36;217.4;1231.96;153.79;1
2023-001856;03-03-2023;S1037;C00404;P2048;Web;Transferencia;Black Friday;6;256.13;0.2;1536.78;199.78;1337.0;183.57;1
2023-001857;02-25-2023;S1029;C00262;P2081;Web;Tarjeta;Sin Promo;2;339.41;0.15;678.82;101.82;577.0;192.91;0
2023-001858;03-30-2023;S1033;C00611;P2022;Web;Billetera Digital;Promo 10%;3;449.93;0.0;1349.79;202.47;1147.32;325.44;0
2023-001859;07-06-2023;S1044;C00407;P2014;Tienda;Financiamiento;2x1;1;387.17;0.1;387.17;50.33;336.84;296.33;0
2023-001860;03-04-2023;S1015;C00324;P2093;Tienda;Tarjeta;2x1;2;140.56;0.05;281.12;33.73;247.39;75.0;0
2023-001861;11-10-2023;S1034;C00786;P2010;Marketplace;Billetera Digital;Sin Promo;1;343.48;0.15;343.48;51.52;291.96;210.17;0
2023-001862;04-18-2023;S1026;C00609;P2031;Web;Transferencia;2x1;1;203.6;0.0;203.6;30.54;173.06;111.43;0
2023-001863;12-31-2023;S1010;C00662;P2034;Web;Transferencia;Promo 15%;4;223.51;0.15;894.04;107.28;786.76;122.22;1
2023-001864;11-21-2023;S1035;C00455;P2100;Tienda;Billetera Digital;Promo 15%;3;486.17;0.15;1458.51;218.78;1239.73;422.9;0
2023-001865;05-17-2023;S1010;C00063;P2004;Call Center;Billetera Digital;Promo 10%;2;543.65;0.0;1087.3;130.48;956.82;298.92;0
2023-001866;12-08-2023;S1011;C00719;P2059;Web;Transferencia;Promo 15%;2;130.71;0.0;261.42;31.37;230.05;101.09;0
2023-001867;10-08-2023;S1017;C00642;P2135;Call Center;Efectivo;2x1;3;152.93;0.0;458.79;55.05;403.74;71.27;0
2023-001868;11-03-2023;S1012;C00746;P2116;Call Center;Transferencia;Cyber Week;1;669.51;0.1;669.51;80.34;589.17;358.01;1
2023-001869;12-04-2023;S1034;C00070;P2108;Web;Efectivo;Promo 10%;2;283.38;0.0;566.76;85.01;481.75;144.01;0
2023-001870;03-12-2023;S1026;C00084;P2069;Web;Financiamiento;Black Friday;1;181.97;0.05;181.97;27.3;154.67;145.02;1
2023-001871;04-20-2023;S1012;C00142;P2083;Web;Transferencia;Promo 15%;2;523.42;0.0;1046.84;125.62;921.22;334.59;0
2023-001872;05-31-2023;S1028;C00037;P2017;Call Center;Billetera Digital;Promo 15%;6;252.27;0.1;1513.62;227.04;1286.58;182.13;0
2023-001873;06-27-2023;S1015;C00059;P2083;Call Center;Transferencia;Cyber Week;1;523.42;0.0;523.42;62.81;460.61;334.59;0
2023-001874;08-15-2023;S1009;C00102;P2035;Marketplace;Tarjeta;Sin Promo;1;906.6;0.0;906.6;117.86;788.74;418.3;0
2023-001875;08-23-2023;S1033;C00463;P2160;Tienda;Financiamiento;Cyber Week;1;690.39;0.15;690.39;103.56;586.83;418.28;0
2023-001876;04-04-2023;S1005;C00337;P2141;Web;Efectivo;Promo 15%;1;749.24;0.1;749.24;97.4;651.84;384.64;0
2023-001877;05-18-2023;S1005;C00228;P2090;Marketplace;Tarjeta;Black Friday;3;123.88;0.0;371.64;48.31;323.33;72.93;0
2023-001878;07-08-2023;S1033;C00756;P2017;Call Center;Financiamiento;Promo 15%;4;224.24;0.2;896.96;134.54;762.42;182.13;0
2023-001879;09-10-2023;S1037;C00294;P2054;Tienda;Transferencia;Cyber Week;3;370.62;0.2;1111.86;144.54;967.32;220.6;0
2023-001880;01-15-2023;S1014;C00630;P2035;Tienda;Tarjeta;Cyber Week;2;906.6;0.0;1813.2;217.58;1595.62;418.3;0
2023-001881;03-30-2023;S1042;C00783;P2105;Call Center;Financiamiento;Sin Promo;1;676.15;0.0;676.15;87.9;588.25;320.12;0
2023-001882;11-10-2023;S1043;C00509;P2072;Web;Transferencia;Black Friday;2;574.39;0.05;1148.78;149.34;999.44;420.23;0
2023-001883;10-27-2023;S1007;C00102;P2125;Web;Billetera Digital;Cyber Week;2;344.65;0.0;689.3;89.61;599.69;235.01;1
2023-001884;05-02-2023;S1033;C00737;P2083;Web;Tarjeta;Black Friday;1;497.25;0.05;497.25;74.59;422.66;334.59;0
2023-001885;09-18-2023;S1031;C00697;P2040;Tienda;Billetera Digital;Black Friday;1;56.52;0.05;56.52;8.48;48.04;35.66;0
2023-001886;04-04-2023;S1024;C00546;P2138;Web;Transferencia;Promo 10%;6;648.09;0.1;3888.54;583.28;3305.26;375.47;1
2023-001887;02-28-2023;S1039;C00394;P2091;Marketplace;Efectivo;Promo 10%;2;433.2;0.2;866.4;112.63;753.77;397.11;1
2023-001888;06-26-2023;S1031;C00593;P2071;Web;Tarjeta;Cyber Week;2;483.57;0.0;967.14;145.07;822.07;243.78;0
2023-001889;09-08-2023;S1006;C00043;P2139;Tienda;Efectivo;Promo 15%;1;16.22;0.2;16.22;2.11;14.11;12.71;0
2023-001890;01-12-2023;S1031;C00592;P2080;Web;Financiamiento;Black Friday;3;301.79;0.0;905.37;135.81;769.56;221.89;0
2023-001891;03-11-2023;S1033;C00404;P2115;Web;Transferencia;Black Friday;3;335.31;0.1;1005.93;150.89;855.04;201.2;1
2023-001892;12-08-2023;S1011;C00742;P2073;Call Center;Tarjeta;Promo 10%;4;164.56;0.0;658.24;78.99;579.25;131.1;0
2023-001893;03-29-2023;S1036;C00084;P2137;Call Center;Financiamiento;Cyber Week;1;428.74;0.0;428.74;64.31;364.43;246.0;0
2023-001894;01-07-2023;S1034;C00447;P2147;Tienda;Financiamiento;Sin Promo;2;493.36;0.1;986.72;148.01;838.71;299.7;0
2023-001895;01-26-2023;S1013;C00624;P2074;Marketplace;Financiamiento;Sin Promo;2;281.27;0.0;562.54;67.5;495.04;138.92;0
2023-001896;09-19-2023;S1043;C00194;P2010;Web;Tarjeta;Black Friday;3;404.09;0.0;1212.27;157.6;1054.67;210.17;0
2023-001897;03-01-2023;S1027;C00618;P2134;Web;Billetera Digital;2x1;1;241.56;0.0;241.56;36.23;205.33;153.79;0
2023-001898;01-24-2023;S1006;C00478;P2081;Call Center;Transferencia;Black Friday;5;359.38;0.1;1796.9;233.6;1563.3;192.91;0
2023-001899;02-26-2023;S1038;C00527;P2100;Marketplace;Billetera Digital;Sin Promo;3;571.97;0.0;1715.91;223.07;1492.84;422.9;0
2023-001900;07-27-2023;S1004;C00386;P2003;Call Center;Efectivo;2x1;3;457.85;0.1;1373.55;178.56;1194.99;261.5;0
2023-001901;12-23-2023;S1044;C00220;P2021;Tienda;Tarjeta;Promo 10%;2;351.58;0.2;703.16;91.41;611.75;239.98;0
2023-001902;11-05-2023;S1003;C00197;P2063;Web;Transferencia;Promo 10%;2;70.41;0.0;140.82;18.31;122.51;34.56;1
2023-001903;03-11-2023;S1019;C00531;P2009;Call Center;Billetera Digital;Cyber Week;5;444.56;0.15;2222.8;333.42;1889.38;287.2;0
2023-001904;11-18-2023;S1039;C00194;P2025;Web;Billetera Digital;Cyber Week;1;664.27;0.0;664.27;86.36;577.91;394.63;0
2023-001905;12-11-2023;S1032;C00778;P2041;Marketplace;Financiamiento;Sin Promo;4;41.87;0.1;167.48;25.12;142.36;34.06;0
2023-001906;06-04-2023;S1017;C00454;P2023;Call Center;Tarjeta;Sin Promo;2;450.29;0.15;900.58;108.07;792.51;346.8;0
2023-001907;02-15-2023;S1004;C00465;P2063;Tienda;Efectivo;Promo 15%;3;59.85;0.15;179.55;23.34;156.21;34.56;0
2023-001908;04-23-2023;S1043;C00367;P2123;Web;Tarjeta;Cyber Week;3;175.11;0.0;525.33;68.29;457.04;112.82;0
2023-001909;04-02-2023;S1043;C00403;P2098;Tienda;Transferencia;Promo 15%;1;645.08;0.0;645.08;83.86;561.22;389.5;0
2023-001910;10-06-2023;S1017;C00698;P2120;Web;Tarjeta;Cyber Week;6;189.52;0.05;1137.12;136.45;1000.67;113.2;1
2023-001911;05-20-2023;S1026;C00430;P2090;Call Center;Tarjeta;Sin Promo;2;123.88;0.0;247.76;37.16;210.6;72.93;0
2023-001912;06-05-2023;S1044;C00565;P2132;Tienda;Billetera Digital;Black Friday;4;321.61;0.0;1286.44;167.24;1119.2;220.13;0
2023-001913;06-23-2023;S1031;C00249;P2143;Tienda;Billetera Digital;Promo 10%;1;149.12;0.15;149.12;22.37;126.75;101.86;1
2023-001914;12-30-2023;S1026;C00279;P2046;Marketplace;Tarjeta;2x1;1;326.31;0.1;326.31;48.95;277.36;192.92;0
2023-001915;04-30-2023;S1031;C00278;P2053;Marketplace;Billetera Digital;Sin Promo;2;887.77;0.05;1775.54;266.33;1509.21;436.17;0
2023-001916;04-25-2023;S1031;C00025;P2068;Marketplace;Tarjeta;Cyber Week;1;234.08;0.05;234.08;35.11;198.97;122.46;0
2023-001917;12-25-2023;S1021;C00606;P2109;Tienda;Tarjeta;Sin Promo;2;208.28;0.0;416.56;62.48;354.08;141.94;0
2023-001918;05-07-2023;S1021;C00428;P2113;Marketplace;Efectivo;Promo 10%;1;297.65;0.0;297.65;44.65;253.0;139.53;0
2023-001919;06-27-2023;S1035;C00072;P2073;Marketplace;Tarjeta;Cyber Week;5;148.1;0.1;740.5;111.08;629.42;131.1;0
2023-001920;11-08-2023;S1020;C00655;P2063;Call Center;Billetera Digital;Cyber Week;2;70.41;0.0;140.82;21.12;119.7;34.56;1
2023-001921;06-19-2023;S1017;C00410;P2009;Tienda;Transferencia;Promo 15%;1;496.86;0.05;496.86;59.62;437.24;287.2;0
2023-001922;07-25-2023;S1004;C00757;P2085;Tienda;Efectivo;Promo 15%;2;24.82;0.2;49.64;6.45;43.19;20.07;0
2023-001923;11-05-2023;S1016;C00293;P2016;Web;Tarjeta;Promo 15%;2;155.33;0.1;310.66;37.28;273.38;121.18;0
2023-001924;05-20-2023;S1017;C00260;P2159;Tienda;Tarjeta;Sin Promo;2;576.79;0.1;1153.58;138.43;1015.15;434.27;0
2023-001925;10-28-2023;S1025;C00526;P2022;Tienda;Billetera Digital;Black Friday;1;404.94;0.1;404.94;60.74;344.2;325.44;1
2023-001926;04-21-2023;S1015;C00079;P2020;Tienda;Financiamiento;2x1;5;49.36;0.0;246.8;29.62;217.18;32.33;0
2023-001927;03-28-2023;S1018;C00348;P2091;Tienda;Efectivo;Cyber Week;3;541.5;0.0;1624.5;194.94;1429.56;397.11;0
2023-001928;08-17-2023;S1024;C00049;P2149;Tienda;Financiamiento;Promo 15%;1;202.33;0.1;202.33;30.35;171.98;173.08;0
2023-001929;09-22-2023;S1019;C00770;P2047;Tienda;Tarjeta;Black Friday;1;433.95;0.05;433.95;65.09;368.86;295.44;0
2023-001930;08-15-2023;S1015;C00694;P2066;Tienda;Transferencia;Black Friday;1;524.71;0.0;524.71;62.97;461.74;297.19;0
2023-001931;01-14-2023;S1004;C00781;P2014;Call Center;Transferencia;Black Friday;1;430.19;0.0;430.19;55.92;374.27;296.33;0
2023-001932;07-01-2023;S1001;C00731;P2039;Web;Tarjeta;Black Friday;3;477.0;0.0;1431.0;186.03;1244.97;251.05;0
2023-001933;08-11-2023;S1026;C00235;P2003;Marketplace;Billetera Digital;Promo 10%;3;508.72;0.0;1526.16;228.92;1297.24;261.5;0
2023-001934;08-25-2023;S1036;C00277;P2018;Call Center;Billetera Digital;Black Friday;1;391.86;0.0;391.86;58.78;333.08;224.11;0
2023-001935;03-05-2023;S1002;C00489;P2070;Call Center;Efectivo;Promo 10%;2;491.83;0.2;983.66;127.88;855.78;281.04;0
2023-001936;02-11-2023;S1015;C00656;P2072;Web;Tarjeta;2x1;2;513.93;0.15;1027.86;123.34;904.52;420.23;1
2023-001937;09-26-2023;S1013;C00127;P2131;Web;Efectivo;Cyber Week;2;187.08;0.05;374.16;44.9;329.26;119.6;0
2023-001938;06-17-2023;S1016;C00436;P2097;Tienda;Tarjeta;Cyber Week;4;469.02;0.1;1876.08;225.13;1650.95;298.37;1
2023-001939;11-15-2023;S1012;C00426;P2054;Call Center;Financiamiento;2x1;1;393.79;0.15;393.79;47.25;346.54;220.6;0
2023-001940;07-05-2023;S1043;C00089;P2159;Marketplace;Transferencia;Promo 10%;2;608.84;0.05;1217.68;158.3;1059.38;434.27;0
2023-001941;07-19-2023;S1024;C00400;P2067;Tienda;Tarjeta;Promo 15%;2;495.08;0.15;990.16;148.52;841.64;420.88;1
2023-001942;03-13-2023;S1010;C00067;P2096;Marketplace;Financiamiento;Sin Promo;2;604.2;0.05;1208.4;145.01;1063.39;369.96;0
2023-001943;06-23-2023;S1002;C00536;P2080;Marketplace;Financiamiento;Black Friday;1;301.79;0.0;301.79;39.23;262.56;221.89;1
2023-001944;06-30-2023;S1009;C00606;P2005;Marketplace;Billetera Digital;Black Friday;2;545.93;0.0;1091.86;141.94;949.92;390.45;0
2023-001945;02-04-2023;S1039;C00274;P2015;Tienda;Transferencia;Promo 15%;1;156.39;0.1;156.39;20.33;136.06;122.14;1
2023-001946;06-03-2023;S1021;C00146;P2037;Web;Transferencia;Promo 10%;4;592.61;0.05;2370.44;355.57;2014.87;405.23;0
2023-001947;08-04-2023;S1022;C00152;P2017;Call Center;Efectivo;Black Friday;1;224.24;0.2;224.24;33.64;190.6;182.13;1
2023-001948;01-25-2023;S1016;C00138;P2081;Call Center;Financiamiento;Promo 15%;4;379.34;0.05;1517.36;182.08;1335.28;192.91;1
2023-001949;03-19-2023;S1031;C00364;P2110;Tienda;Efectivo;Sin Promo;2;416.72;0.0;833.44;125.02;708.42;314.95;0
2023-001950;09-04-2023;S1028;C00051;P2034;Call Center;Transferencia;Black Friday;2;262.95;0.0;525.9;78.88;447.02;122.22;0
2023-001951;02-22-2023;S1014;C00110;P2030;Tienda;Financiamiento;2x1;1;433.15;0.2;433.15;51.98;381.17;418.38;0
2023-001952;04-30-2023;S1042;C00485;P2064;Call Center;Billetera Digital;Sin Promo;1;91.31;0.0;91.31;11.87;79.44;57.47;0
2023-001953;10-19-2023;S1023;C00555;P2092;Tienda;Financiamiento;2x1;6;762.37;0.05;4574.22;686.13;3888.09;416.32;0
2023-001954;04-16-2023;S1002;C00453;P2029;Web;Financiamiento;Sin Promo;2;491.5;0.0;983.0;127.79;855.21;271.13;0
2023-001955;08-25-2023;S1007;C00737;P2039;Call Center;Transferencia;Promo 15%;5;477.0;0.0;2385.0;310.05;2074.95;251.05;0
2023-001956;02-04-2023;S1008;C00658;P2081;Tienda;Efectivo;Promo 15%;1;379.34;0.05;379.34;49.31;330.03;192.91;1
2023-001957;05-14-2023;S1027;C00089;P2119;Tienda;Tarjeta;Cyber Week;3;610.46;0.2;1831.38;274.71;1556.67;363.73;0
2023-001958;03-07-2023;S1006;C00688;P2107;Web;Tarjeta;Sin Promo;1;257.6;0.2;257.6;33.49;224.11;196.36;0
2023-001959;06-16-2023;S1029;C00607;P2007;Call Center;Financiamiento;Cyber Week;1;169.62;0.2;169.62;25.44;144.18;162.45;0
2023-001960;01-09-2023;S1029;C00216;P2020;Marketplace;Efectivo;Promo 10%;1;39.49;0.2;39.49;5.92;33.57;32.33;0
2023-001961;02-09-2023;S1042;C00087;P2044;Web;Transferencia;2x1;1;385.97;0.15;385.97;50.18;335.79;214.81;0
2023-001962;10-12-2023;S1016;C00555;P2011;Tienda;Billetera Digital;Promo 15%;1;333.81;0.15;333.81;40.06;293.75;309.34;0
2023-001963;05-02-2023;S1025;C00337;P2029;Web;Tarjeta;Promo 15%;1;442.35;0.1;442.35;66.35;376.0;271.13;0
2023-001964;12-27-2023;S1010;C00120;P2080;Call Center;Tarjeta;2x1;1;301.79;0.0;301.79;36.21;265.58;221.89;0
2023-001965;04-10-2023;S1025;C00292;P2119;Tienda;Efectivo;Promo 10%;2;648.62;0.15;1297.24;194.59;1102.65;363.73;0
2023-001966;02-19-2023;S1039;C00392;P2095;Tienda;Financiamiento;Sin Promo;3;656.94;0.1;1970.82;256.21;1714.61;368.2;0
2023-001967;09-20-2023;S1008;C00013;P2155;Marketplace;Transferencia;2x1;4;157.33;0.0;629.32;81.81;547.51;71.96;0
2023-001968;12-11-2023;S1018;C00233;P2073;Marketplace;Tarjeta;Promo 10%;4;131.65;0.2;526.6;63.19;463.41;131.1;0
2023-001969;10-06-2023;S1001;C00205;P2141;Web;Transferencia;Sin Promo;1;707.62;0.15;707.62;91.99;615.63;384.64;1
2023-001970;02-09-2023;S1036;C00344;P2059;Marketplace;Transferencia;Cyber Week;2;130.71;0.0;261.42;39.21;222.21;101.09;1
2023-001971;06-25-2023;S1015;C00611;P2033;Call Center;Financiamiento;Black Friday;1;76.34;0.05;76.34;9.16;67.18;61.26;1
2023-001972;07-12-2023;S1008;C00538;P2102;Call Center;Tarjeta;Sin Promo;1;475.83;0.05;475.83;61.86;413.97;270.07;0
2023-001973;03-04-2023;S1038;C00390;P2132;Marketplace;Financiamiento;Cyber Week;1;321.61;0.0;321.61;41.81;279.8;220.13;0
2023-001974;03-04-2023;S1021;C00067;P2074;Marketplace;Financiamiento;Promo 15%;5;267.21;0.05;1336.05;200.41;1135.64;138.92;0
2023-001975;03-30-2023;S1021;C00606;P2068;Web;Efectivo;Promo 15%;6;246.4;0.0;1478.4;221.76;1256.64;122.46;0
2023-001976;03-08-2023;S1019;C00647;P2012;Tienda;Financiamiento;2x1;5;748.91;0.05;3744.55;561.68;3182.87;363.05;0
2023-001977;04-27-2023;S1031;C00196;P2049;Marketplace;Tarjeta;Black Friday;2;158.27;0.0;316.54;47.48;269.06;89.45;0
2023-001978;11-14-2023;S1016;C00498;P2110;Tienda;Tarjeta;Sin Promo;2;416.72;0.0;833.44;100.01;733.43;314.95;0
2023-001979;03-10-2023;S1015;C00645;P2077;Tienda;Billetera Digital;Cyber Week;1;635.75;0.2;635.75;76.29;559.46;400.81;0
2023-001980;04-19-2023;S1008;C00196;P2011;Call Center;Transferencia;Promo 10%;2;373.08;0.05;746.16;97.0;649.16;309.34;0
2023-001981;11-21-2023;S1014;C00033;P2071;Call Center;Efectivo;Sin Promo;3;483.57;0.0;1450.71;174.09;1276.62;243.78;0
2023-001982;02-09-2023;S1017;C00424;P2149;Tienda;Transferencia;2x1;2;224.81;0.0;449.62;53.95;395.67;173.08;0
2023-001983;01-25-2023;S1004;C00523;P2110;Marketplace;Billetera Digital;Promo 15%;1;416.72;0.0;416.72;54.17;362.55;314.95;0
2023-001984;08-02-2023;S1032;C00309;P2126;Marketplace;Tarjeta;Sin Promo;3;581.52;0.15;1744.56;261.68;1482.88;413.19;0
2023-001985;10-08-2023;S1003;C00210;P2093;Web;Efectivo;2x1;1;140.56;0.05;140.56;18.27;122.29;75.0;1
2023-001986;09-29-2023;S1019;C00524;P2153;Tienda;Efectivo;Promo 15%;3;407.91;0.0;1223.73;183.56;1040.17;293.96;0
2023-001987;04-03-2023;S1011;C00609;P2126;Tienda;Financiamiento;2x1;1;615.73;0.1;615.73;73.89;541.84;413.19;0
2023-001988;12-30-2023;S1027;C00035;P2036;Call Center;Transferencia;Promo 15%;1;274.2;0.05;274.2;41.13;233.07;143.03;0
2023-001989;10-20-2023;S1032;C00447;P2045;Tienda;Transferencia;2x1;5;68.91;0.0;344.55;51.68;292.87;46.07;0
2023-001990;02-07-2023;S1022;C00549;P2142;Marketplace;Transferencia;Cyber Week;4;395.11;0.2;1580.44;237.07;1343.37;331.65;0
2023-001991;05-13-2023;S1019;C00586;P2141;Tienda;Tarjeta;2x1;1;707.62;0.15;707.62;106.14;601.48;384.64;0
2023-001992;09-18-2023;S1040;C00266;P2124;Tienda;Billetera Digital;Promo 10%;2;451.91;0.05;903.82;117.5;786.32;351.18;0
2023-001993;03-25-2023;S1025;C00101;P2068;Marketplace;Billetera Digital;Promo 15%;2;246.4;0.0;492.8;73.92;418.88;122.46;0
2023-001994;08-21-2023;S1028;C00770;P2143;Marketplace;Financiamiento;Black Friday;2;157.9;0.1;315.8;47.37;268.43;101.86;1
2023-001995;06-08-2023;S1036;C00202;P2118;Marketplace;Efectivo;Sin Promo;5;65.15;0.0;325.75;48.86;276.89;45.65;1
2023-001996;07-08-2023;S1024;C00172;P2084;Tienda;Transferencia;Promo 10%;1;9.26;0.15;9.26;1.39;7.87;8.31;0
2023-001997;01-29-2023;S1025;C00748;P2082;Tienda;Transferencia;Promo 10%;1;281.42;0.0;281.42;42.21;239.21;152.77;0
2023-001998;03-08-2023;S1027;C00448;P2047;Call Center;Tarjeta;Promo 10%;1;456.79;0.0;456.79;68.52;388.27;295.44;0
2023-001999;11-04-2023;S1045;C00538;P2120;Web;Transferencia;Cyber Week;1;199.5;0.0;199.5;25.94;173.56;113.2;0
2023-002000;02-27-2023;S1003;C00798;P2121;Tienda;Financiamiento;2x1;2;334.22;0.2;668.44;86.9;581.54;207.12;0
2023-002001;11-23-2023;S1006;C00300;P2024;Call Center;Billetera Digital;Sin Promo;1;284.64;0.1;284.64;37.0;247.64;197.91;0
2023-002002;11-10-2023;S1006;C00229;P2157;Call Center;Billetera Digital;2x1;3;223.38;0.0;670.14;87.12;583.02;118.28;0
2023-002003;01-27-2023;S1017;C00438;P2082;Tienda;Billetera Digital;Sin Promo;1;281.42;0.0;281.42;33.77;247.65;152.77;1
2023-002004;11-24-2023;S1031;C00483;P2090;Web;Billetera Digital;Cyber Week;5;111.49;0.1;557.45;83.62;473.83;72.93;0
2023-002005;02-12-2023;S1044;C00145;P2028;Marketplace;Tarjeta;2x1;3;598.19;0.0;1794.57;233.29;1561.28;344.08;0
2023-002006;11-15-2023;S1014;C00288;P2015;Marketplace;Transferencia;Sin Promo;1;147.7;0.15;147.7;17.72;129.98;122.14;0
2023-002007;01-19-2023;S1026;C00399;P2056;Tienda;Tarjeta;Promo 15%;2;886.94;0.0;1773.88;266.08;1507.8;417.23;0
2023-002008;03-10-2023;S1018;C00679;P2084;Call Center;Financiamiento;Promo 10%;5;10.89;0.0;54.45;6.53;47.92;8.31;0
2023-002009;08-29-2023;S1034;C00587;P2056;Call Center;Efectivo;Promo 15%;4;753.9;0.15;3015.6;452.34;2563.26;417.23;0
2023-002010;09-16-2023;S1029;C00208;P2093;Marketplace;Transferencia;2x1;5;147.96;0.0;739.8;110.97;628.83;75.0;0
2023-002011;02-12-2023;S1037;C00578;P2114;Marketplace;Efectivo;Cyber Week;2;526.3;0.05;1052.6;136.84;915.76;274.57;0
2023-002012;02-05-2023;S1036;C00505;P2130;Web;Efectivo;Black Friday;1;596.1;0.15;596.1;89.42;506.68;404.15;0
2023-002013;06-14-2023;S1003;C00243;P2111;Tienda;Tarjeta;Promo 10%;1;233.7;0.2;233.7;30.38;203.32;191.52;1
2023-002014;03-14-2023;S1002;C00752;P2056;Marketplace;Billetera Digital;Sin Promo;1;798.25;0.1;798.25;103.77;694.48;417.23;0
2023-002015;02-10-2023;S1022;C00517;P2114;Web;Tarjeta;Black Friday;5;554.0;0.0;2770.0;415.5;2354.5;274.57;0
2023-002016;09-24-2023;S1008;C00269;P2110;Web;Efectivo;Promo 10%;3;416.72;0.0;1250.16;162.52;1087.64;314.95;1
2023-002017;01-21-2023;S1035;C00504;P2033;Tienda;Financiamiento;2x1;3;80.36;0.0;241.08;36.16;204.92;61.26;0
2023-002018;10-31-2023;S1020;C00020;P2065;Call Center;Billetera Digital;Promo 10%;1;326.63;0.2;326.63;48.99;277.64;269.16;1
2023-002019;10-08-2023;S1028;C00176;P2140;Call Center;Financiamiento;Promo 15%;2;13.69;0.05;27.38;4.11;23.27;6.63;0
2023-002020;12-17-2023;S1036;C00473;P2136;Call Center;Financiamiento;Promo 10%;2;139.32;0.1;278.64;41.8;236.84;99.42;0
2023-002021;12-20-2023;S1021;C00320;P2135;Web;Transferencia;Cyber Week;2;145.28;0.05;290.56;43.58;246.98;71.27;0
2023-002022;06-29-2023;S1016;C00289;P2148;Web;Tarjeta;Promo 10%;1;674.81;0.0;674.81;80.98;593.83;390.62;0
2023-002023;06-20-2023;S1001;C00214;P2102;Marketplace;Efectivo;Promo 15%;1;500.87;0.0;500.87;65.11;435.76;270.07;1
2023-002024;04-12-2023;S1020;C00659;P2077;Call Center;Billetera Digital;Promo 10%;3;754.96;0.05;2264.88;339.73;1925.15;400.81;0
2023-002025;02-01-2023;S1010;C00086;P2141;Call Center;Transferencia;Promo 15%;2;832.49;0.0;1664.98;199.8;1465.18;384.64;0
2023-002026;04-18-2023;S1024;C00670;P2005;Web;Efectivo;Sin Promo;1;491.34;0.1;491.34;73.7;417.64;390.45;0
2023-002027;11-14-2023;S1016;C00497;P2116;Call Center;Efectivo;Sin Promo;4;743.9;0.0;2975.6;357.07;2618.53;358.01;0
2023-002028;07-11-2023;S1039;C00526;P2116;Tienda;Financiamiento;Cyber Week;6;743.9;0.0;4463.4;580.24;3883.16;358.01;1
2023-002029;11-29-2023;S1029;C00224;P2090;Marketplace;Transferencia;Sin Promo;3;99.1;0.2;297.3;44.59;252.71;72.93;0
2023-002030;07-18-2023;S1002;C00172;P2001;Tienda;Transferencia;Black Friday;1;95.82;0.0;95.82;12.46;83.36;59.67;0
2023-002031;07-20-2023;S1009;C00283;P2052;Marketplace;Billetera Digital;Black Friday;2;94.69;0.0;189.38;24.62;164.76;47.67;0
2023-002032;10-24-2023;S1031;C00772;P2080;Call Center;Financiamiento;Black Friday;3;241.43;0.2;724.29;108.64;615.65;221.89;0
2023-002033;09-28-2023;S1037;C00622;P2123;Marketplace;Efectivo;Black Friday;1;166.35;0.05;166.35;21.63;144.72;112.82;0
2023-002034;05-26-2023;S1028;C00605;P2155;Marketplace;Efectivo;Cyber Week;3;157.33;0.0;471.99;70.8;401.19;71.96;0
2023-002035;08-06-2023;S1010;C00478;P2131;Tienda;Financiamiento;Promo 10%;5;157.54;0.2;787.7;94.52;693.18;119.6;1
2023-002036;08-16-2023;S1013;C00556;P2057;Call Center;Transferencia;Cyber Week;2;419.8;0.0;839.6;100.75;738.85;314.68;0
2023-002037;01-15-2023;S1031;C00184;P2023;Marketplace;Tarjeta;Promo 10%;4;450.29;0.15;1801.16;270.17;1530.99;346.8;1
2023-002038;11-14-2023;S1010;C00291;P2031;Call Center;Billetera Digital;Black Friday;3;203.6;0.0;610.8;73.3;537.5;111.43;0
2023-002039;11-05-2023;S1006;C00131;P2072;Tienda;Tarjeta;Promo 15%;2;544.16;0.1;1088.32;141.48;946.84;420.23;0
2023-002040;07-09-2023;S1020;C00518;P2057;Tienda;Transferencia;Promo 15%;1;419.8;0.0;419.8;62.97;356.83;314.68;0
2023-002041;06-01-2023;S1013;C00077;P2068;Marketplace;Tarjeta;Promo 15%;3;221.76;0.1;665.28;79.83;585.45;122.46;0
2023-002042;06-07-2023;S1001;C00075;P2019;Tienda;Billetera Digital;Black Friday;5;471.27;0.0;2356.35;306.33;2050.02;283.84;0
2023-002043;09-07-2023;S1005;C00070;P2136;Tienda;Transferencia;Cyber Week;3;123.84;0.2;371.52;48.3;323.22;99.42;0
2023-002044;11-09-2023;S1003;C00749;P2113;Tienda;Efectivo;2x1;3;297.65;0.0;892.95;116.08;776.87;139.53;1
2023-002045;10-26-2023;S1003;C00103;P2114;Marketplace;Tarjeta;Promo 15%;2;526.3;0.05;1052.6;136.84;915.76;274.57;1
2023-002046;09-02-2023;S1008;C00692;P2132;Tienda;Billetera Digital;Cyber Week;2;321.61;0.0;643.22;83.62;559.6;220.13;0
2023-002047;06-08-2023;S1043;C00543;P2052;Tienda;Transferencia;Sin Promo;3;85.22;0.1;255.66;33.24;222.42;47.67;0
2023-002048;12-02-2023;S1011;C00135;P2091;Marketplace;Efectivo;2x1;1;487.35;0.1;487.35;58.48;428.87;397.11;0
2023-002049;09-09-2023;S1020;C00321;P2060;Marketplace;Efectivo;2x1;1;364.09;0.05;364.09;54.61;309.48;245.82;0
2023-002050;07-28-2023;S1029;C00697;P2089;Marketplace;Financiamiento;Promo 10%;3;699.71;0.05;2099.13;314.87;1784.26;351.93;1
2023-002051;08-15-2023;S1008;C00115;P2019;Call Center;Tarjeta;Cyber Week;1;471.27;0.0;471.27;61.27;410.0;283.84;1
2023-002052;02-28-2023;S1024;C00678;P2049;Marketplace;Billetera Digital;Promo 15%;5;126.62;0.2;633.1;94.97;538.13;89.45;0
2023-002053;06-09-2023;S1013;C00310;P2150;Call Center;Billetera Digital;2x1;4;234.07;0.0;936.28;112.35;823.93;154.53;0
2023-002054;09-09-2023;S1036;C00485;P2010;Web;Transferencia;Cyber Week;1;383.89;0.05;383.89;57.58;326.31;210.17;1
2023-002055;04-15-2023;S1037;C00439;P2013;Tienda;Tarjeta;Sin Promo;1;200.2;0.0;200.2;26.03;174.17;98.1;0
2023-002056;12-03-2023;S1016;C00673;P2103;Tienda;Transferencia;Black Friday;2;361.16;0.15;722.32;86.68;635.64;274.37;1
2023-002057;02-04-2023;S1020;C00708;P2059;Tienda;Efectivo;Sin Promo;1;130.71;0.0;130.71;19.61;111.1;101.09;0
2023-002058;11-28-2023;S1029;C00352;P2127;Marketplace;Billetera Digital;Sin Promo;3;696.03;0.05;2088.09;313.21;1774.88;361.43;0
2023-002059;12-18-2023;S1004;C00653;P2012;Marketplace;Efectivo;Promo 10%;2;788.33;0.0;1576.66;204.97;1371.69;363.05;0
2023-002060;01-29-2023;S1043;C00068;P2122;Marketplace;Transferencia;Cyber Week;3;681.62;0.0;2044.86;265.83;1779.03;324.38;0
2023-002061;03-20-2023;S1020;C00150;P2105;Tienda;Billetera Digital;Sin Promo;4;642.34;0.05;2569.36;385.4;2183.96;320.12;1
2023-002062;09-13-2023;S1043;C00753;P2134;Marketplace;Financiamiento;Promo 15%;2;229.48;0.05;458.96;59.66;399.3;153.79;1
2023-002063;04-09-2023;S1032;C00673;P2139;Marketplace;Transferencia;Promo 10%;2;20.28;0.0;40.56;6.08;34.48;12.71;1
2023-002064;06-08-2023;S1034;C00736;P2048;Call Center;Billetera Digital;Sin Promo;1;320.16;0.0;320.16;48.02;272.14;183.57;1
2023-002065;06-13-2023;S1012;C00523;P2011;Web;Tarjeta;2x1;1;373.08;0.05;373.08;44.77;328.31;309.34;1
2023-002066;03-31-2023;S1033;C00090;P2078;Web;Tarjeta;Cyber Week;2;165.66;0.0;331.32;49.7;281.62;125.47;0
2023-002067;11-28-2023;S1008;C00520;P2138;Call Center;Efectivo;Promo 10%;5;648.09;0.1;3240.45;421.26;2819.19;375.47;0
2023-002068;05-22-2023;S1009;C00465;P2031;Marketplace;Tarjeta;Black Friday;1;193.42;0.05;193.42;25.14;168.28;111.43;0
2023-002069;10-19-2023;S1013;C00567;P2079;Marketplace;Financiamiento;Cyber Week;1;249.59;0.0;249.59;29.95;219.64;156.92;0
2023-002070;09-14-2023;S1019;C00172;P2127;Marketplace;Transferencia;Sin Promo;5;659.39;0.1;3296.95;494.54;2802.41;361.43;0
2023-002071;08-19-2023;S1031;C00445;P2095;Web;Financiamiento;Black Friday;1;620.44;0.15;620.44;93.07;527.37;368.2;1
2023-002072;05-22-2023;S1043;C00149;P2097;Marketplace;Financiamiento;Black Friday;4;521.13;0.0;2084.52;270.99;1813.53;298.37;0
2023-002073;05-16-2023;S1025;C00564;P2075;Marketplace;Efectivo;2x1;2;580.05;0.0;1160.1;174.01;986.09;301.87;1
2023-002074;11-07-2023;S1036;C00577;P2066;Tienda;Financiamiento;Sin Promo;1;446.0;0.15;446.0;66.9;379.1;297.19;0
2023-002075;03-08-2023;S1017;C00158;P2103;Tienda;Tarjeta;Sin Promo;2;424.9;0.0;849.8;101.98;747.82;274.37;1
2023-002076;11-22-2023;S1028;C00666;P2041;Tienda;Financiamiento;Cyber Week;2;41.87;0.1;83.74;12.56;71.18;34.06;0
2023-002077;10-10-2023;S1006;C00362;P2087;Marketplace;Transferencia;Promo 10%;2;307.59;0.05;615.18;79.97;535.21;166.63;0
2023-002078;11-09-2023;S1040;C00302;P2109;Tienda;Efectivo;Black Friday;1;208.28;0.0;208.28;27.08;181.2;141.94;0
2023-002079;02-22-2023;S1041;C00190;P2154;Marketplace;Billetera Digital;Promo 10%;2;733.21;0.0;1466.42;190.63;1275.79;427.53;0
2023-002080;03-18-2023;S1038;C00582;P2027;Web;Transferencia;Promo 15%;1;331.73;0.0;331.73;43.12;288.61;230.42;0
2023-002081;05-18-2023;S1044;C00341;P2029;Tienda;Billetera Digital;Promo 10%;4;466.92;0.05;1867.68;242.8;1624.88;271.13;0
2023-002082;09-26-2023;S1024;C00456;P2074;Marketplace;Billetera Digital;Cyber Week;2;281.27;0.0;562.54;84.38;478.16;138.92;0
2023-002083;12-10-2023;S1015;C00177;P2085;Web;Efectivo;Black Friday;1;31.02;0.0;31.02;3.72;27.3;20.07;1
2023-002084;06-04-2023;S1017;C00471;P2009;Tienda;Billetera Digital;Black Friday;3;496.86;0.05;1490.58;178.87;1311.71;287.2;0
2023-002085;08-16-2023;S1014;C00131;P2063;Tienda;Billetera Digital;2x1;1;59.85;0.15;59.85;7.18;52.67;34.56;0
2023-002086;03-17-2023;S1011;C00373;P2018;Call Center;Transferencia;Cyber Week;1;391.86;0.0;391.86;47.02;344.84;224.11;1
2023-002087;04-02-2023;S1019;C00424;P2155;Marketplace;Transferencia;Promo 15%;3;157.33;0.0;471.99;70.8;401.19;71.96;0
2023-002088;03-09-2023;S1030;C00715;P2055;Tienda;Transferencia;Black Friday;2;119.65;0.15;239.3;35.9;203.4;77.43;0
2023-002089;12-15-2023;S1012;C00306;P2160;Marketplace;Transferencia;Promo 10%;2;771.61;0.05;1543.22;185.19;1358.03;418.28;0
2023-002090;12-03-2023;S1006;C00193;P2004;Call Center;Efectivo;Sin Promo;2;434.92;0.2;869.84;113.08;756.76;298.92;0
2023-002091;09-09-2023;S1015;C00678;P2154;Marketplace;Tarjeta;Black Friday;2;586.57;0.2;1173.14;140.78;1032.36;427.53;0
2023-002092;08-13-2023;S1026;C00201;P2004;Tienda;Tarjeta;2x1;3;543.65;0.0;1630.95;244.64;1386.31;298.92;1
2023-002093;01-03-2023;S1013;C00481;P2073;Tienda;Financiamiento;2x1;3;164.56;0.0;493.68;59.24;434.44;131.1;0
2023-002094;08-11-2023;S1025;C00108;P2124;Marketplace;Billetera Digital;Black Friday;2;475.69;0.0;951.38;142.71;808.67;351.18;0
2023-002095;09-07-2023;S1024;C00178;P2131;Marketplace;Financiamiento;Promo 10%;3;167.39;0.15;502.17;75.33;426.84;119.6;0
2023-002096;04-30-2023;S1016;C00597;P2079;Web;Financiamiento;Black Friday;6;224.63;0.1;1347.78;161.73;1186.05;156.92;0
2023-002097;04-05-2023;S1015;C00438;P2099;Marketplace;Tarjeta;Promo 15%;2;250.38;0.15;500.76;60.09;440.67;231.19;0
2023-002098;11-01-2023;S1017;C00566;P2034;Call Center;Tarjeta;Black Friday;2;249.8;0.05;499.6;59.95;439.65;122.22;0
2023-002099;08-26-2023;S1025;C00070;P2030;Tienda;Financiamiento;Black Friday;1;460.22;0.15;460.22;69.03;391.19;418.38;1
2023-002100;07-25-2023;S1044;C00598;P2031;Marketplace;Efectivo;Promo 10%;1;203.6;0.0;203.6;26.47;177.13;111.43;0
2023-002101;12-03-2023;S1010;C00343;P2051;Call Center;Tarjeta;2x1;3;855.46;0.0;2566.38;307.97;2258.41;394.02;1
2023-002102;05-06-2023;S1034;C00342;P2081;Call Center;Tarjeta;Sin Promo;1;399.31;0.0;399.31;59.9;339.41;192.91;0
2023-002103;08-17-2023;S1041;C00648;P2024;Call Center;Financiamiento;2x1;2;316.27;0.0;632.54;82.23;550.31;197.91;0
2023-002104;09-03-2023;S1021;C00140;P2082;Call Center;Financiamiento;Cyber Week;1;281.42;0.0;281.42;42.21;239.21;152.77;0
2023-002105;06-02-2023;S1011;C00623;P2150;Tienda;Financiamiento;Sin Promo;2;187.26;0.2;374.52;44.94;329.58;154.53;1
2023-002106;07-24-2023;S1037;C00752;P2001;Tienda;Efectivo;Sin Promo;2;86.24;0.1;172.48;22.42;150.06;59.67;0
2023-002107;05-27-2023;S1011;C00005;P2028;Tienda;Tarjeta;Black Friday;3;598.19;0.0;1794.57;215.35;1579.22;344.08;0
2023-002108;04-25-2023;S1001;C00374;P2105;Call Center;Tarjeta;Promo 15%;1;608.53;0.1;608.53;79.11;529.42;320.12;1
2023-002109;06-10-2023;S1016;C00755;P2044;Web;Tarjeta;Promo 10%;6;454.08;0.0;2724.48;326.94;2397.54;214.81;0
2023-002110;01-06-2023;S1009;C00108;P2119;Web;Tarjeta;Promo 10%;3;763.08;0.0;2289.24;297.6;1991.64;363.73;0
2023-002111;04-23-2023;S1027;C00260;P2018;Marketplace;Tarjeta;Promo 15%;1;333.08;0.15;333.08;49.96;283.12;224.11;0
2023-002112;09-21-2023;S1043;C00554;P2141;Tienda;Billetera Digital;Black Friday;4;707.62;0.15;2830.48;367.96;2462.52;384.64;0
2023-002113;12-26-2023;S1042;C00358;P2059;Call Center;Efectivo;Promo 10%;2;117.64;0.1;235.28;30.59;204.69;101.09;1
2023-002114;04-01-2023;S1025;C00107;P2002;Call Center;Billetera Digital;Sin Promo;2;232.13;0.2;464.26;69.64;394.62;134.76;0
2023-002115;10-30-2023;S1003;C00780;P2074;Call Center;Efectivo;Black Friday;4;281.27;0.0;1125.08;146.26;978.82;138.92;0
2023-002116;11-19-2023;S1020;C00789;P2005;Marketplace;Financiamiento;2x1;1;545.93;0.0;545.93;81.89;464.04;390.45;0
2023-002117;08-01-2023;S1010;C00672;P2107;Web;Billetera Digital;Sin Promo;4;257.6;0.2;1030.4;123.65;906.75;196.36;0
2023-002118;10-24-2023;S1016;C00248;P2156;Marketplace;Billetera Digital;2x1;4;65.14;0.2;260.56;31.27;229.29;55.02;0
2023-002119;01-21-2023;S1005;C00400;P2046;Call Center;Transferencia;Promo 15%;2;308.18;0.15;616.36;80.13;536.23;192.92;0
2023-002120;10-28-2023;S1020;C00412;P2133;Tienda;Tarjeta;Sin Promo;1;52.59;0.0;52.59;7.89;44.7;38.56;0
2023-002121;05-15-2023;S1031;C00092;P2080;Marketplace;Transferencia;2x1;2;301.79;0.0;603.58;90.54;513.04;221.89;0
2023-002122;01-08-2023;S1018;C00276;P2139;Tienda;Billetera Digital;2x1;6;17.24;0.15;103.44;12.41;91.03;12.71;0
2023-002123;06-22-2023;S1010;C00178;P2002;Web;Tarjeta;Promo 10%;1;232.13;0.2;232.13;27.86;204.27;134.76;0
2023-002124;11-25-2023;S1042;C00175;P2094;Web;Financiamiento;Cyber Week;4;560.63;0.2;2242.52;291.53;1950.99;392.99;0
2023-002125;03-23-2023;S1009;C00146;P2124;Web;Financiamiento;Cyber Week;2;380.55;0.2;761.1;98.94;662.16;351.18;1
2023-002126;03-17-2023;S1041;C00686;P2074;Marketplace;Efectivo;Promo 15%;1;281.27;0.0;281.27;36.57;244.7;138.92;0
2023-002127;07-17-2023;S1014;C00567;P2077;Web;Financiamiento;2x1;5;794.69;0.0;3973.45;476.81;3496.64;400.81;0
2023-002128;07-07-2023;S1040;C00703;P2024;Call Center;Financiamiento;Sin Promo;2;300.46;0.05;600.92;78.12;522.8;197.91;1
2023-002129;10-20-2023;S1011;C00327;P2104;Tienda;Transferencia;Promo 10%;3;667.12;0.05;2001.36;240.16;1761.2;405.18;1
2023-002130;06-04-2023;S1015;C00757;P2105;Call Center;Transferencia;Sin Promo;4;676.15;0.0;2704.6;324.55;2380.05;320.12;0
2023-002131;07-15-2023;S1022;C00003;P2130;Call Center;Billetera Digital;Black Friday;1;596.1;0.15;596.1;89.42;506.68;404.15;0
2023-002132;02-18-2023;S1027;C00377;P2027;Call Center;Efectivo;Black Friday;2;265.38;0.2;530.76;79.61;451.15;230.42;0
2023-002133;10-17-2023;S1033;C00657;P2157;Web;Financiamiento;Sin Promo;3;212.21;0.05;636.63;95.49;541.14;118.28;0
2023-002134;05-04-2023;S1039;C00727;P2052;Tienda;Tarjeta;Sin Promo;1;85.22;0.1;85.22;11.08;74.14;47.67;0
2023-002135;01-17-2023;S1025;C00184;P2113;Web;Tarjeta;Black Friday;3;282.77;0.05;848.31;127.25;721.06;139.53;0
2023-002136;07-29-2023;S1005;C00760;P2001;Tienda;Billetera Digital;Black Friday;2;95.82;0.0;191.64;24.91;166.73;59.67;0
2023-002137;12-14-2023;S1003;C00729;P2071;Web;Transferencia;Sin Promo;1;483.57;0.0;483.57;62.86;420.71;243.78;1
2023-002138;09-21-2023;S1010;C00737;P2117;Web;Efectivo;2x1;2;84.2;0.0;168.4;20.21;148.19;41.82;0
2023-002139;11-29-2023;S1017;C00212;P2091;Marketplace;Transferencia;Promo 15%;4;541.5;0.0;2166.0;259.92;1906.08;397.11;0
2023-002140;03-24-2023;S1005;C00126;P2139;Web;Transferencia;Promo 15%;2;19.27;0.05;38.54;5.01;33.53;12.71;0
2023-002141;12-13-2023;S1021;C00570;P2112;Call Center;Transferencia;Sin Promo;4;361.76;0.0;1447.04;217.06;1229.98;257.82;0
2023-002142;07-20-2023;S1003;C00631;P2117;Marketplace;Efectivo;Sin Promo;1;75.78;0.1;75.78;9.85;65.93;41.82;1
2023-002143;07-12-2023;S1039;C00567;P2012;Web;Efectivo;2x1;1;748.91;0.05;748.91;97.36;651.55;363.05;0
2023-002144;02-13-2023;S1037;C00135;P2091;Web;Tarjeta;Black Friday;1;460.27;0.15;460.27;59.84;400.43;397.11;0
2023-002145;09-23-2023;S1022;C00206;P2101;Tienda;Efectivo;Black Friday;2;302.88;0.1;605.76;90.86;514.9;262.94;0
2023-002146;04-01-2023;S1001;C00727;P2144;Web;Transferencia;Cyber Week;5;258.88;0.05;1294.4;168.27;1126.13;177.43;0
2023-002147;02-27-2023;S1007;C00086;P2150;Tienda;Efectivo;2x1;2;234.07;0.0;468.14;60.86;407.28;154.53;0
2023-002148;03-29-2023;S1008;C00434;P2071;Tienda;Billetera Digital;Promo 10%;3;411.03;0.15;1233.09;160.3;1072.79;243.78;0
2023-002149;06-12-2023;S1029;C00575;P2108;Marketplace;Transferencia;Promo 10%;1;226.7;0.2;226.7;34.0;192.7;144.01;0
2023-002150;12-11-2023;S1036;C00687;P2117;Marketplace;Tarjeta;Cyber Week;3;84.2;0.0;252.6;37.89;214.71;41.82;0
2023-002151;03-27-2023;S1039;C00331;P2103;Tienda;Tarjeta;Promo 15%;4;424.9;0.0;1699.6;220.95;1478.65;274.37;0
2023-002152;04-06-2023;S1030;C00001;P2147;Web;Billetera Digital;Cyber Week;2;548.18;0.0;1096.36;164.45;931.91;299.7;0
2023-002153;03-20-2023;S1011;C00146;P2074;Call Center;Financiamiento;2x1;2;253.14;0.1;506.28;60.75;445.53;138.92;1
2023-002154;08-27-2023;S1023;C00057;P2086;Tienda;Financiamiento;Promo 10%;1;109.2;0.0;109.2;16.38;92.82;70.05;0
2023-002155;05-17-2023;S1008;C00170;P2120;Call Center;Transferencia;Sin Promo;2;199.5;0.0;399.0;51.87;347.13;113.2;0
2023-002156;09-07-2023;S1027;C00432;P2117;Marketplace;Billetera Digital;Sin Promo;4;71.57;0.15;286.28;42.94;243.34;41.82;0
2023-002157;12-01-2023;S1006;C00046;P2121;Call Center;Financiamiento;Black Friday;3;355.11;0.15;1065.33;138.49;926.84;207.12;0
2023-002158;02-21-2023;S1010;C00032;P2052;Tienda;Billetera Digital;Promo 10%;1;94.69;0.0;94.69;11.36;83.33;47.67;0
2023-002159;09-18-2023;S1031;C00341;P2048;Call Center;Transferencia;Promo 10%;6;272.14;0.15;1632.84;244.93;1387.91;183.57;0
2023-002160;06-22-2023;S1037;C00315;P2074;Tienda;Transferencia;2x1;4;281.27;0.0;1125.08;146.26;978.82;138.92;0
2023-002161;05-29-2023;S1040;C00137;P2013;Web;Transferencia;Sin Promo;2;180.18;0.1;360.36;46.85;313.51;98.1;0
2023-002162;01-25-2023;S1034;C00733;P2032;Call Center;Billetera Digital;Black Friday;1;466.57;0.0;466.57;69.99;396.58;330.43;0
2023-002163;03-26-2023;S1039;C00391;P2075;Call Center;Transferencia;Sin Promo;4;580.05;0.0;2320.2;301.63;2018.57;301.87;0
2023-002164;03-31-2023;S1001;C00135;P2017;Tienda;Efectivo;Promo 10%;2;238.25;0.15;476.5;61.95;414.55;182.13;0
2023-002165;03-28-2023;S1027;C00230;P2079;Marketplace;Transferencia;Cyber Week;1;249.59;0.0;249.59;37.44;212.15;156.92;0
2023-002166;05-07-2023;S1008;C00576;P2152;Web;Transferencia;Promo 15%;2;499.51;0.0;999.02;129.87;869.15;338.06;0
2023-002167;08-29-2023;S1014;C00405;P2042;Call Center;Financiamiento;Cyber Week;1;361.25;0.1;361.25;43.35;317.9;233.31;0
2023-002168;09-24-2023;S1029;C00564;P2122;Marketplace;Tarjeta;2x1;2;647.54;0.05;1295.08;194.26;1100.82;324.38;0
2023-002169;10-06-2023;S1023;C00262;P2100;Call Center;Financiamiento;Black Friday;1;571.97;0.0;571.97;85.8;486.17;422.9;0
2023-002170;01-07-2023;S1008;C00351;P2089;Tienda;Financiamiento;Promo 10%;2;589.23;0.2;1178.46;153.2;1025.26;351.93;0
2023-002171;03-11-2023;S1009;C00482;P2088;Tienda;Financiamiento;2x1;2;486.13;0.15;972.26;126.39;845.87;308.2;0
2023-002172;09-30-2023;S1033;C00752;P2017;Marketplace;Transferencia;Promo 15%;1;280.3;0.0;280.3;42.05;238.25;182.13;0
2023-002173;01-13-2023;S1027;C00339;P2095;Marketplace;Financiamiento;Promo 15%;2;656.94;0.1;1313.88;197.08;1116.8;368.2;0
2023-002174;12-07-2023;S1043;C00520;P2144;Marketplace;Tarjeta;Cyber Week;3;272.5;0.0;817.5;106.28;711.22;177.43;0
2023-002175;10-20-2023;S1015;C00047;P2015;Web;Transferencia;Cyber Week;3;156.39;0.1;469.17;56.3;412.87;122.14;0
2023-002176;01-18-2023;S1013;C00737;P2119;Web;Transferencia;Sin Promo;1;686.77;0.1;686.77;82.41;604.36;363.73;0
2023-002177;12-06-2023;S1027;C00027;P2092;Call Center;Efectivo;2x1;3;722.24;0.1;2166.72;325.01;1841.71;416.32;0
2023-002178;05-05-2023;S1029;C00352;P2155;Marketplace;Financiamiento;Sin Promo;3;157.33;0.0;471.99;70.8;401.19;71.96;0
2023-002179;01-04-2023;S1043;C00080;P2158;Tienda;Financiamiento;Promo 15%;1;461.03;0.15;461.03;59.93;401.1;274.83;0
2023-002180;04-09-2023;S1003;C00041;P2073;Tienda;Tarjeta;Black Friday;2;156.33;0.05;312.66;40.65;272.01;131.1;1
2023-002181;05-15-2023;S1030;C00451;P2152;Tienda;Transferencia;2x1;1;424.58;0.15;424.58;63.69;360.89;338.06;1
2023-002182;10-30-2023;S1035;C00630;P2070;Call Center;Transferencia;Sin Promo;1;614.79;0.0;614.79;92.22;522.57;281.04;0
2023-002183;10-02-2023;S1006;C00194;P2082;Marketplace;Billetera Digital;Promo 15%;2;281.42;0.0;562.84;73.17;489.67;152.77;0
2023-002184;08-31-2023;S1026;C00674;P2063;Tienda;Financiamiento;Cyber Week;2;66.89;0.05;133.78;20.07;113.71;34.56;0
2023-002185;09-21-2023;S1026;C00483;P2119;Marketplace;Tarjeta;Sin Promo;1;724.93;0.05;724.93;108.74;616.19;363.73;0
2023-002186;10-09-2023;S1013;C00536;P2136;Marketplace;Financiamiento;Promo 10%;2;154.8;0.0;309.6;37.15;272.45;99.42;0
2023-002187;02-12-2023;S1029;C00077;P2077;Marketplace;Transferencia;Promo 15%;2;715.22;0.1;1430.44;214.57;1215.87;400.81;0
2023-002188;05-27-2023;S1014;C00116;P2128;Tienda;Financiamiento;Sin Promo;4;529.52;0.05;2118.08;254.17;1863.91;269.57;0
2023-002189;11-23-2023;S1025;C00081;P2158;Web;Transferencia;Black Friday;3;488.15;0.1;1464.45;219.67;1244.78;274.83;0
2023-002190;08-01-2023;S1007;C00579;P2107;Web;Efectivo;2x1;3;273.7;0.15;821.1;106.74;714.36;196.36;1
2023-002191;07-06-2023;S1023;C00742;P2070;Marketplace;Financiamiento;Promo 15%;1;614.79;0.0;614.79;92.22;522.57;281.04;0
2023-002192;08-31-2023;S1040;C00250;P2029;Marketplace;Financiamiento;Promo 10%;1;491.5;0.0;491.5;63.9;427.6;271.13;0
2023-002193;07-25-2023;S1026;C00734;P2010;Tienda;Transferencia;Promo 10%;2;404.09;0.0;808.18;121.23;686.95;210.17;0
2023-002194;10-28-2023;S1037;C00163;P2035;Marketplace;Transferencia;2x1;1;815.94;0.1;815.94;106.07;709.87;418.3;0
2023-002195;02-22-2023;S1013;C00418;P2109;Marketplace;Financiamiento;Sin Promo;3;166.62;0.2;499.86;59.98;439.88;141.94;0
2023-002196;12-18-2023;S1006;C00166;P2015;Web;Efectivo;Promo 10%;2;156.39;0.1;312.78;40.66;272.12;122.14;0
2023-002197;06-21-2023;S1035;C00198;P2137;Web;Billetera Digital;Black Friday;2;385.87;0.1;771.74;115.76;655.98;246.0;0
2023-002198;04-26-2023;S1027;C00487;P2009;Web;Efectivo;Promo 15%;2;523.01;0.0;1046.02;156.9;889.12;287.2;0
2023-002199;09-19-2023;S1022;C00794;P2096;Web;Billetera Digital;Cyber Week;5;540.6;0.15;2703.0;405.45;2297.55;369.96;0
2023-002200;01-05-2023;S1021;C00365;P2047;Web;Transferencia;2x1;2;456.79;0.0;913.58;137.04;776.54;295.44;0
2023-002201;08-18-2023;S1019;C00754;P2061;Tienda;Efectivo;Black Friday;1;42.68;0.0;42.68;6.4;36.28;26.36;0
2023-002202;01-01-2023;S1001;C00202;P2067;Call Center;Financiamiento;2x1;1;582.45;0.0;582.45;75.72;506.73;420.88;0
2023-002203;08-27-2023;S1039;C00281;P2083;Call Center;Transferencia;Promo 15%;1;444.91;0.15;444.91;57.84;387.07;334.59;1
2023-002204;11-16-2023;S1044;C00661;P2095;Web;Financiamiento;Cyber Week;4;693.43;0.05;2773.72;360.58;2413.14;368.2;0
2023-002205;07-31-2023;S1037;C00134;P2058;Marketplace;Efectivo;Promo 15%;1;372.73;0.2;372.73;48.45;324.28;324.41;0
2023-002206;02-13-2023;S1016;C00479;P2014;Tienda;Transferencia;Promo 10%;1;387.17;0.1;387.17;46.46;340.71;296.33;0
2023-002207;04-14-2023;S1020;C00070;P2039;Web;Financiamiento;Sin Promo;1;429.3;0.1;429.3;64.39;364.91;251.05;0
2023-002208;08-26-2023;S1019;C00298;P2144;Call Center;Efectivo;Promo 15%;3;272.5;0.0;817.5;122.62;694.88;177.43;0
2023-002209;11-07-2023;S1042;C00613;P2032;Tienda;Tarjeta;2x1;1;466.57;0.0;466.57;60.65;405.92;330.43;1
2023-002210;01-23-2023;S1042;C00698;P2020;Marketplace;Transferencia;2x1;2;39.49;0.2;78.98;10.27;68.71;32.33;0
2023-002211;10-04-2023;S1019;C00377;P2119;Call Center;Transferencia;Black Friday;1;686.77;0.1;686.77;103.02;583.75;363.73;0
2023-002212;09-07-2023;S1039;C00791;P2038;Web;Tarjeta;Promo 10%;1;125.95;0.1;125.95;16.37;109.58;104.22;0
2023-002213;04-24-2023;S1040;C00029;P2094;Web;Transferencia;Black Friday;4;560.63;0.2;2242.52;291.53;1950.99;392.99;0
2023-002214;07-13-2023;S1027;C00392;P2100;Marketplace;Tarjeta;Cyber Week;1;543.37;0.05;543.37;81.51;461.86;422.9;0
2023-002215;11-23-2023;S1034;C00623;P2009;Marketplace;Tarjeta;2x1;2;523.01;0.0;1046.02;156.9;889.12;287.2;0
2023-002216;10-15-2023;S1026;C00701;P2039;Web;Efectivo;Black Friday;2;429.3;0.1;858.6;128.79;729.81;251.05;1
2023-002217;08-21-2023;S1024;C00345;P2057;Call Center;Billetera Digital;2x1;5;419.8;0.0;2099.0;314.85;1784.15;314.68;0
2023-002218;03-23-2023;S1028;C00408;P2081;Call Center;Efectivo;Promo 15%;1;359.38;0.1;359.38;53.91;305.47;192.91;0
2023-002219;07-02-2023;S1007;C00545;P2098;Tienda;Efectivo;Sin Promo;2;645.08;0.0;1290.16;167.72;1122.44;389.5;1
2023-002220;11-04-2023;S1042;C00685;P2047;Marketplace;Efectivo;Promo 15%;3;456.79;0.0;1370.37;178.15;1192.22;295.44;0
2023-002221;06-22-2023;S1015;C00335;P2095;Tienda;Billetera Digital;2x1;1;729.93;0.0;729.93;87.59;642.34;368.2;0
2023-002222;05-20-2023;S1033;C00536;P2050;Marketplace;Billetera Digital;Promo 15%;3;273.95;0.0;821.85;123.28;698.57;192.16;0
2023-002223;07-04-2023;S1043;C00187;P2006;Marketplace;Efectivo;Sin Promo;2;402.01;0.0;804.02;104.52;699.5;287.52;0
2023-002224;03-12-2023;S1031;C00109;P2140;Call Center;Tarjeta;Cyber Week;2;14.41;0.0;28.82;4.32;24.5;6.63;0
2023-002225;02-07-2023;S1010;C00421;P2004;Call Center;Tarjeta;Promo 15%;3;462.1;0.15;1386.3;166.36;1219.94;298.92;0
2023-002226;02-04-2023;S1037;C00231;P2008;Tienda;Tarjeta;Promo 15%;5;874.23;0.0;4371.15;568.25;3802.9;421.75;0
2023-002227;10-05-2023;S1040;C00327;P2036;Web;Tarjeta;Sin Promo;2;288.63;0.0;577.26;75.04;502.22;143.03;0
2023-002228;09-27-2023;S1031;C00289;P2052;Marketplace;Efectivo;Promo 15%;2;94.69;0.0;189.38;28.41;160.97;47.67;1
2023-002229;06-19-2023;S1025;C00013;P2028;Call Center;Efectivo;Promo 10%;5;538.37;0.1;2691.85;403.78;2288.07;344.08;0
2023-002230;11-13-2023;S1041;C00115;P2129;Marketplace;Transferencia;Promo 15%;5;429.21;0.15;2146.05;278.99;1867.06;401.84;0
2023-002231;08-24-2023;S1037;C00630;P2033;Call Center;Financiamiento;Promo 10%;1;64.29;0.2;64.29;8.36;55.93;61.26;0
2023-002232;03-15-2023;S1044;C00303;P2142;Call Center;Billetera Digital;Sin Promo;1;395.11;0.2;395.11;51.36;343.75;331.65;0
2023-002233;01-05-2023;S1024;C00056;P2024;Call Center;Efectivo;Cyber Week;1;284.64;0.1;284.64;42.7;241.94;197.91;0
2023-002234;06-21-2023;S1004;C00307;P2128;Web;Billetera Digital;Cyber Week;5;445.91;0.2;2229.55;289.84;1939.71;269.57;0
2023-002235;12-08-2023;S1017;C00737;P2055;Web;Tarjeta;Promo 15%;1;140.77;0.0;140.77;16.89;123.88;77.43;0
2023-002236;09-05-2023;S1009;C00048;P2096;Web;Tarjeta;Cyber Week;1;572.4;0.1;572.4;74.41;497.99;369.96;0
2023-002237;07-20-2023;S1042;C00309;P2146;Web;Transferencia;Promo 15%;2;311.26;0.0;622.52;80.93;541.59;242.22;0
2023-002238;10-07-2023;S1040;C00729;P2157;Marketplace;Efectivo;Black Friday;2;189.87;0.15;379.74;49.37;330.37;118.28;0
2023-002239;03-21-2023;S1009;C00241;P2047;Web;Transferencia;Sin Promo;3;456.79;0.0;1370.37;178.15;1192.22;295.44;0
2023-002240;04-17-2023;S1034;C00006;P2003;Web;Efectivo;Promo 10%;2;483.28;0.05;966.56;144.98;821.58;261.5;0
2023-002241;02-06-2023;S1015;C00776;P2069;Marketplace;Financiamiento;2x1;4;181.97;0.05;727.88;87.35;640.53;145.02;0
2023-002242;01-16-2023;S1044;C00361;P2159;Marketplace;Transferencia;Sin Promo;2;512.7;0.2;1025.4;133.3;892.1;434.27;0
2023-002243;06-11-2023;S1022;C00115;P2034;Call Center;Tarjeta;Sin Promo;1;236.66;0.1;236.66;35.5;201.16;122.22;0
2023-002244;12-21-2023;S1024;C00284;P2144;Web;Efectivo;Sin Promo;1;272.5;0.0;272.5;40.88;231.62;177.43;0
2023-002245;01-23-2023;S1014;C00251;P2086;Web;Transferencia;Sin Promo;2;87.36;0.2;174.72;20.97;153.75;70.05;1
2023-002246;10-24-2023;S1035;C00483;P2051;Call Center;Financiamiento;Black Friday;2;855.46;0.0;1710.92;256.64;1454.28;394.02;0
2023-002247;12-08-2023;S1027;C00198;P2050;Marketplace;Efectivo;Promo 10%;1;273.95;0.0;273.95;41.09;232.86;192.16;0
2023-002248;04-05-2023;S1011;C00391;P2093;Marketplace;Financiamiento;Promo 15%;2;133.16;0.1;266.32;31.96;234.36;75.0;0
2023-002249;12-21-2023;S1020;C00141;P2061;Marketplace;Efectivo;Black Friday;3;42.68;0.0;128.04;19.21;108.83;26.36;0
2023-002250;09-11-2023;S1040;C00035;P2023;Web;Efectivo;Promo 15%;1;529.75;0.0;529.75;68.87;460.88;346.8;0
2023-002251;12-29-2023;S1004;C00632;P2022;Marketplace;Efectivo;Promo 10%;3;449.93;0.0;1349.79;175.47;1174.32;325.44;0
2023-002252;02-16-2023;S1010;C00087;P2111;Marketplace;Efectivo;Promo 10%;1;262.91;0.1;262.91;31.55;231.36;191.52;0
2023-002253;02-22-2023;S1012;C00620;P2058;Tienda;Transferencia;Promo 10%;2;442.61;0.05;885.22;106.23;778.99;324.41;1
2023-002254;01-12-2023;S1027;C00008;P2130;Call Center;Financiamiento;Black Friday;2;666.23;0.05;1332.46;199.87;1132.59;404.15;0
2023-002255;03-03-2023;S1006;C00582;P2113;Web;Billetera Digital;2x1;1;297.65;0.0;297.65;38.69;258.96;139.53;1
2023-002256;04-20-2023;S1035;C00089;P2063;Tienda;Financiamiento;Promo 15%;1;70.41;0.0;70.41;10.56;59.85;34.56;1
2023-002257;06-29-2023;S1027;C00315;P2011;Web;Transferencia;2x1;1;373.08;0.05;373.08;55.96;317.12;309.34;0
2023-002258;11-29-2023;S1007;C00593;P2108;Call Center;Transferencia;Black Friday;1;226.7;0.2;226.7;29.47;197.23;144.01;0
2023-002259;09-18-2023;S1013;C00669;P2017;Call Center;Transferencia;Promo 15%;2;224.24;0.2;448.48;53.82;394.66;182.13;1
2023-002260;07-18-2023;S1006;C00754;P2035;Marketplace;Billetera Digital;Black Friday;2;906.6;0.0;1813.2;235.72;1577.48;418.3;0
2023-002261;04-23-2023;S1043;C00414;P2060;Call Center;Billetera Digital;Promo 15%;1;383.25;0.0;383.25;49.82;333.43;245.82;0
2023-002262;02-22-2023;S1005;C00165;P2046;Marketplace;Efectivo;Black Friday;2;308.18;0.15;616.36;80.13;536.23;192.92;0
2023-002263;12-30-2023;S1031;C00554;P2014;Call Center;Tarjeta;Black Friday;1;408.68;0.05;408.68;61.3;347.38;296.33;0
2023-002264;08-24-2023;S1033;C00338;P2136;Tienda;Tarjeta;Cyber Week;1;147.06;0.05;147.06;22.06;125.0;99.42;0
2023-002265;06-30-2023;S1029;C00691;P2029;Call Center;Transferencia;Black Friday;3;491.5;0.0;1474.5;221.17;1253.33;271.13;1
2023-002266;10-07-2023;S1030;C00232;P2121;Call Center;Tarjeta;Sin Promo;2;396.89;0.05;793.78;119.07;674.71;207.12;0
2023-002267;10-12-2023;S1038;C00110;P2148;Call Center;Tarjeta;Cyber Week;2;674.81;0.0;1349.62;175.45;1174.17;390.62;0
2023-002268;08-13-2023;S1027;C00289;P2026;Tienda;Efectivo;2x1;2;459.92;0.0;919.84;137.98;781.86;230.43;0
2023-002269;04-20-2023;S1004;C00569;P2055;Call Center;Efectivo;Cyber Week;1;112.62;0.2;112.62;14.64;97.98;77.43;0
2023-002270;04-06-2023;S1031;C00273;P2145;Tienda;Tarjeta;2x1;1;118.01;0.0;118.01;17.7;100.31;77.61;0
2023-002271;09-04-2023;S1029;C00013;P2014;Marketplace;Efectivo;Promo 15%;2;430.19;0.0;860.38;129.06;731.32;296.33;0
2023-002272;07-27-2023;S1002;C00244;P2083;Tienda;Billetera Digital;Promo 15%;3;444.91;0.15;1334.73;173.51;1161.22;334.59;1
2023-002273;08-18-2023;S1043;C00195;P2044;Web;Efectivo;Promo 10%;2;454.08;0.0;908.16;118.06;790.1;214.81;0
2023-002274;12-28-2023;S1040;C00722;P2095;Call Center;Efectivo;Promo 10%;1;583.94;0.2;583.94;75.91;508.03;368.2;0
2023-002275;08-20-2023;S1025;C00380;P2121;Tienda;Efectivo;Promo 10%;2;417.78;0.0;835.56;125.33;710.23;207.12;0
2023-002276;04-14-2023;S1039;C00692;P2041;Tienda;Transferencia;2x1;2;41.87;0.1;83.74;10.89;72.85;34.06;1
2023-002277;05-09-2023;S1044;C00668;P2076;Call Center;Efectivo;Sin Promo;6;97.52;0.0;585.12;76.07;509.05;50.2;1
2023-002278;01-30-2023;S1014;C00188;P2151;Call Center;Efectivo;Sin Promo;2;196.94;0.2;393.88;47.27;346.61;116.51;0
2023-002279;09-26-2023;S1013;C00027;P2128;Call Center;Tarjeta;Cyber Week;3;473.78;0.15;1421.34;170.56;1250.78;269.57;0
2023-002280;10-17-2023;S1044;C00459;P2118;Web;Transferencia;Sin Promo;2;52.12;0.2;104.24;13.55;90.69;45.65;1
2023-002281;06-13-2023;S1012;C00563;P2136;Web;Tarjeta;Black Friday;4;154.8;0.0;619.2;74.3;544.9;99.42;0
2023-002282;04-24-2023;S1038;C00437;P2014;Call Center;Tarjeta;Black Friday;1;430.19;0.0;430.19;55.92;374.27;296.33;0
2023-002283;09-13-2023;S1027;C00426;P2070;Web;Transferencia;Cyber Week;1;614.79;0.0;614.79;92.22;522.57;281.04;0
2023-002284;06-25-2023;S1007;C00595;P2032;Call Center;Transferencia;2x1;2;443.24;0.05;886.48;115.24;771.24;330.43;0
2023-002285;11-29-2023;S1014;C00523;P2051;Web;Billetera Digital;Promo 15%;3;812.69;0.05;2438.07;292.57;2145.5;394.02;0
2023-002286;07-29-2023;S1014;C00017;P2090;Tienda;Transferencia;Promo 15%;2;123.88;0.0;247.76;29.73;218.03;72.93;0
2023-002287;11-12-2023;S1032;C00434;P2135;Call Center;Efectivo;Sin Promo;2;152.93;0.0;305.86;45.88;259.98;71.27;0
2023-002288;09-30-2023;S1044;C00438;P2018;Marketplace;Transferencia;Black Friday;3;391.86;0.0;1175.58;152.83;1022.75;224.11;0
2023-002289;01-28-2023;S1009;C00158;P2097;Call Center;Financiamiento;Cyber Week;1;495.07;0.05;495.07;64.36;430.71;298.37;0
2023-002290;03-08-2023;S1039;C00785;P2090;Call Center;Financiamiento;2x1;2;123.88;0.0;247.76;32.21;215.55;72.93;0
2023-002291;06-21-2023;S1034;C00541;P2131;Marketplace;Transferencia;Promo 15%;2;196.93;0.0;393.86;59.08;334.78;119.6;0
2023-002292;03-04-2023;S1026;C00017;P2035;Call Center;Transferencia;Cyber Week;1;861.27;0.05;861.27;129.19;732.08;418.3;0
2023-002293;02-03-2023;S1020;C00107;P2083;Web;Tarjeta;2x1;4;471.08;0.1;1884.32;282.65;1601.67;334.59;0
2023-002294;05-22-2023;S1009;C00269;P2036;Call Center;Tarjeta;Sin Promo;1;245.34;0.15;245.34;31.89;213.45;143.03;1
2023-002295;12-10-2023;S1040;C00771;P2118;Call Center;Transferencia;Promo 15%;1;65.15;0.0;65.15;8.47;56.68;45.65;0
2023-002296;04-28-2023;S1043;C00487;P2123;Web;Transferencia;Black Friday;6;175.11;0.0;1050.66;136.59;914.07;112.82;0
2023-002297;03-06-2023;S1035;C00226;P2156;Web;Efectivo;Promo 10%;6;77.36;0.05;464.16;69.62;394.54;55.02;0
2023-002298;04-24-2023;S1033;C00376;P2105;Call Center;Financiamiento;Promo 15%;1;676.15;0.0;676.15;101.42;574.73;320.12;1
2023-002299;07-22-2023;S1025;C00033;P2085;Web;Billetera Digital;Promo 15%;2;31.02;0.0;62.04;9.31;52.73;20.07;0
2023-002300;02-26-2023;S1043;C00507;P2030;Marketplace;Billetera Digital;2x1;4;541.44;0.0;2165.76;281.55;1884.21;418.38;1
2023-002301;12-31-2023;S1026;C00409;P2001;Web;Efectivo;Sin Promo;3;95.82;0.0;287.46;43.12;244.34;59.67;1
2023-002302;11-17-2023;S1035;C00773;P2039;Tienda;Transferencia;Sin Promo;5;477.0;0.0;2385.0;357.75;2027.25;251.05;1
2023-002303;03-18-2023;S1037;C00642;P2145;Web;Tarjeta;Promo 10%;2;118.01;0.0;236.02;30.68;205.34;77.61;0
2023-002304;12-14-2023;S1028;C00512;P2156;Marketplace;Transferencia;Promo 10%;2;81.43;0.0;162.86;24.43;138.43;55.02;0
2023-002305;01-17-2023;S1017;C00582;P2010;Call Center;Efectivo;Black Friday;1;404.09;0.0;404.09;48.49;355.6;210.17;0
2023-002306;07-26-2023;S1007;C00471;P2056;Web;Financiamiento;Promo 15%;1;886.94;0.0;886.94;115.3;771.64;417.23;0
2023-002307;07-12-2023;S1029;C00398;P2102;Tienda;Billetera Digital;Black Friday;4;450.78;0.1;1803.12;270.47;1532.65;270.07;0
2023-002308;10-05-2023;S1042;C00027;P2155;Web;Transferencia;Promo 15%;4;157.33;0.0;629.32;81.81;547.51;71.96;0
2023-002309;06-14-2023;S1045;C00430;P2092;Call Center;Financiamiento;2x1;2;722.24;0.1;1444.48;187.78;1256.7;416.32;0
2023-002310;09-09-2023;S1016;C00433;P2157;Web;Billetera Digital;Promo 10%;2;178.7;0.2;357.4;42.89;314.51;118.28;0
2023-002311;09-15-2023;S1018;C00554;P2150;Call Center;Tarjeta;2x1;2;198.96;0.15;397.92;47.75;350.17;154.53;0
2023-002312;07-24-2023;S1003;C00500;P2144;Web;Billetera Digital;Sin Promo;1;272.5;0.0;272.5;35.43;237.07;177.43;0
2023-002313;02-11-2023;S1020;C00252;P2048;Tienda;Financiamiento;Black Friday;1;272.14;0.15;272.14;40.82;231.32;183.57;0
2023-002314;06-01-2023;S1026;C00212;P2103;Tienda;Transferencia;Cyber Week;3;403.65;0.05;1210.95;181.64;1029.31;274.37;0
2023-002315;12-08-2023;S1044;C00468;P2024;Marketplace;Tarjeta;2x1;1;268.83;0.15;268.83;34.95;233.88;197.91;0
2023-002316;11-26-2023;S1033;C00694;P2090;Marketplace;Tarjeta;Promo 10%;6;117.69;0.05;706.14;105.92;600.22;72.93;0
2023-002317;09-05-2023;S1035;C00553;P2096;Marketplace;Billetera Digital;Sin Promo;3;540.6;0.15;1621.8;243.27;1378.53;369.96;0
2023-002318;07-02-2023;S1021;C00089;P2087;Web;Transferencia;Promo 15%;1;323.78;0.0;323.78;48.57;275.21;166.63;0
2023-002319;03-26-2023;S1008;C00549;P2108;Marketplace;Financiamiento;Promo 15%;1;283.38;0.0;283.38;36.84;246.54;144.01;0
2023-002320;06-21-2023;S1003;C00233;P2094;Web;Tarjeta;Black Friday;1;595.67;0.15;595.67;77.44;518.23;392.99;0
2023-002321;09-07-2023;S1030;C00780;P2147;Call Center;Financiamiento;2x1;1;493.36;0.1;493.36;74.0;419.36;299.7;1
2023-002322;07-06-2023;S1032;C00612;P2116;Web;Efectivo;Promo 15%;1;743.9;0.0;743.9;111.58;632.32;358.01;0
2023-002323;02-19-2023;S1028;C00462;P2040;Call Center;Billetera Digital;Cyber Week;1;47.59;0.2;47.59;7.14;40.45;35.66;1
2023-002324;04-15-2023;S1006;C00471;P2111;Web;Billetera Digital;Sin Promo;2;292.12;0.0;584.24;75.95;508.29;191.52;0
2023-002325;11-26-2023;S1001;C00566;P2159;Web;Transferencia;Cyber Week;1;608.84;0.05;608.84;79.15;529.69;434.27;1
2023-002326;12-03-2023;S1007;C00497;P2001;Web;Tarjeta;Cyber Week;2;86.24;0.1;172.48;22.42;150.06;59.67;0
2023-002327;12-26-2023;S1029;C00077;P2159;Call Center;Financiamiento;Cyber Week;2;576.79;0.1;1153.58;173.04;980.54;434.27;0
2023-002328;05-15-2023;S1026;C00753;P2033;Call Center;Efectivo;Promo 10%;2;76.34;0.05;152.68;22.9;129.78;61.26;0
2023-002329;08-23-2023;S1015;C00500;P2095;Call Center;Billetera Digital;Promo 15%;2;729.93;0.0;1459.86;175.18;1284.68;368.2;0
2023-002330;02-28-2023;S1031;C00238;P2149;Call Center;Tarjeta;Black Friday;6;213.57;0.05;1281.42;192.21;1089.21;173.08;1
2023-002331;08-28-2023;S1013;C00450;P2007;Web;Billetera Digital;Black Friday;3;212.03;0.0;636.09;76.33;559.76;162.45;1
2023-002332;08-25-2023;S1010;C00589;P2135;Marketplace;Transferencia;Sin Promo;5;152.93;0.0;764.65;91.76;672.89;71.27;0
2023-002333;02-03-2023;S1037;C00599;P2039;Marketplace;Billetera Digital;Black Friday;3;381.6;0.2;1144.8;148.82;995.98;251.05;1
2023-002334;06-13-2023;S1039;C00765;P2084;Tienda;Financiamiento;Promo 15%;3;8.71;0.2;26.13;3.4;22.73;8.31;0
2023-002335;07-19-2023;S1027;C00410;P2085;Call Center;Transferencia;Sin Promo;1;31.02;0.0;31.02;4.65;26.37;20.07;0
2023-002336;07-03-2023;S1017;C00343;P2033;Web;Billetera Digital;Cyber Week;6;64.29;0.2;385.74;46.29;339.45;61.26;0
2023-002337;09-14-2023;S1005;C00783;P2082;Call Center;Tarjeta;Black Friday;2;281.42;0.0;562.84;73.17;489.67;152.77;0
2023-002338;01-26-2023;S1018;C00701;P2135;Marketplace;Efectivo;Sin Promo;1;129.99;0.15;129.99;15.6;114.39;71.27;0
2023-002339;10-18-2023;S1024;C00653;P2112;Web;Transferencia;2x1;1;361.76;0.0;361.76;54.26;307.5;257.82;0
2023-002340;03-03-2023;S1031;C00520;P2097;Marketplace;Billetera Digital;Black Friday;2;521.13;0.0;1042.26;156.34;885.92;298.37;1
2023-002341;11-24-2023;S1008;C00433;P2148;Web;Tarjeta;Cyber Week;4;641.07;0.05;2564.28;333.36;2230.92;390.62;0
2023-002342;01-27-2023;S1016;C00302;P2024;Call Center;Financiamiento;2x1;1;284.64;0.1;284.64;34.16;250.48;197.91;0
2023-002343;05-18-2023;S1034;C00021;P2004;Call Center;Billetera Digital;Sin Promo;3;543.65;0.0;1630.95;244.64;1386.31;298.92;0
2023-002344;06-14-2023;S1036;C00743;P2030;Call Center;Transferencia;Promo 10%;2;433.15;0.2;866.3;129.94;736.36;418.38;1
2023-002345;12-01-2023;S1039;C00230;P2034;Marketplace;Billetera Digital;Black Friday;1;210.36;0.2;210.36;27.35;183.01;122.22;0
2023-002346;09-30-2023;S1037;C00571;P2147;Tienda;Billetera Digital;Cyber Week;4;520.77;0.05;2083.08;270.8;1812.28;299.7;0
2023-002347;05-25-2023;S1045;C00540;P2070;Tienda;Efectivo;Sin Promo;2;614.79;0.0;1229.58;159.85;1069.73;281.04;0
2023-002348;05-02-2023;S1002;C00721;P2100;Marketplace;Billetera Digital;Cyber Week;2;571.97;0.0;1143.94;148.71;995.23;422.9;0
2023-002349;09-13-2023;S1010;C00636;P2129;Call Center;Efectivo;Promo 10%;3;504.95;0.0;1514.85;181.78;1333.07;401.84;0
2023-002350;03-13-2023;S1003;C00649;P2069;Web;Financiamiento;Sin Promo;1;153.24;0.2;153.24;19.92;133.32;145.02;0
2023-002351;05-06-2023;S1032;C00228;P2147;Call Center;Tarjeta;Cyber Week;3;493.36;0.1;1480.08;222.01;1258.07;299.7;0
2023-002352;08-29-2023;S1037;C00368;P2108;Web;Billetera Digital;Black Friday;4;269.21;0.05;1076.84;139.99;936.85;144.01;0
2023-002353;09-12-2023;S1032;C00615;P2003;Call Center;Tarjeta;Cyber Week;4;457.85;0.1;1831.4;274.71;1556.69;261.5;0
2023-002354;10-19-2023;S1015;C00429;P2073;Marketplace;Financiamiento;Black Friday;1;164.56;0.0;164.56;19.75;144.81;131.1;0
2023-002355;05-24-2023;S1036;C00067;P2155;Marketplace;Financiamiento;Cyber Week;1;125.86;0.2;125.86;18.88;106.98;71.96;0
2023-002356;03-04-2023;S1018;C00170;P2058;Marketplace;Billetera Digital;2x1;3;419.32;0.1;1257.96;150.96;1107.0;324.41;0
2023-002357;08-14-2023;S1006;C00250;P2025;Web;Transferencia;Black Friday;2;664.27;0.0;1328.54;172.71;1155.83;394.63;0
2023-002358;06-22-2023;S1036;C00037;P2023;Web;Financiamiento;Sin Promo;2;529.75;0.0;1059.5;158.92;900.58;346.8;0
2023-002359;10-20-2023;S1018;C00084;P2028;Tienda;Efectivo;Black Friday;1;568.28;0.05;568.28;68.19;500.09;344.08;1
2023-002360;07-23-2023;S1007;C00703;P2058;Call Center;Transferencia;Promo 10%;2;396.02;0.15;792.04;102.97;689.07;324.41;1
2023-002361;04-07-2023;S1014;C00253;P2056;Tienda;Efectivo;2x1;2;842.59;0.05;1685.18;202.22;1482.96;417.23;0
2023-002362;08-28-2023;S1024;C00379;P2117;Tienda;Financiamiento;Promo 15%;2;84.2;0.0;168.4;25.26;143.14;41.82;0
2023-002363;03-01-2023;S1002;C00349;P2054;Call Center;Transferencia;Promo 15%;1;370.62;0.2;370.62;48.18;322.44;220.6;0
2023-002364;07-13-2023;S1034;C00071;P2071;Call Center;Efectivo;2x1;2;483.57;0.0;967.14;145.07;822.07;243.78;0
2023-002365;12-28-2023;S1030;C00607;P2097;Web;Billetera Digital;Promo 10%;2;521.13;0.0;1042.26;156.34;885.92;298.37;1
2023-002366;03-13-2023;S1004;C00115;P2130;Marketplace;Efectivo;Sin Promo;1;701.29;0.0;701.29;91.17;610.12;404.15;0
2023-002367;04-29-2023;S1034;C00114;P2074;Web;Tarjeta;Promo 15%;2;253.14;0.1;506.28;75.94;430.34;138.92;1
2023-002368;10-03-2023;S1009;C00652;P2035;Web;Financiamiento;Cyber Week;2;770.61;0.15;1541.22;200.36;1340.86;418.3;0
2023-002369;02-17-2023;S1031;C00440;P2015;Call Center;Billetera Digital;Cyber Week;1;173.77;0.0;173.77;26.07;147.7;122.14;0
2023-002370;09-11-2023;S1028;C00599;P2078;Marketplace;Billetera Digital;Sin Promo;2;140.81;0.15;281.62;42.24;239.38;125.47;0
2023-002371;04-02-2023;S1027;C00393;P2160;Web;Billetera Digital;Promo 10%;1;649.78;0.2;649.78;97.47;552.31;418.28;0
2023-002372;02-04-2023;S1009;C00407;P2020;Marketplace;Transferencia;2x1;1;49.36;0.0;49.36;6.42;42.94;32.33;0
2023-002373;01-04-2023;S1007;C00333;P2159;Call Center;Transferencia;Black Friday;4;640.88;0.0;2563.52;333.26;2230.26;434.27;1
2023-002374;02-10-2023;S1015;C00352;P2052;Web;Billetera Digital;Promo 10%;6;85.22;0.1;511.32;61.36;449.96;47.67;0
2023-002375;07-30-2023;S1034;C00777;P2090;Web;Billetera Digital;Promo 10%;2;123.88;0.0;247.76;37.16;210.6;72.93;0
2023-002376;10-15-2023;S1024;C00305;P2076;Tienda;Tarjeta;Cyber Week;1;87.77;0.1;87.77;13.17;74.6;50.2;1
2023-002377;04-22-2023;S1012;C00495;P2126;Web;Financiamiento;Cyber Week;2;547.31;0.2;1094.62;131.35;963.27;413.19;0
2023-002378;04-12-2023;S1040;C00705;P2042;Tienda;Transferencia;2x1;1;341.18;0.15;341.18;44.35;296.83;233.31;1
2023-002379;07-31-2023;S1036;C00463;P2017;Call Center;Tarjeta;Cyber Week;2;280.3;0.0;560.6;84.09;476.51;182.13;1
2023-002380;06-13-2023;S1013;C00486;P2102;Tienda;Tarjeta;2x1;1;500.87;0.0;500.87;60.1;440.77;270.07;1
2023-002381;11-09-2023;S1006;C00478;P2120;Web;Efectivo;Promo 10%;1;199.5;0.0;199.5;25.94;173.56;113.2;0
2023-002382;11-14-2023;S1020;C00513;P2024;Marketplace;Billetera Digital;Black Friday;3;284.64;0.1;853.92;128.09;725.83;197.91;0
2023-002383;11-26-2023;S1014;C00505;P2125;Tienda;Billetera Digital;Black Friday;1;344.65;0.0;344.65;41.36;303.29;235.01;0
2023-002384;12-19-2023;S1033;C00624;P2079;Web;Efectivo;Promo 10%;4;237.11;0.05;948.44;142.27;806.17;156.92;1
2023-002385;03-14-2023;S1029;C00203;P2103;Call Center;Transferencia;Cyber Week;4;339.92;0.2;1359.68;203.95;1155.73;274.37;0
2023-002386;09-23-2023;S1029;C00325;P2037;Marketplace;Transferencia;Sin Promo;3;623.8;0.0;1871.4;280.71;1590.69;405.23;0
2023-002387;09-18-2023;S1041;C00449;P2089;Marketplace;Transferencia;Promo 10%;1;589.23;0.2;589.23;76.6;512.63;351.93;0
2023-002388;05-08-2023;S1010;C00381;P2079;Marketplace;Tarjeta;2x1;1;249.59;0.0;249.59;29.95;219.64;156.92;0
2023-002389;06-19-2023;S1039;C00603;P2126;Call Center;Tarjeta;Promo 10%;1;581.52;0.15;581.52;75.6;505.92;413.19;0
2023-002390;10-26-2023;S1039;C00168;P2010;Web;Tarjeta;Sin Promo;2;343.48;0.15;686.96;89.3;597.66;210.17;0
2023-002391;02-03-2023;S1028;C00545;P2110;Tienda;Tarjeta;Promo 15%;2;416.72;0.0;833.44;125.02;708.42;314.95;1
2023-002392;05-03-2023;S1030;C00011;P2043;Web;Efectivo;Promo 15%;2;282.25;0.1;564.5;84.67;479.83;244.5;0
2023-002393;01-15-2023;S1042;C00378;P2064;Web;Transferencia;Sin Promo;6;91.31;0.0;547.86;71.22;476.64;57.47;0
2023-002394;11-07-2023;S1009;C00700;P2009;Call Center;Efectivo;2x1;1;523.01;0.0;523.01;67.99;455.02;287.2;0
2023-002395;05-31-2023;S1033;C00448;P2101;Call Center;Financiamiento;2x1;4;302.88;0.1;1211.52;181.73;1029.79;262.94;1
2023-002396;10-04-2023;S1024;C00759;P2114;Call Center;Financiamiento;Cyber Week;1;470.9;0.15;470.9;70.63;400.27;274.57;0
2023-002397;08-13-2023;S1041;C00332;P2146;Web;Tarjeta;Promo 15%;2;295.7;0.05;591.4;76.88;514.52;242.22;0
2023-002398;10-28-2023;S1016;C00585;P2160;Tienda;Tarjeta;Sin Promo;1;690.39;0.15;690.39;82.85;607.54;418.28;1
2023-002399;06-08-2023;S1008;C00411;P2017;Web;Transferencia;Black Friday;1;280.3;0.0;280.3;36.44;243.86;182.13;1
2023-002400;04-02-2023;S1028;C00389;P2116;Tienda;Tarjeta;2x1;1;743.9;0.0;743.9;111.58;632.32;358.01;0
2023-002401;10-13-2023;S1021;C00649;P2022;Tienda;Transferencia;Promo 10%;3;449.93;0.0;1349.79;202.47;1147.32;325.44;0
2023-002402;09-21-2023;S1005;C00375;P2048;Call Center;Tarjeta;Promo 15%;6;320.16;0.0;1920.96;249.72;1671.24;183.57;0
2023-002403;08-03-2023;S1001;C00540;P2119;Tienda;Billetera Digital;Promo 15%;1;610.46;0.2;610.46;79.36;531.1;363.73;1
2023-002404;11-26-2023;S1016;C00118;P2040;Tienda;Financiamiento;Cyber Week;3;50.57;0.15;151.71;18.21;133.5;35.66;0
2023-002405;05-13-2023;S1043;C00427;P2107;Marketplace;Financiamiento;Promo 10%;3;257.6;0.2;772.8;100.46;672.34;196.36;0
2023-002406;09-26-2023;S1012;C00392;P2132;Call Center;Transferencia;Promo 10%;2;257.29;0.2;514.58;61.75;452.83;220.13;0
2023-002407;04-25-2023;S1045;C00413;P2118;Marketplace;Transferencia;Sin Promo;1;55.38;0.15;55.38;7.2;48.18;45.65;0
2023-002408;04-29-2023;S1001;C00261;P2134;Tienda;Efectivo;Cyber Week;1;205.33;0.15;205.33;26.69;178.64;153.79;0
2023-002409;01-31-2023;S1007;C00798;P2060;Tienda;Tarjeta;Promo 10%;2;364.09;0.05;728.18;94.66;633.52;245.82;0
2023-002410;04-20-2023;S1022;C00072;P2160;Marketplace;Tarjeta;2x1;2;812.22;0.0;1624.44;243.67;1380.77;418.28;0
2023-002411;08-28-2023;S1009;C00543;P2047;Marketplace;Financiamiento;Sin Promo;2;388.27;0.15;776.54;100.95;675.59;295.44;0
2023-002412;09-29-2023;S1044;C00403;P2145;Tienda;Transferencia;Sin Promo;1;112.11;0.05;112.11;14.57;97.54;77.61;0
2023-002413;02-21-2023;S1010;C00248;P2134;Marketplace;Efectivo;Cyber Week;1;193.25;0.2;193.25;23.19;170.06;153.79;0
2023-002414;10-27-2023;S1021;C00210;P2018;Web;Transferencia;Promo 15%;3;333.08;0.15;999.24;149.89;849.35;224.11;1
2023-002415;06-11-2023;S1001;C00578;P2082;Call Center;Transferencia;Cyber Week;3;239.21;0.15;717.63;93.29;624.34;152.77;0
2023-002416;04-11-2023;S1023;C00166;P2140;Tienda;Efectivo;Sin Promo;1;11.53;0.2;11.53;1.73;9.8;6.63;1
2023-002417;12-07-2023;S1026;C00499;P2022;Tienda;Transferencia;Cyber Week;2;449.93;0.0;899.86;134.98;764.88;325.44;0
2023-002418;06-29-2023;S1036;C00245;P2126;Call Center;Efectivo;Black Friday;1;547.31;0.2;547.31;82.1;465.21;413.19;0
2023-002419;07-04-2023;S1039;C00697;P2066;Marketplace;Billetera Digital;Sin Promo;2;446.0;0.15;892.0;115.96;776.04;297.19;0
2023-002420;12-02-2023;S1005;C00158;P2110;Web;Efectivo;Promo 10%;3;395.88;0.05;1187.64;154.39;1033.25;314.95;0
2023-002421;04-01-2023;S1008;C00180;P2046;Call Center;Transferencia;Promo 15%;4;308.18;0.15;1232.72;160.25;1072.47;192.92;0
2023-002422;10-10-2023;S1035;C00567;P2074;Web;Efectivo;Sin Promo;4;281.27;0.0;1125.08;168.76;956.32;138.92;1
2023-002423;09-30-2023;S1041;C00753;P2077;Marketplace;Financiamiento;Cyber Week;1;715.22;0.1;715.22;92.98;622.24;400.81;1
2023-002424;10-23-2023;S1015;C00588;P2146;Tienda;Efectivo;Promo 10%;2;311.26;0.0;622.52;74.7;547.82;242.22;1
2023-002425;05-24-2023;S1014;C00692;P2111;Web;Transferencia;Black Friday;1;262.91;0.1;262.91;31.55;231.36;191.52;0
2023-002426;05-11-2023;S1011;C00493;P2074;Tienda;Tarjeta;Cyber Week;1;281.27;0.0;281.27;33.75;247.52;138.92;0
2023-002427;01-21-2023;S1040;C00532;P2030;Web;Transferencia;Sin Promo;2;487.3;0.1;974.6;126.7;847.9;418.38;0
2023-002428;08-19-2023;S1035;C00501;P2034;Call Center;Tarjeta;Sin Promo;3;210.36;0.2;631.08;94.66;536.42;122.22;1
2023-002429;01-16-2023;S1004;C00793;P2087;Web;Tarjeta;2x1;3;275.21;0.15;825.63;107.33;718.3;166.63;0
2023-002430;06-08-2023;S1004;C00439;P2112;Web;Efectivo;Sin Promo;3;343.67;0.05;1031.01;134.03;896.98;257.82;0
2023-002431;07-04-2023;S1012;C00796;P2080;Call Center;Transferencia;Promo 10%;2;301.79;0.0;603.58;72.43;531.15;221.89;0
2023-002432;09-11-2023;S1002;C00042;P2121;Call Center;Tarjeta;Promo 10%;1;334.22;0.2;334.22;43.45;290.77;207.12;1
2023-002433;03-23-2023;S1040;C00389;P2037;Tienda;Tarjeta;Promo 10%;6;530.23;0.15;3181.38;413.58;2767.8;405.23;0
2023-002434;10-21-2023;S1023;C00610;P2107;Marketplace;Billetera Digital;Sin Promo;2;273.7;0.15;547.4;82.11;465.29;196.36;0
2023-002435;04-27-2023;S1033;C00556;P2019;Web;Efectivo;Black Friday;1;471.27;0.0;471.27;70.69;400.58;283.84;0
2023-002436;05-17-2023;S1016;C00775;P2039;Call Center;Transferencia;Cyber Week;5;429.3;0.1;2146.5;257.58;1888.92;251.05;0
2023-002437;12-27-2023;S1017;C00421;P2019;Web;Efectivo;Promo 15%;3;377.02;0.2;1131.06;135.73;995.33;283.84;0
2023-002438;11-18-2023;S1021;C00728;P2048;Web;Financiamiento;Promo 15%;5;320.16;0.0;1600.8;240.12;1360.68;183.57;0
2023-002439;02-26-2023;S1041;C00428;P2053;Marketplace;Tarjeta;2x1;1;934.5;0.0;934.5;121.48;813.02;436.17;1
2023-002440;04-30-2023;S1041;C00693;P2009;Call Center;Billetera Digital;Promo 10%;4;496.86;0.05;1987.44;258.37;1729.07;287.2;0
2023-002441;11-26-2023;S1032;C00154;P2030;Web;Billetera Digital;Cyber Week;1;433.15;0.2;433.15;64.97;368.18;418.38;0
2023-002442;01-03-2023;S1026;C00225;P2062;Marketplace;Financiamiento;Sin Promo;1;111.89;0.0;111.89;16.78;95.11;74.21;0
2023-002443;07-01-2023;S1022;C00767;P2098;Tienda;Transferencia;Promo 10%;3;645.08;0.0;1935.24;290.29;1644.95;389.5;0
2023-002444;11-16-2023;S1018;C00444;P2115;Web;Financiamiento;Black Friday;2;372.57;0.0;745.14;89.42;655.72;201.2;0
2023-002445;05-30-2023;S1014;C00470;P2107;Call Center;Efectivo;Sin Promo;1;273.7;0.15;273.7;32.84;240.86;196.36;0
2023-002446;11-19-2023;S1025;C00335;P2026;Web;Tarjeta;Sin Promo;1;459.92;0.0;459.92;68.99;390.93;230.43;0
2023-002447;02-24-2023;S1042;C00587;P2153;Tienda;Tarjeta;Cyber Week;1;407.91;0.0;407.91;53.03;354.88;293.96;0
2023-002448;01-07-2023;S1036;C00161;P2070;Call Center;Billetera Digital;2x1;1;553.31;0.1;553.31;83.0;470.31;281.04;0
2023-002449;02-06-2023;S1029;C00522;P2031;Marketplace;Transferencia;Promo 10%;4;203.6;0.0;814.4;122.16;692.24;111.43;0
2023-002450;06-20-2023;S1013;C00197;P2159;Call Center;Transferencia;Promo 15%;1;640.88;0.0;640.88;76.91;563.97;434.27;0
2023-002451;09-21-2023;S1014;C00231;P2089;Web;Billetera Digital;Cyber Week;4;662.89;0.1;2651.56;318.19;2333.37;351.93;0
2023-002452;10-13-2023;S1026;C00511;P2057;Web;Financiamiento;Cyber Week;4;419.8;0.0;1679.2;251.88;1427.32;314.68;0
2023-002453;10-25-2023;S1002;C00233;P2058;Tienda;Financiamiento;Promo 10%;2;419.32;0.1;838.64;109.02;729.62;324.41;0
2023-002454;09-06-2023;S1031;C00471;P2025;Marketplace;Transferencia;Promo 15%;1;664.27;0.0;664.27;99.64;564.63;394.63;0
2023-002455;10-01-2023;S1017;C00294;P2075;Call Center;Efectivo;Cyber Week;2;522.04;0.1;1044.08;125.29;918.79;301.87;1
2023-002456;10-06-2023;S1034;C00784;P2067;Web;Efectivo;Black Friday;1;582.45;0.0;582.45;87.37;495.08;420.88;0
2023-002457;03-21-2023;S1001;C00070;P2003;Marketplace;Efectivo;Promo 10%;2;508.72;0.0;1017.44;132.27;885.17;261.5;0
2023-002458;12-22-2023;S1031;C00236;P2060;Marketplace;Transferencia;Black Friday;1;364.09;0.05;364.09;54.61;309.48;245.82;0
2023-002459;11-12-2023;S1039;C00666;P2093;Tienda;Efectivo;Promo 10%;1;133.16;0.1;133.16;17.31;115.85;75.0;1
2023-002460;05-07-2023;S1027;C00436;P2007;Marketplace;Transferencia;Cyber Week;1;212.03;0.0;212.03;31.8;180.23;162.45;0
2023-002461;01-13-2023;S1001;C00164;P2108;Tienda;Transferencia;Promo 10%;3;226.7;0.2;680.1;88.41;591.69;144.01;1
2023-002462;09-22-2023;S1042;C00462;P2008;Web;Financiamiento;Cyber Week;3;830.52;0.05;2491.56;323.9;2167.66;421.75;0
2023-002463;10-24-2023;S1002;C00018;P2140;Marketplace;Financiamiento;Sin Promo;2;14.41;0.0;28.82;3.75;25.07;6.63;0
2023-002464;11-25-2023;S1025;C00229;P2009;Web;Transferencia;Sin Promo;3;418.41;0.2;1255.23;188.28;1066.95;287.2;0
2023-002465;03-18-2023;S1036;C00048;P2030;Tienda;Efectivo;Promo 10%;3;514.37;0.05;1543.11;231.47;1311.64;418.38;0
2023-002466;05-14-2023;S1034;C00271;P2159;Web;Financiamiento;Sin Promo;1;544.75;0.15;544.75;81.71;463.04;434.27;0
2023-002467;06-14-2023;S1005;C00552;P2051;Call Center;Efectivo;Promo 15%;1;684.37;0.2;684.37;88.97;595.4;394.02;1
2023-002468;10-09-2023;S1033;C00598;P2154;Marketplace;Financiamiento;2x1;4;733.21;0.0;2932.84;439.93;2492.91;427.53;1
2023-002469;02-26-2023;S1027;C00384;P2017;Marketplace;Billetera Digital;Promo 10%;1;266.29;0.05;266.29;39.94;226.35;182.13;0
2023-002470;12-05-2023;S1004;C00716;P2126;Call Center;Financiamiento;Promo 15%;4;684.14;0.0;2736.56;355.75;2380.81;413.19;0
2023-002471;09-30-2023;S1029;C00250;P2123;Marketplace;Tarjeta;Black Friday;1;175.11;0.0;175.11;26.27;148.84;112.82;0
2023-002472;09-20-2023;S1007;C00328;P2134;Marketplace;Transferencia;Cyber Week;3;229.48;0.05;688.44;89.5;598.94;153.79;0
2023-002473;05-21-2023;S1014;C00799;P2123;Web;Transferencia;Sin Promo;1;140.09;0.2;140.09;16.81;123.28;112.82;0
2023-002474;08-08-2023;S1015;C00341;P2043;Web;Financiamiento;Promo 15%;6;297.93;0.05;1787.58;214.51;1573.07;244.5;0
2023-002475;07-11-2023;S1032;C00210;P2096;Tienda;Transferencia;2x1;2;636.0;0.0;1272.0;190.8;1081.2;369.96;0
2023-002476;01-28-2023;S1009;C00123;P2099;Tienda;Billetera Digital;Promo 15%;1;235.66;0.2;235.66;30.64;205.02;231.19;0
2023-002477;04-16-2023;S1027;C00255;P2042;Call Center;Efectivo;Promo 10%;1;321.11;0.2;321.11;48.17;272.94;233.31;0
2023-002478;02-03-2023;S1026;C00313;P2014;Marketplace;Financiamiento;Promo 15%;1;430.19;0.0;430.19;64.53;365.66;296.33;0
2023-002479;05-16-2023;S1025;C00165;P2065;Call Center;Financiamiento;Promo 10%;2;387.88;0.05;775.76;116.36;659.4;269.16;0
2023-002480;03-15-2023;S1038;C00672;P2052;Web;Transferencia;Sin Promo;1;85.22;0.1;85.22;11.08;74.14;47.67;0
2023-002481;09-17-2023;S1041;C00238;P2120;Tienda;Billetera Digital;Promo 10%;2;199.5;0.0;399.0;51.87;347.13;113.2;1
2023-002482;10-27-2023;S1010;C00321;P2007;Call Center;Transferencia;2x1;1;190.83;0.1;190.83;22.9;167.93;162.45;0
2023-002483;04-11-2023;S1023;C00694;P2022;Marketplace;Financiamiento;Promo 10%;1;382.44;0.15;382.44;57.37;325.07;325.44;0
2023-002484;06-16-2023;S1031;C00485;P2156;Call Center;Efectivo;2x1;1;65.14;0.2;65.14;9.77;55.37;55.02;0
2023-002485;02-11-2023;S1037;C00125;P2114;Web;Financiamiento;Cyber Week;2;443.2;0.2;886.4;115.23;771.17;274.57;0
2023-002486;02-01-2023;S1033;C00583;P2118;Tienda;Financiamiento;2x1;1;65.15;0.0;65.15;9.77;55.38;45.65;0
2023-002487;04-23-2023;S1041;C00269;P2069;Call Center;Financiamiento;Promo 15%;3;191.55;0.0;574.65;74.7;499.95;145.02;0
2023-002488;05-22-2023;S1003;C00190;P2037;Call Center;Efectivo;Sin Promo;1;592.61;0.05;592.61;77.04;515.57;405.23;0
2023-002489;06-24-2023;S1026;C00076;P2057;Call Center;Billetera Digital;2x1;4;398.81;0.05;1595.24;239.29;1355.95;314.68;0
2023-002490;02-21-2023;S1011;C00375;P2024;Web;Transferencia;Promo 10%;1;300.46;0.05;300.46;36.06;264.4;197.91;0
2023-002491;07-29-2023;S1038;C00288;P2092;Call Center;Efectivo;Sin Promo;4;641.99;0.2;2567.96;333.83;2234.13;416.32;0
2023-002492;08-27-2023;S1040;C00316;P2098;Web;Efectivo;Cyber Week;2;645.08;0.0;1290.16;167.72;1122.44;389.5;1
2023-002493;10-12-2023;S1010;C00151;P2131;Call Center;Efectivo;Cyber Week;4;187.08;0.05;748.32;89.8;658.52;119.6;1
2023-002494;07-06-2023;S1014;C00769;P2059;Tienda;Tarjeta;Black Friday;1;130.71;0.0;130.71;15.69;115.02;101.09;0
2023-002495;10-11-2023;S1002;C00740;P2032;Call Center;Billetera Digital;Black Friday;3;466.57;0.0;1399.71;181.96;1217.75;330.43;0
2023-002496;08-13-2023;S1024;C00322;P2055;Tienda;Tarjeta;Promo 15%;1;119.65;0.15;119.65;17.95;101.7;77.43;1
2023-002497;11-23-2023;S1029;C00498;P2152;Marketplace;Financiamiento;Black Friday;2;499.51;0.0;999.02;149.85;849.17;338.06;0
2023-002498;01-02-2023;S1042;C00400;P2135;Marketplace;Financiamiento;Cyber Week;2;145.28;0.05;290.56;37.77;252.79;71.27;0
2023-002499;03-25-2023;S1024;C00025;P2128;Call Center;Tarjeta;2x1;1;473.78;0.15;473.78;71.07;402.71;269.57;0
2023-002500;03-20-2023;S1042;C00355;P2074;Call Center;Billetera Digital;Promo 10%;5;253.14;0.1;1265.7;164.54;1101.16;138.92;0
2023-002501;07-21-2023;S1029;C00453;P2012;Web;Financiamiento;Cyber Week;6;748.91;0.05;4493.46;674.02;3819.44;363.05;1
2023-002502;09-08-2023;S1011;C00534;P2060;Call Center;Financiamiento;Promo 10%;3;383.25;0.0;1149.75;137.97;1011.78;245.82;0
2023-002503;03-07-2023;S1039;C00575;P2147;Tienda;Financiamiento;Promo 15%;1;548.18;0.0;548.18;71.26;476.92;299.7;0
2023-002504;01-06-2023;S1044;C00766;P2118;Marketplace;Tarjeta;Cyber Week;1;58.64;0.1;58.64;7.62;51.02;45.65;0
2023-002505;09-19-2023;S1032;C00098;P2031;Tienda;Tarjeta;Sin Promo;3;183.24;0.1;549.72;82.46;467.26;111.43;0
2023-002506;06-12-2023;S1005;C00438;P2027;Web;Tarjeta;Cyber Week;3;281.97;0.15;845.91;109.97;735.94;230.42;0
2023-002507;11-02-2023;S1045;C00507;P2049;Call Center;Tarjeta;Black Friday;6;150.36;0.05;902.16;117.28;784.88;89.45;0
2023-002508;07-11-2023;S1018;C00182;P2082;Call Center;Transferencia;Sin Promo;3;267.35;0.05;802.05;96.25;705.8;152.77;0
2023-002509;10-10-2023;S1038;C00324;P2022;Tienda;Efectivo;Promo 10%;1;404.94;0.1;404.94;52.64;352.3;325.44;0
2023-002510;12-14-2023;S1037;C00524;P2089;Call Center;Tarjeta;Cyber Week;1;699.71;0.05;699.71;90.96;608.75;351.93;0
2023-002511;06-16-2023;S1036;C00033;P2107;Marketplace;Billetera Digital;2x1;2;257.6;0.2;515.2;77.28;437.92;196.36;0
2023-002512;07-29-2023;S1035;C00694;P2046;Call Center;Tarjeta;Promo 15%;3;362.57;0.0;1087.71;163.16;924.55;192.92;0
2023-002513;10-06-2023;S1040;C00117;P2114;Web;Efectivo;Cyber Week;1;443.2;0.2;443.2;57.62;385.58;274.57;1
2023-002514;09-25-2023;S1015;C00577;P2086;Tienda;Efectivo;2x1;1;98.28;0.1;98.28;11.79;86.49;70.05;0
2023-002515;02-09-2023;S1010;C00136;P2085;Marketplace;Financiamiento;2x1;1;31.02;0.0;31.02;3.72;27.3;20.07;0
2023-002516;03-27-2023;S1024;C00063;P2152;Marketplace;Tarjeta;Cyber Week;1;499.51;0.0;499.51;74.93;424.58;338.06;1
2023-002517;12-15-2023;S1039;C00094;P2139;Marketplace;Transferencia;2x1;1;16.22;0.2;16.22;2.11;14.11;12.71;0
2023-002518;01-25-2023;S1001;C00779;P2053;Call Center;Transferencia;Promo 10%;1;934.5;0.0;934.5;121.48;813.02;436.17;0
2023-002519;07-31-2023;S1041;C00571;P2139;Marketplace;Financiamiento;Sin Promo;3;16.22;0.2;48.66;6.33;42.33;12.71;0
2023-002520;11-06-2023;S1003;C00139;P2120;Tienda;Financiamiento;Promo 10%;3;189.52;0.05;568.56;73.91;494.65;113.2;1
2023-002521;02-28-2023;S1020;C00160;P2127;Call Center;Billetera Digital;2x1;1;732.66;0.0;732.66;109.9;622.76;361.43;0
2023-002522;07-25-2023;S1035;C00023;P2059;Tienda;Efectivo;Promo 10%;5;130.71;0.0;653.55;98.03;555.52;101.09;0
2023-002523;01-13-2023;S1039;C00640;P2038;Call Center;Transferencia;Promo 10%;4;118.96;0.15;475.84;61.86;413.98;104.22;0
2023-002524;09-19-2023;S1001;C00347;P2132;Marketplace;Efectivo;Promo 10%;1;321.61;0.0;321.61;41.81;279.8;220.13;0
2023-002525;11-05-2023;S1039;C00406;P2153;Marketplace;Financiamiento;Promo 10%;1;407.91;0.0;407.91;53.03;354.88;293.96;1
2023-002526;11-17-2023;S1018;C00789;P2090;Web;Transferencia;Promo 15%;1;123.88;0.0;123.88;14.87;109.01;72.93;1
2023-002527;01-14-2023;S1029;C00130;P2079;Web;Billetera Digital;2x1;1;249.59;0.0;249.59;37.44;212.15;156.92;0
2023-002528;05-14-2023;S1017;C00688;P2122;Marketplace;Tarjeta;2x1;1;579.38;0.15;579.38;69.53;509.85;324.38;0
2023-002529;06-13-2023;S1005;C00397;P2112;Web;Financiamiento;Promo 15%;3;325.58;0.1;976.74;126.98;849.76;257.82;0
2023-002530;06-15-2023;S1020;C00313;P2047;Web;Financiamiento;Promo 10%;3;388.27;0.15;1164.81;174.72;990.09;295.44;0
2023-002531;11-12-2023;S1024;C00454;P2045;Web;Tarjeta;Cyber Week;1;65.46;0.05;65.46;9.82;55.64;46.07;1
2023-002532;04-09-2023;S1021;C00542;P2148;Tienda;Financiamiento;Sin Promo;1;674.81;0.0;674.81;101.22;573.59;390.62;0
2023-002533;05-02-2023;S1024;C00023;P2016;Marketplace;Financiamiento;Sin Promo;2;172.59;0.0;345.18;51.78;293.4;121.18;0
2023-002534;12-04-2023;S1045;C00072;P2116;Call Center;Billetera Digital;Black Friday;3;743.9;0.0;2231.7;290.12;1941.58;358.01;1
2023-002535;10-08-2023;S1004;C00407;P2004;Web;Financiamiento;Sin Promo;2;543.65;0.0;1087.3;141.35;945.95;298.92;0
2023-002536;05-13-2023;S1004;C00073;P2002;Tienda;Tarjeta;Promo 10%;2;275.65;0.05;551.3;71.67;479.63;134.76;1
2023-002537;08-05-2023;S1014;C00544;P2036;Tienda;Financiamiento;Cyber Week;2;259.77;0.1;519.54;62.34;457.2;143.03;0
2023-002538;09-28-2023;S1017;C00219;P2091;Tienda;Efectivo;Black Friday;2;487.35;0.1;974.7;116.96;857.74;397.11;0
2023-002539;03-14-2023;S1011;C00744;P2071;Call Center;Billetera Digital;Sin Promo;3;386.86;0.2;1160.58;139.27;1021.31;243.78;0
2023-002540;04-08-2023;S1014;C00542;P2030;Tienda;Billetera Digital;Cyber Week;3;541.44;0.0;1624.32;194.92;1429.4;418.38;0
2023-002541;06-24-2023;S1022;C00728;P2022;Web;Billetera Digital;2x1;3;449.93;0.0;1349.79;202.47;1147.32;325.44;1
2023-002542;01-28-2023;S1018;C00190;P2015;Call Center;Efectivo;Promo 10%;2;165.08;0.05;330.16;39.62;290.54;122.14;0
2023-002543;01-02-2023;S1003;C00740;P2121;Marketplace;Efectivo;Promo 10%;1;417.78;0.0;417.78;54.31;363.47;207.12;1
2023-002544;12-22-2023;S1001;C00398;P2104;Marketplace;Transferencia;Sin Promo;3;596.9;0.15;1790.7;232.79;1557.91;405.18;0
2023-002545;05-16-2023;S1015;C00523;P2087;Web;Tarjeta;Sin Promo;5;259.02;0.2;1295.1;155.41;1139.69;166.63;1
2023-002546;12-16-2023;S1024;C00542;P2029;Call Center;Efectivo;Cyber Week;5;491.5;0.0;2457.5;368.62;2088.88;271.13;1
2023-002547;04-08-2023;S1020;C00403;P2030;Tienda;Billetera Digital;Promo 10%;1;514.37;0.05;514.37;77.16;437.21;418.38;0
2023-002548;03-27-2023;S1002;C00756;P2031;Call Center;Transferencia;2x1;1;203.6;0.0;203.6;26.47;177.13;111.43;0
2023-002549;06-11-2023;S1039;C00534;P2026;Marketplace;Tarjeta;Cyber Week;1;390.93;0.15;390.93;50.82;340.11;230.43;1
2023-002550;05-09-2023;S1009;C00051;P2016;Tienda;Financiamiento;Promo 10%;1;163.96;0.05;163.96;21.31;142.65;121.18;0
2023-002551;04-01-2023;S1001;C00033;P2026;Call Center;Billetera Digital;Promo 10%;1;459.92;0.0;459.92;59.79;400.13;230.43;0
2023-002552;08-31-2023;S1018;C00241;P2150;Marketplace;Tarjeta;Promo 10%;6;222.37;0.05;1334.22;160.11;1174.11;154.53;0
2023-002553;11-22-2023;S1027;C00380;P2051;Marketplace;Financiamiento;Black Friday;3;855.46;0.0;2566.38;384.96;2181.42;394.02;0
2023-002554;03-05-2023;S1009;C00749;P2076;Marketplace;Tarjeta;2x1;1;97.52;0.0;97.52;12.68;84.84;50.2;0
2023-002555;09-09-2023;S1017;C00117;P2109;Web;Financiamiento;Promo 10%;1;208.28;0.0;208.28;24.99;183.29;141.94;1
2023-002556;12-30-2023;S1036;C00734;P2128;Tienda;Transferencia;Sin Promo;4;445.91;0.2;1783.64;267.55;1516.09;269.57;0
2023-002557;11-25-2023;S1029;C00053;P2061;Web;Tarjeta;Black Friday;1;38.41;0.1;38.41;5.76;32.65;26.36;0
2023-002558;03-16-2023;S1021;C00213;P2088;Call Center;Tarjeta;Promo 15%;3;571.92;0.0;1715.76;257.36;1458.4;308.2;1
2023-002559;06-14-2023;S1033;C00580;P2013;Call Center;Tarjeta;2x1;1;180.18;0.1;180.18;27.03;153.15;98.1;0
2023-002560;11-14-2023;S1038;C00186;P2035;Web;Billetera Digital;2x1;1;861.27;0.05;861.27;111.97;749.3;418.3;0
2023-002561;05-21-2023;S1026;C00378;P2158;Marketplace;Tarjeta;Black Friday;1;488.15;0.1;488.15;73.22;414.93;274.83;0
2023-002562;12-12-2023;S1024;C00305;P2064;Marketplace;Billetera Digital;2x1;2;91.31;0.0;182.62;27.39;155.23;57.47;0
2023-002563;11-16-2023;S1038;C00642;P2117;Tienda;Efectivo;2x1;1;67.36;0.2;67.36;8.76;58.6;41.82;0
2023-002564;08-06-2023;S1001;C00219;P2041;Marketplace;Billetera Digital;2x1;5;39.54;0.15;197.7;25.7;172.0;34.06;0
2023-002565;07-05-2023;S1006;C00260;P2058;Tienda;Efectivo;Black Friday;5;396.02;0.15;1980.1;257.41;1722.69;324.41;0
2023-002566;07-29-2023;S1011;C00469;P2009;Marketplace;Efectivo;Sin Promo;3;523.01;0.0;1569.03;188.28;1380.75;287.2;0
2023-002567;01-19-2023;S1003;C00703;P2037;Tienda;Financiamiento;Sin Promo;3;623.8;0.0;1871.4;243.28;1628.12;405.23;0
2023-002568;07-15-2023;S1008;C00300;P2056;Marketplace;Billetera Digital;2x1;2;798.25;0.1;1596.5;207.55;1388.95;417.23;0
2023-002569;04-19-2023;S1042;C00788;P2027;Web;Billetera Digital;Promo 10%;1;265.38;0.2;265.38;34.5;230.88;230.42;1
2023-002570;10-02-2023;S1002;C00097;P2019;Web;Efectivo;Black Friday;1;471.27;0.0;471.27;61.27;410.0;283.84;1
2023-002571;12-10-2023;S1040;C00296;P2014;Call Center;Billetera Digital;2x1;2;430.19;0.0;860.38;111.85;748.53;296.33;0
2023-002572;12-19-2023;S1041;C00099;P2150;Tienda;Billetera Digital;Promo 15%;1;234.07;0.0;234.07;30.43;203.64;154.53;0
2023-002573;05-14-2023;S1036;C00131;P2043;Tienda;Financiamiento;Black Friday;2;313.61;0.0;627.22;94.08;533.14;244.5;0
2023-002574;06-06-2023;S1005;C00503;P2093;Call Center;Billetera Digital;Black Friday;2;133.16;0.1;266.32;34.62;231.7;75.0;0
2023-002575;11-07-2023;S1033;C00387;P2117;Marketplace;Transferencia;Sin Promo;2;75.78;0.1;151.56;22.73;128.83;41.82;0
2023-002576;01-20-2023;S1042;C00491;P2124;Tienda;Billetera Digital;Cyber Week;3;428.12;0.1;1284.36;166.97;1117.39;351.18;0
2023-002577;11-02-2023;S1001;C00711;P2076;Web;Tarjeta;Black Friday;1;82.89;0.15;82.89;10.78;72.11;50.2;0
2023-002578;10-21-2023;S1022;C00238;P2041;Call Center;Financiamiento;2x1;1;46.52;0.0;46.52;6.98;39.54;34.06;0
2023-002579;01-27-2023;S1017;C00526;P2046;Tienda;Transferencia;Promo 10%;5;326.31;0.1;1631.55;195.79;1435.76;192.92;0
2023-002580;03-25-2023;S1044;C00067;P2106;Call Center;Financiamiento;2x1;1;461.42;0.0;461.42;59.98;401.44;310.34;0
2023-002581;06-26-2023;S1031;C00400;P2003;Web;Transferencia;Promo 10%;2;457.85;0.1;915.7;137.35;778.35;261.5;0
2023-002582;06-07-2023;S1008;C00119;P2098;Call Center;Billetera Digital;Cyber Week;3;645.08;0.0;1935.24;251.58;1683.66;389.5;0
2023-002583;04-25-2023;S1019;C00637;P2128;Web;Transferencia;Black Friday;1;557.39;0.0;557.39;83.61;473.78;269.57;0
2023-002584;09-18-2023;S1042;C00436;P2087;Tienda;Transferencia;Sin Promo;3;259.02;0.2;777.06;101.02;676.04;166.63;0
2023-002585;03-30-2023;S1022;C00738;P2010;Tienda;Efectivo;Cyber Week;1;404.09;0.0;404.09;60.61;343.48;210.17;0
2023-002586;02-15-2023;S1044;C00265;P2070;Marketplace;Billetera Digital;Promo 15%;1;614.79;0.0;614.79;79.92;534.87;281.04;0
2023-002587;03-16-2023;S1038;C00551;P2004;Tienda;Tarjeta;Cyber Week;3;462.1;0.15;1386.3;180.22;1206.08;298.92;1
2023-002588;02-06-2023;S1002;C00408;P2031;Tienda;Financiamiento;Sin Promo;3;203.6;0.0;610.8;79.4;531.4;111.43;0
2023-002589;09-04-2023;S1041;C00766;P2133;Call Center;Efectivo;Sin Promo;2;42.07;0.2;84.14;10.94;73.2;38.56;0
2023-002590;11-21-2023;S1014;C00166;P2013;Marketplace;Financiamiento;Sin Promo;1;200.2;0.0;200.2;24.02;176.18;98.1;0
2023-002591;04-08-2023;S1039;C00433;P2050;Tienda;Efectivo;Cyber Week;1;273.95;0.0;273.95;35.61;238.34;192.16;0
2023-002592;12-12-2023;S1043;C00166;P2149;Tienda;Tarjeta;Promo 10%;1;224.81;0.0;224.81;29.23;195.58;173.08;0
2023-002593;08-16-2023;S1007;C00601;P2124;Web;Transferencia;Promo 10%;1;451.91;0.05;451.91;58.75;393.16;351.18;0
2023-002594;02-05-2023;S1043;C00646;P2088;Tienda;Tarjeta;Promo 10%;1;457.54;0.2;457.54;59.48;398.06;308.2;0
2023-002595;01-09-2023;S1003;C00778;P2141;Call Center;Billetera Digital;2x1;1;832.49;0.0;832.49;108.22;724.27;384.64;0
2023-002596;08-23-2023;S1043;C00173;P2128;Call Center;Billetera Digital;Black Friday;1;557.39;0.0;557.39;72.46;484.93;269.57;1
2023-002597;04-14-2023;S1013;C00268;P2059;Web;Tarjeta;Black Friday;1;104.57;0.2;104.57;12.55;92.02;101.09;0
2023-002598;09-25-2023;S1040;C00479;P2155;Marketplace;Efectivo;Sin Promo;1;125.86;0.2;125.86;16.36;109.5;71.96;0
2023-002599;10-24-2023;S1003;C00033;P2075;Call Center;Tarjeta;Sin Promo;1;522.04;0.1;522.04;67.87;454.17;301.87;0
2023-002600;07-14-2023;S1027;C00727;P2067;Tienda;Efectivo;2x1;4;553.33;0.05;2213.32;332.0;1881.32;420.88;1
2023-002601;04-27-2023;S1036;C00183;P2061;Call Center;Financiamiento;Black Friday;1;34.14;0.2;34.14;5.12;29.02;26.36;0
2023-002602;02-15-2023;S1014;C00750;P2117;Call Center;Transferencia;Promo 10%;5;67.36;0.2;336.8;40.42;296.38;41.82;0
2023-002603;01-15-2023;S1006;C00626;P2118;Web;Efectivo;Promo 10%;3;55.38;0.15;166.14;21.6;144.54;45.65;0
2023-002604;11-20-2023;S1008;C00056;P2024;Call Center;Transferencia;Cyber Week;2;253.02;0.2;506.04;65.79;440.25;197.91;1
2023-002605;08-18-2023;S1037;C00542;P2107;Web;Financiamiento;Promo 10%;1;322.0;0.0;322.0;41.86;280.14;196.36;0
2023-002606;10-30-2023;S1037;C00309;P2098;Tienda;Efectivo;Promo 10%;2;548.32;0.15;1096.64;142.56;954.08;389.5;0
2023-002607;06-06-2023;S1042;C00310;P2013;Call Center;Billetera Digital;Cyber Week;4;200.2;0.0;800.8;104.1;696.7;98.1;0
2023-002608;07-26-2023;S1034;C00259;P2022;Web;Financiamiento;Promo 15%;1;404.94;0.1;404.94;60.74;344.2;325.44;0
2023-002609;01-14-2023;S1040;C00203;P2093;Marketplace;Billetera Digital;Promo 10%;3;140.56;0.05;421.68;54.82;366.86;75.0;0
2023-002610;02-12-2023;S1007;C00406;P2008;Web;Transferencia;Promo 10%;3;874.23;0.0;2622.69;340.95;2281.74;421.75;1
2023-002611;09-25-2023;S1033;C00687;P2120;Tienda;Efectivo;Promo 15%;1;199.5;0.0;199.5;29.92;169.58;113.2;0
2023-002612;03-28-2023;S1020;C00033;P2001;Call Center;Financiamiento;Sin Promo;2;95.82;0.0;191.64;28.75;162.89;59.67;0
2023-002613;06-02-2023;S1038;C00357;P2056;Tienda;Transferencia;Promo 10%;1;886.94;0.0;886.94;115.3;771.64;417.23;1
2023-002614;12-13-2023;S1005;C00037;P2155;Call Center;Tarjeta;2x1;1;157.33;0.0;157.33;20.45;136.88;71.96;0
2023-002615;05-12-2023;S1026;C00413;P2113;Tienda;Financiamiento;Promo 10%;1;297.65;0.0;297.65;44.65;253.0;139.53;0
2023-002616;08-26-2023;S1006;C00019;P2084;Tienda;Transferencia;Cyber Week;4;9.26;0.15;37.04;4.82;32.22;8.31;0
2023-002617;02-06-2023;S1033;C00562;P2128;Web;Financiamiento;Promo 15%;2;529.52;0.05;1059.04;158.86;900.18;269.57;0
2023-002618;07-12-2023;S1009;C00319;P2096;Web;Financiamiento;2x1;3;572.4;0.1;1717.2;223.24;1493.96;369.96;1
2023-002619;09-04-2023;S1019;C00715;P2143;Web;Transferencia;Promo 10%;1;149.12;0.15;149.12;22.37;126.75;101.86;0
2023-002620;09-19-2023;S1003;C00317;P2095;Web;Billetera Digital;Cyber Week;3;729.93;0.0;2189.79;284.67;1905.12;368.2;0
2023-002621;11-24-2023;S1045;C00280;P2013;Tienda;Efectivo;Cyber Week;3;160.16;0.2;480.48;62.46;418.02;98.1;0
2023-002622;03-16-2023;S1022;C00593;P2095;Marketplace;Billetera Digital;Black Friday;5;729.93;0.0;3649.65;547.45;3102.2;368.2;0
2023-002623;08-25-2023;S1029;C00603;P2078;Marketplace;Billetera Digital;Sin Promo;2;149.09;0.1;298.18;44.73;253.45;125.47;0
2023-002624;06-09-2023;S1002;C00554;P2102;Tienda;Efectivo;2x1;1;450.78;0.1;450.78;58.6;392.18;270.07;0
2023-002625;07-25-2023;S1004;C00089;P2059;Tienda;Billetera Digital;2x1;3;130.71;0.0;392.13;50.98;341.15;101.09;0
2023-002626;04-07-2023;S1006;C00054;P2079;Call Center;Billetera Digital;Promo 15%;1;224.63;0.1;224.63;29.2;195.43;156.92;0
2023-002627;02-06-2023;S1031;C00500;P2144;Marketplace;Financiamiento;Sin Promo;1;272.5;0.0;272.5;40.88;231.62;177.43;0
2023-002628;06-27-2023;S1024;C00369;P2071;Call Center;Transferencia;Sin Promo;2;411.03;0.15;822.06;123.31;698.75;243.78;0
2023-002629;01-14-2023;S1035;C00708;P2018;Web;Billetera Digital;Sin Promo;1;391.86;0.0;391.86;58.78;333.08;224.11;1
2023-002630;09-05-2023;S1031;C00467;P2031;Marketplace;Financiamiento;2x1;2;162.88;0.2;325.76;48.86;276.9;111.43;0
2023-002631;02-28-2023;S1007;C00426;P2134;Web;Tarjeta;Cyber Week;5;229.48;0.05;1147.4;149.16;998.24;153.79;0
2023-002632;12-06-2023;S1015;C00793;P2159;Call Center;Tarjeta;2x1;1;640.88;0.0;640.88;76.91;563.97;434.27;0
2023-002633;05-05-2023;S1009;C00003;P2114;Call Center;Billetera Digital;Black Friday;1;443.2;0.2;443.2;57.62;385.58;274.57;0
2023-002634;07-18-2023;S1007;C00342;P2070;Marketplace;Efectivo;Promo 15%;5;614.79;0.0;3073.95;399.61;2674.34;281.04;1
2023-002635;02-04-2023;S1009;C00014;P2039;Marketplace;Transferencia;Black Friday;2;477.0;0.0;954.0;124.02;829.98;251.05;0
2023-002636;08-01-2023;S1024;C00230;P2125;Marketplace;Efectivo;Promo 15%;3;344.65;0.0;1033.95;155.09;878.86;235.01;0
2023-002637;06-23-2023;S1003;C00772;P2076;Marketplace;Tarjeta;Cyber Week;1;78.02;0.2;78.02;10.14;67.88;50.2;0
2023-002638;07-24-2023;S1030;C00609;P2095;Tienda;Transferencia;Black Friday;1;693.43;0.05;693.43;104.01;589.42;368.2;0
2023-002639;01-23-2023;S1028;C00350;P2052;Marketplace;Efectivo;Black Friday;1;94.69;0.0;94.69;14.2;80.49;47.67;1
2023-002640;12-01-2023;S1012;C00558;P2073;Web;Efectivo;Promo 10%;1;148.1;0.1;148.1;17.77;130.33;131.1;0
2023-002641;09-08-2023;S1030;C00504;P2155;Call Center;Billetera Digital;Cyber Week;1;157.33;0.0;157.33;23.6;133.73;71.96;0
2023-002642;07-26-2023;S1025;C00052;P2160;Web;Billetera Digital;Sin Promo;1;731.0;0.1;731.0;109.65;621.35;418.28;0
2023-002643;11-11-2023;S1024;C00166;P2105;Call Center;Billetera Digital;Cyber Week;2;676.15;0.0;1352.3;202.84;1149.46;320.12;0
2023-002644;09-04-2023;S1015;C00724;P2137;Marketplace;Transferencia;Cyber Week;1;342.99;0.2;342.99;41.16;301.83;246.0;0
2023-002645;12-24-2023;S1015;C00743;P2098;Tienda;Tarjeta;Promo 15%;5;516.06;0.2;2580.3;309.64;2270.66;389.5;0
2023-002646;10-13-2023;S1015;C00067;P2129;Call Center;Transferencia;Promo 15%;1;479.7;0.05;479.7;57.56;422.14;401.84;0
2023-002647;04-11-2023;S1037;C00071;P2148;Web;Tarjeta;Promo 10%;2;674.81;0.0;1349.62;175.45;1174.17;390.62;0
2023-002648;11-26-2023;S1040;C00579;P2109;Marketplace;Transferencia;2x1;2;197.87;0.05;395.74;51.45;344.29;141.94;0
2023-002649;02-03-2023;S1032;C00739;P2124;Call Center;Billetera Digital;Cyber Week;3;475.69;0.0;1427.07;214.06;1213.01;351.18;0
2023-002650;07-29-2023;S1015;C00606;P2139;Marketplace;Tarjeta;Promo 15%;2;19.27;0.05;38.54;4.62;33.92;12.71;0
2023-002651;09-19-2023;S1026;C00487;P2057;Tienda;Tarjeta;2x1;3;398.81;0.05;1196.43;179.46;1016.97;314.68;0
2023-002652;03-22-2023;S1005;C00457;P2008;Marketplace;Financiamiento;Promo 10%;1;874.23;0.0;874.23;113.65;760.58;421.75;0
2023-002653;08-20-2023;S1007;C00702;P2008;Tienda;Efectivo;2x1;4;743.1;0.15;2972.4;386.41;2585.99;421.75;0
2023-002654;09-12-2023;S1035;C00030;P2124;Web;Tarjeta;Sin Promo;5;451.91;0.05;2259.55;338.93;1920.62;351.18;0
2023-002655;11-11-2023;S1038;C00515;P2127;Marketplace;Financiamiento;Promo 15%;2;586.13;0.2;1172.26;152.39;1019.87;361.43;0
2023-002656;02-24-2023;S1043;C00210;P2131;Call Center;Transferencia;Black Friday;1;196.93;0.0;196.93;25.6;171.33;119.6;0
2023-002657;12-21-2023;S1019;C00404;P2013;Call Center;Billetera Digital;Promo 15%;2;200.2;0.0;400.4;60.06;340.34;98.1;0
2023-002658;04-26-2023;S1044;C00262;P2100;Marketplace;Tarjeta;Promo 15%;1;543.37;0.05;543.37;70.64;472.73;422.9;0
2023-002659;08-27-2023;S1040;C00550;P2132;Call Center;Efectivo;Black Friday;1;321.61;0.0;321.61;41.81;279.8;220.13;0
2023-002660;06-25-2023;S1040;C00178;P2137;Call Center;Efectivo;Black Friday;2;407.3;0.05;814.6;105.9;708.7;246.0;0
2023-002661;06-26-2023;S1007;C00253;P2159;Tienda;Efectivo;Cyber Week;1;544.75;0.15;544.75;70.82;473.93;434.27;0
2023-002662;03-24-2023;S1039;C00725;P2040;Web;Billetera Digital;Sin Promo;4;56.52;0.05;226.08;29.39;196.69;35.66;0
2023-002663;12-31-2023;S1017;C00371;P2137;Call Center;Efectivo;Black Friday;3;428.74;0.0;1286.22;154.35;1131.87;246.0;0
2023-002664;07-21-2023;S1009;C00214;P2084;Call Center;Transferencia;Black Friday;2;9.26;0.15;18.52;2.41;16.11;8.31;0
2023-002665;06-01-2023;S1007;C00508;P2139;Tienda;Financiamiento;Promo 15%;1;16.22;0.2;16.22;2.11;14.11;12.71;0
2023-002666;05-17-2023;S1035;C00531;P2124;Call Center;Transferencia;Sin Promo;2;475.69;0.0;951.38;142.71;808.67;351.18;0
2023-002667;09-06-2023;S1014;C00191;P2041;Marketplace;Transferencia;Sin Promo;1;46.52;0.0;46.52;5.58;40.94;34.06;0
2023-002668;01-26-2023;S1002;C00458;P2135;Tienda;Financiamiento;Promo 10%;1;137.64;0.1;137.64;17.89;119.75;71.27;0
2023-002669;11-11-2023;S1036;C00259;P2027;Call Center;Efectivo;2x1;2;315.14;0.05;630.28;94.54;535.74;230.42;0
2023-002670;12-23-2023;S1039;C00402;P2052;Web;Financiamiento;Promo 10%;1;75.75;0.2;75.75;9.85;65.9;47.67;0
2023-002671;04-13-2023;S1013;C00703;P2029;Web;Transferencia;Promo 10%;2;393.2;0.2;786.4;94.37;692.03;271.13;0
2023-002672;10-25-2023;S1034;C00645;P2147;Web;Tarjeta;Sin Promo;5;438.54;0.2;2192.7;328.9;1863.8;299.7;0
2023-002673;08-31-2023;S1031;C00011;P2008;Web;Financiamiento;2x1;2;830.52;0.05;1661.04;249.16;1411.88;421.75;0
2023-002674;07-09-2023;S1019;C00149;P2068;Marketplace;Financiamiento;Sin Promo;2;209.44;0.15;418.88;62.83;356.05;122.46;0
2023-002675;03-22-2023;S1015;C00680;P2075;Web;Billetera Digital;Cyber Week;3;522.04;0.1;1566.12;187.93;1378.19;301.87;0
2023-002676;12-18-2023;S1001;C00377;P2120;Call Center;Transferencia;2x1;1;159.6;0.2;159.6;20.75;138.85;113.2;0
2023-002677;09-07-2023;S1020;C00094;P2134;Call Center;Financiamiento;Promo 15%;1;241.56;0.0;241.56;36.23;205.33;153.79;0
2023-002678;10-08-2023;S1014;C00396;P2097;Tienda;Transferencia;Promo 15%;4;521.13;0.0;2084.52;250.14;1834.38;298.37;0
2023-002679;08-29-2023;S1003;C00750;P2028;Marketplace;Billetera Digital;Promo 10%;2;568.28;0.05;1136.56;147.75;988.81;344.08;0
2023-002680;03-19-2023;S1006;C00791;P2159;Tienda;Financiamiento;Promo 15%;4;640.88;0.0;2563.52;333.26;2230.26;434.27;1
2023-002681;12-14-2023;S1008;C00393;P2159;Call Center;Transferencia;Cyber Week;4;544.75;0.15;2179.0;283.27;1895.73;434.27;0
2023-002682;06-02-2023;S1009;C00252;P2090;Tienda;Billetera Digital;Cyber Week;1;123.88;0.0;123.88;16.1;107.78;72.93;0
2023-002683;04-18-2023;S1029;C00526;P2148;Call Center;Billetera Digital;2x1;5;674.81;0.0;3374.05;506.11;2867.94;390.62;0
2023-002684;02-04-2023;S1013;C00455;P2011;Call Center;Financiamiento;Black Friday;1;314.18;0.2;314.18;37.7;276.48;309.34;0
2023-002685;11-25-2023;S1019;C00050;P2082;Tienda;Financiamiento;Black Friday;5;225.14;0.2;1125.7;168.85;956.85;152.77;0
2023-002686;03-14-2023;S1027;C00264;P2117;Call Center;Tarjeta;Promo 10%;1;79.99;0.05;79.99;12.0;67.99;41.82;0
2023-002687;01-21-2023;S1016;C00471;P2014;Web;Financiamiento;Promo 15%;1;430.19;0.0;430.19;51.62;378.57;296.33;0
2023-002688;11-08-2023;S1023;C00410;P2078;Tienda;Financiamiento;Cyber Week;1;140.81;0.15;140.81;21.12;119.69;125.47;0
2023-002689;07-03-2023;S1041;C00272;P2094;Web;Financiamiento;2x1;3;700.79;0.0;2102.37;273.31;1829.06;392.99;1
2023-002690;03-25-2023;S1006;C00323;P2073;Tienda;Billetera Digital;2x1;3;164.56;0.0;493.68;64.18;429.5;131.1;0
2023-002691;12-17-2023;S1010;C00092;P2116;Tienda;Transferencia;Sin Promo;1;743.9;0.0;743.9;89.27;654.63;358.01;0
2023-002692;07-15-2023;S1029;C00049;P2045;Call Center;Billetera Digital;Promo 10%;2;68.91;0.0;137.82;20.67;117.15;46.07;0
2023-002693;09-29-2023;S1020;C00768;P2066;Call Center;Tarjeta;Cyber Week;1;524.71;0.0;524.71;78.71;446.0;297.19;0
2023-002694;03-16-2023;S1013;C00360;P2049;Tienda;Financiamiento;Black Friday;2;158.27;0.0;316.54;37.98;278.56;89.45;1
2023-002695;06-04-2023;S1013;C00660;P2111;Tienda;Financiamiento;Promo 15%;1;292.12;0.0;292.12;35.05;257.07;191.52;0
2023-002696;08-08-2023;S1023;C00275;P2097;Call Center;Efectivo;Sin Promo;1;469.02;0.1;469.02;70.35;398.67;298.37;0
2023-002697;03-29-2023;S1015;C00164;P2124;Marketplace;Tarjeta;Sin Promo;2;475.69;0.0;951.38;114.17;837.21;351.18;1
2023-002698;10-28-2023;S1037;C00118;P2043;Tienda;Efectivo;Promo 10%;3;313.61;0.0;940.83;122.31;818.52;244.5;0
2023-002699;07-20-2023;S1013;C00196;P2098;Tienda;Billetera Digital;2x1;4;580.57;0.1;2322.28;278.67;2043.61;389.5;0
2023-002700;07-13-2023;S1007;C00624;P2153;Marketplace;Tarjeta;Cyber Week;2;326.33;0.2;652.66;84.85;567.81;293.96;0
2023-002701;11-14-2023;S1037;C00578;P2115;Web;Tarjeta;Black Friday;3;335.31;0.1;1005.93;130.77;875.16;201.2;0
2023-002702;05-19-2023;S1026;C00557;P2106;Call Center;Financiamiento;Promo 10%;2;461.42;0.0;922.84;138.43;784.41;310.34;0
2023-002703;02-12-2023;S1026;C00411;P2147;Marketplace;Efectivo;Sin Promo;5;548.18;0.0;2740.9;411.13;2329.77;299.7;0
2023-002704;10-15-2023;S1001;C00298;P2123;Marketplace;Efectivo;2x1;2;140.09;0.2;280.18;36.42;243.76;112.82;0
2023-002705;02-26-2023;S1003;C00796;P2140;Call Center;Transferencia;2x1;3;13.69;0.05;41.07;5.34;35.73;6.63;0
2023-002706;04-06-2023;S1022;C00671;P2084;Call Center;Transferencia;Cyber Week;1;10.89;0.0;10.89;1.63;9.26;8.31;0
2023-002707;12-25-2023;S1023;C00501;P2061;Marketplace;Tarjeta;Sin Promo;5;38.41;0.1;192.05;28.81;163.24;26.36;0
2023-002708;12-13-2023;S1023;C00537;P2159;Web;Efectivo;Promo 10%;1;576.79;0.1;576.79;86.52;490.27;434.27;0
2023-002709;10-27-2023;S1012;C00009;P2091;Marketplace;Transferencia;Sin Promo;2;541.5;0.0;1083.0;129.96;953.04;397.11;1
2023-002710;07-24-2023;S1034;C00306;P2068;Marketplace;Billetera Digital;Cyber Week;4;246.4;0.0;985.6;147.84;837.76;122.46;0
2023-002711;12-22-2023;S1025;C00486;P2044;Call Center;Financiamiento;Cyber Week;1;408.67;0.1;408.67;61.3;347.37;214.81;1
2023-002712;05-23-2023;S1042;C00616;P2054;Web;Billetera Digital;Promo 10%;1;416.95;0.1;416.95;54.2;362.75;220.6;0
2023-002713;06-22-2023;S1033;C00500;P2127;Web;Tarjeta;Sin Promo;1;732.66;0.0;732.66;109.9;622.76;361.43;1
2023-002714;09-05-2023;S1011;C00023;P2129;Tienda;Transferencia;Sin Promo;1;479.7;0.05;479.7;57.56;422.14;401.84;0
2023-002715;03-31-2023;S1017;C00582;P2113;Call Center;Tarjeta;2x1;2;297.65;0.0;595.3;71.44;523.86;139.53;0
2023-002716;01-02-2023;S1006;C00510;P2092;Web;Transferencia;Promo 10%;2;802.49;0.0;1604.98;208.65;1396.33;416.32;0
2023-002717;06-07-2023;S1001;C00202;P2117;Marketplace;Efectivo;Sin Promo;4;84.2;0.0;336.8;43.78;293.02;41.82;1
2023-002718;07-03-2023;S1014;C00330;P2048;Call Center;Transferencia;Black Friday;1;320.16;0.0;320.16;38.42;281.74;183.57;0
2023-002719;10-25-2023;S1017;C00762;P2011;Call Center;Efectivo;2x1;1;392.72;0.0;392.72;47.13;345.59;309.34;1
2023-002720;10-22-2023;S1024;C00438;P2136;Marketplace;Financiamiento;Cyber Week;2;131.58;0.15;263.16;39.47;223.69;99.42;0
2023-002721;11-12-2023;S1019;C00121;P2106;Tienda;Tarjeta;Cyber Week;3;369.14;0.2;1107.42;166.11;941.31;310.34;0
2023-002722;03-15-2023;S1019;C00375;P2090;Call Center;Tarjeta;Promo 10%;2;123.88;0.0;247.76;37.16;210.6;72.93;1
2023-002723;08-09-2023;S1034;C00002;P2091;Call Center;Financiamiento;Promo 10%;1;541.5;0.0;541.5;81.22;460.28;397.11;0
2023-002724;01-28-2023;S1023;C00343;P2045;Tienda;Tarjeta;Promo 10%;1;68.91;0.0;68.91;10.34;58.57;46.07;0
2023-002725;03-24-2023;S1024;C00616;P2039;Tienda;Billetera Digital;Promo 10%;1;477.0;0.0;477.0;71.55;405.45;251.05;0
2023-002726;01-10-2023;S1030;C00762;P2044;Web;Tarjeta;Black Friday;1;385.97;0.15;385.97;57.9;328.07;214.81;0
2023-002727;10-02-2023;S1002;C00053;P2027;Marketplace;Efectivo;Sin Promo;3;265.38;0.2;796.14;103.5;692.64;230.42;1
2023-002728;02-05-2023;S1016;C00207;P2028;Tienda;Financiamiento;Promo 10%;2;598.19;0.0;1196.38;143.57;1052.81;344.08;0
2023-002729;04-28-2023;S1033;C00565;P2098;Call Center;Efectivo;Black Friday;2;580.57;0.1;1161.14;174.17;986.97;389.5;0
2023-002730;08-25-2023;S1001;C00784;P2134;Tienda;Transferencia;Promo 10%;1;205.33;0.15;205.33;26.69;178.64;153.79;0
2023-002731;09-17-2023;S1040;C00631;P2053;Tienda;Billetera Digital;Sin Promo;2;841.05;0.1;1682.1;218.67;1463.43;436.17;0
2023-002732;09-05-2023;S1030;C00260;P2160;Web;Financiamiento;2x1;2;812.22;0.0;1624.44;243.67;1380.77;418.28;1
2023-002733;01-18-2023;S1003;C00138;P2100;Marketplace;Efectivo;Promo 15%;4;514.77;0.1;2059.08;267.68;1791.4;422.9;0
2023-002734;10-28-2023;S1013;C00061;P2005;Marketplace;Transferencia;Sin Promo;6;545.93;0.0;3275.58;393.07;2882.51;390.45;0
2023-002735;03-04-2023;S1026;C00766;P2010;Marketplace;Billetera Digital;Cyber Week;2;404.09;0.0;808.18;121.23;686.95;210.17;1
2023-002736;06-21-2023;S1008;C00044;P2034;Marketplace;Transferencia;Promo 10%;3;262.95;0.0;788.85;102.55;686.3;122.22;1
2023-002737;04-25-2023;S1015;C00223;P2023;Web;Transferencia;Cyber Week;1;529.75;0.0;529.75;63.57;466.18;346.8;0
2023-002738;12-01-2023;S1018;C00312;P2052;Marketplace;Tarjeta;Sin Promo;5;75.75;0.2;378.75;45.45;333.3;47.67;0
2023-002739;09-26-2023;S1039;C00596;P2040;Tienda;Financiamiento;Sin Promo;1;47.59;0.2;47.59;6.19;41.4;35.66;0
2023-002740;09-25-2023;S1020;C00482;P2012;Web;Tarjeta;Promo 15%;1;788.33;0.0;788.33;118.25;670.08;363.05;0
2023-002741;11-20-2023;S1039;C00547;P2134;Call Center;Tarjeta;Black Friday;2;205.33;0.15;410.66;53.39;357.27;153.79;1
2023-002742;08-18-2023;S1006;C00562;P2040;Marketplace;Financiamiento;2x1;3;59.49;0.0;178.47;23.2;155.27;35.66;0
2023-002743;06-19-2023;S1032;C00784;P2129;Tienda;Financiamiento;2x1;5;403.96;0.2;2019.8;302.97;1716.83;401.84;0
2023-002744;04-26-2023;S1012;C00069;P2015;Call Center;Billetera Digital;Sin Promo;1;173.77;0.0;173.77;20.85;152.92;122.14;1
2023-002745;02-27-2023;S1042;C00311;P2076;Tienda;Financiamiento;Promo 10%;3;82.89;0.15;248.67;32.33;216.34;50.2;0
2023-002746;11-08-2023;S1009;C00218;P2006;Call Center;Transferencia;Promo 15%;2;321.61;0.2;643.22;83.62;559.6;287.52;0
2023-002747;10-25-2023;S1012;C00713;P2032;Tienda;Transferencia;Cyber Week;1;419.91;0.1;419.91;50.39;369.52;330.43;1
2023-002748;02-07-2023;S1005;C00445;P2129;Tienda;Financiamiento;Sin Promo;1;504.95;0.0;504.95;65.64;439.31;401.84;1
2023-002749;05-19-2023;S1016;C00064;P2111;Call Center;Transferencia;Black Friday;1;262.91;0.1;262.91;31.55;231.36;191.52;0
2023-002750;05-03-2023;S1015;C00574;P2136;Tienda;Billetera Digital;Sin Promo;1;147.06;0.05;147.06;17.65;129.41;99.42;0
2023-002751;09-03-2023;S1007;C00179;P2094;Marketplace;Efectivo;Promo 15%;1;630.71;0.1;630.71;81.99;548.72;392.99;0
2023-002752;05-18-2023;S1029;C00131;P2011;Tienda;Billetera Digital;Promo 10%;3;373.08;0.05;1119.24;167.89;951.35;309.34;0
2023-002753;07-15-2023;S1045;C00371;P2012;Call Center;Efectivo;Cyber Week;3;630.66;0.2;1891.98;245.96;1646.02;363.05;0
2023-002754;01-13-2023;S1021;C00192;P2043;Marketplace;Billetera Digital;Cyber Week;2;313.61;0.0;627.22;94.08;533.14;244.5;0
2023-002755;10-14-2023;S1006;C00307;P2087;Web;Transferencia;Cyber Week;1;323.78;0.0;323.78;42.09;281.69;166.63;0
2023-002756;07-04-2023;S1009;C00467;P2049;Tienda;Financiamiento;Cyber Week;1;158.27;0.0;158.27;20.58;137.69;89.45;0
2023-002757;07-10-2023;S1027;C00053;P2140;Web;Transferencia;2x1;1;14.41;0.0;14.41;2.16;12.25;6.63;0
2023-002758;04-23-2023;S1014;C00630;P2001;Call Center;Billetera Digital;Black Friday;1;91.03;0.05;91.03;10.92;80.11;59.67;0
2023-002759;12-03-2023;S1043;C00656;P2081;Call Center;Efectivo;Sin Promo;3;379.34;0.05;1138.02;147.94;990.08;192.91;0
2023-002760;04-28-2023;S1015;C00365;P2083;Tienda;Billetera Digital;Black Friday;6;418.74;0.2;2512.44;301.49;2210.95;334.59;0
2023-002761;12-14-2023;S1030;C00763;P2053;Tienda;Financiamiento;Cyber Week;1;747.6;0.2;747.6;112.14;635.46;436.17;0
2023-002762;08-06-2023;S1022;C00792;P2052;Marketplace;Efectivo;Black Friday;1;94.69;0.0;94.69;14.2;80.49;47.67;0
2023-002763;09-24-2023;S1011;C00267;P2005;Marketplace;Financiamiento;2x1;1;545.93;0.0;545.93;65.51;480.42;390.45;0
2023-002764;07-25-2023;S1021;C00258;P2071;Marketplace;Transferencia;Sin Promo;3;411.03;0.15;1233.09;184.96;1048.13;243.78;0
2023-002765;07-21-2023;S1007;C00678;P2047;Marketplace;Efectivo;Promo 15%;5;411.11;0.1;2055.55;267.22;1788.33;295.44;0
2023-002766;03-24-2023;S1026;C00764;P2068;Web;Tarjeta;Cyber Week;1;221.76;0.1;221.76;33.26;188.5;122.46;0
2023-002767;01-16-2023;S1044;C00648;P2039;Call Center;Efectivo;Sin Promo;1;405.45;0.15;405.45;52.71;352.74;251.05;1
2023-002768;04-08-2023;S1012;C00063;P2022;Tienda;Efectivo;Sin Promo;2;449.93;0.0;899.86;107.98;791.88;325.44;1
2023-002769;01-15-2023;S1024;C00545;P2132;Marketplace;Financiamiento;Promo 10%;5;273.37;0.15;1366.85;205.03;1161.82;220.13;1
2023-002770;04-14-2023;S1022;C00666;P2107;Call Center;Tarjeta;Sin Promo;2;322.0;0.0;644.0;96.6;547.4;196.36;0
2023-002771;08-08-2023;S1031;C00126;P2042;Web;Financiamiento;Cyber Week;2;321.11;0.2;642.22;96.33;545.89;233.31;0
2023-002772;01-31-2023;S1008;C00104;P2100;Tienda;Transferencia;Cyber Week;2;514.77;0.1;1029.54;133.84;895.7;422.9;0
2023-002773;09-20-2023;S1035;C00326;P2018;Call Center;Financiamiento;Promo 10%;1;333.08;0.15;333.08;49.96;283.12;224.11;0
2023-002774;01-19-2023;S1014;C00612;P2115;Marketplace;Billetera Digital;2x1;3;335.31;0.1;1005.93;120.71;885.22;201.2;0
2023-002775;02-02-2023;S1034;C00177;P2140;Marketplace;Transferencia;2x1;1;14.41;0.0;14.41;2.16;12.25;6.63;0
2023-002776;04-28-2023;S1004;C00510;P2036;Tienda;Efectivo;Promo 10%;1;230.9;0.2;230.9;30.02;200.88;143.03;0
2023-002777;03-17-2023;S1032;C00203;P2086;Web;Tarjeta;Sin Promo;2;98.28;0.1;196.56;29.48;167.08;70.05;0
2023-002778;03-31-2023;S1037;C00285;P2120;Tienda;Transferencia;Sin Promo;2;199.5;0.0;399.0;51.87;347.13;113.2;0
2023-002779;03-21-2023;S1034;C00516;P2036;Marketplace;Billetera Digital;Sin Promo;1;288.63;0.0;288.63;43.29;245.34;143.03;0
2023-002780;08-24-2023;S1039;C00580;P2146;Tienda;Transferencia;2x1;2;264.57;0.15;529.14;68.79;460.35;242.22;0
2023-002781;05-05-2023;S1038;C00615;P2070;Call Center;Billetera Digital;Cyber Week;1;614.79;0.0;614.79;79.92;534.87;281.04;1
2023-002782;08-19-2023;S1016;C00025;P2063;Marketplace;Transferencia;Promo 10%;5;63.37;0.1;316.85;38.02;278.83;34.56;0
2023-002783;11-26-2023;S1042;C00612;P2107;Marketplace;Transferencia;Black Friday;3;257.6;0.2;772.8;100.46;672.34;196.36;0
2023-002784;11-09-2023;S1037;C00389;P2073;Web;Financiamiento;Promo 10%;1;131.65;0.2;131.65;17.11;114.54;131.1;0
2023-002785;04-23-2023;S1015;C00654;P2042;Tienda;Transferencia;2x1;1;341.18;0.15;341.18;40.94;300.24;233.31;0
2023-002786;07-15-2023;S1034;C00796;P2038;Web;Transferencia;Cyber Week;3;139.95;0.0;419.85;62.98;356.87;104.22;0
2023-002787;07-07-2023;S1016;C00224;P2158;Tienda;Tarjeta;Promo 10%;3;433.91;0.2;1301.73;156.21;1145.52;274.83;1
2023-002788;09-27-2023;S1035;C00486;P2157;Marketplace;Tarjeta;Sin Promo;3;201.04;0.1;603.12;90.47;512.65;118.28;0
2023-002789;02-15-2023;S1018;C00168;P2042;Tienda;Financiamiento;Cyber Week;2;401.39;0.0;802.78;96.33;706.45;233.31;1
2023-002790;09-15-2023;S1013;C00557;P2159;Marketplace;Tarjeta;Promo 15%;2;544.75;0.15;1089.5;130.74;958.76;434.27;0
2023-002791;06-28-2023;S1017;C00465;P2081;Web;Financiamiento;Sin Promo;3;339.41;0.15;1018.23;122.19;896.04;192.91;0
2023-002792;01-20-2023;S1002;C00565;P2101;Web;Financiamiento;Promo 10%;1;286.05;0.15;286.05;37.19;248.86;262.94;0
2023-002793;12-27-2023;S1040;C00726;P2004;Marketplace;Efectivo;Promo 15%;1;543.65;0.0;543.65;70.67;472.98;298.92;0
2023-002794;05-15-2023;S1012;C00545;P2055;Web;Billetera Digital;Cyber Week;3;140.77;0.0;422.31;50.68;371.63;77.43;0
2023-002795;08-23-2023;S1012;C00777;P2022;Call Center;Transferencia;Black Friday;1;449.93;0.0;449.93;53.99;395.94;325.44;0
2023-002796;10-22-2023;S1043;C00736;P2048;Tienda;Billetera Digital;Promo 10%;2;304.15;0.05;608.3;79.08;529.22;183.57;0
2023-002797;10-12-2023;S1012;C00175;P2026;Tienda;Billetera Digital;Promo 15%;1;459.92;0.0;459.92;55.19;404.73;230.43;0
2023-002798;06-02-2023;S1013;C00097;P2112;Call Center;Transferencia;2x1;1;325.58;0.1;325.58;39.07;286.51;257.82;0
2023-002799;10-10-2023;S1001;C00551;P2080;Marketplace;Transferencia;Black Friday;1;301.79;0.0;301.79;39.23;262.56;221.89;0
2023-002800;07-13-2023;S1022;C00305;P2033;Marketplace;Transferencia;2x1;3;76.34;0.05;229.02;34.35;194.67;61.26;0
2023-002801;03-24-2023;S1026;C00439;P2100;Tienda;Transferencia;Promo 10%;1;571.97;0.0;571.97;85.8;486.17;422.9;0
2023-002802;11-10-2023;S1039;C00386;P2002;Tienda;Transferencia;Sin Promo;4;290.16;0.0;1160.64;150.88;1009.76;134.76;0
2023-002803;08-09-2023;S1036;C00482;P2106;Marketplace;Efectivo;Sin Promo;2;369.14;0.2;738.28;110.74;627.54;310.34;0
2023-002804;03-17-2023;S1031;C00770;P2060;Web;Tarjeta;Black Friday;2;306.6;0.2;613.2;91.98;521.22;245.82;0
2023-002805;04-24-2023;S1005;C00224;P2094;Web;Transferencia;Sin Promo;1;700.79;0.0;700.79;91.1;609.69;392.99;1
2023-002806;11-03-2023;S1043;C00786;P2119;Call Center;Billetera Digital;2x1;2;724.93;0.05;1449.86;188.48;1261.38;363.73;0
2023-002807;05-28-2023;S1001;C00287;P2158;Call Center;Efectivo;Promo 10%;2;542.39;0.0;1084.78;141.02;943.76;274.83;0
2023-002808;12-26-2023;S1016;C00134;P2042;Tienda;Efectivo;2x1;1;381.32;0.05;381.32;45.76;335.56;233.31;1
2023-002809;02-05-2023;S1033;C00568;P2103;Call Center;Billetera Digital;Black Friday;2;424.9;0.0;849.8;127.47;722.33;274.37;0
2023-002810;04-17-2023;S1036;C00309;P2012;Marketplace;Billetera Digital;Promo 15%;4;788.33;0.0;3153.32;473.0;2680.32;363.05;0
2023-002811;06-13-2023;S1033;C00035;P2020;Marketplace;Tarjeta;Promo 15%;2;44.42;0.1;88.84;13.33;75.51;32.33;0
2023-002812;02-23-2023;S1012;C00774;P2030;Marketplace;Efectivo;Black Friday;1;541.44;0.0;541.44;64.97;476.47;418.38;0
2023-002813;03-07-2023;S1042;C00365;P2132;Marketplace;Billetera Digital;2x1;1;289.45;0.1;289.45;37.63;251.82;220.13;1
2023-002814;01-17-2023;S1019;C00584;P2001;Tienda;Transferencia;Promo 15%;4;81.45;0.15;325.8;48.87;276.93;59.67;1
2023-002815;03-20-2023;S1013;C00212;P2113;Tienda;Billetera Digital;Cyber Week;3;253.0;0.15;759.0;91.08;667.92;139.53;0
2023-002816;10-24-2023;S1005;C00643;P2118;Marketplace;Financiamiento;Black Friday;1;61.89;0.05;61.89;8.05;53.84;45.65;1
2023-002817;01-25-2023;S1021;C00070;P2160;Tienda;Billetera Digital;Black Friday;1;812.22;0.0;812.22;121.83;690.39;418.28;0
2023-002818;08-08-2023;S1012;C00386;P2140;Marketplace;Transferencia;Promo 15%;2;12.97;0.1;25.94;3.11;22.83;6.63;0
2023-002819;01-04-2023;S1004;C00049;P2129;Web;Billetera Digital;2x1;1;429.21;0.15;429.21;55.8;373.41;401.84;0
2023-002820;05-03-2023;S1032;C00190;P2031;Marketplace;Financiamiento;2x1;1;162.88;0.2;162.88;24.43;138.45;111.43;1
2023-002821;09-15-2023;S1004;C00726;P2053;Call Center;Billetera Digital;Promo 10%;2;934.5;0.0;1869.0;242.97;1626.03;436.17;0
2023-002822;01-28-2023;S1037;C00335;P2156;Web;Transferencia;Promo 15%;1;73.29;0.1;73.29;9.53;63.76;55.02;0
2023-002823;04-04-2023;S1020;C00751;P2014;Call Center;Tarjeta;Sin Promo;1;430.19;0.0;430.19;64.53;365.66;296.33;0
2023-002824;04-01-2023;S1044;C00225;P2010;Web;Financiamiento;Black Friday;1;404.09;0.0;404.09;52.53;351.56;210.17;0
2023-002825;07-14-2023;S1045;C00359;P2139;Web;Tarjeta;Sin Promo;1;20.28;0.0;20.28;2.64;17.64;12.71;0
2023-002826;05-18-2023;S1015;C00179;P2047;Tienda;Transferencia;2x1;1;411.11;0.1;411.11;49.33;361.78;295.44;0
2023-002827;07-22-2023;S1029;C00050;P2128;Web;Tarjeta;Black Friday;1;557.39;0.0;557.39;83.61;473.78;269.57;0
2023-002828;07-30-2023;S1025;C00501;P2126;Marketplace;Billetera Digital;Sin Promo;4;684.14;0.0;2736.56;410.48;2326.08;413.19;0
2023-002829;07-12-2023;S1028;C00075;P2105;Call Center;Financiamiento;Promo 10%;1;676.15;0.0;676.15;101.42;574.73;320.12;1
2023-002830;10-22-2023;S1014;C00777;P2156;Marketplace;Efectivo;2x1;1;81.43;0.0;81.43;9.77;71.66;55.02;0
2023-002831;04-24-2023;S1036;C00718;P2020;Web;Tarjeta;Cyber Week;1;41.96;0.15;41.96;6.29;35.67;32.33;0
2023-002832;12-18-2023;S1001;C00551;P2011;Tienda;Tarjeta;Cyber Week;3;353.45;0.1;1060.35;137.85;922.5;309.34;0
2023-002833;04-22-2023;S1026;C00347;P2090;Tienda;Tarjeta;2x1;2;123.88;0.0;247.76;37.16;210.6;72.93;1
2023-002834;09-13-2023;S1027;C00480;P2062;Tienda;Billetera Digital;Cyber Week;2;89.51;0.2;179.02;26.85;152.17;74.21;0
2023-002835;10-10-2023;S1033;C00181;P2067;Call Center;Financiamiento;2x1;4;495.08;0.15;1980.32;297.05;1683.27;420.88;0
2023-002836;12-05-2023;S1033;C00648;P2069;Web;Tarjeta;2x1;1;191.55;0.0;191.55;28.73;162.82;145.02;0
2023-002837;01-17-2023;S1029;C00668;P2023;Tienda;Efectivo;2x1;2;529.75;0.0;1059.5;158.92;900.58;346.8;0
2023-002838;05-31-2023;S1014;C00279;P2010;Marketplace;Tarjeta;Promo 15%;3;404.09;0.0;1212.27;145.47;1066.8;210.17;0
2023-002839;04-13-2023;S1045;C00366;P2047;Marketplace;Financiamiento;Cyber Week;1;433.95;0.05;433.95;56.41;377.54;295.44;0
2023-002840;09-21-2023;S1045;C00659;P2091;Web;Financiamiento;Promo 10%;1;541.5;0.0;541.5;70.39;471.11;397.11;0
2023-002841;09-22-2023;S1043;C00708;P2019;Web;Transferencia;Black Friday;1;471.27;0.0;471.27;61.27;410.0;283.84;0
2023-002842;10-20-2023;S1008;C00316;P2091;Tienda;Efectivo;Promo 10%;1;541.5;0.0;541.5;70.39;471.11;397.11;0
2023-002843;01-19-2023;S1033;C00497;P2110;Web;Financiamiento;Cyber Week;1;354.21;0.15;354.21;53.13;301.08;314.95;0
2023-002844;07-24-2023;S1001;C00099;P2082;Web;Billetera Digital;Promo 15%;3;267.35;0.05;802.05;104.27;697.78;152.77;0
2023-002845;12-20-2023;S1022;C00101;P2064;Marketplace;Tarjeta;Cyber Week;1;91.31;0.0;91.31;13.7;77.61;57.47;0
2023-002846;02-17-2023;S1025;C00322;P2123;Tienda;Transferencia;Promo 10%;3;166.35;0.05;499.05;74.86;424.19;112.82;0
2023-002847;08-03-2023;S1021;C00671;P2142;Call Center;Financiamiento;2x1;1;493.89;0.0;493.89;74.08;419.81;331.65;1
2023-002848;01-02-2023;S1030;C00402;P2088;Tienda;Tarjeta;Sin Promo;2;486.13;0.15;972.26;145.84;826.42;308.2;0
2023-002849;01-21-2023;S1036;C00247;P2114;Call Center;Transferencia;Black Friday;2;554.0;0.0;1108.0;166.2;941.8;274.57;0
2023-002850;04-14-2023;S1042;C00211;P2072;Marketplace;Billetera Digital;Black Friday;2;574.39;0.05;1148.78;149.34;999.44;420.23;0
2023-002851;07-27-2023;S1003;C00159;P2088;Call Center;Transferencia;Cyber Week;1;571.92;0.0;571.92;74.35;497.57;308.2;0
2023-002852;02-16-2023;S1014;C00569;P2158;Tienda;Tarjeta;Promo 15%;2;488.15;0.1;976.3;117.16;859.14;274.83;0
2023-002853;08-15-2023;S1029;C00780;P2014;Marketplace;Financiamiento;Promo 10%;6;408.68;0.05;2452.08;367.81;2084.27;296.33;0
2023-002854;09-12-2023;S1015;C00491;P2072;Marketplace;Billetera Digital;Black Friday;5;604.62;0.0;3023.1;362.77;2660.33;420.23;0
2023-002855;02-07-2023;S1021;C00002;P2160;Tienda;Tarjeta;Promo 10%;1;649.78;0.2;649.78;97.47;552.31;418.28;0
2023-002856;04-01-2023;S1008;C00774;P2018;Web;Financiamiento;2x1;4;391.86;0.0;1567.44;203.77;1363.67;224.11;0
2023-002857;01-15-2023;S1020;C00352;P2020;Marketplace;Billetera Digital;Promo 15%;5;49.36;0.0;246.8;37.02;209.78;32.33;0
2023-002858;10-06-2023;S1008;C00324;P2084;Tienda;Efectivo;Cyber Week;1;10.89;0.0;10.89;1.42;9.47;8.31;0
2023-002859;06-09-2023;S1024;C00568;P2113;Call Center;Efectivo;2x1;1;297.65;0.0;297.65;44.65;253.0;139.53;0
2023-002860;11-20-2023;S1005;C00682;P2029;Marketplace;Tarjeta;Cyber Week;1;417.77;0.15;417.77;54.31;363.46;271.13;1
2023-002861;05-28-2023;S1034;C00253;P2078;Tienda;Efectivo;2x1;2;149.09;0.1;298.18;44.73;253.45;125.47;0
2023-002862;02-26-2023;S1014;C00004;P2155;Marketplace;Billetera Digital;Cyber Week;1;149.46;0.05;149.46;17.94;131.52;71.96;0
2023-002863;11-18-2023;S1029;C00618;P2117;Web;Financiamiento;Promo 10%;2;84.2;0.0;168.4;25.26;143.14;41.82;1
2023-002864;09-29-2023;S1019;C00193;P2127;Marketplace;Tarjeta;Promo 15%;2;659.39;0.1;1318.78;197.82;1120.96;361.43;0
2023-002865;11-27-2023;S1021;C00699;P2064;Web;Efectivo;Promo 10%;1;86.74;0.05;86.74;13.01;73.73;57.47;0
2023-002866;11-05-2023;S1013;C00228;P2099;Web;Transferencia;Promo 10%;2;294.57;0.0;589.14;70.7;518.44;231.19;0
2023-002867;10-07-2023;S1001;C00039;P2139;Tienda;Transferencia;Black Friday;3;19.27;0.05;57.81;7.52;50.29;12.71;0
2023-002868;11-18-2023;S1021;C00291;P2126;Call Center;Efectivo;Cyber Week;1;684.14;0.0;684.14;102.62;581.52;413.19;0
2023-002869;07-16-2023;S1029;C00650;P2134;Call Center;Transferencia;Black Friday;2;217.4;0.1;434.8;65.22;369.58;153.79;0
2023-002870;05-08-2023;S1027;C00414;P2107;Marketplace;Efectivo;Promo 10%;1;322.0;0.0;322.0;48.3;273.7;196.36;1
2023-002871;02-07-2023;S1031;C00492;P2068;Marketplace;Billetera Digital;Black Friday;2;246.4;0.0;492.8;73.92;418.88;122.46;0
2023-002872;03-25-2023;S1040;C00418;P2103;Call Center;Financiamiento;Sin Promo;2;361.16;0.15;722.32;93.9;628.42;274.37;0
2023-002873;12-03-2023;S1039;C00336;P2013;Web;Efectivo;Promo 15%;5;200.2;0.0;1001.0;130.13;870.87;98.1;0
2023-002874;02-06-2023;S1020;C00163;P2037;Web;Efectivo;Promo 15%;2;623.8;0.0;1247.6;187.14;1060.46;405.23;1
2023-002875;05-16-2023;S1026;C00561;P2153;Marketplace;Financiamiento;Sin Promo;2;407.91;0.0;815.82;122.37;693.45;293.96;0
2023-002876;02-10-2023;S1009;C00123;P2088;Tienda;Tarjeta;Sin Promo;1;486.13;0.15;486.13;63.2;422.93;308.2;1
2023-002877;04-20-2023;S1042;C00722;P2111;Call Center;Efectivo;Sin Promo;1;292.12;0.0;292.12;37.98;254.14;191.52;0
2023-002878;02-20-2023;S1006;C00631;P2004;Web;Financiamiento;Promo 15%;1;543.65;0.0;543.65;70.67;472.98;298.92;0
2023-002879;05-22-2023;S1014;C00720;P2111;Marketplace;Tarjeta;2x1;2;233.7;0.2;467.4;56.09;411.31;191.52;0
2023-002880;11-25-2023;S1023;C00160;P2001;Marketplace;Transferencia;Black Friday;1;91.03;0.05;91.03;13.65;77.38;59.67;0
2023-002881;07-20-2023;S1025;C00676;P2036;Marketplace;Billetera Digital;Sin Promo;2;288.63;0.0;577.26;86.59;490.67;143.03;0
2023-002882;07-20-2023;S1016;C00333;P2028;Tienda;Financiamiento;Promo 10%;1;508.46;0.15;508.46;61.02;447.44;344.08;0
2023-002883;07-18-2023;S1034;C00160;P2057;Web;Financiamiento;Sin Promo;1;335.84;0.2;335.84;50.38;285.46;314.68;0
2023-002884;09-03-2023;S1017;C00219;P2141;Web;Efectivo;Cyber Week;1;790.87;0.05;790.87;94.9;695.97;384.64;0
2023-002885;11-07-2023;S1013;C00561;P2076;Call Center;Transferencia;Sin Promo;1;97.52;0.0;97.52;11.7;85.82;50.2;0
2023-002886;05-25-2023;S1019;C00135;P2053;Tienda;Transferencia;Promo 15%;4;934.5;0.0;3738.0;560.7;3177.3;436.17;0
2023-002887;01-15-2023;S1004;C00152;P2006;Tienda;Billetera Digital;Promo 15%;1;402.01;0.0;402.01;52.26;349.75;287.52;0
2023-002888;01-10-2023;S1028;C00213;P2087;Tienda;Billetera Digital;Black Friday;3;307.59;0.05;922.77;138.42;784.35;166.63;0
2023-002889;11-19-2023;S1028;C00785;P2082;Call Center;Transferencia;Cyber Week;2;253.28;0.1;506.56;75.98;430.58;152.77;0
2023-002890;12-23-2023;S1024;C00191;P2117;Call Center;Tarjeta;Cyber Week;1;84.2;0.0;84.2;12.63;71.57;41.82;0
2023-002891;08-24-2023;S1039;C00273;P2137;Call Center;Transferencia;Cyber Week;3;428.74;0.0;1286.22;167.21;1119.01;246.0;0
2023-002892;12-15-2023;S1026;C00764;P2084;Tienda;Financiamiento;Promo 15%;2;10.35;0.05;20.7;3.1;17.6;8.31;0
2023-002893;08-30-2023;S1008;C00007;P2061;Call Center;Financiamiento;2x1;2;38.41;0.1;76.82;9.99;66.83;26.36;0
2023-002894;10-01-2023;S1044;C00624;P2030;Web;Tarjeta;Promo 10%;1;514.37;0.05;514.37;66.87;447.5;418.38;0
2023-002895;07-08-2023;S1002;C00490;P2057;Call Center;Billetera Digital;Promo 15%;2;419.8;0.0;839.6;109.15;730.45;314.68;0
2023-002896;02-03-2023;S1007;C00450;P2036;Tienda;Transferencia;Sin Promo;5;288.63;0.0;1443.15;187.61;1255.54;143.03;0
2023-002897;09-21-2023;S1012;C00269;P2022;Tienda;Billetera Digital;Black Friday;2;449.93;0.0;899.86;107.98;791.88;325.44;1
2023-002898;02-16-2023;S1004;C00781;P2119;Call Center;Billetera Digital;2x1;1;610.46;0.2;610.46;79.36;531.1;363.73;0
2023-002899;05-20-2023;S1007;C00509;P2051;Marketplace;Tarjeta;Cyber Week;6;769.91;0.1;4619.46;600.53;4018.93;394.02;0
2023-002900;11-11-2023;S1013;C00183;P2100;Marketplace;Financiamiento;Cyber Week;4;543.37;0.05;2173.48;260.82;1912.66;422.9;0
2023-002901;12-23-2023;S1037;C00318;P2059;Tienda;Efectivo;Promo 10%;2;130.71;0.0;261.42;33.98;227.44;101.09;0
2023-002902;04-13-2023;S1040;C00095;P2139;Call Center;Billetera Digital;Promo 10%;5;17.24;0.15;86.2;11.21;74.99;12.71;0
2023-002903;12-01-2023;S1036;C00771;P2102;Call Center;Tarjeta;Promo 10%;2;500.87;0.0;1001.74;150.26;851.48;270.07;1
2023-002904;11-21-2023;S1019;C00447;P2019;Tienda;Tarjeta;Sin Promo;3;447.71;0.05;1343.13;201.47;1141.66;283.84;0
2023-002905;10-08-2023;S1006;C00363;P2066;Web;Efectivo;Cyber Week;1;446.0;0.15;446.0;57.98;388.02;297.19;0
2023-002906;11-19-2023;S1022;C00109;P2039;Call Center;Billetera Digital;Black Friday;1;429.3;0.1;429.3;64.39;364.91;251.05;1
2023-002907;04-07-2023;S1040;C00035;P2107;Marketplace;Financiamiento;2x1;1;322.0;0.0;322.0;41.86;280.14;196.36;0
2023-002908;05-21-2023;S1022;C00741;P2148;Web;Financiamiento;Promo 10%;2;539.85;0.2;1079.7;161.96;917.74;390.62;0
2023-002909;03-24-2023;S1005;C00268;P2150;Marketplace;Efectivo;2x1;1;210.66;0.1;210.66;27.39;183.27;154.53;0
2023-002910;03-28-2023;S1041;C00045;P2096;Marketplace;Efectivo;Promo 10%;4;540.6;0.15;2162.4;281.11;1881.29;369.96;1
2023-002911;08-16-2023;S1026;C00482;P2138;Tienda;Financiamiento;2x1;2;720.1;0.0;1440.2;216.03;1224.17;375.47;0
2023-002912;07-08-2023;S1014;C00677;P2048;Tienda;Transferencia;Black Friday;4;272.14;0.15;1088.56;130.63;957.93;183.57;0
2023-002913;04-20-2023;S1006;C00738;P2142;Web;Financiamiento;Promo 15%;1;493.89;0.0;493.89;64.21;429.68;331.65;0
2023-002914;12-19-2023;S1021;C00078;P2017;Web;Tarjeta;Cyber Week;5;224.24;0.2;1121.2;168.18;953.02;182.13;0
2023-002915;10-15-2023;S1010;C00612;P2138;Tienda;Financiamiento;Sin Promo;2;648.09;0.1;1296.18;155.54;1140.64;375.47;0
2023-002916;10-24-2023;S1040;C00561;P2067;Marketplace;Efectivo;2x1;2;524.21;0.1;1048.42;136.29;912.13;420.88;1
2023-002917;11-14-2023;S1017;C00633;P2114;Call Center;Efectivo;2x1;4;554.0;0.0;2216.0;265.92;1950.08;274.57;1
2023-002918;11-12-2023;S1002;C00125;P2107;Tienda;Transferencia;2x1;3;322.0;0.0;966.0;125.58;840.42;196.36;0
2023-002919;01-01-2023;S1004;C00218;P2013;Web;Efectivo;Black Friday;2;180.18;0.1;360.36;46.85;313.51;98.1;0
2023-002920;10-16-2023;S1026;C00464;P2071;Call Center;Financiamiento;Sin Promo;1;435.21;0.1;435.21;65.28;369.93;243.78;0
2023-002921;06-11-2023;S1027;C00590;P2102;Web;Transferencia;Promo 15%;4;500.87;0.0;2003.48;300.52;1702.96;270.07;0
2023-002922;02-14-2023;S1023;C00654;P2121;Web;Efectivo;Sin Promo;4;417.78;0.0;1671.12;250.67;1420.45;207.12;0
2023-002923;04-20-2023;S1015;C00168;P2140;Marketplace;Tarjeta;Sin Promo;2;11.53;0.2;23.06;2.77;20.29;6.63;0
2023-002924;04-05-2023;S1015;C00110;P2096;Marketplace;Efectivo;2x1;3;540.6;0.15;1621.8;194.62;1427.18;369.96;0
2023-002925;10-29-2023;S1017;C00306;P2126;Tienda;Billetera Digital;Sin Promo;1;581.52;0.15;581.52;69.78;511.74;413.19;0
2023-002926;05-23-2023;S1030;C00118;P2090;Tienda;Transferencia;Black Friday;1;117.69;0.05;117.69;17.65;100.04;72.93;0
2023-002927;11-25-2023;S1019;C00286;P2089;Marketplace;Transferencia;Sin Promo;4;736.54;0.0;2946.16;441.92;2504.24;351.93;0
2023-002928;03-09-2023;S1015;C00674;P2028;Call Center;Billetera Digital;Promo 15%;2;508.46;0.15;1016.92;122.03;894.89;344.08;0
2023-002929;02-19-2023;S1038;C00319;P2157;Marketplace;Financiamiento;Cyber Week;5;223.38;0.0;1116.9;145.2;971.7;118.28;0
2023-002930;05-13-2023;S1043;C00356;P2094;Web;Efectivo;Black Friday;4;700.79;0.0;2803.16;364.41;2438.75;392.99;0
2023-002931;05-11-2023;S1012;C00525;P2045;Marketplace;Financiamiento;Promo 15%;3;68.91;0.0;206.73;24.81;181.92;46.07;0
2023-002932;02-17-2023;S1034;C00503;P2052;Marketplace;Billetera Digital;Black Friday;1;89.96;0.05;89.96;13.49;76.47;47.67;0
2023-002933;01-28-2023;S1037;C00765;P2035;Web;Transferencia;Promo 15%;2;906.6;0.0;1813.2;235.72;1577.48;418.3;0
2023-002934;02-12-2023;S1036;C00538;P2038;Tienda;Efectivo;Cyber Week;2;139.95;0.0;279.9;41.98;237.92;104.22;0
2023-002935;12-27-2023;S1014;C00627;P2158;Tienda;Financiamiento;Sin Promo;3;542.39;0.0;1627.17;195.26;1431.91;274.83;0
2023-002936;07-23-2023;S1043;C00230;P2007;Call Center;Billetera Digital;Cyber Week;3;212.03;0.0;636.09;82.69;553.4;162.45;1
2023-002937;03-25-2023;S1024;C00615;P2015;Call Center;Billetera Digital;Promo 15%;3;173.77;0.0;521.31;78.2;443.11;122.14;0
2023-002938;04-03-2023;S1036;C00233;P2002;Web;Tarjeta;Promo 15%;1;275.65;0.05;275.65;41.35;234.3;134.76;0
2023-002939;01-18-2023;S1025;C00553;P2130;Web;Efectivo;Black Friday;1;701.29;0.0;701.29;105.19;596.1;404.15;0
2023-002940;06-02-2023;S1030;C00122;P2120;Call Center;Billetera Digital;Cyber Week;2;159.6;0.2;319.2;47.88;271.32;113.2;0
2023-002941;05-27-2023;S1033;C00257;P2085;Call Center;Tarjeta;Cyber Week;5;24.82;0.2;124.1;18.61;105.49;20.07;0
2023-002942;03-30-2023;S1031;C00362;P2117;Call Center;Efectivo;2x1;3;67.36;0.2;202.08;30.31;171.77;41.82;1
2023-002943;04-17-2023;S1014;C00373;P2108;Call Center;Tarjeta;2x1;2;255.04;0.1;510.08;61.21;448.87;144.01;0
2023-002944;06-08-2023;S1020;C00440;P2035;Web;Financiamiento;Promo 15%;1;906.6;0.0;906.6;135.99;770.61;418.3;0
2023-002945;07-01-2023;S1025;C00149;P2147;Tienda;Financiamiento;Cyber Week;1;493.36;0.1;493.36;74.0;419.36;299.7;0
2023-002946;04-13-2023;S1015;C00660;P2082;Tienda;Transferencia;Promo 10%;2;225.14;0.2;450.28;54.03;396.25;152.77;0
2023-002947;02-20-2023;S1040;C00468;P2004;Tienda;Efectivo;2x1;1;462.1;0.15;462.1;60.07;402.03;298.92;1
2023-002948;07-14-2023;S1021;C00007;P2009;Tienda;Financiamiento;Sin Promo;2;418.41;0.2;836.82;125.52;711.3;287.2;0
2023-002949;09-23-2023;S1003;C00614;P2101;Web;Financiamiento;Sin Promo;3;336.53;0.0;1009.59;131.25;878.34;262.94;1
2023-002950;04-23-2023;S1020;C00424;P2159;Tienda;Financiamiento;Cyber Week;1;608.84;0.05;608.84;91.33;517.51;434.27;0
2023-002951;12-07-2023;S1007;C00783;P2021;Web;Transferencia;Cyber Week;1;351.58;0.2;351.58;45.71;305.87;239.98;0
2023-002952;02-19-2023;S1016;C00687;P2104;Tienda;Tarjeta;Promo 15%;3;702.23;0.0;2106.69;252.8;1853.89;405.18;0
2023-002953;12-28-2023;S1001;C00749;P2059;Marketplace;Tarjeta;Promo 15%;1;130.71;0.0;130.71;16.99;113.72;101.09;0
2023-002954;11-23-2023;S1032;C00009;P2117;Marketplace;Financiamiento;Promo 15%;3;71.57;0.15;214.71;32.21;182.5;41.82;0
2023-002955;07-22-2023;S1022;C00774;P2086;Tienda;Tarjeta;Promo 10%;2;109.2;0.0;218.4;32.76;185.64;70.05;1
2023-002956;01-23-2023;S1007;C00512;P2025;Call Center;Transferencia;Cyber Week;1;664.27;0.0;664.27;86.36;577.91;394.63;0
2023-002957;11-10-2023;S1023;C00722;P2124;Call Center;Transferencia;2x1;2;428.12;0.1;856.24;128.44;727.8;351.18;0
2023-002958;07-02-2023;S1006;C00679;P2103;Call Center;Financiamiento;2x1;1;361.16;0.15;361.16;46.95;314.21;274.37;0
2023-002959;08-14-2023;S1021;C00255;P2080;Tienda;Efectivo;Promo 15%;5;256.52;0.15;1282.6;192.39;1090.21;221.89;1
2023-002960;09-19-2023;S1029;C00003;P2156;Marketplace;Tarjeta;Promo 10%;1;73.29;0.1;73.29;10.99;62.3;55.02;0
2023-002961;06-04-2023;S1003;C00336;P2021;Marketplace;Transferencia;Promo 10%;1;417.5;0.05;417.5;54.27;363.23;239.98;1
2023-002962;03-11-2023;S1002;C00380;P2008;Web;Tarjeta;Promo 15%;3;874.23;0.0;2622.69;340.95;2281.74;421.75;0
2023-002963;02-18-2023;S1042;C00206;P2129;Web;Transferencia;Black Friday;1;454.45;0.1;454.45;59.08;395.37;401.84;0
2023-002964;01-28-2023;S1007;C00466;P2126;Web;Financiamiento;Promo 15%;3;684.14;0.0;2052.42;266.81;1785.61;413.19;0
2023-002965;05-30-2023;S1025;C00646;P2083;Tienda;Billetera Digital;Promo 10%;2;523.42;0.0;1046.84;157.03;889.81;334.59;0
2023-002966;07-31-2023;S1031;C00180;P2080;Tienda;Tarjeta;Promo 15%;1;286.7;0.05;286.7;43.0;243.7;221.89;0
2023-002967;10-03-2023;S1004;C00260;P2133;Tienda;Billetera Digital;Sin Promo;3;52.59;0.0;157.77;20.51;137.26;38.56;0
2023-002968;07-03-2023;S1010;C00285;P2113;Marketplace;Tarjeta;Cyber Week;5;267.88;0.1;1339.4;160.73;1178.67;139.53;0
2023-002969;06-15-2023;S1040;C00262;P2107;Tienda;Efectivo;2x1;4;322.0;0.0;1288.0;167.44;1120.56;196.36;0
2023-002970;01-20-2023;S1045;C00374;P2003;Marketplace;Efectivo;Cyber Week;3;457.85;0.1;1373.55;178.56;1194.99;261.5;0
2023-002971;12-19-2023;S1003;C00311;P2093;Marketplace;Billetera Digital;Promo 15%;2;133.16;0.1;266.32;34.62;231.7;75.0;0
2023-002972;04-08-2023;S1014;C00499;P2061;Tienda;Transferencia;Promo 15%;1;34.14;0.2;34.14;4.1;30.04;26.36;0
2023-002973;07-02-2023;S1035;C00205;P2028;Marketplace;Billetera Digital;Promo 10%;2;508.46;0.15;1016.92;152.54;864.38;344.08;0
2023-002974;02-05-2023;S1027;C00450;P2142;Call Center;Financiamiento;Promo 15%;2;493.89;0.0;987.78;148.17;839.61;331.65;0
2023-002975;04-21-2023;S1036;C00704;P2051;Tienda;Tarjeta;Cyber Week;3;855.46;0.0;2566.38;384.96;2181.42;394.02;0
2023-002976;01-01-2023;S1024;C00496;P2146;Web;Efectivo;Cyber Week;1;311.26;0.0;311.26;46.69;264.57;242.22;0
2023-002977;04-13-2023;S1011;C00148;P2131;Marketplace;Transferencia;Cyber Week;1;196.93;0.0;196.93;23.63;173.3;119.6;1
2023-002978;11-15-2023;S1023;C00510;P2006;Tienda;Financiamiento;Promo 15%;2;402.01;0.0;804.02;120.6;683.42;287.52;0
2023-002979;06-09-2023;S1008;C00116;P2043;Tienda;Transferencia;2x1;1;313.61;0.0;313.61;40.77;272.84;244.5;0
2023-002980;09-13-2023;S1006;C00491;P2097;Call Center;Efectivo;2x1;1;521.13;0.0;521.13;67.75;453.38;298.37;0
2023-002981;03-30-2023;S1017;C00344;P2121;Marketplace;Transferencia;Sin Promo;1;376.0;0.1;376.0;45.12;330.88;207.12;0
2023-002982;07-05-2023;S1028;C00572;P2052;Call Center;Financiamiento;Promo 10%;2;85.22;0.1;170.44;25.57;144.87;47.67;0
2023-002983;04-12-2023;S1028;C00665;P2015;Tienda;Efectivo;Promo 15%;1;173.77;0.0;173.77;26.07;147.7;122.14;0
2023-002984;05-11-2023;S1013;C00475;P2020;Web;Billetera Digital;Sin Promo;1;46.89;0.05;46.89;5.63;41.26;32.33;0
2023-002985;12-22-2023;S1041;C00715;P2136;Marketplace;Efectivo;Black Friday;5;154.8;0.0;774.0;100.62;673.38;99.42;0
2023-002986;05-13-2023;S1002;C00035;P2080;Tienda;Transferencia;2x1;3;301.79;0.0;905.37;117.7;787.67;221.89;1
2023-002987;02-27-2023;S1035;C00049;P2060;Marketplace;Billetera Digital;Black Friday;1;325.76;0.15;325.76;48.86;276.9;245.82;0
2023-002988;05-12-2023;S1001;C00293;P2141;Web;Financiamiento;Sin Promo;1;749.24;0.1;749.24;97.4;651.84;384.64;0
2023-002989;09-03-2023;S1020;C00232;P2088;Web;Transferencia;Promo 10%;2;571.92;0.0;1143.84;171.58;972.26;308.2;0
2023-002990;12-22-2023;S1016;C00052;P2005;Marketplace;Tarjeta;2x1;5;491.34;0.1;2456.7;294.8;2161.9;390.45;0
2023-002991;02-26-2023;S1015;C00093;P2081;Call Center;Transferencia;2x1;1;399.31;0.0;399.31;47.92;351.39;192.91;0
2023-002992;10-02-2023;S1035;C00065;P2111;Marketplace;Billetera Digital;Cyber Week;1;292.12;0.0;292.12;43.82;248.3;191.52;0
2023-002993;09-17-2023;S1023;C00574;P2143;Call Center;Tarjeta;Promo 10%;2;140.35;0.2;280.7;42.1;238.6;101.86;0
2023-002994;12-15-2023;S1024;C00060;P2043;Tienda;Transferencia;Sin Promo;3;297.93;0.05;893.79;134.07;759.72;244.5;0
2023-002995;04-16-2023;S1001;C00762;P2105;Tienda;Financiamiento;Promo 10%;3;608.53;0.1;1825.59;237.33;1588.26;320.12;0
2023-002996;05-09-2023;S1011;C00798;P2081;Web;Financiamiento;2x1;1;319.45;0.2;319.45;38.33;281.12;192.91;0
2023-002997;08-15-2023;S1019;C00419;P2034;Call Center;Efectivo;Cyber Week;1;262.95;0.0;262.95;39.44;223.51;122.22;0
2023-002998;07-23-2023;S1040;C00070;P2031;Call Center;Transferencia;Promo 15%;1;183.24;0.1;183.24;23.82;159.42;111.43;0
2023-002999;01-12-2023;S1044;C00210;P2133;Tienda;Transferencia;Promo 10%;2;52.59;0.0;105.18;13.67;91.51;38.56;1
2023-003000;07-03-2023;S1030;C00365;P2119;Web;Billetera Digital;Promo 10%;3;648.62;0.15;1945.86;291.88;1653.98;363.73;0
2023-003001;05-13-2023;S1038;C00467;P2116;Web;Billetera Digital;Black Friday;4;743.9;0.0;2975.6;386.83;2588.77;358.01;0
2023-003002;06-29-2023;S1016;C00022;P2122;Call Center;Tarjeta;Promo 15%;1;613.46;0.1;613.46;73.62;539.84;324.38;0
2023-003003;03-31-2023;S1028;C00734;P2048;Marketplace;Financiamiento;2x1;2;320.16;0.0;640.32;96.05;544.27;183.57;0
2023-003004;07-16-2023;S1012;C00332;P2148;Web;Transferencia;2x1;2;674.81;0.0;1349.62;161.95;1187.67;390.62;0
2023-003005;03-23-2023;S1040;C00139;P2115;Web;Transferencia;Cyber Week;3;298.06;0.2;894.18;116.24;777.94;201.2;0
2023-003006;03-08-2023;S1025;C00510;P2132;Tienda;Financiamiento;Black Friday;4;257.29;0.2;1029.16;154.37;874.79;220.13;0
2023-003007;06-09-2023;S1039;C00523;P2096;Web;Billetera Digital;2x1;3;636.0;0.0;1908.0;248.04;1659.96;369.96;0
2023-003008;07-20-2023;S1017;C00531;P2070;Web;Efectivo;Black Friday;4;614.79;0.0;2459.16;295.1;2164.06;281.04;0
2023-003009;11-03-2023;S1034;C00457;P2140;Call Center;Transferencia;Promo 15%;2;13.69;0.05;27.38;4.11;23.27;6.63;0
2023-003010;07-04-2023;S1005;C00347;P2103;Tienda;Efectivo;Cyber Week;3;361.16;0.15;1083.48;140.85;942.63;274.37;0
2023-003011;11-29-2023;S1009;C00174;P2136;Call Center;Billetera Digital;2x1;3;139.32;0.1;417.96;54.33;363.63;99.42;0
2023-003012;10-26-2023;S1030;C00433;P2116;Marketplace;Billetera Digital;Sin Promo;2;595.12;0.2;1190.24;178.54;1011.7;358.01;1
2023-003013;04-01-2023;S1019;C00603;P2086;Marketplace;Transferencia;Black Friday;2;109.2;0.0;218.4;32.76;185.64;70.05;0
2023-003014;08-24-2023;S1022;C00275;P2049;Marketplace;Billetera Digital;Sin Promo;1;134.53;0.15;134.53;20.18;114.35;89.45;1
2023-003015;03-04-2023;S1026;C00484;P2040;Tienda;Efectivo;2x1;3;59.49;0.0;178.47;26.77;151.7;35.66;0
2023-003016;06-08-2023;S1029;C00473;P2035;Tienda;Tarjeta;Black Friday;2;815.94;0.1;1631.88;244.78;1387.1;418.3;0
2023-003017;05-26-2023;S1031;C00252;P2023;Tienda;Transferencia;2x1;1;423.8;0.2;423.8;63.57;360.23;346.8;1
2023-003018;01-01-2023;S1042;C00035;P2034;Tienda;Billetera Digital;2x1;1;262.95;0.0;262.95;34.18;228.77;122.22;0
2023-003019;08-30-2023;S1030;C00107;P2105;Web;Billetera Digital;Promo 15%;1;608.53;0.1;608.53;91.28;517.25;320.12;1
2023-003020;05-15-2023;S1040;C00133;P2039;Tienda;Transferencia;Promo 15%;5;477.0;0.0;2385.0;310.05;2074.95;251.05;0
2023-003021;11-10-2023;S1009;C00492;P2087;Marketplace;Tarjeta;Promo 10%;5;291.4;0.1;1457.0;189.41;1267.59;166.63;0
2023-003022;11-22-2023;S1008;C00386;P2086;Marketplace;Financiamiento;Promo 15%;4;87.36;0.2;349.44;45.43;304.01;70.05;0
2023-003023;04-28-2023;S1030;C00732;P2102;Web;Financiamiento;Sin Promo;1;400.7;0.2;400.7;60.1;340.6;270.07;0
2023-003024;08-23-2023;S1028;C00332;P2067;Call Center;Tarjeta;Cyber Week;3;582.45;0.0;1747.35;262.1;1485.25;420.88;1
2023-003025;03-25-2023;S1035;C00696;P2160;Web;Tarjeta;Cyber Week;1;649.78;0.2;649.78;97.47;552.31;418.28;0
2023-003026;01-04-2023;S1013;C00333;P2019;Tienda;Efectivo;Black Friday;5;471.27;0.0;2356.35;282.76;2073.59;283.84;1
2023-003027;12-04-2023;S1021;C00729;P2112;Marketplace;Tarjeta;Black Friday;6;325.58;0.1;1953.48;293.02;1660.46;257.82;1
2023-003028;08-10-2023;S1020;C00183;P2112;Marketplace;Efectivo;Promo 15%;1;361.76;0.0;361.76;54.26;307.5;257.82;0
2023-003029;07-07-2023;S1037;C00268;P2126;Web;Efectivo;Promo 15%;2;649.93;0.05;1299.86;168.98;1130.88;413.19;0
2023-003030;02-02-2023;S1015;C00027;P2108;Marketplace;Transferencia;Promo 10%;6;255.04;0.1;1530.24;183.63;1346.61;144.01;0
2023-003031;11-04-2023;S1021;C00087;P2156;Tienda;Efectivo;Promo 15%;2;77.36;0.05;154.72;23.21;131.51;55.02;1
2023-003032;10-27-2023;S1019;C00499;P2087;Marketplace;Transferencia;Promo 15%;1;291.4;0.1;291.4;43.71;247.69;166.63;0
2023-003033;03-22-2023;S1013;C00615;P2098;Call Center;Efectivo;Black Friday;1;548.32;0.15;548.32;65.8;482.52;389.5;0
2023-003034;04-06-2023;S1041;C00150;P2158;Call Center;Financiamiento;Promo 10%;2;461.03;0.15;922.06;119.87;802.19;274.83;0
2023-003035;11-30-2023;S1041;C00095;P2055;Web;Financiamiento;Sin Promo;2;119.65;0.15;239.3;31.11;208.19;77.43;1
2023-003036;08-08-2023;S1041;C00299;P2087;Tienda;Tarjeta;2x1;1;323.78;0.0;323.78;42.09;281.69;166.63;0
2023-003037;11-08-2023;S1008;C00643;P2051;Call Center;Financiamiento;Promo 10%;5;855.46;0.0;4277.3;556.05;3721.25;394.02;0
2023-003038;11-01-2023;S1035;C00415;P2023;Call Center;Financiamiento;Promo 10%;2;529.75;0.0;1059.5;158.92;900.58;346.8;0
2023-003039;06-28-2023;S1022;C00121;P2014;Call Center;Transferencia;Black Friday;2;344.15;0.2;688.3;103.24;585.06;296.33;1
2023-003040;07-12-2023;S1033;C00141;P2103;Call Center;Tarjeta;Promo 10%;2;339.92;0.2;679.84;101.98;577.86;274.37;1
2023-003041;01-09-2023;S1022;C00049;P2089;Call Center;Tarjeta;Promo 10%;1;736.54;0.0;736.54;110.48;626.06;351.93;0
2023-003042;11-17-2023;S1016;C00111;P2123;Call Center;Transferencia;Black Friday;2;175.11;0.0;350.22;42.03;308.19;112.82;0
2023-003043;01-11-2023;S1002;C00269;P2066;Tienda;Billetera Digital;Cyber Week;1;419.77;0.2;419.77;54.57;365.2;297.19;0
2023-003044;07-28-2023;S1042;C00356;P2047;Web;Billetera Digital;Black Friday;2;456.79;0.0;913.58;118.77;794.81;295.44;1
2023-003045;08-29-2023;S1001;C00037;P2099;Web;Financiamiento;Promo 15%;3;279.84;0.05;839.52;109.14;730.38;231.19;0
2023-003046;01-30-2023;S1023;C00013;P2144;Tienda;Tarjeta;Promo 15%;1;272.5;0.0;272.5;40.88;231.62;177.43;0
2023-003047;10-13-2023;S1017;C00468;P2085;Tienda;Efectivo;Promo 15%;3;29.47;0.05;88.41;10.61;77.8;20.07;0
2023-003048;09-02-2023;S1016;C00184;P2086;Call Center;Transferencia;Promo 15%;2;109.2;0.0;218.4;26.21;192.19;70.05;0
2023-003049;01-11-2023;S1007;C00003;P2083;Marketplace;Transferencia;Sin Promo;2;497.25;0.05;994.5;129.28;865.22;334.59;1
2023-003050;08-31-2023;S1041;C00290;P2046;Marketplace;Efectivo;Promo 15%;2;308.18;0.15;616.36;80.13;536.23;192.92;0
2023-003051;02-24-2023;S1028;C00409;P2151;Marketplace;Transferencia;Promo 10%;1;196.94;0.2;196.94;29.54;167.4;116.51;0
2023-003052;11-19-2023;S1036;C00482;P2005;Web;Tarjeta;Sin Promo;3;518.63;0.05;1555.89;233.38;1322.51;390.45;0
2023-003053;10-10-2023;S1005;C00738;P2136;Web;Billetera Digital;Promo 15%;1;154.8;0.0;154.8;20.12;134.68;99.42;0
2023-003054;02-26-2023;S1022;C00325;P2003;Marketplace;Tarjeta;Promo 15%;3;432.41;0.15;1297.23;194.58;1102.65;261.5;0
2023-003055;03-17-2023;S1043;C00734;P2041;Tienda;Billetera Digital;Black Friday;1;37.22;0.2;37.22;4.84;32.38;34.06;0
2023-003056;01-15-2023;S1041;C00470;P2046;Web;Financiamiento;2x1;3;308.18;0.15;924.54;120.19;804.35;192.92;0
2023-003057;08-28-2023;S1043;C00618;P2112;Tienda;Financiamiento;Sin Promo;2;325.58;0.1;651.16;84.65;566.51;257.82;0
2023-003058;01-28-2023;S1011;C00255;P2133;Call Center;Transferencia;Sin Promo;3;52.59;0.0;157.77;18.93;138.84;38.56;0
2023-003059;02-18-2023;S1027;C00688;P2005;Marketplace;Tarjeta;Cyber Week;2;545.93;0.0;1091.86;163.78;928.08;390.45;1
2023-003060;02-19-2023;S1037;C00031;P2043;Call Center;Billetera Digital;Sin Promo;3;313.61;0.0;940.83;122.31;818.52;244.5;0
2023-003061;04-14-2023;S1012;C00504;P2003;Web;Transferencia;Promo 10%;6;406.98;0.2;2441.88;293.03;2148.85;261.5;0
2023-003062;08-21-2023;S1001;C00715;P2139;Marketplace;Financiamiento;Sin Promo;3;16.22;0.2;48.66;6.33;42.33;12.71;0
2023-003063;12-09-2023;S1016;C00496;P2155;Tienda;Tarjeta;Promo 10%;1;157.33;0.0;157.33;18.88;138.45;71.96;0
2023-003064;02-10-2023;S1012;C00421;P2019;Tienda;Efectivo;2x1;4;377.02;0.2;1508.08;180.97;1327.11;283.84;1
2023-003065;10-09-2023;S1015;C00800;P2083;Call Center;Transferencia;Black Friday;1;418.74;0.2;418.74;50.25;368.49;334.59;1
2023-003066;04-23-2023;S1032;C00546;P2082;Call Center;Efectivo;Black Friday;5;281.42;0.0;1407.1;211.06;1196.04;152.77;0
2023-003067;11-29-2023;S1038;C00605;P2153;Marketplace;Financiamiento;Sin Promo;1;367.12;0.1;367.12;47.73;319.39;293.96;1
2023-003068;07-29-2023;S1044;C00102;P2013;Call Center;Billetera Digital;Cyber Week;1;160.16;0.2;160.16;20.82;139.34;98.1;0
2023-003069;08-13-2023;S1027;C00366;P2114;Web;Tarjeta;Black Friday;5;443.2;0.2;2216.0;332.4;1883.6;274.57;0
2023-003070;09-09-2023;S1026;C00599;P2140;Marketplace;Billetera Digital;Sin Promo;2;13.69;0.05;27.38;4.11;23.27;6.63;0
2023-003071;11-20-2023;S1008;C00117;P2143;Marketplace;Billetera Digital;Promo 15%;2;175.44;0.0;350.88;45.61;305.27;101.86;0
2023-003072;04-22-2023;S1018;C00686;P2037;Marketplace;Transferencia;2x1;2;530.23;0.15;1060.46;127.26;933.2;405.23;0
2023-003073;05-15-2023;S1043;C00229;P2040;Tienda;Efectivo;Promo 10%;2;50.57;0.15;101.14;13.15;87.99;35.66;0
2023-003074;09-03-2023;S1033;C00719;P2030;Marketplace;Financiamiento;Promo 15%;1;433.15;0.2;433.15;64.97;368.18;418.38;1
2023-003075;01-17-2023;S1021;C00195;P2145;Call Center;Tarjeta;Sin Promo;6;118.01;0.0;708.06;106.21;601.85;77.61;0
2023-003076;09-17-2023;S1020;C00228;P2057;Tienda;Tarjeta;Black Friday;2;335.84;0.2;671.68;100.75;570.93;314.68;0
2023-003077;10-07-2023;S1016;C00426;P2069;Web;Financiamiento;Black Friday;2;162.82;0.15;325.64;39.08;286.56;145.02;0
2023-003078;02-27-2023;S1030;C00553;P2135;Tienda;Billetera Digital;Cyber Week;1;145.28;0.05;145.28;21.79;123.49;71.27;1
2023-003079;05-18-2023;S1003;C00447;P2017;Marketplace;Transferencia;Promo 10%;2;280.3;0.0;560.6;72.88;487.72;182.13;1
2023-003080;03-10-2023;S1032;C00567;P2029;Tienda;Tarjeta;Black Friday;1;491.5;0.0;491.5;73.72;417.78;271.13;1
2023-003081;06-19-2023;S1009;C00213;P2100;Tienda;Billetera Digital;Promo 15%;5;571.97;0.0;2859.85;371.78;2488.07;422.9;0
2023-003082;12-18-2023;S1015;C00521;P2100;Web;Tarjeta;2x1;1;457.58;0.2;457.58;54.91;402.67;422.9;0
2023-003083;07-02-2023;S1038;C00144;P2046;Web;Tarjeta;Sin Promo;1;344.44;0.05;344.44;44.78;299.66;192.92;0
2023-003084;09-30-2023;S1008;C00799;P2049;Call Center;Financiamiento;Promo 15%;2;142.44;0.1;284.88;37.03;247.85;89.45;1
2023-003085;02-24-2023;S1029;C00504;P2104;Web;Efectivo;Promo 10%;1;667.12;0.05;667.12;100.07;567.05;405.18;0
2023-003086;07-08-2023;S1036;C00376;P2048;Web;Tarjeta;Promo 15%;5;304.15;0.05;1520.75;228.11;1292.64;183.57;0
2023-003087;04-29-2023;S1039;C00079;P2146;Tienda;Tarjeta;Cyber Week;1;280.13;0.1;280.13;36.42;243.71;242.22;0
2023-003088;04-13-2023;S1018;C00005;P2113;Tienda;Billetera Digital;Cyber Week;2;238.12;0.2;476.24;57.15;419.09;139.53;0
2023-003089;01-21-2023;S1002;C00458;P2093;Call Center;Efectivo;Sin Promo;2;140.56;0.05;281.12;36.55;244.57;75.0;0
2023-003090;01-05-2023;S1019;C00588;P2022;Web;Financiamiento;Cyber Week;3;449.93;0.0;1349.79;202.47;1147.32;325.44;0
2023-003091;10-25-2023;S1006;C00724;P2019;Marketplace;Tarjeta;Cyber Week;1;424.14;0.1;424.14;55.14;369.0;283.84;0
2023-003092;12-08-2023;S1002;C00285;P2067;Marketplace;Tarjeta;Cyber Week;2;524.21;0.1;1048.42;136.29;912.13;420.88;0
2023-003093;09-11-2023;S1042;C00088;P2127;Call Center;Efectivo;Promo 10%;4;696.03;0.05;2784.12;361.94;2422.18;361.43;0
2023-003094;08-23-2023;S1038;C00448;P2106;Tienda;Tarjeta;Black Friday;3;415.28;0.1;1245.84;161.96;1083.88;310.34;0
2023-003095;03-15-2023;S1042;C00692;P2104;Tienda;Financiamiento;2x1;3;596.9;0.15;1790.7;232.79;1557.91;405.18;1
2023-003096;01-17-2023;S1018;C00403;P2029;Marketplace;Transferencia;Black Friday;2;393.2;0.2;786.4;94.37;692.03;271.13;1
2023-003097;11-21-2023;S1014;C00217;P2132;Marketplace;Efectivo;Promo 15%;6;321.61;0.0;1929.66;231.56;1698.1;220.13;0
2023-003098;12-21-2023;S1013;C00242;P2107;Call Center;Financiamiento;Cyber Week;4;305.9;0.05;1223.6;146.83;1076.77;196.36;0
2023-003099;03-09-2023;S1011;C00133;P2066;Call Center;Financiamiento;Sin Promo;4;472.24;0.1;1888.96;226.68;1662.28;297.19;0
2023-003100;01-04-2023;S1009;C00227;P2050;Web;Financiamiento;Promo 10%;2;260.25;0.05;520.5;67.67;452.83;192.16;0
2023-003101;10-09-2023;S1022;C00242;P2074;Web;Tarjeta;2x1;1;281.27;0.0;281.27;42.19;239.08;138.92;1
2023-003102;08-12-2023;S1041;C00259;P2008;Call Center;Billetera Digital;Cyber Week;2;743.1;0.15;1486.2;193.21;1292.99;421.75;1
2023-003103;04-03-2023;S1005;C00277;P2012;Tienda;Transferencia;Promo 10%;1;788.33;0.0;788.33;102.48;685.85;363.05;0
2023-003104;10-05-2023;S1014;C00599;P2076;Marketplace;Financiamiento;Sin Promo;3;97.52;0.0;292.56;35.11;257.45;50.2;1
2023-003105;12-02-2023;S1007;C00617;P2156;Call Center;Billetera Digital;Black Friday;3;69.22;0.15;207.66;27.0;180.66;55.02;0
2023-003106;06-19-2023;S1014;C00425;P2039;Web;Efectivo;Sin Promo;5;429.3;0.1;2146.5;257.58;1888.92;251.05;0
2023-003107;02-09-2023;S1029;C00786;P2004;Marketplace;Transferencia;Promo 10%;1;543.65;0.0;543.65;81.55;462.1;298.92;0
2023-003108;09-02-2023;S1012;C00595;P2025;Marketplace;Billetera Digital;Promo 15%;1;664.27;0.0;664.27;79.71;584.56;394.63;0
2023-003109;05-09-2023;S1031;C00526;P2033;Marketplace;Financiamiento;Promo 10%;3;80.36;0.0;241.08;36.16;204.92;61.26;0
2023-003110;01-13-2023;S1045;C00598;P2108;Marketplace;Tarjeta;2x1;2;226.7;0.2;453.4;58.94;394.46;144.01;0
2023-003111;02-16-2023;S1041;C00490;P2159;Call Center;Transferencia;Sin Promo;3;544.75;0.15;1634.25;212.45;1421.8;434.27;0
2023-003112;01-29-2023;S1024;C00050;P2025;Call Center;Billetera Digital;Sin Promo;1;664.27;0.0;664.27;99.64;564.63;394.63;0
2023-003113;08-14-2023;S1007;C00444;P2008;Web;Tarjeta;2x1;3;874.23;0.0;2622.69;340.95;2281.74;421.75;1
2023-003114;07-22-2023;S1039;C00568;P2102;Tienda;Billetera Digital;Promo 15%;1;425.74;0.15;425.74;55.35;370.39;270.07;0
2023-003115;10-31-2023;S1033;C00447;P2101;Tienda;Financiamiento;Sin Promo;3;286.05;0.15;858.15;128.72;729.43;262.94;0
2023-003116;09-17-2023;S1038;C00188;P2046;Web;Transferencia;Promo 10%;1;290.06;0.2;290.06;37.71;252.35;192.92;0
2023-003117;09-02-2023;S1005;C00202;P2140;Call Center;Financiamiento;Promo 10%;1;11.53;0.2;11.53;1.5;10.03;6.63;0
2023-003118;07-14-2023;S1028;C00498;P2135;Call Center;Efectivo;Promo 15%;2;145.28;0.05;290.56;43.58;246.98;71.27;0
2023-003119;06-11-2023;S1010;C00153;P2019;Call Center;Tarjeta;Sin Promo;2;377.02;0.2;754.04;90.48;663.56;283.84;1
2023-003120;06-16-2023;S1003;C00634;P2063;Marketplace;Transferencia;Black Friday;1;70.41;0.0;70.41;9.15;61.26;34.56;0
2023-003121;12-31-2023;S1022;C00602;P2039;Tienda;Financiamiento;2x1;2;477.0;0.0;954.0;143.1;810.9;251.05;0
2023-003122;03-28-2023;S1008;C00752;P2051;Marketplace;Efectivo;2x1;1;855.46;0.0;855.46;111.21;744.25;394.02;0
2023-003123;09-05-2023;S1032;C00513;P2049;Tienda;Billetera Digital;2x1;2;150.36;0.05;300.72;45.11;255.61;89.45;0
2023-003124;05-04-2023;S1037;C00516;P2085;Tienda;Financiamiento;Promo 15%;1;31.02;0.0;31.02;4.03;26.99;20.07;0
2023-003125;11-30-2023;S1033;C00199;P2151;Tienda;Efectivo;Promo 10%;5;233.86;0.05;1169.3;175.39;993.91;116.51;0
2023-003126;12-07-2023;S1033;C00640;P2137;Call Center;Efectivo;Promo 15%;2;364.43;0.15;728.86;109.33;619.53;246.0;0
2023-003127;02-16-2023;S1040;C00175;P2126;Marketplace;Efectivo;2x1;1;684.14;0.0;684.14;88.94;595.2;413.19;0
2023-003128;07-10-2023;S1042;C00037;P2094;Tienda;Transferencia;Promo 10%;4;630.71;0.1;2522.84;327.97;2194.87;392.99;1
2023-003129;11-26-2023;S1020;C00554;P2118;Tienda;Transferencia;Black Friday;4;65.15;0.0;260.6;39.09;221.51;45.65;0
2023-003130;10-03-2023;S1028;C00173;P2036;Marketplace;Tarjeta;Promo 15%;2;288.63;0.0;577.26;86.59;490.67;143.03;0
2023-003131;07-13-2023;S1043;C00435;P2157;Tienda;Financiamiento;Cyber Week;1;223.38;0.0;223.38;29.04;194.34;118.28;1
2023-003132;02-03-2023;S1037;C00325;P2151;Tienda;Financiamiento;Sin Promo;1;221.55;0.1;221.55;28.8;192.75;116.51;0
2023-003133;11-10-2023;S1018;C00629;P2159;Call Center;Transferencia;Promo 10%;3;576.79;0.1;1730.37;207.64;1522.73;434.27;0
2023-003134;07-17-2023;S1001;C00787;P2068;Tienda;Billetera Digital;Sin Promo;1;246.4;0.0;246.4;32.03;214.37;122.46;0
2023-003135;09-03-2023;S1006;C00094;P2122;Web;Financiamiento;Promo 15%;1;681.62;0.0;681.62;88.61;593.01;324.38;1
2023-003136;04-14-2023;S1018;C00789;P2158;Marketplace;Tarjeta;Promo 15%;2;542.39;0.0;1084.78;130.17;954.61;274.83;0
2023-003137;12-05-2023;S1014;C00320;P2065;Tienda;Efectivo;Promo 15%;4;367.46;0.1;1469.84;176.38;1293.46;269.16;0
2023-003138;06-17-2023;S1041;C00148;P2083;Web;Efectivo;Black Friday;1;523.42;0.0;523.42;68.04;455.38;334.59;0
2023-003139;04-16-2023;S1025;C00590;P2089;Tienda;Efectivo;Cyber Week;1;699.71;0.05;699.71;104.96;594.75;351.93;0
2023-003140;09-16-2023;S1004;C00087;P2095;Marketplace;Financiamiento;Promo 10%;2;583.94;0.2;1167.88;151.82;1016.06;368.2;0
2023-003141;08-25-2023;S1035;C00159;P2098;Marketplace;Tarjeta;Sin Promo;2;548.32;0.15;1096.64;164.5;932.14;389.5;0
2023-003142;10-30-2023;S1018;C00796;P2011;Call Center;Efectivo;Promo 15%;1;392.72;0.0;392.72;47.13;345.59;309.34;0
2023-003143;05-20-2023;S1006;C00313;P2116;Marketplace;Billetera Digital;Promo 15%;1;706.7;0.05;706.7;91.87;614.83;358.01;1
2023-003144;02-10-2023;S1014;C00166;P2111;Marketplace;Transferencia;Promo 15%;5;292.12;0.0;1460.6;175.27;1285.33;191.52;0
2023-003145;03-11-2023;S1007;C00320;P2025;Marketplace;Efectivo;Promo 10%;1;531.42;0.2;531.42;69.08;462.34;394.63;0
2023-003146;06-24-2023;S1041;C00306;P2086;Call Center;Efectivo;Promo 10%;1;109.2;0.0;109.2;14.2;95.0;70.05;0
2023-003147;06-11-2023;S1020;C00170;P2079;Tienda;Efectivo;Promo 10%;3;199.67;0.2;599.01;89.85;509.16;156.92;1
2023-003148;04-08-2023;S1010;C00278;P2128;Call Center;Tarjeta;Cyber Week;1;557.39;0.0;557.39;66.89;490.5;269.57;0
2023-003149;02-25-2023;S1021;C00519;P2107;Web;Financiamiento;Promo 10%;1;273.7;0.15;273.7;41.05;232.65;196.36;0
2023-003150;12-23-2023;S1002;C00094;P2135;Tienda;Billetera Digital;Promo 10%;2;129.99;0.15;259.98;33.8;226.18;71.27;1
2023-003151;03-05-2023;S1043;C00126;P2057;Web;Efectivo;Sin Promo;3;419.8;0.0;1259.4;163.72;1095.68;314.68;0
2023-003152;02-09-2023;S1019;C00134;P2041;Web;Tarjeta;Black Friday;2;46.52;0.0;93.04;13.96;79.08;34.06;0
2023-003153;10-27-2023;S1008;C00093;P2056;Web;Tarjeta;Black Friday;1;886.94;0.0;886.94;115.3;771.64;417.23;1
2023-003154;02-02-2023;S1009;C00218;P2062;Tienda;Billetera Digital;Black Friday;2;95.11;0.15;190.22;24.73;165.49;74.21;0
2023-003155;01-11-2023;S1041;C00710;P2052;Web;Billetera Digital;Black Friday;1;75.75;0.2;75.75;9.85;65.9;47.67;0
2023-003156;12-03-2023;S1003;C00337;P2133;Tienda;Transferencia;Promo 10%;2;47.33;0.1;94.66;12.31;82.35;38.56;0
2023-003157;06-12-2023;S1010;C00218;P2034;Call Center;Efectivo;Black Friday;3;236.66;0.1;709.98;85.2;624.78;122.22;0
2023-003158;07-09-2023;S1033;C00655;P2146;Marketplace;Billetera Digital;Black Friday;3;311.26;0.0;933.78;140.07;793.71;242.22;0
2023-003159;09-06-2023;S1009;C00284;P2044;Call Center;Billetera Digital;Sin Promo;5;408.67;0.1;2043.35;265.64;1777.71;214.81;0
2023-003160;07-28-2023;S1035;C00249;P2114;Web;Transferencia;Promo 15%;2;554.0;0.0;1108.0;166.2;941.8;274.57;0
2023-003161;05-14-2023;S1027;C00558;P2108;Marketplace;Billetera Digital;Black Friday;1;283.38;0.0;283.38;42.51;240.87;144.01;1
2023-003162;11-21-2023;S1010;C00595;P2110;Tienda;Billetera Digital;Promo 10%;1;416.72;0.0;416.72;50.01;366.71;314.95;1
2023-003163;08-30-2023;S1042;C00137;P2155;Tienda;Financiamiento;Promo 15%;4;141.6;0.1;566.4;73.63;492.77;71.96;0
2023-003164;03-16-2023;S1041;C00689;P2149;Marketplace;Billetera Digital;Black Friday;4;191.09;0.15;764.36;99.37;664.99;173.08;0
2023-003165;01-19-2023;S1015;C00796;P2021;Web;Financiamiento;Promo 10%;1;417.5;0.05;417.5;50.1;367.4;239.98;1
2023-003166;12-11-2023;S1019;C00757;P2007;Call Center;Transferencia;Black Friday;3;212.03;0.0;636.09;95.41;540.68;162.45;0
2023-003167;08-02-2023;S1020;C00790;P2126;Marketplace;Tarjeta;Promo 10%;3;684.14;0.0;2052.42;307.86;1744.56;413.19;0
2023-003168;10-03-2023;S1008;C00779;P2132;Marketplace;Efectivo;2x1;4;321.61;0.0;1286.44;167.24;1119.2;220.13;0
2023-003169;10-18-2023;S1032;C00283;P2051;Call Center;Efectivo;Promo 10%;2;855.46;0.0;1710.92;256.64;1454.28;394.02;0
2023-003170;06-26-2023;S1022;C00523;P2110;Tienda;Tarjeta;2x1;1;354.21;0.15;354.21;53.13;301.08;314.95;0
2023-003171;10-31-2023;S1017;C00243;P2043;Marketplace;Transferencia;Cyber Week;1;313.61;0.0;313.61;37.63;275.98;244.5;0
2023-003172;07-19-2023;S1034;C00556;P2048;Tienda;Billetera Digital;Cyber Week;2;320.16;0.0;640.32;96.05;544.27;183.57;0
2023-003173;12-31-2023;S1041;C00780;P2154;Call Center;Tarjeta;2x1;2;733.21;0.0;1466.42;190.63;1275.79;427.53;0
2023-003174;02-19-2023;S1036;C00674;P2076;Web;Efectivo;Cyber Week;4;97.52;0.0;390.08;58.51;331.57;50.2;0
2023-003175;10-29-2023;S1010;C00753;P2139;Marketplace;Transferencia;Promo 10%;1;20.28;0.0;20.28;2.43;17.85;12.71;0
2023-003176;10-28-2023;S1041;C00647;P2079;Marketplace;Transferencia;Promo 10%;1;212.15;0.15;212.15;27.58;184.57;156.92;0
2023-003177;01-10-2023;S1015;C00686;P2054;Marketplace;Billetera Digital;Cyber Week;2;370.62;0.2;741.24;88.95;652.29;220.6;1
2023-003178;12-14-2023;S1028;C00690;P2076;Tienda;Financiamiento;Promo 15%;3;97.52;0.0;292.56;43.88;248.68;50.2;0
2023-003179;08-14-2023;S1022;C00660;P2008;Web;Financiamiento;Cyber Week;2;786.81;0.1;1573.62;236.04;1337.58;421.75;0
2023-003180;08-11-2023;S1007;C00114;P2049;Tienda;Billetera Digital;Black Friday;2;158.27;0.0;316.54;41.15;275.39;89.45;1
2023-003181;09-01-2023;S1039;C00486;P2147;Web;Financiamiento;Promo 15%;2;548.18;0.0;1096.36;142.53;953.83;299.7;0
2023-003182;12-25-2023;S1004;C00762;P2012;Call Center;Financiamiento;Promo 15%;2;788.33;0.0;1576.66;204.97;1371.69;363.05;0
2023-003183;04-10-2023;S1041;C00188;P2099;Call Center;Tarjeta;Promo 15%;5;265.11;0.1;1325.55;172.32;1153.23;231.19;0
2023-003184;06-22-2023;S1041;C00644;P2004;Web;Efectivo;Promo 10%;1;462.1;0.15;462.1;60.07;402.03;298.92;0
2023-003185;04-27-2023;S1026;C00333;P2063;Web;Financiamiento;Cyber Week;6;66.89;0.05;401.34;60.2;341.14;34.56;0
2023-003186;11-15-2023;S1017;C00725;P2125;Marketplace;Efectivo;Cyber Week;2;344.65;0.0;689.3;82.72;606.58;235.01;0
2023-003187;01-11-2023;S1026;C00632;P2089;Tienda;Tarjeta;Promo 15%;1;736.54;0.0;736.54;110.48;626.06;351.93;1
2023-003188;09-24-2023;S1015;C00287;P2109;Call Center;Efectivo;Promo 10%;5;208.28;0.0;1041.4;124.97;916.43;141.94;0
2023-003189;02-12-2023;S1039;C00579;P2003;Marketplace;Financiamiento;2x1;2;406.98;0.2;813.96;105.81;708.15;261.5;0
2023-003190;12-19-2023;S1001;C00756;P2085;Tienda;Transferencia;Promo 15%;1;31.02;0.0;31.02;4.03;26.99;20.07;0
2023-003191;01-10-2023;S1027;C00297;P2069;Call Center;Billetera Digital;Promo 10%;1;181.97;0.05;181.97;27.3;154.67;145.02;0
2023-003192;03-26-2023;S1004;C00069;P2026;Tienda;Tarjeta;Black Friday;1;459.92;0.0;459.92;59.79;400.13;230.43;0
2023-003193;02-17-2023;S1018;C00636;P2107;Call Center;Transferencia;Sin Promo;2;257.6;0.2;515.2;61.82;453.38;196.36;0
2023-003194;02-08-2023;S1016;C00367;P2049;Call Center;Tarjeta;Cyber Week;2;158.27;0.0;316.54;37.98;278.56;89.45;0
2023-003195;02-22-2023;S1028;C00427;P2082;Marketplace;Billetera Digital;Promo 10%;3;253.28;0.1;759.84;113.98;645.86;152.77;1
2023-003196;10-03-2023;S1032;C00502;P2106;Call Center;Efectivo;Promo 15%;3;438.35;0.05;1315.05;197.26;1117.79;310.34;0
2023-003197;11-02-2023;S1009;C00616;P2052;Call Center;Tarjeta;Black Friday;2;94.69;0.0;189.38;24.62;164.76;47.67;1
2023-003198;09-28-2023;S1004;C00660;P2102;Web;Transferencia;Promo 15%;2;400.7;0.2;801.4;104.18;697.22;270.07;0
2023-003199;04-29-2023;S1021;C00425;P2027;Tienda;Transferencia;Cyber Week;1;315.14;0.05;315.14;47.27;267.87;230.42;0
2023-003200;04-05-2023;S1003;C00624;P2058;Call Center;Billetera Digital;Promo 10%;1;396.02;0.15;396.02;51.48;344.54;324.41;0
2023-003201;12-19-2023;S1021;C00266;P2082;Tienda;Financiamiento;Sin Promo;3;253.28;0.1;759.84;113.98;645.86;152.77;0
2023-003202;05-07-2023;S1041;C00144;P2091;Tienda;Efectivo;Cyber Week;2;487.35;0.1;974.7;126.71;847.99;397.11;0
2023-003203;06-19-2023;S1039;C00381;P2003;Web;Efectivo;2x1;1;406.98;0.2;406.98;52.91;354.07;261.5;0
2023-003204;10-29-2023;S1037;C00709;P2012;Tienda;Transferencia;Cyber Week;2;670.08;0.15;1340.16;174.22;1165.94;363.05;0
2023-003205;05-09-2023;S1026;C00053;P2017;Call Center;Tarjeta;Promo 10%;4;252.27;0.1;1009.08;151.36;857.72;182.13;0
2023-003206;05-19-2023;S1006;C00390;P2063;Tienda;Financiamiento;Promo 10%;1;70.41;0.0;70.41;9.15;61.26;34.56;0
2023-003207;09-16-2023;S1027;C00010;P2083;Marketplace;Transferencia;Cyber Week;2;418.74;0.2;837.48;125.62;711.86;334.59;0
2023-003208;05-27-2023;S1030;C00256;P2119;Web;Tarjeta;Sin Promo;3;763.08;0.0;2289.24;343.39;1945.85;363.73;1
2023-003209;11-02-2023;S1045;C00761;P2019;Marketplace;Financiamiento;2x1;2;400.58;0.15;801.16;104.15;697.01;283.84;1
2023-003210;01-03-2023;S1007;C00193;P2120;Call Center;Financiamiento;Cyber Week;2;189.52;0.05;379.04;49.28;329.76;113.2;0
2023-003211;10-21-2023;S1014;C00242;P2135;Web;Financiamiento;Black Friday;3;137.64;0.1;412.92;49.55;363.37;71.27;1
2023-003212;04-10-2023;S1040;C00515;P2072;Call Center;Billetera Digital;Black Friday;2;604.62;0.0;1209.24;157.2;1052.04;420.23;0
2023-003213;01-22-2023;S1032;C00273;P2077;Web;Tarjeta;2x1;2;675.49;0.15;1350.98;202.65;1148.33;400.81;1
2023-003214;10-23-2023;S1030;C00497;P2095;Web;Billetera Digital;Sin Promo;6;620.44;0.15;3722.64;558.4;3164.24;368.2;0
2023-003215;02-25-2023;S1039;C00471;P2048;Marketplace;Tarjeta;Black Friday;1;320.16;0.0;320.16;41.62;278.54;183.57;1
2023-003216;04-08-2023;S1040;C00454;P2090;Web;Financiamiento;Promo 15%;2;99.1;0.2;198.2;25.77;172.43;72.93;0
2023-003217;09-04-2023;S1011;C00503;P2004;Call Center;Efectivo;Cyber Week;4;543.65;0.0;2174.6;260.95;1913.65;298.92;1
2023-003218;04-02-2023;S1016;C00025;P2103;Marketplace;Tarjeta;Promo 15%;5;361.16;0.15;1805.8;216.7;1589.1;274.37;0
2023-003219;11-29-2023;S1007;C00105;P2019;Marketplace;Billetera Digital;Black Friday;2;424.14;0.1;848.28;110.28;738.0;283.84;0
2023-003220;07-11-2023;S1004;C00054;P2011;Marketplace;Efectivo;Sin Promo;1;373.08;0.05;373.08;48.5;324.58;309.34;0
2023-003221;03-07-2023;S1023;C00754;P2113;Web;Efectivo;Promo 15%;6;253.0;0.15;1518.0;227.7;1290.3;139.53;0
2023-003222;12-05-2023;S1027;C00034;P2130;Marketplace;Efectivo;Cyber Week;4;701.29;0.0;2805.16;420.77;2384.39;404.15;0
2023-003223;04-09-2023;S1035;C00515;P2042;Tienda;Efectivo;Cyber Week;2;401.39;0.0;802.78;120.42;682.36;233.31;0
2023-003224;04-02-2023;S1017;C00597;P2070;Marketplace;Tarjeta;Cyber Week;2;553.31;0.1;1106.62;132.79;973.83;281.04;0
2023-003225;07-26-2023;S1039;C00767;P2042;Call Center;Efectivo;Black Friday;3;401.39;0.0;1204.17;156.54;1047.63;233.31;1
2023-003226;06-22-2023;S1034;C00775;P2127;Tienda;Efectivo;Promo 10%;2;732.66;0.0;1465.32;219.8;1245.52;361.43;0
2023-003227;09-06-2023;S1011;C00526;P2002;Marketplace;Billetera Digital;Cyber Week;1;232.13;0.2;232.13;27.86;204.27;134.76;0
2023-003228;11-21-2023;S1032;C00227;P2037;Web;Efectivo;Promo 10%;1;623.8;0.0;623.8;93.57;530.23;405.23;0
2023-003229;09-11-2023;S1038;C00374;P2038;Tienda;Efectivo;Cyber Week;1;139.95;0.0;139.95;18.19;121.76;104.22;0
2023-003230;08-26-2023;S1018;C00386;P2151;Tienda;Financiamiento;Black Friday;4;246.17;0.0;984.68;118.16;866.52;116.51;0
2023-003231;01-06-2023;S1001;C00702;P2044;Web;Billetera Digital;Promo 10%;2;454.08;0.0;908.16;118.06;790.1;214.81;0
2023-003232;07-05-2023;S1025;C00667;P2099;Web;Efectivo;Sin Promo;1;279.84;0.05;279.84;41.98;237.86;231.19;0
2023-003233;12-19-2023;S1003;C00092;P2089;Marketplace;Transferencia;Cyber Week;1;736.54;0.0;736.54;95.75;640.79;351.93;1
2023-003234;10-31-2023;S1003;C00351;P2075;Call Center;Tarjeta;Sin Promo;1;493.04;0.15;493.04;64.1;428.94;301.87;0
2023-003235;07-09-2023;S1011;C00731;P2158;Tienda;Transferencia;Sin Promo;2;515.27;0.05;1030.54;123.66;906.88;274.83;0
2023-003236;04-07-2023;S1028;C00050;P2052;Call Center;Transferencia;Sin Promo;1;75.75;0.2;75.75;11.36;64.39;47.67;0
2023-003237;02-25-2023;S1012;C00357;P2046;Web;Transferencia;Sin Promo;2;362.57;0.0;725.14;87.02;638.12;192.92;0
2023-003238;12-10-2023;S1027;C00383;P2156;Marketplace;Tarjeta;Sin Promo;3;73.29;0.1;219.87;32.98;186.89;55.02;0
2023-003239;03-07-2023;S1037;C00544;P2148;Web;Tarjeta;Promo 10%;1;573.59;0.15;573.59;74.57;499.02;390.62;0
2023-003240;10-23-2023;S1043;C00377;P2099;Marketplace;Billetera Digital;Sin Promo;2;250.38;0.15;500.76;65.1;435.66;231.19;0
2023-003241;04-06-2023;S1005;C00245;P2129;Web;Efectivo;Sin Promo;1;504.95;0.0;504.95;65.64;439.31;401.84;1
2023-003242;05-18-2023;S1006;C00095;P2085;Tienda;Tarjeta;Cyber Week;1;24.82;0.2;24.82;3.23;21.59;20.07;0
2023-003243;11-04-2023;S1033;C00004;P2144;Web;Tarjeta;Sin Promo;1;231.62;0.15;231.62;34.74;196.88;177.43;0
2023-003244;11-09-2023;S1025;C00121;P2071;Web;Billetera Digital;Sin Promo;2;483.57;0.0;967.14;145.07;822.07;243.78;0
2023-003245;12-01-2023;S1017;C00629;P2029;Tienda;Billetera Digital;Cyber Week;2;393.2;0.2;786.4;94.37;692.03;271.13;0
2023-003246;12-19-2023;S1003;C00055;P2067;Call Center;Billetera Digital;Black Friday;2;524.21;0.1;1048.42;136.29;912.13;420.88;0
2023-003247;09-06-2023;S1027;C00213;P2156;Tienda;Billetera Digital;Cyber Week;1;69.22;0.15;69.22;10.38;58.84;55.02;1
2023-003248;02-22-2023;S1003;C00442;P2007;Web;Tarjeta;2x1;1;169.62;0.2;169.62;22.05;147.57;162.45;1
2023-003249;08-17-2023;S1040;C00044;P2083;Tienda;Tarjeta;Promo 15%;1;523.42;0.0;523.42;68.04;455.38;334.59;1
2023-003250;10-14-2023;S1042;C00260;P2097;Call Center;Transferencia;Cyber Week;1;521.13;0.0;521.13;67.75;453.38;298.37;0
2023-003251;07-14-2023;S1034;C00604;P2054;Tienda;Billetera Digital;Black Friday;2;463.28;0.0;926.56;138.98;787.58;220.6;0
2023-003252;11-20-2023;S1008;C00321;P2026;Call Center;Transferencia;Promo 10%;3;459.92;0.0;1379.76;179.37;1200.39;230.43;1
2023-003253;12-20-2023;S1035;C00231;P2067;Call Center;Efectivo;Promo 15%;5;524.21;0.1;2621.05;393.16;2227.89;420.88;1
2023-003254;12-26-2023;S1038;C00419;P2105;Marketplace;Financiamiento;Promo 15%;1;574.73;0.15;574.73;74.71;500.02;320.12;0
2023-003255;12-19-2023;S1026;C00272;P2045;Call Center;Financiamiento;Sin Promo;2;68.91;0.0;137.82;20.67;117.15;46.07;0
2023-003256;08-26-2023;S1038;C00449;P2131;Tienda;Tarjeta;Promo 10%;1;196.93;0.0;196.93;25.6;171.33;119.6;0
2023-003257;06-28-2023;S1005;C00799;P2099;Web;Efectivo;Cyber Week;2;294.57;0.0;589.14;76.59;512.55;231.19;1
2023-003258;03-26-2023;S1039;C00113;P2054;Call Center;Tarjeta;2x1;3;416.95;0.1;1250.85;162.61;1088.24;220.6;1
2023-003259;04-12-2023;S1007;C00781;P2009;Call Center;Billetera Digital;2x1;1;496.86;0.05;496.86;64.59;432.27;287.2;0
2023-003260;10-22-2023;S1025;C00508;P2111;Tienda;Efectivo;Cyber Week;5;233.7;0.2;1168.5;175.28;993.22;191.52;0
2023-003261;10-06-2023;S1025;C00576;P2046;Tienda;Efectivo;2x1;1;362.57;0.0;362.57;54.39;308.18;192.92;0
2023-003262;08-08-2023;S1008;C00116;P2150;Marketplace;Transferencia;Cyber Week;3;210.66;0.1;631.98;82.16;549.82;154.53;0
2023-003263;02-21-2023;S1042;C00660;P2126;Web;Efectivo;Promo 15%;3;581.52;0.15;1744.56;226.79;1517.77;413.19;0
2023-003264;05-15-2023;S1018;C00131;P2104;Tienda;Financiamiento;Sin Promo;1;561.78;0.2;561.78;67.41;494.37;405.18;0
2023-003265;06-20-2023;S1026;C00759;P2033;Web;Financiamiento;Black Friday;3;72.32;0.1;216.96;32.54;184.42;61.26;0
2023-003266;05-25-2023;S1013;C00106;P2124;Call Center;Transferencia;Black Friday;5;475.69;0.0;2378.45;285.41;2093.04;351.18;0
2023-003267;12-13-2023;S1009;C00191;P2035;Tienda;Efectivo;2x1;3;906.6;0.0;2719.8;353.57;2366.23;418.3;0
2023-003268;09-20-2023;S1006;C00298;P2077;Web;Transferencia;Promo 15%;1;794.69;0.0;794.69;103.31;691.38;400.81;0
2023-003269;04-09-2023;S1020;C00648;P2055;Tienda;Billetera Digital;Cyber Week;1;140.77;0.0;140.77;21.12;119.65;77.43;0
2023-003270;08-02-2023;S1029;C00497;P2018;Web;Efectivo;Sin Promo;2;352.67;0.1;705.34;105.8;599.54;224.11;0
2023-003271;12-31-2023;S1034;C00529;P2080;Marketplace;Efectivo;Sin Promo;4;301.79;0.0;1207.16;181.07;1026.09;221.89;1
2023-003272;07-05-2023;S1023;C00058;P2109;Tienda;Efectivo;Promo 15%;1;187.45;0.1;187.45;28.12;159.33;141.94;0
2023-003273;01-27-2023;S1007;C00709;P2048;Call Center;Transferencia;Cyber Week;2;320.16;0.0;640.32;83.24;557.08;183.57;0
2023-003274;07-06-2023;S1025;C00393;P2062;Marketplace;Efectivo;Black Friday;2;106.3;0.05;212.6;31.89;180.71;74.21;0
2023-003275;01-18-2023;S1015;C00791;P2095;Marketplace;Billetera Digital;Cyber Week;6;729.93;0.0;4379.58;525.55;3854.03;368.2;0
2023-003276;12-18-2023;S1008;C00333;P2048;Marketplace;Transferencia;Promo 15%;2;320.16;0.0;640.32;83.24;557.08;183.57;0
2023-003277;02-14-2023;S1040;C00733;P2121;Tienda;Tarjeta;2x1;3;417.78;0.0;1253.34;162.93;1090.41;207.12;1
2023-003278;10-20-2023;S1009;C00412;P2058;Marketplace;Transferencia;Promo 10%;4;419.32;0.1;1677.28;218.05;1459.23;324.41;0
2023-003279;09-20-2023;S1031;C00473;P2032;Marketplace;Billetera Digital;2x1;1;396.58;0.15;396.58;59.49;337.09;330.43;0
2023-003280;03-21-2023;S1007;C00369;P2054;Call Center;Efectivo;Sin Promo;5;416.95;0.1;2084.75;271.02;1813.73;220.6;0
2023-003281;11-11-2023;S1028;C00045;P2087;Tienda;Billetera Digital;Promo 15%;3;323.78;0.0;971.34;145.7;825.64;166.63;0
2023-003282;09-30-2023;S1003;C00106;P2103;Marketplace;Tarjeta;2x1;2;361.16;0.15;722.32;93.9;628.42;274.37;0
2023-003283;10-07-2023;S1043;C00149;P2051;Tienda;Tarjeta;Cyber Week;3;769.91;0.1;2309.73;300.26;2009.47;394.02;0
2023-003284;10-16-2023;S1007;C00067;P2121;Tienda;Tarjeta;Black Friday;1;417.78;0.0;417.78;54.31;363.47;207.12;0
2023-003285;05-25-2023;S1036;C00286;P2131;Tienda;Financiamiento;2x1;1;196.93;0.0;196.93;29.54;167.39;119.6;0
2023-003286;07-08-2023;S1042;C00130;P2136;Call Center;Efectivo;Sin Promo;1;131.58;0.15;131.58;17.11;114.47;99.42;0
2023-003287;12-15-2023;S1036;C00502;P2003;Web;Efectivo;Promo 15%;3;406.98;0.2;1220.94;183.14;1037.8;261.5;0
2023-003288;01-21-2023;S1028;C00759;P2118;Marketplace;Tarjeta;2x1;1;52.12;0.2;52.12;7.82;44.3;45.65;1
2023-003289;11-19-2023;S1033;C00228;P2152;Marketplace;Financiamiento;Black Friday;3;399.61;0.2;1198.83;179.82;1019.01;338.06;0
2023-003290;02-16-2023;S1019;C00357;P2145;Call Center;Efectivo;Promo 15%;5;100.31;0.15;501.55;75.23;426.32;77.61;0
2023-003291;03-16-2023;S1028;C00755;P2126;Call Center;Efectivo;Promo 15%;1;581.52;0.15;581.52;87.23;494.29;413.19;0
2023-003292;08-23-2023;S1010;C00142;P2030;Call Center;Tarjeta;2x1;3;460.22;0.15;1380.66;165.68;1214.98;418.38;0
2023-003293;08-02-2023;S1003;C00800;P2144;Call Center;Transferencia;Sin Promo;3;258.88;0.05;776.64;100.96;675.68;177.43;0
2023-003294;04-19-2023;S1034;C00703;P2027;Call Center;Tarjeta;2x1;1;331.73;0.0;331.73;49.76;281.97;230.42;0
2023-003295;02-13-2023;S1004;C00633;P2113;Call Center;Financiamiento;Black Friday;2;238.12;0.2;476.24;61.91;414.33;139.53;0
2023-003296;11-03-2023;S1006;C00474;P2147;Marketplace;Billetera Digital;Cyber Week;2;548.18;0.0;1096.36;142.53;953.83;299.7;0
2023-003297;03-21-2023;S1023;C00750;P2041;Call Center;Billetera Digital;Promo 10%;1;46.52;0.0;46.52;6.98;39.54;34.06;0
2023-003298;06-11-2023;S1004;C00788;P2141;Web;Financiamiento;Black Friday;1;832.49;0.0;832.49;108.22;724.27;384.64;0
2023-003299;08-16-2023;S1020;C00475;P2055;Call Center;Efectivo;Promo 10%;2;140.77;0.0;281.54;42.23;239.31;77.43;1
2023-003300;05-07-2023;S1025;C00086;P2034;Tienda;Tarjeta;2x1;3;262.95;0.0;788.85;118.33;670.52;122.22;0
2023-003301;08-06-2023;S1038;C00385;P2092;Tienda;Transferencia;Promo 10%;1;682.12;0.15;682.12;88.68;593.44;416.32;0
2023-003302;06-21-2023;S1030;C00400;P2129;Tienda;Financiamiento;Cyber Week;1;454.45;0.1;454.45;68.17;386.28;401.84;1
2023-003303;12-06-2023;S1038;C00717;P2106;Tienda;Financiamiento;Sin Promo;4;415.28;0.1;1661.12;215.95;1445.17;310.34;0
2023-003304;06-09-2023;S1002;C00655;P2119;Call Center;Financiamiento;Sin Promo;1;610.46;0.2;610.46;79.36;531.1;363.73;0
2023-003305;12-09-2023;S1010;C00486;P2147;Marketplace;Financiamiento;Sin Promo;4;520.77;0.05;2083.08;249.97;1833.11;299.7;0
2023-003306;07-12-2023;S1014;C00332;P2159;Web;Billetera Digital;2x1;2;640.88;0.0;1281.76;153.81;1127.95;434.27;0
2023-003307;04-02-2023;S1005;C00219;P2141;Web;Tarjeta;2x1;2;749.24;0.1;1498.48;194.8;1303.68;384.64;0
2023-003308;07-29-2023;S1033;C00546;P2061;Call Center;Financiamiento;2x1;3;42.68;0.0;128.04;19.21;108.83;26.36;0
2023-003309;11-07-2023;S1027;C00669;P2009;Tienda;Financiamiento;Promo 10%;1;444.56;0.15;444.56;66.68;377.88;287.2;0
2023-003310;12-15-2023;S1033;C00620;P2078;Web;Financiamiento;Promo 15%;3;132.53;0.2;397.59;59.64;337.95;125.47;1
2023-003311;08-17-2023;S1002;C00628;P2025;Call Center;Financiamiento;2x1;1;664.27;0.0;664.27;86.36;577.91;394.63;0
2023-003312;12-21-2023;S1004;C00510;P2133;Marketplace;Tarjeta;Promo 10%;2;49.96;0.05;99.92;12.99;86.93;38.56;0
2023-003313;07-22-2023;S1027;C00686;P2023;Web;Efectivo;Promo 15%;5;450.29;0.15;2251.45;337.72;1913.73;346.8;0
2023-003314;12-28-2023;S1002;C00555;P2084;Call Center;Efectivo;Promo 15%;3;10.89;0.0;32.67;4.25;28.42;8.31;1
2023-003315;05-15-2023;S1026;C00745;P2093;Call Center;Transferencia;Black Friday;6;140.56;0.05;843.36;126.5;716.86;75.0;1
2023-003316;04-05-2023;S1021;C00552;P2131;Tienda;Tarjeta;Black Friday;1;157.54;0.2;157.54;23.63;133.91;119.6;0
2023-003317;06-24-2023;S1035;C00636;P2112;Tienda;Billetera Digital;Promo 10%;2;289.41;0.2;578.82;86.82;492.0;257.82;0
2023-003318;09-23-2023;S1044;C00110;P2160;Tienda;Efectivo;Cyber Week;3;771.61;0.05;2314.83;300.93;2013.9;418.28;0
2023-003319;03-01-2023;S1023;C00622;P2019;Call Center;Tarjeta;Promo 15%;1;447.71;0.05;447.71;67.16;380.55;283.84;0
2023-003320;05-08-2023;S1016;C00242;P2018;Tienda;Billetera Digital;Promo 15%;6;333.08;0.15;1998.48;239.82;1758.66;224.11;0
2023-003321;11-03-2023;S1013;C00322;P2090;Call Center;Tarjeta;2x1;1;105.3;0.15;105.3;12.64;92.66;72.93;0
2023-003322;07-26-2023;S1035;C00380;P2005;Marketplace;Financiamiento;Cyber Week;1;491.34;0.1;491.34;73.7;417.64;390.45;0
2023-003323;02-14-2023;S1020;C00511;P2071;Tienda;Billetera Digital;Black Friday;1;483.57;0.0;483.57;72.54;411.03;243.78;0
2023-003324;07-03-2023;S1023;C00580;P2029;Tienda;Transferencia;Sin Promo;1;442.35;0.1;442.35;66.35;376.0;271.13;0
2023-003325;05-18-2023;S1030;C00133;P2112;Call Center;Financiamiento;Cyber Week;5;361.76;0.0;1808.8;271.32;1537.48;257.82;1
2023-003326;12-12-2023;S1020;C00588;P2128;Call Center;Efectivo;Promo 15%;1;557.39;0.0;557.39;83.61;473.78;269.57;0
2023-003327;09-27-2023;S1016;C00006;P2086;Tienda;Tarjeta;Promo 15%;1;103.74;0.05;103.74;12.45;91.29;70.05;0
2023-003328;01-11-2023;S1029;C00304;P2107;Marketplace;Financiamiento;Promo 15%;2;322.0;0.0;644.0;96.6;547.4;196.36;1
2023-003329;10-26-2023;S1008;C00164;P2134;Marketplace;Billetera Digital;Cyber Week;3;229.48;0.05;688.44;89.5;598.94;153.79;0
2023-003330;01-28-2023;S1030;C00332;P2113;Web;Billetera Digital;2x1;1;267.88;0.1;267.88;40.18;227.7;139.53;0
2023-003331;04-21-2023;S1030;C00347;P2109;Web;Financiamiento;Black Friday;2;166.62;0.2;333.24;49.99;283.25;141.94;1
2023-003332;04-28-2023;S1010;C00626;P2108;Marketplace;Transferencia;Promo 15%;2;226.7;0.2;453.4;54.41;398.99;144.01;0
2023-003333;11-13-2023;S1004;C00417;P2048;Call Center;Efectivo;Cyber Week;1;272.14;0.15;272.14;35.38;236.76;183.57;0
2023-003334;03-05-2023;S1021;C00030;P2067;Web;Financiamiento;Sin Promo;3;582.45;0.0;1747.35;262.1;1485.25;420.88;0
2023-003335;12-25-2023;S1035;C00756;P2120;Web;Transferencia;Promo 15%;3;189.52;0.05;568.56;85.28;483.28;113.2;1
2023-003336;11-24-2023;S1017;C00617;P2046;Web;Tarjeta;Promo 15%;2;344.44;0.05;688.88;82.67;606.21;192.92;0
2023-003337;03-12-2023;S1032;C00507;P2153;Web;Financiamiento;Black Friday;4;387.51;0.05;1550.04;232.51;1317.53;293.96;0
2023-003338;08-11-2023;S1039;C00134;P2134;Web;Efectivo;Promo 10%;4;229.48;0.05;917.92;119.33;798.59;153.79;0
2023-003339;06-30-2023;S1029;C00725;P2067;Call Center;Billetera Digital;Cyber Week;2;582.45;0.0;1164.9;174.74;990.16;420.88;0
2023-003340;08-18-2023;S1016;C00594;P2129;Tienda;Tarjeta;Promo 15%;3;429.21;0.15;1287.63;154.52;1133.11;401.84;1
2023-003341;01-18-2023;S1021;C00400;P2008;Call Center;Efectivo;Black Friday;1;874.23;0.0;874.23;131.13;743.1;421.75;0
2023-003342;04-13-2023;S1045;C00615;P2098;Web;Transferencia;Promo 10%;1;645.08;0.0;645.08;83.86;561.22;389.5;0
2023-003343;07-09-2023;S1001;C00273;P2111;Web;Tarjeta;Promo 15%;1;233.7;0.2;233.7;30.38;203.32;191.52;0
2023-003344;06-08-2023;S1040;C00673;P2144;Web;Billetera Digital;2x1;1;272.5;0.0;272.5;35.43;237.07;177.43;0
2023-003345;07-14-2023;S1014;C00470;P2154;Call Center;Efectivo;Cyber Week;1;659.89;0.1;659.89;79.19;580.7;427.53;1
2023-003346;09-19-2023;S1016;C00283;P2091;Marketplace;Financiamiento;Promo 15%;1;541.5;0.0;541.5;64.98;476.52;397.11;1
2023-003347;06-17-2023;S1035;C00680;P2019;Tienda;Financiamiento;2x1;4;400.58;0.15;1602.32;240.35;1361.97;283.84;1
2023-003348;10-27-2023;S1019;C00622;P2149;Call Center;Tarjeta;Black Friday;2;224.81;0.0;449.62;67.44;382.18;173.08;0
2023-003349;08-12-2023;S1040;C00777;P2050;Marketplace;Billetera Digital;Promo 10%;1;273.95;0.0;273.95;35.61;238.34;192.16;0
2023-003350;07-06-2023;S1006;C00442;P2158;Call Center;Tarjeta;Promo 15%;5;542.39;0.0;2711.95;352.55;2359.4;274.83;1
2023-003351;11-26-2023;S1035;C00290;P2136;Tienda;Financiamiento;Cyber Week;1;147.06;0.05;147.06;22.06;125.0;99.42;0
2023-003352;01-09-2023;S1017;C00791;P2154;Web;Efectivo;Sin Promo;3;623.23;0.15;1869.69;224.36;1645.33;427.53;0
2023-003353;04-08-2023;S1017;C00512;P2157;Call Center;Efectivo;2x1;1;212.21;0.05;212.21;25.47;186.74;118.28;0
2023-003354;05-25-2023;S1001;C00196;P2017;Tienda;Financiamiento;Black Friday;1;280.3;0.0;280.3;36.44;243.86;182.13;0
2023-003355;04-12-2023;S1006;C00548;P2070;Marketplace;Efectivo;Sin Promo;1;522.57;0.15;522.57;67.93;454.64;281.04;0
2023-003356;03-16-2023;S1017;C00387;P2004;Tienda;Transferencia;Promo 10%;3;543.65;0.0;1630.95;195.71;1435.24;298.92;0
2023-003357;10-11-2023;S1036;C00256;P2141;Tienda;Financiamiento;Black Friday;3;832.49;0.0;2497.47;374.62;2122.85;384.64;1
2023-003358;10-13-2023;S1039;C00598;P2130;Tienda;Transferencia;Promo 10%;2;701.29;0.0;1402.58;182.34;1220.24;404.15;1
2023-003359;07-13-2023;S1044;C00056;P2086;Call Center;Efectivo;Promo 10%;2;98.28;0.1;196.56;25.55;171.01;70.05;1
2023-003360;12-15-2023;S1038;C00126;P2052;Call Center;Financiamiento;Black Friday;1;89.96;0.05;89.96;11.69;78.27;47.67;0
2023-003361;11-12-2023;S1023;C00741;P2057;Call Center;Efectivo;2x1;1;419.8;0.0;419.8;62.97;356.83;314.68;0
2023-003362;05-03-2023;S1038;C00469;P2026;Call Center;Transferencia;2x1;5;367.94;0.2;1839.7;239.16;1600.54;230.43;0
2023-003363;04-29-2023;S1007;C00061;P2098;Web;Transferencia;Cyber Week;2;645.08;0.0;1290.16;167.72;1122.44;389.5;0
2023-003364;01-16-2023;S1012;C00420;P2124;Marketplace;Transferencia;Promo 15%;1;404.34;0.15;404.34;48.52;355.82;351.18;0
2023-003365;10-13-2023;S1008;C00564;P2108;Call Center;Transferencia;Promo 10%;1;255.04;0.1;255.04;33.16;221.88;144.01;0
2023-003366;01-25-2023;S1014;C00164;P2121;Tienda;Transferencia;Promo 15%;1;334.22;0.2;334.22;40.11;294.11;207.12;1
2023-003367;08-22-2023;S1028;C00678;P2134;Web;Tarjeta;Sin Promo;2;241.56;0.0;483.12;72.47;410.65;153.79;0
2023-003368;08-06-2023;S1037;C00300;P2152;Call Center;Transferencia;Cyber Week;4;499.51;0.0;1998.04;259.75;1738.29;338.06;0
2023-003369;10-21-2023;S1042;C00624;P2148;Marketplace;Financiamiento;2x1;2;573.59;0.15;1147.18;149.13;998.05;390.62;0
2023-003370;01-05-2023;S1002;C00200;P2156;Marketplace;Efectivo;2x1;4;69.22;0.15;276.88;35.99;240.89;55.02;0
2023-003371;10-30-2023;S1022;C00230;P2155;Marketplace;Transferencia;Cyber Week;1;149.46;0.05;149.46;22.42;127.04;71.96;0
2023-003372;11-18-2023;S1007;C00638;P2148;Web;Efectivo;Black Friday;4;674.81;0.0;2699.24;350.9;2348.34;390.62;1
2023-003373;01-05-2023;S1007;C00382;P2005;Web;Transferencia;2x1;1;518.63;0.05;518.63;67.42;451.21;390.45;1
2023-003374;02-10-2023;S1021;C00641;P2105;Marketplace;Financiamiento;Cyber Week;2;676.15;0.0;1352.3;202.84;1149.46;320.12;1
2023-003375;10-11-2023;S1013;C00451;P2141;Marketplace;Transferencia;Promo 15%;1;707.62;0.15;707.62;84.91;622.71;384.64;0
2023-003376;10-27-2023;S1039;C00131;P2148;Marketplace;Billetera Digital;Sin Promo;1;674.81;0.0;674.81;87.73;587.08;390.62;0
2023-003377;10-07-2023;S1036;C00505;P2008;Marketplace;Billetera Digital;Promo 10%;2;874.23;0.0;1748.46;262.27;1486.19;421.75;0
2023-003378;11-30-2023;S1043;C00721;P2019;Tienda;Transferencia;Black Friday;2;471.27;0.0;942.54;122.53;820.01;283.84;0
2023-003379;07-19-2023;S1044;C00771;P2125;Marketplace;Financiamiento;Sin Promo;1;310.19;0.1;310.19;40.32;269.87;235.01;0
2023-003380;05-24-2023;S1003;C00083;P2112;Call Center;Tarjeta;Promo 15%;1;307.5;0.15;307.5;39.98;267.52;257.82;0
2023-003381;12-05-2023;S1008;C00700;P2124;Call Center;Transferencia;Cyber Week;4;404.34;0.15;1617.36;210.26;1407.1;351.18;1
2023-003382;03-02-2023;S1023;C00110;P2011;Web;Efectivo;2x1;1;373.08;0.05;373.08;55.96;317.12;309.34;0
2023-003383;05-22-2023;S1016;C00486;P2071;Web;Transferencia;Cyber Week;1;483.57;0.0;483.57;58.03;425.54;243.78;1
2023-003384;11-23-2023;S1020;C00110;P2145;Marketplace;Efectivo;Promo 15%;2;112.11;0.05;224.22;33.63;190.59;77.61;0
2023-003385;10-10-2023;S1026;C00505;P2075;Web;Financiamiento;Sin Promo;1;551.05;0.05;551.05;82.66;468.39;301.87;0
2023-003386;03-16-2023;S1015;C00530;P2091;Web;Transferencia;Promo 15%;1;460.27;0.15;460.27;55.23;405.04;397.11;0
2023-003387;08-08-2023;S1006;C00472;P2059;Call Center;Billetera Digital;Black Friday;1;130.71;0.0;130.71;16.99;113.72;101.09;0
2023-003388;06-02-2023;S1043;C00597;P2027;Marketplace;Tarjeta;Black Friday;2;331.73;0.0;663.46;86.25;577.21;230.42;0
2023-003389;07-30-2023;S1044;C00328;P2109;Call Center;Financiamiento;Promo 10%;1;208.28;0.0;208.28;27.08;181.2;141.94;0
2023-003390;10-29-2023;S1041;C00612;P2097;Web;Financiamiento;Sin Promo;1;521.13;0.0;521.13;67.75;453.38;298.37;0
2023-003391;07-11-2023;S1045;C00267;P2051;Web;Efectivo;Cyber Week;1;855.46;0.0;855.46;111.21;744.25;394.02;0
2023-003392;09-18-2023;S1012;C00481;P2025;Web;Efectivo;2x1;1;564.63;0.15;564.63;67.76;496.87;394.63;0
2023-003393;03-07-2023;S1033;C00668;P2100;Call Center;Transferencia;Black Friday;1;457.58;0.2;457.58;68.64;388.94;422.9;1
2023-003394;02-20-2023;S1030;C00549;P2039;Call Center;Billetera Digital;Cyber Week;2;477.0;0.0;954.0;143.1;810.9;251.05;0
2023-003395;02-03-2023;S1035;C00572;P2045;Marketplace;Financiamiento;2x1;1;68.91;0.0;68.91;10.34;58.57;46.07;0
2023-003396;03-03-2023;S1037;C00414;P2050;Marketplace;Billetera Digital;Promo 10%;1;232.86;0.15;232.86;30.27;202.59;192.16;0
2023-003397;01-26-2023;S1021;C00450;P2156;Call Center;Billetera Digital;2x1;3;81.43;0.0;244.29;36.64;207.65;55.02;0
2023-003398;02-17-2023;S1024;C00419;P2131;Web;Billetera Digital;Promo 10%;3;196.93;0.0;590.79;88.62;502.17;119.6;1
2023-003399;05-24-2023;S1039;C00366;P2030;Call Center;Tarjeta;Cyber Week;1;541.44;0.0;541.44;70.39;471.05;418.38;0
2023-003400;04-26-2023;S1011;C00532;P2130;Call Center;Transferencia;Cyber Week;2;596.1;0.15;1192.2;143.06;1049.14;404.15;1
2023-003401;04-19-2023;S1011;C00400;P2047;Marketplace;Billetera Digital;Promo 15%;2;456.79;0.0;913.58;109.63;803.95;295.44;0
2023-003402;01-01-2023;S1035;C00337;P2147;Marketplace;Billetera Digital;Promo 10%;2;548.18;0.0;1096.36;164.45;931.91;299.7;0
2023-003403;09-11-2023;S1022;C00146;P2124;Marketplace;Financiamiento;2x1;4;404.34;0.15;1617.36;242.6;1374.76;351.18;0
2023-003404;04-27-2023;S1009;C00052;P2037;Tienda;Transferencia;Promo 15%;1;561.42;0.1;561.42;72.98;488.44;405.23;1
2023-003405;04-19-2023;S1032;C00133;P2046;Marketplace;Tarjeta;Promo 10%;3;308.18;0.15;924.54;138.68;785.86;192.92;1
2023-003406;04-14-2023;S1013;C00627;P2153;Web;Financiamiento;Cyber Week;1;326.33;0.2;326.33;39.16;287.17;293.96;0
2023-003407;01-27-2023;S1030;C00562;P2056;Marketplace;Transferencia;Promo 15%;1;753.9;0.15;753.9;113.08;640.82;417.23;0
2023-003408;10-20-2023;S1008;C00457;P2142;Tienda;Billetera Digital;Promo 15%;3;493.89;0.0;1481.67;192.62;1289.05;331.65;0
2023-003409;08-28-2023;S1038;C00519;P2022;Tienda;Billetera Digital;Promo 10%;1;404.94;0.1;404.94;52.64;352.3;325.44;0
2023-003410;06-11-2023;S1025;C00102;P2066;Call Center;Transferencia;Cyber Week;6;472.24;0.1;2833.44;425.02;2408.42;297.19;0
2023-003411;12-31-2023;S1040;C00234;P2056;Call Center;Tarjeta;Promo 10%;3;886.94;0.0;2660.82;345.91;2314.91;417.23;0
2023-003412;06-10-2023;S1036;C00259;P2053;Call Center;Tarjeta;Sin Promo;2;841.05;0.1;1682.1;252.31;1429.79;436.17;0
2023-003413;10-22-2023;S1024;C00624;P2135;Call Center;Transferencia;Promo 10%;1;152.93;0.0;152.93;22.94;129.99;71.27;0
2023-003414;11-18-2023;S1019;C00376;P2072;Call Center;Efectivo;Promo 15%;4;604.62;0.0;2418.48;362.77;2055.71;420.23;0
2023-003415;04-23-2023;S1005;C00674;P2011;Web;Tarjeta;2x1;1;392.72;0.0;392.72;51.05;341.67;309.34;0
2023-003416;06-29-2023;S1041;C00030;P2137;Call Center;Financiamiento;Sin Promo;1;407.3;0.05;407.3;52.95;354.35;246.0;0
2023-003417;08-14-2023;S1024;C00029;P2091;Tienda;Billetera Digital;Promo 15%;2;541.5;0.0;1083.0;162.45;920.55;397.11;1
2023-003418;07-06-2023;S1010;C00713;P2081;Web;Billetera Digital;Black Friday;3;399.31;0.0;1197.93;143.75;1054.18;192.91;1
2023-003419;03-08-2023;S1036;C00436;P2110;Marketplace;Efectivo;2x1;3;395.88;0.05;1187.64;178.15;1009.49;314.95;0
2023-003420;02-22-2023;S1043;C00020;P2149;Marketplace;Financiamiento;Black Friday;2;224.81;0.0;449.62;58.45;391.17;173.08;0
2023-003421;12-19-2023;S1043;C00399;P2089;Tienda;Billetera Digital;Black Friday;3;699.71;0.05;2099.13;272.89;1826.24;351.93;0
2023-003422;06-18-2023;S1034;C00157;P2140;Tienda;Billetera Digital;Cyber Week;3;14.41;0.0;43.23;6.48;36.75;6.63;0
2023-003423;03-13-2023;S1032;C00789;P2129;Marketplace;Tarjeta;Black Friday;2;479.7;0.05;959.4;143.91;815.49;401.84;1
2023-003424;08-26-2023;S1007;C00348;P2041;Tienda;Transferencia;2x1;2;44.19;0.05;88.38;11.49;76.89;34.06;0
2023-003425;02-24-2023;S1037;C00443;P2128;Tienda;Transferencia;2x1;5;445.91;0.2;2229.55;289.84;1939.71;269.57;1
2023-003426;02-05-2023;S1026;C00662;P2153;Call Center;Transferencia;2x1;3;407.91;0.0;1223.73;183.56;1040.17;293.96;0
2023-003427;06-23-2023;S1042;C00217;P2125;Web;Financiamiento;Sin Promo;1;344.65;0.0;344.65;44.8;299.85;235.01;0
2023-003428;08-02-2023;S1040;C00075;P2154;Call Center;Efectivo;Black Friday;4;733.21;0.0;2932.84;381.27;2551.57;427.53;0
2023-003429;01-28-2023;S1035;C00166;P2015;Marketplace;Efectivo;Promo 10%;3;165.08;0.05;495.24;74.29;420.95;122.14;0
2023-003430;09-17-2023;S1007;C00244;P2082;Call Center;Efectivo;Promo 10%;2;239.21;0.15;478.42;62.19;416.23;152.77;0
2023-003431;05-21-2023;S1018;C00101;P2149;Web;Financiamiento;Cyber Week;1;224.81;0.0;224.81;26.98;197.83;173.08;0
2023-003432;07-09-2023;S1030;C00549;P2137;Web;Billetera Digital;Promo 10%;4;364.43;0.15;1457.72;218.66;1239.06;246.0;0
2023-003433;07-18-2023;S1018;C00624;P2082;Call Center;Efectivo;Sin Promo;1;281.42;0.0;281.42;33.77;247.65;152.77;0
2023-003434;04-29-2023;S1029;C00796;P2147;Marketplace;Billetera Digital;2x1;1;548.18;0.0;548.18;82.23;465.95;299.7;0
2023-003435;04-28-2023;S1027;C00511;P2156;Call Center;Efectivo;Black Friday;1;73.29;0.1;73.29;10.99;62.3;55.02;0
2023-003436;02-11-2023;S1030;C00751;P2151;Call Center;Billetera Digital;Black Friday;1;246.17;0.0;246.17;36.93;209.24;116.51;0
2023-003437;04-09-2023;S1008;C00582;P2132;Marketplace;Billetera Digital;Promo 10%;2;321.61;0.0;643.22;83.62;559.6;220.13;1
2023-003438;08-08-2023;S1036;C00048;P2119;Marketplace;Financiamiento;Black Friday;2;648.62;0.15;1297.24;194.59;1102.65;363.73;0
2023-003439;12-25-2023;S1017;C00041;P2121;Marketplace;Billetera Digital;Sin Promo;4;417.78;0.0;1671.12;200.53;1470.59;207.12;0
2023-003440;09-24-2023;S1011;C00140;P2143;Web;Efectivo;Black Friday;2;149.12;0.15;298.24;35.79;262.45;101.86;0
2023-003441;09-09-2023;S1011;C00605;P2017;Web;Efectivo;Black Friday;1;280.3;0.0;280.3;33.64;246.66;182.13;0
2023-003442;12-27-2023;S1045;C00471;P2123;Web;Billetera Digital;2x1;1;175.11;0.0;175.11;22.76;152.35;112.82;0
2023-003443;07-10-2023;S1004;C00605;P2056;Tienda;Transferencia;Cyber Week;1;886.94;0.0;886.94;115.3;771.64;417.23;0
2023-003444;09-06-2023;S1024;C00036;P2026;Marketplace;Tarjeta;Promo 10%;1;459.92;0.0;459.92;68.99;390.93;230.43;0
2023-003445;11-14-2023;S1037;C00009;P2012;Web;Transferencia;Black Friday;3;788.33;0.0;2364.99;307.45;2057.54;363.05;0
2023-003446;03-02-2023;S1005;C00506;P2063;Call Center;Tarjeta;2x1;2;70.41;0.0;140.82;18.31;122.51;34.56;0
2023-003447;08-24-2023;S1016;C00610;P2122;Marketplace;Efectivo;Cyber Week;2;647.54;0.05;1295.08;155.41;1139.67;324.38;0
2023-003448;01-06-2023;S1001;C00466;P2096;Marketplace;Transferencia;Promo 15%;1;508.8;0.2;508.8;66.14;442.66;369.96;0
2023-003449;11-07-2023;S1004;C00710;P2002;Marketplace;Efectivo;2x1;1;232.13;0.2;232.13;30.18;201.95;134.76;0
2023-003450;08-21-2023;S1031;C00113;P2025;Marketplace;Efectivo;2x1;1;631.06;0.05;631.06;94.66;536.4;394.63;0
2023-003451;05-11-2023;S1034;C00738;P2004;Tienda;Efectivo;Promo 10%;1;516.47;0.05;516.47;77.47;439.0;298.92;0
2023-003452;10-30-2023;S1005;C00008;P2115;Web;Financiamiento;Black Friday;5;372.57;0.0;1862.85;242.17;1620.68;201.2;0
2023-003453;01-24-2023;S1028;C00250;P2124;Web;Transferencia;Cyber Week;2;380.55;0.2;761.1;114.17;646.93;351.18;0
2023-003454;07-11-2023;S1040;C00069;P2104;Tienda;Efectivo;Black Friday;4;596.9;0.15;2387.6;310.39;2077.21;405.18;0
2023-003455;01-09-2023;S1028;C00344;P2032;Web;Billetera Digital;Cyber Week;4;466.57;0.0;1866.28;279.94;1586.34;330.43;0
2023-003456;08-30-2023;S1013;C00362;P2003;Marketplace;Tarjeta;Sin Promo;5;432.41;0.15;2162.05;259.45;1902.6;261.5;0
2023-003457;09-10-2023;S1011;C00109;P2156;Call Center;Billetera Digital;Promo 10%;2;77.36;0.05;154.72;18.57;136.15;55.02;0
2023-003458;04-24-2023;S1029;C00054;P2144;Marketplace;Financiamiento;Sin Promo;1;272.5;0.0;272.5;40.88;231.62;177.43;0
2023-003459;06-19-2023;S1023;C00044;P2087;Web;Tarjeta;Black Friday;2;275.21;0.15;550.42;82.56;467.86;166.63;0
2023-003460;05-31-2023;S1001;C00020;P2086;Marketplace;Tarjeta;Promo 15%;3;98.28;0.1;294.84;38.33;256.51;70.05;0
2023-003461;12-19-2023;S1021;C00439;P2138;Marketplace;Billetera Digital;Sin Promo;3;720.1;0.0;2160.3;324.05;1836.25;375.47;0
2023-003462;02-01-2023;S1040;C00294;P2049;Web;Financiamiento;Sin Promo;5;150.36;0.05;751.8;97.73;654.07;89.45;0
2023-003463;02-08-2023;S1008;C00344;P2095;Tienda;Billetera Digital;Sin Promo;2;729.93;0.0;1459.86;189.78;1270.08;368.2;0
2023-003464;02-23-2023;S1023;C00621;P2034;Call Center;Efectivo;Black Friday;2;262.95;0.0;525.9;78.88;447.02;122.22;0
2023-003465;08-25-2023;S1037;C00167;P2042;Tienda;Billetera Digital;Black Friday;6;401.39;0.0;2408.34;313.08;2095.26;233.31;0
2023-003466;09-26-2023;S1040;C00382;P2136;Marketplace;Efectivo;Sin Promo;2;147.06;0.05;294.12;38.24;255.88;99.42;1
2023-003467;03-02-2023;S1045;C00165;P2035;Marketplace;Tarjeta;2x1;3;906.6;0.0;2719.8;353.57;2366.23;418.3;0
2023-003468;04-20-2023;S1024;C00501;P2078;Web;Billetera Digital;Black Friday;2;149.09;0.1;298.18;44.73;253.45;125.47;0
2023-003469;07-17-2023;S1026;C00188;P2160;Call Center;Transferencia;Sin Promo;5;812.22;0.0;4061.1;609.16;3451.94;418.28;0
2023-003470;10-08-2023;S1029;C00505;P2050;Call Center;Transferencia;2x1;2;273.95;0.0;547.9;82.18;465.72;192.16;0
2023-003471;10-28-2023;S1035;C00629;P2121;Web;Efectivo;Sin Promo;2;334.22;0.2;668.44;100.27;568.17;207.12;1
2023-003472;08-13-2023;S1030;C00242;P2007;Call Center;Billetera Digital;2x1;2;212.03;0.0;424.06;63.61;360.45;162.45;1
2023-003473;02-18-2023;S1005;C00596;P2141;Marketplace;Tarjeta;Cyber Week;1;749.24;0.1;749.24;97.4;651.84;384.64;0
2023-003474;01-04-2023;S1014;C00141;P2122;Web;Efectivo;Promo 10%;3;613.46;0.1;1840.38;220.85;1619.53;324.38;0
2023-003475;07-28-2023;S1015;C00696;P2150;Call Center;Financiamiento;2x1;1;234.07;0.0;234.07;28.09;205.98;154.53;0
2023-003476;11-12-2023;S1023;C00087;P2056;Tienda;Billetera Digital;Cyber Week;1;709.55;0.2;709.55;106.43;603.12;417.23;0
2023-003477;02-12-2023;S1023;C00402;P2026;Web;Billetera Digital;2x1;1;413.93;0.1;413.93;62.09;351.84;230.43;0
2023-003478;09-19-2023;S1044;C00678;P2089;Web;Billetera Digital;Sin Promo;1;736.54;0.0;736.54;95.75;640.79;351.93;0
2023-003479;02-08-2023;S1031;C00021;P2139;Web;Financiamiento;Promo 15%;1;20.28;0.0;20.28;3.04;17.24;12.71;1
2023-003480;09-27-2023;S1032;C00344;P2084;Call Center;Efectivo;Black Friday;3;10.35;0.05;31.05;4.66;26.39;8.31;1
2023-003481;11-27-2023;S1007;C00471;P2113;Web;Financiamiento;Promo 10%;1;267.88;0.1;267.88;34.82;233.06;139.53;0
2023-003482;09-29-2023;S1029;C00068;P2130;Marketplace;Efectivo;Promo 10%;1;701.29;0.0;701.29;105.19;596.1;404.15;0
2023-003483;03-12-2023;S1014;C00769;P2146;Tienda;Billetera Digital;Cyber Week;1;311.26;0.0;311.26;37.35;273.91;242.22;0
2023-003484;04-05-2023;S1035;C00136;P2060;Web;Billetera Digital;Black Friday;4;364.09;0.05;1456.36;218.45;1237.91;245.82;0
2023-003485;12-03-2023;S1002;C00420;P2114;Web;Efectivo;Sin Promo;5;554.0;0.0;2770.0;360.1;2409.9;274.57;0
2023-003486;05-16-2023;S1034;C00723;P2081;Call Center;Transferencia;Promo 10%;1;319.45;0.2;319.45;47.92;271.53;192.91;0
2023-003487;01-31-2023;S1012;C00480;P2115;Marketplace;Transferencia;Promo 10%;1;298.06;0.2;298.06;35.77;262.29;201.2;0
2023-003488;06-28-2023;S1030;C00573;P2077;Tienda;Tarjeta;Black Friday;1;715.22;0.1;715.22;107.28;607.94;400.81;1
2023-003489;08-25-2023;S1027;C00512;P2089;Marketplace;Tarjeta;Sin Promo;1;736.54;0.0;736.54;110.48;626.06;351.93;1
2023-003490;02-02-2023;S1045;C00328;P2091;Marketplace;Tarjeta;Promo 10%;1;460.27;0.15;460.27;59.84;400.43;397.11;0
2023-003491;06-25-2023;S1007;C00189;P2147;Web;Billetera Digital;2x1;3;548.18;0.0;1644.54;213.79;1430.75;299.7;0
2023-003492;01-31-2023;S1002;C00257;P2157;Tienda;Efectivo;Black Friday;1;212.21;0.05;212.21;27.59;184.62;118.28;0
2023-003493;10-29-2023;S1002;C00174;P2086;Call Center;Billetera Digital;Black Friday;1;109.2;0.0;109.2;14.2;95.0;70.05;0
2023-003494;05-26-2023;S1032;C00075;P2104;Tienda;Billetera Digital;Sin Promo;5;667.12;0.05;3335.6;500.34;2835.26;405.18;0
2023-003495;05-22-2023;S1033;C00083;P2025;Marketplace;Financiamiento;Cyber Week;1;664.27;0.0;664.27;99.64;564.63;394.63;0
2023-003496;09-14-2023;S1035;C00532;P2027;Call Center;Tarjeta;Sin Promo;3;331.73;0.0;995.19;149.28;845.91;230.42;0
2023-003497;06-28-2023;S1028;C00514;P2022;Web;Transferencia;Black Friday;1;449.93;0.0;449.93;67.49;382.44;325.44;0
2023-003498;03-23-2023;S1043;C00708;P2097;Call Center;Efectivo;Promo 15%;1;521.13;0.0;521.13;67.75;453.38;298.37;0
2023-003499;11-11-2023;S1037;C00066;P2027;Web;Efectivo;Cyber Week;3;331.73;0.0;995.19;129.37;865.82;230.42;0
2023-003500;12-05-2023;S1015;C00623;P2128;Tienda;Financiamiento;Black Friday;2;557.39;0.0;1114.78;133.77;981.01;269.57;0
2023-003501;07-02-2023;S1040;C00042;P2141;Call Center;Transferencia;Sin Promo;1;707.62;0.15;707.62;91.99;615.63;384.64;1
2023-003502;11-20-2023;S1039;C00490;P2132;Tienda;Tarjeta;Black Friday;2;321.61;0.0;643.22;83.62;559.6;220.13;0
2023-003503;06-29-2023;S1025;C00350;P2031;Tienda;Financiamiento;2x1;2;193.42;0.05;386.84;58.03;328.81;111.43;0
2023-003504;08-30-2023;S1036;C00040;P2015;Web;Financiamiento;Sin Promo;6;165.08;0.05;990.48;148.57;841.91;122.14;0
2023-003505;12-30-2023;S1005;C00610;P2031;Marketplace;Efectivo;Sin Promo;1;203.6;0.0;203.6;26.47;177.13;111.43;0
2023-003506;01-11-2023;S1018;C00465;P2063;Marketplace;Efectivo;Black Friday;1;59.85;0.15;59.85;7.18;52.67;34.56;0
2023-003507;09-28-2023;S1019;C00070;P2110;Marketplace;Billetera Digital;2x1;4;416.72;0.0;1666.88;250.03;1416.85;314.95;0
2023-003508;01-11-2023;S1005;C00524;P2119;Call Center;Tarjeta;2x1;3;610.46;0.2;1831.38;238.08;1593.3;363.73;0
2023-003509;01-01-2023;S1035;C00454;P2156;Web;Transferencia;Cyber Week;3;81.43;0.0;244.29;36.64;207.65;55.02;0
2023-003510;06-17-2023;S1018;C00572;P2065;Marketplace;Billetera Digital;Sin Promo;1;387.88;0.05;387.88;46.55;341.33;269.16;0
2023-003511;06-03-2023;S1043;C00453;P2065;Marketplace;Transferencia;2x1;1;367.46;0.1;367.46;47.77;319.69;269.16;1
2023-003512;11-05-2023;S1040;C00402;P2104;Call Center;Efectivo;Black Friday;1;702.23;0.0;702.23;91.29;610.94;405.18;0
2023-003513;02-19-2023;S1040;C00610;P2102;Tienda;Efectivo;Black Friday;5;450.78;0.1;2253.9;293.01;1960.89;270.07;0
2023-003514;04-07-2023;S1028;C00077;P2139;Marketplace;Tarjeta;Promo 15%;4;16.22;0.2;64.88;9.73;55.15;12.71;0
2023-003515;04-03-2023;S1010;C00308;P2110;Web;Financiamiento;2x1;3;333.38;0.2;1000.14;120.02;880.12;314.95;0
2023-003516;12-14-2023;S1036;C00136;P2112;Call Center;Tarjeta;2x1;1;361.76;0.0;361.76;54.26;307.5;257.82;0
2023-003517;01-30-2023;S1042;C00468;P2073;Web;Financiamiento;Black Friday;1;164.56;0.0;164.56;21.39;143.17;131.1;0
2023-003518;02-04-2023;S1031;C00480;P2099;Call Center;Billetera Digital;Cyber Week;2;265.11;0.1;530.22;79.53;450.69;231.19;0
2023-003519;03-26-2023;S1036;C00520;P2062;Tienda;Financiamiento;2x1;4;111.89;0.0;447.56;67.13;380.43;74.21;0
2023-003520;06-13-2023;S1002;C00125;P2111;Tienda;Billetera Digital;Cyber Week;1;233.7;0.2;233.7;30.38;203.32;191.52;0
2023-003521;08-01-2023;S1019;C00641;P2009;Marketplace;Financiamiento;Cyber Week;2;523.01;0.0;1046.02;156.9;889.12;287.2;0
2023-003522;12-08-2023;S1009;C00155;P2129;Tienda;Financiamiento;Black Friday;1;403.96;0.2;403.96;52.51;351.45;401.84;0
2023-003523;01-14-2023;S1024;C00770;P2095;Marketplace;Efectivo;Black Friday;3;620.44;0.15;1861.32;279.2;1582.12;368.2;0
2023-003524;11-02-2023;S1020;C00733;P2062;Marketplace;Tarjeta;2x1;1;95.11;0.15;95.11;14.27;80.84;74.21;1
2023-003525;01-06-2023;S1026;C00311;P2010;Tienda;Efectivo;Promo 15%;4;363.68;0.1;1454.72;218.21;1236.51;210.17;0
2023-003526;07-30-2023;S1009;C00231;P2037;Web;Financiamiento;Black Friday;2;623.8;0.0;1247.6;162.19;1085.41;405.23;1
2023-003527;08-14-2023;S1044;C00470;P2113;Tienda;Transferencia;Promo 10%;1;238.12;0.2;238.12;30.96;207.16;139.53;0
2023-003528;01-29-2023;S1026;C00174;P2102;Marketplace;Tarjeta;Black Friday;2;500.87;0.0;1001.74;150.26;851.48;270.07;0
2023-003529;05-25-2023;S1017;C00041;P2026;Marketplace;Transferencia;Sin Promo;1;413.93;0.1;413.93;49.67;364.26;230.43;0
2023-003530;04-15-2023;S1033;C00093;P2018;Marketplace;Transferencia;2x1;1;372.27;0.05;372.27;55.84;316.43;224.11;0
2023-003531;06-26-2023;S1037;C00600;P2068;Call Center;Tarjeta;Promo 15%;1;246.4;0.0;246.4;32.03;214.37;122.46;1
2023-003532;12-29-2023;S1008;C00292;P2143;Web;Billetera Digital;Promo 10%;1;175.44;0.0;175.44;22.81;152.63;101.86;0
2023-003533;10-03-2023;S1033;C00331;P2025;Web;Tarjeta;Promo 10%;3;664.27;0.0;1992.81;298.92;1693.89;394.63;1
2023-003534;02-25-2023;S1037;C00344;P2045;Web;Tarjeta;2x1;3;65.46;0.05;196.38;25.53;170.85;46.07;1
2023-003535;12-14-2023;S1037;C00596;P2151;Marketplace;Financiamiento;Promo 15%;2;221.55;0.1;443.1;57.6;385.5;116.51;1
2023-003536;08-25-2023;S1022;C00009;P2076;Call Center;Billetera Digital;2x1;3;87.77;0.1;263.31;39.5;223.81;50.2;0
2023-003537;07-08-2023;S1017;C00167;P2049;Call Center;Efectivo;2x1;3;150.36;0.05;451.08;54.13;396.95;89.45;0
2023-003538;09-21-2023;S1033;C00169;P2067;Marketplace;Billetera Digital;Cyber Week;3;495.08;0.15;1485.24;222.79;1262.45;420.88;0
2023-003539;12-04-2023;S1007;C00088;P2119;Tienda;Tarjeta;Sin Promo;1;763.08;0.0;763.08;99.2;663.88;363.73;1
2023-003540;10-13-2023;S1035;C00208;P2056;Web;Tarjeta;Promo 10%;3;798.25;0.1;2394.75;359.21;2035.54;417.23;0
2023-003541;08-23-2023;S1003;C00198;P2026;Web;Financiamiento;2x1;4;459.92;0.0;1839.68;239.16;1600.52;230.43;1
2023-003542;02-26-2023;S1016;C00724;P2047;Tienda;Billetera Digital;Black Friday;6;456.79;0.0;2740.74;328.89;2411.85;295.44;0
2023-003543;08-27-2023;S1017;C00070;P2110;Tienda;Financiamiento;Sin Promo;5;395.88;0.05;1979.4;237.53;1741.87;314.95;0
2023-003544;07-01-2023;S1024;C00757;P2085;Marketplace;Billetera Digital;Promo 15%;2;29.47;0.05;58.94;8.84;50.1;20.07;0
2023-003545;04-11-2023;S1043;C00702;P2076;Call Center;Billetera Digital;Promo 10%;1;82.89;0.15;82.89;10.78;72.11;50.2;0
2023-003546;05-17-2023;S1030;C00303;P2080;Marketplace;Transferencia;Promo 15%;3;301.79;0.0;905.37;135.81;769.56;221.89;0
2023-003547;05-21-2023;S1003;C00640;P2041;Marketplace;Transferencia;Black Friday;1;41.87;0.1;41.87;5.44;36.43;34.06;0
2023-003548;02-13-2023;S1038;C00373;P2090;Tienda;Financiamiento;Promo 15%;2;117.69;0.05;235.38;30.6;204.78;72.93;0
2023-003549;07-13-2023;S1004;C00759;P2141;Tienda;Efectivo;Cyber Week;1;749.24;0.1;749.24;97.4;651.84;384.64;0
2023-003550;02-05-2023;S1010;C00068;P2066;Web;Efectivo;Sin Promo;2;472.24;0.1;944.48;113.34;831.14;297.19;0
2023-003551;08-28-2023;S1038;C00604;P2082;Call Center;Transferencia;Promo 15%;2;239.21;0.15;478.42;62.19;416.23;152.77;0
2023-003552;08-16-2023;S1020;C00704;P2108;Call Center;Billetera Digital;Black Friday;1;283.38;0.0;283.38;42.51;240.87;144.01;0
2023-003553;09-26-2023;S1026;C00568;P2031;Web;Transferencia;Black Friday;2;203.6;0.0;407.2;61.08;346.12;111.43;0
2023-003554;07-28-2023;S1030;C00528;P2046;Web;Transferencia;Black Friday;5;290.06;0.2;1450.3;217.54;1232.76;192.92;0
2023-003555;08-31-2023;S1033;C00416;P2034;Tienda;Efectivo;Sin Promo;2;262.95;0.0;525.9;78.88;447.02;122.22;0
2023-003556;11-16-2023;S1028;C00007;P2136;Marketplace;Transferencia;Promo 10%;4;154.8;0.0;619.2;92.88;526.32;99.42;0
2023-003557;03-05-2023;S1018;C00494;P2126;Web;Financiamiento;Promo 15%;3;684.14;0.0;2052.42;246.29;1806.13;413.19;0
2023-003558;04-03-2023;S1003;C00792;P2117;Call Center;Billetera Digital;Promo 15%;1;84.2;0.0;84.2;10.95;73.25;41.82;0
2023-003559;08-05-2023;S1040;C00799;P2151;Marketplace;Billetera Digital;Promo 15%;1;233.86;0.05;233.86;30.4;203.46;116.51;0
2023-003560;05-26-2023;S1005;C00645;P2124;Tienda;Tarjeta;Promo 10%;2;380.55;0.2;761.1;98.94;662.16;351.18;0
2023-003561;05-17-2023;S1011;C00776;P2009;Call Center;Transferencia;Promo 15%;5;523.01;0.0;2615.05;313.81;2301.24;287.2;0
2023-003562;09-11-2023;S1038;C00785;P2071;Web;Transferencia;Black Friday;1;483.57;0.0;483.57;62.86;420.71;243.78;0
2023-003563;08-17-2023;S1002;C00136;P2092;Tienda;Transferencia;Promo 15%;2;802.49;0.0;1604.98;208.65;1396.33;416.32;0
2023-003564;12-09-2023;S1022;C00335;P2023;Tienda;Billetera Digital;Sin Promo;1;529.75;0.0;529.75;79.46;450.29;346.8;0
2023-003565;10-26-2023;S1011;C00285;P2150;Tienda;Efectivo;Black Friday;2;234.07;0.0;468.14;56.18;411.96;154.53;0
2023-003566;10-23-2023;S1041;C00196;P2147;Web;Efectivo;Sin Promo;2;465.95;0.15;931.9;121.15;810.75;299.7;0
2023-003567;02-13-2023;S1019;C00133;P2012;Tienda;Efectivo;Promo 10%;1;788.33;0.0;788.33;118.25;670.08;363.05;0
2023-003568;07-31-2023;S1042;C00086;P2076;Marketplace;Billetera Digital;Promo 15%;3;87.77;0.1;263.31;34.23;229.08;50.2;0
2023-003569;03-14-2023;S1043;C00017;P2027;Call Center;Financiamiento;Promo 15%;2;315.14;0.05;630.28;81.94;548.34;230.42;0
2023-003570;09-09-2023;S1020;C00339;P2156;Marketplace;Financiamiento;Sin Promo;1;81.43;0.0;81.43;12.21;69.22;55.02;0
2023-003571;06-19-2023;S1012;C00067;P2003;Call Center;Billetera Digital;Promo 15%;1;406.98;0.2;406.98;48.84;358.14;261.5;0
2023-003572;03-22-2023;S1012;C00268;P2098;Marketplace;Tarjeta;Cyber Week;2;645.08;0.0;1290.16;154.82;1135.34;389.5;0
2023-003573;10-06-2023;S1030;C00779;P2137;Call Center;Tarjeta;2x1;2;428.74;0.0;857.48;128.62;728.86;246.0;0
2023-003574;10-30-2023;S1035;C00016;P2069;Web;Billetera Digital;2x1;1;191.55;0.0;191.55;28.73;162.82;145.02;0
2023-003575;03-30-2023;S1033;C00302;P2088;Marketplace;Efectivo;Black Friday;2;571.92;0.0;1143.84;171.58;972.26;308.2;1
2023-003576;12-03-2023;S1028;C00055;P2030;Marketplace;Financiamiento;Sin Promo;5;460.22;0.15;2301.1;345.16;1955.94;418.38;0
2023-003577;01-26-2023;S1038;C00685;P2006;Call Center;Billetera Digital;Sin Promo;2;402.01;0.0;804.02;104.52;699.5;287.52;0
2023-003578;01-23-2023;S1023;C00153;P2016;Marketplace;Efectivo;Promo 10%;3;172.59;0.0;517.77;77.67;440.1;121.18;0
2023-003579;11-21-2023;S1003;C00259;P2095;Call Center;Financiamiento;Promo 15%;2;693.43;0.05;1386.86;180.29;1206.57;368.2;0
2023-003580;03-07-2023;S1032;C00153;P2053;Web;Billetera Digital;Sin Promo;2;841.05;0.1;1682.1;252.31;1429.79;436.17;0
2023-003581;09-03-2023;S1002;C00001;P2149;Marketplace;Billetera Digital;Black Friday;2;224.81;0.0;449.62;58.45;391.17;173.08;0
2023-003582;03-01-2023;S1005;C00172;P2152;Marketplace;Billetera Digital;Promo 10%;3;399.61;0.2;1198.83;155.85;1042.98;338.06;0
2023-003583;08-02-2023;S1026;C00796;P2001;Tienda;Tarjeta;Black Friday;2;76.66;0.2;153.32;23.0;130.32;59.67;0
2023-003584;01-03-2023;S1030;C00701;P2101;Call Center;Tarjeta;Cyber Week;3;319.7;0.05;959.1;143.87;815.23;262.94;0
2023-003585;08-05-2023;S1022;C00528;P2027;Web;Billetera Digital;Promo 15%;3;298.56;0.1;895.68;134.35;761.33;230.42;0
2023-003586;05-03-2023;S1033;C00784;P2065;Call Center;Efectivo;2x1;1;326.63;0.2;326.63;48.99;277.64;269.16;0
2023-003587;12-17-2023;S1004;C00155;P2133;Marketplace;Tarjeta;Black Friday;1;47.33;0.1;47.33;6.15;41.18;38.56;0
2023-003588;03-12-2023;S1040;C00719;P2004;Marketplace;Tarjeta;Promo 15%;1;543.65;0.0;543.65;70.67;472.98;298.92;0
2023-003589;07-19-2023;S1035;C00246;P2060;Tienda;Tarjeta;2x1;2;383.25;0.0;766.5;114.97;651.53;245.82;0
2023-003590;03-29-2023;S1017;C00766;P2068;Tienda;Financiamiento;Promo 15%;1;246.4;0.0;246.4;29.57;216.83;122.46;0
2023-003591;01-13-2023;S1027;C00033;P2006;Marketplace;Financiamiento;Black Friday;2;402.01;0.0;804.02;120.6;683.42;287.52;0
2023-003592;05-28-2023;S1037;C00783;P2135;Call Center;Tarjeta;Sin Promo;1;145.28;0.05;145.28;18.89;126.39;71.27;1
2023-003593;07-04-2023;S1016;C00741;P2022;Call Center;Billetera Digital;Promo 10%;1;404.94;0.1;404.94;48.59;356.35;325.44;1
2023-003594;10-03-2023;S1038;C00496;P2048;Tienda;Efectivo;Promo 10%;3;320.16;0.0;960.48;124.86;835.62;183.57;0
2023-003595;12-11-2023;S1039;C00430;P2061;Call Center;Transferencia;Cyber Week;3;42.68;0.0;128.04;16.65;111.39;26.36;0
2023-003596;01-29-2023;S1016;C00307;P2118;Web;Financiamiento;Promo 10%;1;52.12;0.2;52.12;6.25;45.87;45.65;0
2023-003597;11-19-2023;S1037;C00258;P2025;Call Center;Financiamiento;Sin Promo;1;664.27;0.0;664.27;86.36;577.91;394.63;1
2023-003598;11-20-2023;S1019;C00723;P2019;Web;Billetera Digital;Promo 15%;1;447.71;0.05;447.71;67.16;380.55;283.84;0
2023-003599;03-16-2023;S1037;C00682;P2001;Web;Efectivo;2x1;3;95.82;0.0;287.46;37.37;250.09;59.67;0
2023-003600;09-03-2023;S1005;C00788;P2112;Web;Efectivo;Promo 15%;2;361.76;0.0;723.52;94.06;629.46;257.82;1
2023-003601;05-01-2023;S1007;C00491;P2096;Web;Efectivo;Promo 10%;2;636.0;0.0;1272.0;165.36;1106.64;369.96;0
2023-003602;12-04-2023;S1034;C00550;P2030;Call Center;Transferencia;Black Friday;1;541.44;0.0;541.44;81.22;460.22;418.38;0
2023-003603;06-06-2023;S1017;C00228;P2058;Call Center;Efectivo;Sin Promo;2;465.91;0.0;931.82;111.82;820.0;324.41;0
2023-003604;09-17-2023;S1005;C00589;P2114;Tienda;Billetera Digital;Cyber Week;3;498.6;0.1;1495.8;194.45;1301.35;274.57;0
2023-003605;05-28-2023;S1011;C00346;P2098;Web;Billetera Digital;2x1;1;516.06;0.2;516.06;61.93;454.13;389.5;0
2023-003606;07-02-2023;S1002;C00795;P2030;Web;Billetera Digital;Cyber Week;2;541.44;0.0;1082.88;140.77;942.11;418.38;0
2023-003607;04-27-2023;S1024;C00394;P2024;Web;Billetera Digital;2x1;1;284.64;0.1;284.64;42.7;241.94;197.91;0
2023-003608;11-13-2023;S1043;C00394;P2089;Web;Billetera Digital;Promo 10%;1;736.54;0.0;736.54;95.75;640.79;351.93;0
2023-003609;08-15-2023;S1021;C00216;P2121;Tienda;Transferencia;Promo 15%;2;334.22;0.2;668.44;100.27;568.17;207.12;0
2023-003610;05-19-2023;S1019;C00110;P2020;Marketplace;Efectivo;Black Friday;1;49.36;0.0;49.36;7.4;41.96;32.33;1
2023-003611;08-26-2023;S1013;C00327;P2136;Web;Efectivo;Promo 10%;2;147.06;0.05;294.12;35.29;258.83;99.42;0
2023-003612;05-10-2023;S1012;C00496;P2035;Marketplace;Transferencia;Cyber Week;1;861.27;0.05;861.27;103.35;757.92;418.3;0
2023-003613;11-23-2023;S1030;C00171;P2136;Web;Financiamiento;Black Friday;3;123.84;0.2;371.52;55.73;315.79;99.42;0
2023-003614;02-17-2023;S1001;C00463;P2108;Tienda;Tarjeta;2x1;5;283.38;0.0;1416.9;184.2;1232.7;144.01;0
2023-003615;04-21-2023;S1010;C00294;P2126;Marketplace;Transferencia;2x1;1;649.93;0.05;649.93;77.99;571.94;413.19;1
2023-003616;11-12-2023;S1008;C00347;P2027;Call Center;Tarjeta;Promo 15%;2;331.73;0.0;663.46;86.25;577.21;230.42;0
2023-003617;02-24-2023;S1014;C00196;P2055;Tienda;Billetera Digital;Promo 10%;1;126.69;0.1;126.69;15.2;111.49;77.43;0
2023-003618;04-26-2023;S1014;C00581;P2101;Marketplace;Transferencia;Sin Promo;1;336.53;0.0;336.53;40.38;296.15;262.94;0
2023-003619;04-16-2023;S1018;C00361;P2006;Tienda;Tarjeta;Cyber Week;3;402.01;0.0;1206.03;144.72;1061.31;287.52;1
2023-003620;05-05-2023;S1027;C00020;P2041;Call Center;Efectivo;Cyber Week;1;46.52;0.0;46.52;6.98;39.54;34.06;0
2023-003621;01-13-2023;S1044;C00282;P2014;Tienda;Tarjeta;2x1;2;430.19;0.0;860.38;111.85;748.53;296.33;0
2023-003622;10-04-2023;S1008;C00310;P2080;Call Center;Tarjeta;2x1;4;256.52;0.15;1026.08;133.39;892.69;221.89;0
2023-003623;07-21-2023;S1033;C00751;P2024;Call Center;Financiamiento;Promo 10%;5;284.64;0.1;1423.2;213.48;1209.72;197.91;0
2023-003624;09-04-2023;S1014;C00414;P2048;Marketplace;Billetera Digital;Black Friday;2;304.15;0.05;608.3;73.0;535.3;183.57;0
2023-003625;04-27-2023;S1015;C00760;P2080;Call Center;Transferencia;2x1;3;271.61;0.1;814.83;97.78;717.05;221.89;0
2023-003626;02-20-2023;S1043;C00321;P2154;Marketplace;Billetera Digital;Sin Promo;1;659.89;0.1;659.89;85.79;574.1;427.53;0
2023-003627;01-10-2023;S1008;C00248;P2055;Marketplace;Billetera Digital;Cyber Week;2;126.69;0.1;253.38;32.94;220.44;77.43;0
2023-003628;09-27-2023;S1019;C00785;P2037;Web;Efectivo;2x1;1;499.04;0.2;499.04;74.86;424.18;405.23;0
2023-003629;04-08-2023;S1024;C00118;P2113;Marketplace;Billetera Digital;Cyber Week;2;282.77;0.05;565.54;84.83;480.71;139.53;0
2023-003630;04-08-2023;S1037;C00368;P2036;Web;Tarjeta;2x1;1;288.63;0.0;288.63;37.52;251.11;143.03;0
2023-003631;04-11-2023;S1020;C00617;P2149;Call Center;Billetera Digital;Sin Promo;1;202.33;0.1;202.33;30.35;171.98;173.08;0
2023-003632;12-05-2023;S1019;C00058;P2051;Tienda;Tarjeta;Promo 15%;1;855.46;0.0;855.46;128.32;727.14;394.02;0
2023-003633;07-17-2023;S1045;C00184;P2100;Marketplace;Financiamiento;Promo 15%;3;457.58;0.2;1372.74;178.46;1194.28;422.9;0
2023-003634;03-17-2023;S1045;C00761;P2066;Marketplace;Billetera Digital;2x1;2;419.77;0.2;839.54;109.14;730.4;297.19;0
2023-003635;03-19-2023;S1030;C00325;P2147;Tienda;Tarjeta;Promo 15%;2;548.18;0.0;1096.36;164.45;931.91;299.7;0
2023-003636;01-02-2023;S1038;C00003;P2100;Tienda;Tarjeta;Black Friday;1;543.37;0.05;543.37;70.64;472.73;422.9;0
2023-003637;09-30-2023;S1031;C00323;P2090;Web;Billetera Digital;Sin Promo;4;105.3;0.15;421.2;63.18;358.02;72.93;0
2023-003638;12-22-2023;S1035;C00732;P2038;Tienda;Tarjeta;Promo 15%;2;139.95;0.0;279.9;41.98;237.92;104.22;0
2023-003639;10-15-2023;S1021;C00340;P2104;Web;Tarjeta;Promo 10%;2;596.9;0.15;1193.8;179.07;1014.73;405.18;0
2023-003640;12-27-2023;S1020;C00716;P2152;Marketplace;Efectivo;Black Friday;1;424.58;0.15;424.58;63.69;360.89;338.06;0
2023-003641;05-02-2023;S1032;C00381;P2074;Tienda;Tarjeta;Cyber Week;1;281.27;0.0;281.27;42.19;239.08;138.92;0
2023-003642;09-09-2023;S1010;C00326;P2134;Web;Billetera Digital;Promo 10%;3;193.25;0.2;579.75;69.57;510.18;153.79;0
2023-003643;03-06-2023;S1005;C00208;P2003;Marketplace;Tarjeta;Sin Promo;1;508.72;0.0;508.72;66.13;442.59;261.5;0
2023-003644;01-25-2023;S1039;C00761;P2115;Marketplace;Billetera Digital;2x1;2;335.31;0.1;670.62;87.18;583.44;201.2;1
2023-003645;01-14-2023;S1024;C00308;P2086;Web;Tarjeta;Black Friday;5;92.82;0.15;464.1;69.61;394.49;70.05;0
2023-003646;12-11-2023;S1035;C00510;P2145;Call Center;Efectivo;Sin Promo;3;112.11;0.05;336.33;50.45;285.88;77.61;0
2023-003647;01-26-2023;S1043;C00227;P2130;Web;Tarjeta;Black Friday;5;701.29;0.0;3506.45;455.84;3050.61;404.15;1
2023-003648;12-29-2023;S1006;C00167;P2104;Web;Financiamiento;Promo 15%;1;702.23;0.0;702.23;91.29;610.94;405.18;1
2023-003649;05-03-2023;S1029;C00475;P2001;Call Center;Efectivo;Cyber Week;2;95.82;0.0;191.64;28.75;162.89;59.67;1
2023-003650;06-27-2023;S1039;C00282;P2159;Web;Efectivo;Promo 10%;2;608.84;0.05;1217.68;158.3;1059.38;434.27;0
2023-003651;08-23-2023;S1010;C00138;P2081;Marketplace;Transferencia;Promo 15%;1;339.41;0.15;339.41;40.73;298.68;192.91;0
2023-003652;04-24-2023;S1018;C00045;P2126;Marketplace;Billetera Digital;Promo 10%;2;547.31;0.2;1094.62;131.35;963.27;413.19;0
2023-003653;01-05-2023;S1039;C00584;P2150;Call Center;Financiamiento;Promo 10%;1;222.37;0.05;222.37;28.91;193.46;154.53;1
2023-003654;01-16-2023;S1031;C00012;P2102;Web;Transferencia;2x1;1;500.87;0.0;500.87;75.13;425.74;270.07;0
2023-003655;10-07-2023;S1032;C00376;P2137;Web;Billetera Digital;Sin Promo;2;407.3;0.05;814.6;122.19;692.41;246.0;0
2023-003656;01-17-2023;S1020;C00746;P2099;Tienda;Tarjeta;Promo 10%;3;235.66;0.2;706.98;106.05;600.93;231.19;0
2023-003657;06-14-2023;S1026;C00207;P2035;Web;Efectivo;Promo 10%;2;906.6;0.0;1813.2;271.98;1541.22;418.3;1
2023-003658;06-22-2023;S1036;C00317;P2023;Marketplace;Efectivo;Cyber Week;2;529.75;0.0;1059.5;158.92;900.58;346.8;0
2023-003659;04-27-2023;S1044;C00186;P2003;Web;Financiamiento;Promo 15%;4;508.72;0.0;2034.88;264.53;1770.35;261.5;0
2023-003660;01-09-2023;S1008;C00573;P2119;Web;Efectivo;Sin Promo;1;763.08;0.0;763.08;99.2;663.88;363.73;0
2023-003661;07-15-2023;S1034;C00063;P2120;Call Center;Financiamiento;2x1;3;159.6;0.2;478.8;71.82;406.98;113.2;0
2023-003662;07-26-2023;S1036;C00189;P2154;Marketplace;Tarjeta;2x1;2;733.21;0.0;1466.42;219.96;1246.46;427.53;0
2023-003663;05-02-2023;S1040;C00285;P2129;Marketplace;Efectivo;Black Friday;1;504.95;0.0;504.95;65.64;439.31;401.84;0
2023-003664;09-20-2023;S1039;C00625;P2102;Tienda;Efectivo;Cyber Week;4;425.74;0.15;1702.96;221.38;1481.58;270.07;0
2023-003665;08-11-2023;S1001;C00298;P2142;Call Center;Billetera Digital;Sin Promo;1;469.2;0.05;469.2;61.0;408.2;331.65;0
2023-003666;07-20-2023;S1022;C00269;P2146;Marketplace;Tarjeta;Cyber Week;2;264.57;0.15;529.14;79.37;449.77;242.22;1
2023-003667;02-22-2023;S1032;C00123;P2113;Call Center;Tarjeta;Promo 10%;3;282.77;0.05;848.31;127.25;721.06;139.53;0
2023-003668;09-09-2023;S1044;C00617;P2017;Marketplace;Billetera Digital;2x1;4;252.27;0.1;1009.08;131.18;877.9;182.13;0
2023-003669;08-06-2023;S1028;C00322;P2071;Web;Financiamiento;Promo 15%;3;435.21;0.1;1305.63;195.84;1109.79;243.78;0
2023-003670;12-13-2023;S1021;C00181;P2108;Web;Financiamiento;2x1;5;283.38;0.0;1416.9;212.53;1204.37;144.01;1
2023-003671;06-02-2023;S1020;C00740;P2024;Marketplace;Billetera Digital;Promo 10%;2;253.02;0.2;506.04;75.91;430.13;197.91;0
2023-003672;05-29-2023;S1036;C00445;P2081;Marketplace;Transferencia;2x1;2;399.31;0.0;798.62;119.79;678.83;192.91;1
2023-003673;10-13-2023;S1045;C00222;P2136;Web;Financiamiento;Cyber Week;1;154.8;0.0;154.8;20.12;134.68;99.42;0
2023-003674;09-19-2023;S1011;C00219;P2097;Web;Billetera Digital;Sin Promo;1;416.9;0.2;416.9;50.03;366.87;298.37;0
2023-003675;09-06-2023;S1044;C00288;P2044;Tienda;Transferencia;2x1;2;454.08;0.0;908.16;118.06;790.1;214.81;1
2023-003676;07-07-2023;S1020;C00010;P2114;Web;Tarjeta;Cyber Week;5;554.0;0.0;2770.0;415.5;2354.5;274.57;0
2023-003677;11-22-2023;S1004;C00650;P2145;Call Center;Efectivo;2x1;6;94.41;0.2;566.46;73.64;492.82;77.61;0
2023-003678;08-21-2023;S1038;C00457;P2144;Tienda;Efectivo;Cyber Week;2;272.5;0.0;545.0;70.85;474.15;177.43;1
2023-003679;01-26-2023;S1042;C00520;P2069;Web;Tarjeta;2x1;1;191.55;0.0;191.55;24.9;166.65;145.02;0
2023-003680;10-17-2023;S1028;C00607;P2103;Tienda;Efectivo;Sin Promo;3;361.16;0.15;1083.48;162.52;920.96;274.37;0
2023-003681;04-10-2023;S1014;C00019;P2091;Marketplace;Tarjeta;Black Friday;1;487.35;0.1;487.35;58.48;428.87;397.11;0
2023-003682;06-23-2023;S1002;C00236;P2125;Call Center;Efectivo;2x1;1;275.72;0.2;275.72;35.84;239.88;235.01;0
2023-003683;10-13-2023;S1036;C00498;P2131;Tienda;Billetera Digital;Black Friday;1;196.93;0.0;196.93;29.54;167.39;119.6;0
2023-003684;05-26-2023;S1044;C00539;P2125;Call Center;Financiamiento;2x1;3;344.65;0.0;1033.95;134.41;899.54;235.01;1
2023-003685;07-15-2023;S1006;C00189;P2087;Web;Billetera Digital;Cyber Week;3;307.59;0.05;922.77;119.96;802.81;166.63;0
2023-003686;12-07-2023;S1032;C00706;P2138;Marketplace;Tarjeta;Promo 10%;1;684.1;0.05;684.1;102.61;581.49;375.47;0
2023-003687;06-13-2023;S1030;C00276;P2129;Web;Financiamiento;Sin Promo;4;403.96;0.2;1615.84;242.38;1373.46;401.84;0
2023-003688;03-26-2023;S1035;C00040;P2100;Tienda;Transferencia;Promo 10%;1;571.97;0.0;571.97;85.8;486.17;422.9;0
2023-003689;10-12-2023;S1004;C00546;P2128;Call Center;Tarjeta;Sin Promo;2;445.91;0.2;891.82;115.94;775.88;269.57;0
2023-003690;10-18-2023;S1013;C00797;P2022;Tienda;Financiamiento;Cyber Week;1;449.93;0.0;449.93;53.99;395.94;325.44;0
2023-003691;04-16-2023;S1026;C00486;P2026;Web;Efectivo;Black Friday;2;436.92;0.05;873.84;131.08;742.76;230.43;1
2023-003692;03-01-2023;S1014;C00440;P2039;Marketplace;Efectivo;Cyber Week;1;477.0;0.0;477.0;57.24;419.76;251.05;0
2023-003693;08-09-2023;S1023;C00089;P2078;Tienda;Efectivo;2x1;5;165.66;0.0;828.3;124.24;704.06;125.47;0
2023-003694;01-29-2023;S1034;C00447;P2156;Call Center;Tarjeta;2x1;2;81.43;0.0;162.86;24.43;138.43;55.02;0
2023-003695;08-29-2023;S1030;C00016;P2098;Tienda;Efectivo;Sin Promo;4;612.83;0.05;2451.32;367.7;2083.62;389.5;0
2023-003696;11-08-2023;S1019;C00228;P2140;Call Center;Billetera Digital;Sin Promo;2;14.41;0.0;28.82;4.32;24.5;6.63;0
2023-003697;07-16-2023;S1017;C00673;P2049;Marketplace;Transferencia;Black Friday;2;158.27;0.0;316.54;37.98;278.56;89.45;0
2023-003698;02-03-2023;S1011;C00463;P2082;Web;Transferencia;Promo 15%;2;253.28;0.1;506.56;60.79;445.77;152.77;0
2023-003699;12-30-2023;S1024;C00359;P2054;Call Center;Tarjeta;Promo 15%;1;393.79;0.15;393.79;59.07;334.72;220.6;0
2023-003700;01-23-2023;S1029;C00700;P2071;Web;Financiamiento;Cyber Week;3;459.39;0.05;1378.17;206.73;1171.44;243.78;0
2023-003701;03-13-2023;S1009;C00430;P2040;Call Center;Transferencia;Sin Promo;1;59.49;0.0;59.49;7.73;51.76;35.66;0
2023-003702;05-14-2023;S1009;C00616;P2023;Tienda;Billetera Digital;Cyber Week;6;423.8;0.2;2542.8;330.56;2212.24;346.8;0
2023-003703;01-20-2023;S1023;C00301;P2089;Call Center;Efectivo;Promo 15%;1;736.54;0.0;736.54;110.48;626.06;351.93;0
2023-003704;10-26-2023;S1033;C00705;P2021;Call Center;Tarjeta;2x1;1;351.58;0.2;351.58;52.74;298.84;239.98;0
2023-003705;04-22-2023;S1005;C00454;P2066;Web;Efectivo;2x1;1;419.77;0.2;419.77;54.57;365.2;297.19;0
2023-003706;05-30-2023;S1021;C00002;P2152;Tienda;Transferencia;Cyber Week;3;499.51;0.0;1498.53;224.78;1273.75;338.06;0
2023-003707;04-07-2023;S1007;C00628;P2123;Marketplace;Transferencia;Promo 15%;3;166.35;0.05;499.05;64.88;434.17;112.82;0
2023-003708;09-19-2023;S1033;C00322;P2151;Marketplace;Financiamiento;Sin Promo;1;221.55;0.1;221.55;33.23;188.32;116.51;0
2023-003709;03-22-2023;S1008;C00041;P2098;Tienda;Transferencia;Black Friday;2;580.57;0.1;1161.14;150.95;1010.19;389.5;0
2023-003710;07-05-2023;S1038;C00547;P2129;Tienda;Financiamiento;Cyber Week;2;429.21;0.15;858.42;111.59;746.83;401.84;0
2023-003711;05-10-2023;S1027;C00213;P2016;Tienda;Financiamiento;Sin Promo;1;146.7;0.15;146.7;22.0;124.7;121.18;1
2023-003712;10-05-2023;S1034;C00089;P2077;Tienda;Financiamiento;Sin Promo;1;754.96;0.05;754.96;113.24;641.72;400.81;0
2023-003713;12-23-2023;S1022;C00708;P2122;Web;Transferencia;Black Friday;2;681.62;0.0;1363.24;204.49;1158.75;324.38;0
2023-003714;12-25-2023;S1011;C00104;P2069;Tienda;Financiamiento;2x1;1;181.97;0.05;181.97;21.84;160.13;145.02;0
2023-003715;11-08-2023;S1040;C00125;P2098;Tienda;Tarjeta;Promo 10%;3;645.08;0.0;1935.24;251.58;1683.66;389.5;0
2023-003716;12-14-2023;S1002;C00502;P2104;Call Center;Financiamiento;Promo 15%;3;632.01;0.1;1896.03;246.48;1649.55;405.18;1
2023-003717;08-16-2023;S1017;C00531;P2021;Call Center;Tarjeta;Sin Promo;2;373.55;0.15;747.1;89.65;657.45;239.98;0
2023-003718;06-24-2023;S1040;C00269;P2023;Call Center;Financiamiento;Promo 10%;1;529.75;0.0;529.75;68.87;460.88;346.8;0
2023-003719;07-31-2023;S1014;C00509;P2071;Marketplace;Tarjeta;2x1;1;483.57;0.0;483.57;58.03;425.54;243.78;0
2023-003720;09-14-2023;S1016;C00507;P2052;Tienda;Transferencia;Promo 10%;1;89.96;0.05;89.96;10.8;79.16;47.67;0
2023-003721;09-27-2023;S1032;C00725;P2152;Call Center;Billetera Digital;Promo 15%;2;474.53;0.05;949.06;142.36;806.7;338.06;0
2023-003722;04-18-2023;S1009;C00787;P2071;Marketplace;Billetera Digital;Sin Promo;5;483.57;0.0;2417.85;314.32;2103.53;243.78;1
2023-003723;05-21-2023;S1016;C00766;P2055;Marketplace;Billetera Digital;Sin Promo;3;140.77;0.0;422.31;50.68;371.63;77.43;0
2023-003724;11-23-2023;S1019;C00372;P2101;Call Center;Efectivo;Black Friday;1;269.22;0.2;269.22;40.38;228.84;262.94;0
2023-003725;08-17-2023;S1028;C00207;P2116;Web;Tarjeta;Promo 10%;1;743.9;0.0;743.9;111.58;632.32;358.01;0
2023-003726;01-21-2023;S1027;C00769;P2035;Marketplace;Tarjeta;Black Friday;2;770.61;0.15;1541.22;231.18;1310.04;418.3;0
2023-003727;07-20-2023;S1041;C00075;P2095;Call Center;Efectivo;Sin Promo;2;729.93;0.0;1459.86;189.78;1270.08;368.2;0
2023-003728;12-19-2023;S1020;C00224;P2061;Tienda;Financiamiento;Black Friday;2;40.55;0.05;81.1;12.16;68.94;26.36;0
2023-003729;09-19-2023;S1009;C00059;P2017;Tienda;Billetera Digital;Cyber Week;2;280.3;0.0;560.6;72.88;487.72;182.13;0
2023-003730;10-06-2023;S1037;C00285;P2070;Web;Tarjeta;Sin Promo;1;614.79;0.0;614.79;79.92;534.87;281.04;0
2023-003731;04-05-2023;S1001;C00540;P2025;Marketplace;Financiamiento;Black Friday;1;664.27;0.0;664.27;86.36;577.91;394.63;1
2023-003732;08-20-2023;S1038;C00774;P2123;Tienda;Transferencia;Black Friday;3;140.09;0.2;420.27;54.64;365.63;112.82;1
2023-003733;11-17-2023;S1032;C00559;P2047;Web;Tarjeta;Cyber Week;3;388.27;0.15;1164.81;174.72;990.09;295.44;0
2023-003734;01-09-2023;S1009;C00281;P2160;Web;Billetera Digital;Promo 15%;2;812.22;0.0;1624.44;211.18;1413.26;418.28;0
2023-003735;05-06-2023;S1015;C00158;P2086;Marketplace;Tarjeta;Promo 10%;4;109.2;0.0;436.8;52.42;384.38;70.05;0
2023-003736;12-07-2023;S1022;C00065;P2046;Marketplace;Efectivo;Sin Promo;1;344.44;0.05;344.44;51.67;292.77;192.92;0
2023-003737;08-13-2023;S1017;C00153;P2102;Marketplace;Billetera Digital;2x1;2;500.87;0.0;1001.74;120.21;881.53;270.07;0
2023-003738;05-24-2023;S1036;C00021;P2129;Tienda;Billetera Digital;Promo 10%;2;504.95;0.0;1009.9;151.48;858.42;401.84;0
2023-003739;02-21-2023;S1033;C00203;P2052;Tienda;Financiamiento;Cyber Week;2;89.96;0.05;179.92;26.99;152.93;47.67;0
2023-003740;11-17-2023;S1009;C00475;P2058;Web;Transferencia;Sin Promo;1;372.73;0.2;372.73;48.45;324.28;324.41;0
2023-003741;02-28-2023;S1031;C00620;P2124;Tienda;Tarjeta;2x1;1;428.12;0.1;428.12;64.22;363.9;351.18;0
2023-003742;01-18-2023;S1040;C00741;P2088;Tienda;Billetera Digital;2x1;1;571.92;0.0;571.92;74.35;497.57;308.2;0
2023-003743;11-17-2023;S1042;C00614;P2039;Call Center;Financiamiento;Promo 10%;2;477.0;0.0;954.0;124.02;829.98;251.05;0
2023-003744;09-15-2023;S1042;C00740;P2157;Call Center;Financiamiento;Promo 15%;2;223.38;0.0;446.76;58.08;388.68;118.28;1
2023-003745;01-29-2023;S1042;C00241;P2136;Web;Transferencia;Sin Promo;2;154.8;0.0;309.6;40.25;269.35;99.42;0
2023-003746;03-18-2023;S1030;C00518;P2025;Tienda;Financiamiento;Sin Promo;2;631.06;0.05;1262.12;189.32;1072.8;394.63;0
2023-003747;03-11-2023;S1040;C00584;P2080;Marketplace;Transferencia;Promo 10%;2;301.79;0.0;603.58;78.47;525.11;221.89;1
2023-003748;02-17-2023;S1006;C00528;P2039;Tienda;Tarjeta;Black Friday;2;453.15;0.05;906.3;117.82;788.48;251.05;0
2023-003749;10-30-2023;S1028;C00754;P2107;Web;Tarjeta;Black Friday;1;322.0;0.0;322.0;48.3;273.7;196.36;0
2023-003750;10-23-2023;S1042;C00383;P2032;Tienda;Tarjeta;Promo 15%;2;466.57;0.0;933.14;121.31;811.83;330.43;1
2023-003751;05-21-2023;S1039;C00002;P2077;Marketplace;Financiamiento;Black Friday;1;715.22;0.1;715.22;92.98;622.24;400.81;0
2023-003752;08-28-2023;S1008;C00737;P2073;Call Center;Tarjeta;Sin Promo;2;156.33;0.05;312.66;40.65;272.01;131.1;0
2023-003753;07-10-2023;S1011;C00722;P2066;Tienda;Tarjeta;Black Friday;1;524.71;0.0;524.71;62.97;461.74;297.19;0
2023-003754;01-31-2023;S1006;C00643;P2145;Call Center;Financiamiento;Promo 15%;1;106.21;0.1;106.21;13.81;92.4;77.61;0
2023-003755;12-09-2023;S1022;C00383;P2117;Marketplace;Transferencia;2x1;4;75.78;0.1;303.12;45.47;257.65;41.82;0
2023-003756;10-18-2023;S1045;C00021;P2094;Web;Billetera Digital;2x1;1;700.79;0.0;700.79;91.1;609.69;392.99;0
2023-003757;02-06-2023;S1034;C00782;P2003;Web;Financiamiento;Promo 10%;1;483.28;0.05;483.28;72.49;410.79;261.5;0
2023-003758;03-29-2023;S1036;C00016;P2043;Tienda;Financiamiento;Promo 10%;3;250.89;0.2;752.67;112.9;639.77;244.5;0
2023-003759;11-10-2023;S1033;C00721;P2049;Tienda;Transferencia;Sin Promo;1;126.62;0.2;126.62;18.99;107.63;89.45;1
2023-003760;01-24-2023;S1014;C00152;P2154;Tienda;Efectivo;Black Friday;2;659.89;0.1;1319.78;158.37;1161.41;427.53;0
2023-003761;09-27-2023;S1004;C00793;P2065;Marketplace;Billetera Digital;2x1;6;326.63;0.2;1959.78;254.77;1705.01;269.16;0
2023-003762;04-22-2023;S1008;C00681;P2087;Marketplace;Billetera Digital;Sin Promo;1;323.78;0.0;323.78;42.09;281.69;166.63;0
2023-003763;08-27-2023;S1019;C00500;P2037;Tienda;Efectivo;Sin Promo;1;561.42;0.1;561.42;84.21;477.21;405.23;1
2023-003764;05-10-2023;S1023;C00524;P2141;Web;Billetera Digital;2x1;3;749.24;0.1;2247.72;337.16;1910.56;384.64;0
2023-003765;07-04-2023;S1022;C00037;P2064;Web;Billetera Digital;Cyber Week;4;86.74;0.05;346.96;52.04;294.92;57.47;0
2023-003766;06-14-2023;S1032;C00042;P2101;Call Center;Billetera Digital;Sin Promo;1;336.53;0.0;336.53;50.48;286.05;262.94;0
2023-003767;08-02-2023;S1009;C00056;P2128;Tienda;Tarjeta;Promo 10%;1;557.39;0.0;557.39;72.46;484.93;269.57;0
2023-003768;04-30-2023;S1042;C00007;P2010;Marketplace;Financiamiento;Sin Promo;1;323.27;0.2;323.27;42.03;281.24;210.17;0
2023-003769;02-05-2023;S1040;C00711;P2079;Tienda;Financiamiento;2x1;1;224.63;0.1;224.63;29.2;195.43;156.92;0
2023-003770;04-26-2023;S1035;C00352;P2022;Web;Financiamiento;Sin Promo;3;404.94;0.1;1214.82;182.22;1032.6;325.44;0
2023-003771;12-21-2023;S1038;C00055;P2111;Marketplace;Transferencia;2x1;1;233.7;0.2;233.7;30.38;203.32;191.52;0
2023-003772;04-24-2023;S1012;C00338;P2104;Web;Financiamiento;2x1;1;702.23;0.0;702.23;84.27;617.96;405.18;0
2023-003773;11-08-2023;S1032;C00171;P2132;Call Center;Transferencia;2x1;1;321.61;0.0;321.61;48.24;273.37;220.13;0
2023-003774;05-20-2023;S1038;C00707;P2073;Web;Transferencia;Promo 15%;2;164.56;0.0;329.12;42.79;286.33;131.1;0
2023-003775;11-14-2023;S1014;C00400;P2056;Web;Billetera Digital;2x1;2;886.94;0.0;1773.88;212.87;1561.01;417.23;0
2023-003776;05-09-2023;S1025;C00713;P2160;Tienda;Transferencia;Black Friday;2;812.22;0.0;1624.44;243.67;1380.77;418.28;1
2023-003777;07-31-2023;S1040;C00511;P2044;Marketplace;Billetera Digital;Promo 10%;2;363.26;0.2;726.52;94.45;632.07;214.81;0
2023-003778;03-23-2023;S1010;C00676;P2051;Web;Billetera Digital;Promo 10%;1;684.37;0.2;684.37;82.12;602.25;394.02;1
2023-003779;03-18-2023;S1010;C00499;P2094;Web;Efectivo;Sin Promo;1;560.63;0.2;560.63;67.28;493.35;392.99;0
2023-003780;10-26-2023;S1032;C00526;P2017;Marketplace;Efectivo;Black Friday;1;238.25;0.15;238.25;35.74;202.51;182.13;0
2023-003781;02-23-2023;S1023;C00436;P2058;Tienda;Efectivo;Cyber Week;6;465.91;0.0;2795.46;419.32;2376.14;324.41;0
2023-003782;10-20-2023;S1042;C00573;P2086;Web;Billetera Digital;Sin Promo;1;92.82;0.15;92.82;12.07;80.75;70.05;0
2023-003783;10-19-2023;S1025;C00750;P2086;Call Center;Transferencia;Black Friday;1;103.74;0.05;103.74;15.56;88.18;70.05;1
2023-003784;02-19-2023;S1010;C00078;P2121;Web;Efectivo;Promo 15%;1;376.0;0.1;376.0;45.12;330.88;207.12;0
2023-003785;07-09-2023;S1027;C00391;P2010;Call Center;Financiamiento;Sin Promo;1;363.68;0.1;363.68;54.55;309.13;210.17;1
2023-003786;04-01-2023;S1028;C00411;P2035;Call Center;Billetera Digital;Black Friday;2;906.6;0.0;1813.2;271.98;1541.22;418.3;0
2023-003787;06-02-2023;S1011;C00789;P2006;Call Center;Financiamiento;2x1;2;321.61;0.2;643.22;77.19;566.03;287.52;0
2023-003788;11-08-2023;S1044;C00598;P2159;Call Center;Billetera Digital;Promo 10%;1;608.84;0.05;608.84;79.15;529.69;434.27;0
2023-003789;12-22-2023;S1010;C00309;P2027;Call Center;Billetera Digital;Promo 10%;1;265.38;0.2;265.38;31.85;233.53;230.42;0
2023-003790;11-28-2023;S1019;C00275;P2117;Call Center;Billetera Digital;Sin Promo;3;84.2;0.0;252.6;37.89;214.71;41.82;1
2023-003791;01-29-2023;S1004;C00104;P2037;Marketplace;Financiamiento;Promo 15%;3;530.23;0.15;1590.69;206.79;1383.9;405.23;0
2023-003792;09-30-2023;S1001;C00428;P2090;Marketplace;Financiamiento;2x1;5;123.88;0.0;619.4;80.52;538.88;72.93;0
2023-003793;12-13-2023;S1032;C00098;P2129;Call Center;Efectivo;Sin Promo;2;429.21;0.15;858.42;128.76;729.66;401.84;0
2023-003794;02-13-2023;S1015;C00229;P2074;Web;Transferencia;Black Friday;1;239.08;0.15;239.08;28.69;210.39;138.92;0
2023-003795;08-29-2023;S1005;C00313;P2011;Marketplace;Transferencia;Promo 10%;1;314.18;0.2;314.18;40.84;273.34;309.34;0
2023-003796;04-16-2023;S1008;C00532;P2024;Marketplace;Financiamiento;Sin Promo;4;316.27;0.0;1265.08;164.46;1100.62;197.91;0
2023-003797;08-04-2023;S1005;C00081;P2152;Web;Billetera Digital;Cyber Week;1;499.51;0.0;499.51;64.94;434.57;338.06;0
2023-003798;12-29-2023;S1009;C00726;P2125;Marketplace;Financiamiento;Cyber Week;6;344.65;0.0;2067.9;268.83;1799.07;235.01;1
2023-003799;08-15-2023;S1012;C00666;P2026;Marketplace;Billetera Digital;Sin Promo;1;459.92;0.0;459.92;55.19;404.73;230.43;1
2023-003800;02-25-2023;S1014;C00065;P2144;Call Center;Tarjeta;2x1;2;245.25;0.1;490.5;58.86;431.64;177.43;0
2023-003801;01-12-2023;S1016;C00157;P2111;Tienda;Transferencia;Cyber Week;3;262.91;0.1;788.73;94.65;694.08;191.52;0
2023-003802;09-08-2023;S1002;C00236;P2057;Marketplace;Efectivo;2x1;2;419.8;0.0;839.6;109.15;730.45;314.68;0
2023-003803;12-26-2023;S1021;C00085;P2059;Web;Financiamiento;Sin Promo;2;111.1;0.15;222.2;33.33;188.87;101.09;0
2023-003804;04-06-2023;S1040;C00010;P2124;Call Center;Efectivo;Promo 10%;1;380.55;0.2;380.55;49.47;331.08;351.18;0
2023-003805;04-10-2023;S1034;C00352;P2062;Tienda;Billetera Digital;2x1;1;100.7;0.1;100.7;15.11;85.59;74.21;0
2023-003806;11-15-2023;S1031;C00440;P2155;Tienda;Efectivo;Sin Promo;3;125.86;0.2;377.58;56.64;320.94;71.96;0
2023-003807;04-28-2023;S1014;C00147;P2064;Call Center;Financiamiento;Sin Promo;1;73.05;0.2;73.05;8.77;64.28;57.47;0
2023-003808;08-14-2023;S1013;C00501;P2132;Call Center;Billetera Digital;Sin Promo;5;305.53;0.05;1527.65;183.32;1344.33;220.13;0
2023-003809;03-30-2023;S1021;C00256;P2047;Marketplace;Tarjeta;2x1;1;456.79;0.0;456.79;68.52;388.27;295.44;0
2023-003810;03-30-2023;S1001;C00622;P2013;Call Center;Tarjeta;Sin Promo;2;200.2;0.0;400.4;52.05;348.35;98.1;0
2023-003811;04-21-2023;S1005;C00714;P2149;Web;Financiamiento;Sin Promo;6;224.81;0.0;1348.86;175.35;1173.51;173.08;1
2023-003812;03-13-2023;S1008;C00643;P2015;Call Center;Tarjeta;Black Friday;3;173.77;0.0;521.31;67.77;453.54;122.14;0
2023-003813;03-20-2023;S1011;C00445;P2010;Call Center;Financiamiento;Promo 10%;1;323.27;0.2;323.27;38.79;284.48;210.17;0
2023-003814;10-18-2023;S1032;C00178;P2137;Marketplace;Efectivo;2x1;1;342.99;0.2;342.99;51.45;291.54;246.0;0
2023-003815;09-24-2023;S1045;C00485;P2052;Call Center;Billetera Digital;Promo 15%;3;75.75;0.2;227.25;29.54;197.71;47.67;0
2023-003816;06-15-2023;S1022;C00696;P2055;Tienda;Efectivo;Sin Promo;2;119.65;0.15;239.3;35.9;203.4;77.43;0
2023-003817;02-24-2023;S1015;C00566;P2151;Call Center;Efectivo;2x1;3;221.55;0.1;664.65;79.76;584.89;116.51;0
2023-003818;02-24-2023;S1021;C00765;P2122;Call Center;Financiamiento;Sin Promo;1;579.38;0.15;579.38;86.91;492.47;324.38;1
2023-003819;12-20-2023;S1013;C00070;P2034;Web;Financiamiento;Black Friday;2;210.36;0.2;420.72;50.49;370.23;122.22;0
2023-003820;03-16-2023;S1017;C00219;P2034;Web;Billetera Digital;Cyber Week;2;262.95;0.0;525.9;63.11;462.79;122.22;0
2023-003821;02-09-2023;S1009;C00289;P2134;Web;Financiamiento;Black Friday;2;205.33;0.15;410.66;53.39;357.27;153.79;0
2023-003822;05-17-2023;S1011;C00378;P2155;Tienda;Efectivo;Cyber Week;1;157.33;0.0;157.33;18.88;138.45;71.96;0
2023-003823;02-04-2023;S1031;C00152;P2147;Web;Billetera Digital;Cyber Week;2;548.18;0.0;1096.36;164.45;931.91;299.7;0
2023-003824;09-03-2023;S1020;C00654;P2136;Marketplace;Efectivo;Black Friday;1;131.58;0.15;131.58;19.74;111.84;99.42;0
2023-003825;10-14-2023;S1022;C00313;P2109;Call Center;Efectivo;Promo 10%;5;197.87;0.05;989.35;148.4;840.95;141.94;0
2023-003826;06-07-2023;S1008;C00705;P2109;Call Center;Financiamiento;Promo 10%;2;197.87;0.05;395.74;51.45;344.29;141.94;0
2023-003827;02-14-2023;S1010;C00689;P2129;Web;Transferencia;Cyber Week;4;403.96;0.2;1615.84;193.9;1421.94;401.84;0
2023-003828;09-06-2023;S1020;C00068;P2093;Marketplace;Tarjeta;2x1;2;147.96;0.0;295.92;44.39;251.53;75.0;0
2023-003829;12-25-2023;S1029;C00520;P2115;Call Center;Financiamiento;2x1;1;316.68;0.15;316.68;47.5;269.18;201.2;0
2023-003830;09-04-2023;S1007;C00101;P2133;Marketplace;Billetera Digital;2x1;3;44.7;0.15;134.1;17.43;116.67;38.56;0
2023-003831;11-25-2023;S1010;C00077;P2056;Web;Tarjeta;Cyber Week;1;886.94;0.0;886.94;106.43;780.51;417.23;0
2023-003832;07-25-2023;S1024;C00211;P2088;Tienda;Efectivo;Black Friday;1;457.54;0.2;457.54;68.63;388.91;308.2;1
2023-003833;09-11-2023;S1041;C00706;P2134;Tienda;Efectivo;Cyber Week;2;241.56;0.0;483.12;62.81;420.31;153.79;0
2023-003834;07-30-2023;S1044;C00428;P2053;Tienda;Transferencia;Black Friday;2;934.5;0.0;1869.0;242.97;1626.03;436.17;0
2023-003835;07-25-2023;S1033;C00366;P2058;Marketplace;Billetera Digital;Cyber Week;1;442.61;0.05;442.61;66.39;376.22;324.41;0
2023-003836;12-18-2023;S1035;C00435;P2025;Call Center;Efectivo;Cyber Week;5;564.63;0.15;2823.15;423.47;2399.68;394.63;0
2023-003837;08-09-2023;S1017;C00452;P2144;Marketplace;Tarjeta;Promo 15%;5;258.88;0.05;1294.4;155.33;1139.07;177.43;1
2023-003838;11-20-2023;S1039;C00458;P2008;Call Center;Tarjeta;Promo 10%;1;874.23;0.0;874.23;113.65;760.58;421.75;0
2023-003839;10-14-2023;S1034;C00028;P2084;Web;Transferencia;Sin Promo;4;9.26;0.15;37.04;5.56;31.48;8.31;0
2023-003840;12-19-2023;S1027;C00786;P2056;Marketplace;Billetera Digital;Cyber Week;1;842.59;0.05;842.59;126.39;716.2;417.23;0
2023-003841;07-02-2023;S1001;C00731;P2122;Tienda;Efectivo;Promo 10%;2;579.38;0.15;1158.76;150.64;1008.12;324.38;0
2023-003842;08-30-2023;S1034;C00154;P2089;Marketplace;Financiamiento;Promo 15%;3;736.54;0.0;2209.62;331.44;1878.18;351.93;0
2023-003843;01-12-2023;S1042;C00385;P2025;Tienda;Transferencia;Black Friday;2;664.27;0.0;1328.54;172.71;1155.83;394.63;0
2023-003844;09-11-2023;S1032;C00499;P2120;Marketplace;Tarjeta;Cyber Week;1;199.5;0.0;199.5;29.92;169.58;113.2;0
2023-003845;09-11-2023;S1036;C00511;P2090;Marketplace;Tarjeta;2x1;3;123.88;0.0;371.64;55.75;315.89;72.93;0
2023-003846;09-09-2023;S1041;C00392;P2111;Call Center;Efectivo;Black Friday;1;262.91;0.1;262.91;34.18;228.73;191.52;0
2023-003847;02-19-2023;S1006;C00155;P2035;Call Center;Transferencia;Promo 10%;2;906.6;0.0;1813.2;235.72;1577.48;418.3;0
2023-003848;02-01-2023;S1039;C00288;P2148;Marketplace;Transferencia;Cyber Week;3;641.07;0.05;1923.21;250.02;1673.19;390.62;0
2023-003849;02-10-2023;S1029;C00197;P2143;Call Center;Tarjeta;Sin Promo;6;149.12;0.15;894.72;134.21;760.51;101.86;1
2023-003850;04-01-2023;S1016;C00505;P2036;Marketplace;Financiamiento;2x1;1;245.34;0.15;245.34;29.44;215.9;143.03;0
2023-003851;11-13-2023;S1001;C00457;P2125;Marketplace;Efectivo;Promo 15%;1;344.65;0.0;344.65;44.8;299.85;235.01;1
2023-003852;02-19-2023;S1042;C00009;P2108;Tienda;Transferencia;Black Friday;3;240.87;0.15;722.61;93.94;628.67;144.01;1
2023-003853;01-22-2023;S1008;C00378;P2099;Marketplace;Billetera Digital;2x1;2;279.84;0.05;559.68;72.76;486.92;231.19;0
2023-003854;06-02-2023;S1022;C00715;P2112;Tienda;Tarjeta;Black Friday;2;307.5;0.15;615.0;92.25;522.75;257.82;0
2023-003855;12-15-2023;S1016;C00019;P2132;Marketplace;Financiamiento;Promo 15%;2;257.29;0.2;514.58;61.75;452.83;220.13;0
2023-003856;03-29-2023;S1010;C00078;P2141;Call Center;Financiamiento;Sin Promo;3;790.87;0.05;2372.61;284.71;2087.9;384.64;1
2023-003857;05-09-2023;S1016;C00777;P2010;Tienda;Billetera Digital;2x1;1;383.89;0.05;383.89;46.07;337.82;210.17;0
2023-003858;06-01-2023;S1043;C00338;P2084;Tienda;Transferencia;Sin Promo;1;9.8;0.1;9.8;1.27;8.53;8.31;0
2023-003859;01-27-2023;S1026;C00750;P2051;Web;Transferencia;Cyber Week;4;855.46;0.0;3421.84;513.28;2908.56;394.02;1
2023-003860;06-17-2023;S1035;C00757;P2146;Web;Financiamiento;Sin Promo;2;311.26;0.0;622.52;93.38;529.14;242.22;0
2023-003861;04-22-2023;S1027;C00013;P2147;Web;Tarjeta;Promo 10%;2;465.95;0.15;931.9;139.78;792.12;299.7;0
2023-003862;12-02-2023;S1031;C00626;P2149;Marketplace;Efectivo;Cyber Week;3;224.81;0.0;674.43;101.16;573.27;173.08;0
2023-003863;05-28-2023;S1032;C00708;P2019;Call Center;Financiamiento;Cyber Week;1;447.71;0.05;447.71;67.16;380.55;283.84;0
2023-003864;12-03-2023;S1034;C00056;P2075;Call Center;Financiamiento;Sin Promo;2;580.05;0.0;1160.1;174.01;986.09;301.87;0
2023-003865;01-02-2023;S1025;C00704;P2120;Marketplace;Tarjeta;Sin Promo;2;199.5;0.0;399.0;59.85;339.15;113.2;0
2023-003866;03-02-2023;S1035;C00471;P2005;Marketplace;Tarjeta;Promo 10%;1;545.93;0.0;545.93;81.89;464.04;390.45;0
2023-003867;02-16-2023;S1034;C00778;P2032;Marketplace;Efectivo;2x1;1;373.26;0.2;373.26;55.99;317.27;330.43;1
2023-003868;08-17-2023;S1003;C00552;P2089;Tienda;Transferencia;Promo 15%;2;736.54;0.0;1473.08;191.5;1281.58;351.93;0
2023-003869;09-24-2023;S1031;C00767;P2009;Call Center;Billetera Digital;Black Friday;2;523.01;0.0;1046.02;156.9;889.12;287.2;0
2023-003870;11-13-2023;S1044;C00461;P2097;Marketplace;Efectivo;2x1;3;521.13;0.0;1563.39;203.24;1360.15;298.37;0
2023-003871;06-21-2023;S1033;C00304;P2113;Marketplace;Transferencia;Cyber Week;5;253.0;0.15;1265.0;189.75;1075.25;139.53;1
2023-003872;07-16-2023;S1020;C00433;P2088;Web;Financiamiento;Promo 10%;6;457.54;0.2;2745.24;411.79;2333.45;308.2;0
2023-003873;02-24-2023;S1007;C00500;P2089;Tienda;Transferencia;Promo 15%;1;736.54;0.0;736.54;95.75;640.79;351.93;0
2023-003874;10-01-2023;S1035;C00057;P2010;Call Center;Billetera Digital;Sin Promo;5;383.89;0.05;1919.45;287.92;1631.53;210.17;0
2023-003875;11-08-2023;S1032;C00651;P2011;Marketplace;Billetera Digital;Cyber Week;1;353.45;0.1;353.45;53.02;300.43;309.34;1
2023-003876;11-21-2023;S1013;C00340;P2102;Web;Financiamiento;Promo 15%;2;400.7;0.2;801.4;96.17;705.23;270.07;0
2023-003877;01-20-2023;S1018;C00268;P2095;Marketplace;Transferencia;Promo 10%;1;729.93;0.0;729.93;87.59;642.34;368.2;0
2023-003878;11-15-2023;S1032;C00212;P2088;Tienda;Tarjeta;2x1;1;514.73;0.1;514.73;77.21;437.52;308.2;0
2023-003879;11-01-2023;S1038;C00250;P2129;Web;Billetera Digital;Cyber Week;1;429.21;0.15;429.21;55.8;373.41;401.84;0
2023-003880;11-23-2023;S1024;C00577;P2007;Tienda;Transferencia;Sin Promo;1;201.43;0.05;201.43;30.21;171.22;162.45;0
2023-003881;01-04-2023;S1023;C00770;P2020;Web;Tarjeta;Promo 10%;2;41.96;0.15;83.92;12.59;71.33;32.33;0
2023-003882;11-14-2023;S1002;C00128;P2147;Call Center;Tarjeta;Sin Promo;4;493.36;0.1;1973.44;256.55;1716.89;299.7;1
2023-003883;09-12-2023;S1012;C00566;P2156;Call Center;Tarjeta;Promo 15%;3;81.43;0.0;244.29;29.31;214.98;55.02;0
2023-003884;06-19-2023;S1003;C00047;P2038;Web;Billetera Digital;Cyber Week;1;118.96;0.15;118.96;15.46;103.5;104.22;0
2023-003885;09-12-2023;S1007;C00540;P2099;Tienda;Transferencia;Promo 15%;1;279.84;0.05;279.84;36.38;243.46;231.19;0
2023-003886;09-19-2023;S1040;C00114;P2015;Tienda;Billetera Digital;Promo 15%;2;147.7;0.15;295.4;38.4;257.0;122.14;0
2023-003887;11-05-2023;S1037;C00627;P2012;Marketplace;Billetera Digital;Black Friday;4;788.33;0.0;3153.32;409.93;2743.39;363.05;0
2023-003888;07-03-2023;S1028;C00414;P2102;Web;Financiamiento;2x1;1;500.87;0.0;500.87;75.13;425.74;270.07;0
2023-003889;12-22-2023;S1035;C00401;P2030;Web;Tarjeta;Promo 15%;3;541.44;0.0;1624.32;243.65;1380.67;418.38;0
2023-003890;01-13-2023;S1033;C00077;P2123;Web;Efectivo;Sin Promo;2;175.11;0.0;350.22;52.53;297.69;112.82;0
2023-003891;05-22-2023;S1021;C00083;P2065;Call Center;Billetera Digital;Cyber Week;2;387.88;0.05;775.76;116.36;659.4;269.16;0
2023-003892;10-11-2023;S1039;C00426;P2057;Call Center;Tarjeta;2x1;2;335.84;0.2;671.68;87.32;584.36;314.68;0
2023-003893;02-15-2023;S1028;C00396;P2107;Tienda;Tarjeta;2x1;2;289.8;0.1;579.6;86.94;492.66;196.36;1
2023-003894;03-21-2023;S1017;C00661;P2066;Call Center;Efectivo;Promo 10%;2;498.47;0.05;996.94;119.63;877.31;297.19;0
2023-003895;09-27-2023;S1023;C00395;P2107;Call Center;Tarjeta;Promo 10%;1;322.0;0.0;322.0;48.3;273.7;196.36;0
2023-003896;04-14-2023;S1012;C00098;P2079;Call Center;Tarjeta;Cyber Week;3;249.59;0.0;748.77;89.85;658.92;156.92;0
2023-003897;01-28-2023;S1011;C00121;P2037;Call Center;Tarjeta;Promo 15%;2;623.8;0.0;1247.6;149.71;1097.89;405.23;0
2023-003898;04-27-2023;S1031;C00260;P2004;Marketplace;Billetera Digital;Promo 15%;1;462.1;0.15;462.1;69.31;392.79;298.92;0
2023-003899;11-17-2023;S1020;C00798;P2058;Tienda;Financiamiento;Promo 10%;1;465.91;0.0;465.91;69.89;396.02;324.41;0
2023-003900;10-13-2023;S1037;C00506;P2139;Web;Billetera Digital;2x1;1;18.25;0.1;18.25;2.37;15.88;12.71;1
2023-002971;12-19-2023;S1003;C00311;P2093;Marketplace;Billetera Digital;Promo 15%;2;133.16;0.1;266.32;34.62;231.7;75.0;0
2023-001745;04-02-2023;S1040;C00563;P2041;Web;Efectivo;Cyber Week;6;46.52;0.0;279.12;36.29;242.83;34.06;0
2023-001654;08-25-2023;S1008;C00068;P2024;Tienda;Transferencia;Promo 10%;2;316.27;0.0;632.54;82.23;550.31;197.91;0
2023-003851;11-13-2023;S1001;C00457;P2125;Marketplace;Efectivo;Promo 15%;1;344.65;0.0;344.65;44.8;299.85;235.01;1
2023-001337;12-22-2023;S1005;C00161;P2064;Tienda;Billetera Digital;Promo 10%;4;91.31;0.0;365.24;47.48;317.76;57.47;0
2023-002244;12-21-2023;S1024;C00284;P2144;Web;Efectivo;Sin Promo;1;272.5;0.0;272.5;40.88;231.62;177.43;0
2023-000922;08-14-2023;S1022;C00601;P2048;Tienda;Financiamiento;Promo 10%;2;272.14;0.15;544.28;81.64;462.64;183.57;0
2023-000976;05-31-2023;S1008;C00549;P2008;Call Center;Tarjeta;2x1;1;874.23;0.0;874.23;113.65;760.58;421.75;1
2023-001142;09-29-2023;S1023;C00646;P2153;Call Center;Billetera Digital;Promo 15%;3;407.91;0.0;1223.73;183.56;1040.17;293.96;0
2023-002973;07-02-2023;S1035;C00205;P2028;Marketplace;Billetera Digital;Promo 10%;2;508.46;0.15;1016.92;152.54;864.38;344.08;0
2023-002205;07-31-2023;S1037;C00134;P2058;Marketplace;Efectivo;Promo 15%;1;372.73;0.2;372.73;48.45;324.28;324.41;0
2023-002276;04-14-2023;S1039;C00692;P2041;Tienda;Transferencia;2x1;2;41.87;0.1;83.74;10.89;72.85;34.06;1
2023-000773;08-23-2023;S1018;C00423;P2014;Marketplace;Tarjeta;Cyber Week;1;430.19;0.0;430.19;51.62;378.57;296.33;0
2023-002939;01-18-2023;S1025;C00553;P2130;Web;Efectivo;Black Friday;1;701.29;0.0;701.29;105.19;596.1;404.15;0
2023-000662;08-14-2023;S1023;C00428;P2079;Tienda;Billetera Digital;Sin Promo;1;212.15;0.15;212.15;31.82;180.33;156.92;0
2023-001627;07-07-2023;S1030;C00158;P2093;Web;Financiamiento;Promo 15%;1;118.37;0.2;118.37;17.76;100.61;75.0;0
2023-002647;04-11-2023;S1037;C00071;P2148;Web;Tarjeta;Promo 10%;2;674.81;0.0;1349.62;175.45;1174.17;390.62;0
2023-001959;06-16-2023;S1029;C00607;P2007;Call Center;Financiamiento;Cyber Week;1;169.62;0.2;169.62;25.44;144.18;162.45;0
2023-003393;03-07-2023;S1033;C00668;P2100;Call Center;Transferencia;Black Friday;1;457.58;0.2;457.58;68.64;388.94;422.9;1
2023-002474;08-08-2023;S1015;C00341;P2043;Web;Financiamiento;Promo 15%;6;297.93;0.05;1787.58;214.51;1573.07;244.5;0
2023-002690;03-25-2023;S1006;C00323;P2073;Tienda;Billetera Digital;2x1;3;164.56;0.0;493.68;64.18;429.5;131.1;0
2023-001405;09-06-2023;S1031;C00494;P2156;Call Center;Billetera Digital;Cyber Week;4;81.43;0.0;325.72;48.86;276.86;55.02;0
2023-002483;04-11-2023;S1023;C00694;P2022;Marketplace;Financiamiento;Promo 10%;1;382.44;0.15;382.44;57.37;325.07;325.44;0
2023-003107;02-09-2023;S1029;C00786;P2004;Marketplace;Transferencia;Promo 10%;1;543.65;0.0;543.65;81.55;462.1;298.92;0
2023-003802;09-08-2023;S1002;C00236;P2057;Marketplace;Efectivo;2x1;2;419.8;0.0;839.6;109.15;730.45;314.68;0
