ID_Transaccion,Fecha,Tienda,Cliente,Producto,Canal,Metodo_Pago,Promocion,Cantidad,Precio_Unitario,Descuento,Venta_Bruta,Impuesto,Venta_Neta,Costo_Unitario,Es_Devolucion,Notas,Columna_Vacia
2022-000001,03/03/2022 17:54,S1034,C00747,P2094,Tienda,Transferencia,Promo 10%,1,700.79,0.0,700.79,105.12,595.67,392.99,0,,
2022-000002,06/10/2022 13:32,S1001,C00654,P2011,Call Center,Billetera Digital,Black Friday,1,392.72,0.0,392.72,51.05,341.67,309.34,0,,
2022-000003,17/01/2022 13:38,S1007,C00751,P2082,Call Center,Billetera Digital,Sin Promo,1,281.42,0.0,281.42,36.58,244.84,152.77,0,,
2022-000004,27/10/2022 06:31,S1037,C00153,P2006,Call Center,Billetera Digital,Black Friday,1,402.01,0.0,402.01,52.26,349.75,287.52,0,,
2022-000005,18/02/2022 09:41,S1027,C00516,P2130,Marketplace,Financiamiento,Sin Promo,1,666.23,0.05,666.23,99.93,566.3,404.15,0,,
2022-000006,05/08/2022 19:53,S1013,C00752,P2130,Call Center,Financiamiento,Sin Promo,1,701.29,0.0,701.29,84.15,617.14,404.15,0,,
2022-000007,11/02/2022 14:33,S1018,C00255,P2102,Tienda,Transferencia,Cyber Week,4,475.83,0.05,1903.32,228.4,1674.92,270.07,0,,
2022-000008,17/01/2022 10:36,S1016,C00749,P2092,Web,Financiamiento,2x1,2,802.49,0.0,1604.98,192.6,1412.38,416.32,0,,
2022-000009,10/05/2022 10:10,S1035,C00056,P2121,Tienda,Financiamiento,Promo 10%,1,417.78,0.0,417.78,62.67,355.11,207.12,0,,
2022-000010,23/05/2022 16:09,S1007,C00180,P2025,Tienda,Billetera Digital,Promo 10%,2,664.27,0.0,1328.54,172.71,1155.83,394.63,0,,
2022-000011,17/01/2022 14:28,S1005,C00737,P2105,Marketplace,Tarjeta,Promo 10%,3,676.15,0.0,2028.45,263.7,1764.75,320.12,0,,
2022-000012,12/11/2022 22:18,S1008,C00383,P2126,Marketplace,Tarjeta,Cyber Week,3,615.73,0.1,1847.19,240.13,1607.06,413.19,0,,
2022-000013,23/04/2022 22:01,S1023,C00105,P2144,Web,Financiamiento,Promo 10%,1,258.88,0.05,258.88,38.83,220.05,177.43,0,,
2022-000014,14/02/2022 05:49,S1041,C00554,P2004,Call Center,Efectivo,Promo 15%,4,543.65,0.0,2174.6,282.7,1891.9,298.92,1,,
2022-000015,25/01/2022 10:52,S1005,C00012,P2069,Call Center,Tarjeta,Promo 10%,5,172.4,0.1,862.0,112.06,749.94,145.02,0,,
2022-000016,03/08/2022 16:28,S1012,C00218,P2010,Web,Financiamiento,Promo 10%,1,404.09,0.0,404.09,48.49,355.6,210.17,0,,
2022-000017,26/11/2022 11:03,S1038,C00193,P2114,Call Center,Transferencia,Black Friday,1,554.0,0.0,554.0,72.02,481.98,274.57,1,,
2022-000018,17/11/2022 21:20,S1015,C00790,P2074,Tienda,Billetera Digital,Black Friday,1,267.21,0.05,267.21,32.07,235.14,138.92,0,,
2022-000019,04/06/2022 00:06,S1027,C00319,P2004,Marketplace,Financiamiento,Sin Promo,1,516.47,0.05,516.47,77.47,439.0,298.92,0,,
2022-000020,23/01/2022 19:51,S1044,C00288,P2125,Tienda,Billetera Digital,Promo 10%,1,292.95,0.15,292.95,38.08,254.87,235.01,0,,
2022-000021,24/01/2022 06:02,S1034,C00771,P2150,Marketplace,Transferencia,Promo 10%,1,234.07,0.0,234.07,35.11,198.96,154.53,0,,
2022-000022,17/01/2022 10:10,S1038,C00541,P2159,Tienda,Billetera Digital,Promo 10%,1,576.79,0.1,576.79,74.98,501.81,434.27,0,,
2022-000023,22/03/2022 12:41,S1008,C00168,P2104,Web,Efectivo,Sin Promo,5,702.23,0.0,3511.15,456.45,3054.7,405.18,0,,
2022-000024,06/05/2022 13:01,S1032,C00497,P2139,Marketplace,Transferencia,Promo 15%,1,20.28,0.0,20.28,3.04,17.24,12.71,0,,
2022-000025,28/02/2022 22:30,S1024,C00232,P2117,Marketplace,Transferencia,Promo 15%,4,84.2,0.0,336.8,50.52,286.28,41.82,1,,
2022-000026,16/12/2022 01:12,S1034,C00729,P2111,Marketplace,Efectivo,Black Friday,1,277.51,0.05,277.51,41.63,235.88,191.52,0,,
2022-000027,06/05/2022 07:01,S1003,C00690,P2154,Web,Financiamiento,Promo 10%,4,733.21,0.0,2932.84,381.27,2551.57,427.53,0,,
2022-000028,07/08/2022 04:48,S1008,C00046,P2121,Tienda,Transferencia,Black Friday,1,376.0,0.1,376.0,48.88,327.12,207.12,1,,
2022-000029,03/10/2022 23:29,S1036,C00068,P2107,Marketplace,Transferencia,Sin Promo,1,322.0,0.0,322.0,48.3,273.7,196.36,0,,
2022-000030,24/10/2022 02:05,S1018,C00467,P2149,Call Center,Transferencia,Black Friday,2,224.81,0.0,449.62,53.95,395.67,173.08,0,,
2022-000031,11/11/2022 04:52,S1007,C00217,P2140,Web,Efectivo,2x1,5,14.41,0.0,72.05,9.37,62.68,6.63,0,,
2022-000032,12/04/2022 02:44,S1029,C00662,P2062,Marketplace,Transferencia,Promo 10%,2,111.89,0.0,223.78,33.57,190.21,74.21,0,,
2022-000033,08/01/2022 13:58,S1020,C00224,P2037,Marketplace,Tarjeta,Black Friday,1,499.04,0.2,499.04,74.86,424.18,405.23,0,,
2022-000034,18/08/2022 12:26,S1002,C00128,P2142,Tienda,Billetera Digital,Promo 10%,2,395.11,0.2,790.22,102.73,687.49,331.65,0,,
2022-000035,22/07/2022 16:15,S1022,C00103,P2065,Tienda,Financiamiento,Promo 15%,1,408.29,0.0,408.29,61.24,347.05,269.16,0,,
2022-000036,25/07/2022 04:39,S1010,C00622,P2088,Marketplace,Financiamiento,Promo 15%,5,457.54,0.2,2287.7,274.52,2013.18,308.2,0,,
2022-000037,08/12/2022 18:31,S1006,C00460,P2071,Marketplace,Financiamiento,Sin Promo,2,459.39,0.05,918.78,119.44,799.34,243.78,0,,
2022-000038,26/12/2022 00:55,S1036,C00007,P2124,Tienda,Financiamiento,Promo 10%,4,451.91,0.05,1807.64,271.15,1536.49,351.18,0,,
2022-000039,03/01/2022 20:47,S1003,C00072,P2067,Marketplace,Transferencia,Promo 10%,2,495.08,0.15,990.16,128.72,861.44,420.88,0,,
2022-000040,01/02/2022 06:57,S1017,C00680,P2013,Tienda,Transferencia,Cyber Week,1,200.2,0.0,200.2,24.02,176.18,98.1,0,,
2022-000041,19/06/2022 12:54,S1002,C00577,P2152,Marketplace,Efectivo,Cyber Week,1,499.51,0.0,499.51,64.94,434.57,338.06,0,,
2022-000042,21/02/2022 21:11,S1042,C00151,P2040,Web,Tarjeta,Black Friday,2,59.49,0.0,118.98,15.47,103.51,35.66,0,,
2022-000043,06/09/2022 21:31,S1018,C00732,P2018,Marketplace,Financiamiento,Black Friday,2,391.86,0.0,783.72,94.05,689.67,224.11,0,,
2022-000044,11/07/2022 09:09,S1018,C00410,P2118,Tienda,Billetera Digital,Black Friday,4,65.15,0.0,260.6,31.27,229.33,45.65,0,,
2022-000045,29/12/2022 09:15,S1009,C00436,P2134,Marketplace,Billetera Digital,Sin Promo,2,205.33,0.15,410.66,53.39,357.27,153.79,0,,
2022-000046,03/04/2022 00:16,S1008,C00504,P2159,Call Center,Financiamiento,Sin Promo,1,576.79,0.1,576.79,74.98,501.81,434.27,0,,
2022-000047,10/09/2022 23:05,S1043,C00558,P2005,Web,Efectivo,Promo 10%,1,491.34,0.1,491.34,63.87,427.47,390.45,0,,
2022-000048,29/10/2022 21:27,S1023,C00399,P2080,Marketplace,Tarjeta,Promo 15%,6,286.7,0.05,1720.2,258.03,1462.17,221.89,0,,
2022-000049,30/01/2022 06:02,S1037,C00519,P2135,Marketplace,Financiamiento,Promo 15%,1,129.99,0.15,129.99,16.9,113.09,71.27,0,,
2022-000050,24/09/2022 12:08,S1014,C00671,P2092,Marketplace,Billetera Digital,Black Friday,2,641.99,0.2,1283.98,154.08,1129.9,416.32,0,,
2022-000051,05/10/2022 06:15,S1021,C00352,P2148,Call Center,Financiamiento,Promo 10%,5,674.81,0.0,3374.05,506.11,2867.94,390.62,0,,
2022-000052,30/03/2022 00:39,S1015,C00244,P2154,Call Center,Financiamiento,Promo 10%,3,733.21,0.0,2199.63,263.96,1935.67,427.53,1,,
2022-000053,27/10/2022 06:07,S1012,C00630,P2089,Marketplace,Transferencia,Sin Promo,1,736.54,0.0,736.54,88.38,648.16,351.93,0,,
2022-000054,20/07/2022 06:08,S1042,C00310,P2106,Web,Transferencia,Sin Promo,2,461.42,0.0,922.84,119.97,802.87,310.34,0,,
2022-000055,01/10/2022 06:40,S1002,C00706,P2072,Call Center,Efectivo,Promo 15%,1,483.7,0.2,483.7,62.88,420.82,420.23,0,,
2022-000056,30/03/2022 20:06,S1011,C00687,P2018,Marketplace,Efectivo,Cyber Week,1,352.67,0.1,352.67,42.32,310.35,224.11,0,,
2022-000057,16/02/2022 06:10,S1009,C00767,P2016,Marketplace,Tarjeta,Promo 15%,3,172.59,0.0,517.77,67.31,450.46,121.18,0,,
2022-000058,21/10/2022 06:22,S1036,C00213,P2156,Tienda,Billetera Digital,Cyber Week,2,65.14,0.2,130.28,19.54,110.74,55.02,1,,
2022-000059,02/08/2022 14:21,S1016,C00637,P2134,Call Center,Tarjeta,Promo 10%,1,205.33,0.15,205.33,24.64,180.69,153.79,0,,
2022-000060,24/07/2022 00:00,S1044,C00578,P2145,Marketplace,Tarjeta,Black Friday,1,94.41,0.2,94.41,12.27,82.14,77.61,0,,
2022-000061,09/08/2022 07:04,S1042,C00348,P2092,Marketplace,Tarjeta,Sin Promo,1,762.37,0.05,762.37,99.11,663.26,416.32,1,,
2022-000062,29/04/2022 22:22,S1010,C00323,P2130,Tienda,Billetera Digital,Promo 10%,1,596.1,0.15,596.1,71.53,524.57,404.15,0,,
2022-000063,09/07/2022 07:18,S1026,C00788,P2050,Web,Efectivo,Promo 15%,2,273.95,0.0,547.9,82.18,465.72,192.16,0,,
2022-000064,17/02/2022 03:09,S1036,C00141,P2079,Call Center,Tarjeta,Cyber Week,5,249.59,0.0,1247.95,187.19,1060.76,156.92,0,,
2022-000065,03/08/2022 00:46,S1030,C00363,P2019,Call Center,Financiamiento,Cyber Week,5,471.27,0.0,2356.35,353.45,2002.9,283.84,0,,
2022-000066,14/06/2022 14:33,S1037,C00653,P2022,Call Center,Tarjeta,2x1,1,449.93,0.0,449.93,58.49,391.44,325.44,0,,
2022-000067,08/03/2022 14:13,S1007,C00604,P2058,Marketplace,Tarjeta,Sin Promo,1,396.02,0.15,396.02,51.48,344.54,324.41,0,,
2022-000068,16/06/2022 08:18,S1039,C00441,P2047,Marketplace,Financiamiento,Sin Promo,2,456.79,0.0,913.58,118.77,794.81,295.44,0,,
2022-000069,06/08/2022 23:59,S1009,C00015,P2083,Tienda,Efectivo,Promo 10%,1,523.42,0.0,523.42,68.04,455.38,334.59,0,,
2022-000070,28/02/2022 00:27,S1042,C00248,P2090,Marketplace,Transferencia,Cyber Week,2,99.1,0.2,198.2,25.77,172.43,72.93,0,,
2022-000071,11/08/2022 10:54,S1029,C00635,P2085,Tienda,Financiamiento,Promo 15%,1,31.02,0.0,31.02,4.65,26.37,20.07,0,,
2022-000072,28/05/2022 04:14,S1037,C00754,P2053,Call Center,Efectivo,2x1,4,934.5,0.0,3738.0,485.94,3252.06,436.17,0,,
2022-000073,04/12/2022 14:08,S1007,C00345,P2153,Call Center,Tarjeta,2x1,2,387.51,0.05,775.02,100.75,674.27,293.96,1,,
2022-000074,17/04/2022 09:08,S1015,C00313,P2088,Tienda,Transferencia,2x1,2,571.92,0.0,1143.84,137.26,1006.58,308.2,0,,
2022-000075,31/08/2022 11:56,S1007,C00008,P2132,Call Center,Tarjeta,Sin Promo,4,321.61,0.0,1286.44,167.24,1119.2,220.13,0,,
2022-000076,14/11/2022 22:24,S1008,C00400,P2056,Marketplace,Efectivo,Sin Promo,2,886.94,0.0,1773.88,230.6,1543.28,417.23,0,,
2022-000077,27/05/2022 20:24,S1036,C00090,P2080,Marketplace,Transferencia,Sin Promo,1,301.79,0.0,301.79,45.27,256.52,221.89,0,,
2022-000078,28/03/2022 07:58,S1016,C00532,P2031,Marketplace,Efectivo,Black Friday,1,193.42,0.05,193.42,23.21,170.21,111.43,0,,
2022-000079,21/10/2022 09:18,S1018,C00526,P2088,Tienda,Efectivo,Promo 15%,2,457.54,0.2,915.08,109.81,805.27,308.2,0,,
2022-000080,02/10/2022 13:27,S1043,C00764,P2053,Web,Financiamiento,Black Friday,3,887.77,0.05,2663.31,346.23,2317.08,436.17,0,,
2022-000081,22/01/2022 10:13,S1002,C00236,P2145,Web,Billetera Digital,2x1,2,118.01,0.0,236.02,30.68,205.34,77.61,1,,
2022-000082,28/12/2022 09:41,S1024,C00042,P2115,Tienda,Billetera Digital,Promo 15%,1,372.57,0.0,372.57,55.89,316.68,201.2,0,,
2022-000083,14/09/2022 12:16,S1004,C00791,P2064,Call Center,Transferencia,Promo 10%,2,91.31,0.0,182.62,23.74,158.88,57.47,0,,
2022-000084,20/07/2022 10:08,S1023,C00560,P2125,Tienda,Tarjeta,Black Friday,1,275.72,0.2,275.72,41.36,234.36,235.01,0,,
2022-000085,02/09/2022 19:25,S1006,C00490,P2057,Call Center,Tarjeta,Promo 15%,1,356.83,0.15,356.83,46.39,310.44,314.68,0,,
2022-000086,28/11/2022 23:07,S1010,C00637,P2054,Marketplace,Efectivo,2x1,1,463.28,0.0,463.28,55.59,407.69,220.6,0,,
2022-000087,25/09/2022 09:32,S1013,C00352,P2009,Tienda,Financiamiento,Cyber Week,1,496.86,0.05,496.86,59.62,437.24,287.2,0,,
2022-000088,12/02/2022 19:44,S1031,C00104,P2083,Marketplace,Financiamiento,Promo 15%,3,418.74,0.2,1256.22,188.43,1067.79,334.59,0,,
2022-000089,28/08/2022 04:46,S1032,C00118,P2111,Web,Financiamiento,Black Friday,2,277.51,0.05,555.02,83.25,471.77,191.52,0,,
2022-000090,08/07/2022 23:59,S1017,C00413,P2146,Tienda,Billetera Digital,Promo 15%,1,264.57,0.15,264.57,31.75,232.82,242.22,0,,
2022-000091,08/11/2022 20:47,S1023,C00701,P2078,Web,Financiamiento,2x1,1,165.66,0.0,165.66,24.85,140.81,125.47,1,,
2022-000092,27/03/2022 21:00,S1005,C00080,P2076,Marketplace,Transferencia,Sin Promo,3,97.52,0.0,292.56,38.03,254.53,50.2,1,,
2022-000093,21/08/2022 23:39,S1027,C00610,P2155,Call Center,Tarjeta,Promo 15%,3,141.6,0.1,424.8,63.72,361.08,71.96,0,,
2022-000094,06/07/2022 14:59,S1014,C00365,P2034,Tienda,Transferencia,Sin Promo,3,249.8,0.05,749.4,89.93,659.47,122.22,0,,
2022-000095,28/12/2022 09:01,S1042,C00419,P2040,Web,Efectivo,Sin Promo,2,56.52,0.05,113.04,14.7,98.34,35.66,0,,
2022-000096,05/09/2022 23:28,S1026,C00056,P2019,Tienda,Financiamiento,2x1,2,471.27,0.0,942.54,141.38,801.16,283.84,1,,
2022-000097,03/03/2022 19:57,S1009,C00565,P2070,Web,Financiamiento,2x1,5,614.79,0.0,3073.95,399.61,2674.34,281.04,0,,
2022-000098,22/10/2022 23:23,S1044,C00011,P2075,Tienda,Billetera Digital,2x1,1,580.05,0.0,580.05,75.41,504.64,301.87,0,,
2022-000099,28/11/2022 18:27,S1025,C00341,P2025,Marketplace,Billetera Digital,Sin Promo,2,664.27,0.0,1328.54,199.28,1129.26,394.63,0,,
2022-000100,30/08/2022 07:28,S1031,C00308,P2071,Marketplace,Efectivo,Cyber Week,2,483.57,0.0,967.14,145.07,822.07,243.78,0,,
2022-000101,22/12/2022 22:29,S1044,C00432,P2017,Call Center,Financiamiento,Sin Promo,4,252.27,0.1,1009.08,131.18,877.9,182.13,1,,
2022-000102,11/06/2022 23:13,S1012,C00752,P2106,Marketplace,Billetera Digital,Promo 10%,1,461.42,0.0,461.42,55.37,406.05,310.34,0,,
2022-000103,02/03/2022 16:34,S1005,C00627,P2027,Call Center,Tarjeta,Black Friday,1,281.97,0.15,281.97,36.66,245.31,230.42,0,,
2022-000104,16/12/2022 16:07,S1045,C00141,P2029,Web,Efectivo,Sin Promo,1,466.92,0.05,466.92,60.7,406.22,271.13,0,,
2022-000105,25/07/2022 05:55,S1023,C00521,P2027,Tienda,Financiamiento,Promo 10%,2,281.97,0.15,563.94,84.59,479.35,230.42,0,,
2022-000106,25/10/2022 06:27,S1004,C00346,P2026,Tienda,Billetera Digital,Black Friday,3,413.93,0.1,1241.79,161.43,1080.36,230.43,0,,
2022-000107,09/09/2022 04:22,S1037,C00551,P2006,Marketplace,Efectivo,Promo 10%,2,381.91,0.05,763.82,99.3,664.52,287.52,0,,
2022-000108,16/02/2022 16:39,S1037,C00476,P2122,Call Center,Transferencia,Black Friday,3,681.62,0.0,2044.86,265.83,1779.03,324.38,0,,
2022-000109,29/03/2022 14:45,S1008,C00425,P2099,Tienda,Efectivo,Cyber Week,2,294.57,0.0,589.14,76.59,512.55,231.19,1,,
2022-000110,30/10/2022 19:29,S1045,C00455,P2072,Web,Tarjeta,Cyber Week,2,513.93,0.15,1027.86,133.62,894.24,420.23,0,,
2022-000111,17/06/2022 11:00,S1030,C00789,P2111,Tienda,Tarjeta,Promo 15%,2,248.3,0.15,496.6,74.49,422.11,191.52,0,,
2022-000112,17/10/2022 22:13,S1029,C00752,P2148,Tienda,Financiamiento,Black Friday,5,641.07,0.05,3205.35,480.8,2724.55,390.62,0,,
2022-000113,02/02/2022 22:27,S1039,C00462,P2033,Call Center,Efectivo,Sin Promo,1,72.32,0.1,72.32,9.4,62.92,61.26,0,,
2022-000114,13/05/2022 22:06,S1045,C00492,P2029,Web,Billetera Digital,Black Friday,2,491.5,0.0,983.0,127.79,855.21,271.13,1,,
2022-000115,23/05/2022 23:58,S1029,C00167,P2021,Tienda,Efectivo,Cyber Week,3,351.58,0.2,1054.74,158.21,896.53,239.98,1,,
2022-000116,08/02/2022 16:57,S1014,C00732,P2113,Call Center,Financiamiento,Black Friday,3,297.65,0.0,892.95,107.15,785.8,139.53,0,,
2022-000117,17/07/2022 23:05,S1020,C00316,P2006,Marketplace,Efectivo,Cyber Week,1,341.71,0.15,341.71,51.26,290.45,287.52,0,,
2022-000118,25/06/2022 23:29,S1032,C00799,P2001,Tienda,Tarjeta,2x1,2,76.66,0.2,153.32,23.0,130.32,59.67,1,,
2022-000119,10/05/2022 21:09,S1028,C00032,P2037,Web,Billetera Digital,Sin Promo,4,530.23,0.15,2120.92,318.14,1802.78,405.23,0,,
2022-000120,01/01/2022 07:16,S1031,C00745,P2134,Tienda,Tarjeta,2x1,5,193.25,0.2,966.25,144.94,821.31,153.79,0,,
2022-000121,03/11/2022 05:40,S1006,C00199,P2118,Tienda,Financiamiento,Sin Promo,1,65.15,0.0,65.15,8.47,56.68,45.65,0,,
2022-000122,16/01/2022 18:41,S1043,C00174,P2028,Tienda,Financiamiento,Promo 10%,2,598.19,0.0,1196.38,155.53,1040.85,344.08,0,,
2022-000123,18/03/2022 19:14,S1027,C00681,P2022,Web,Transferencia,Promo 15%,1,427.43,0.05,427.43,64.11,363.32,325.44,0,,
2022-000124,17/06/2022 01:05,S1005,C00370,P2025,Call Center,Efectivo,Black Friday,2,664.27,0.0,1328.54,172.71,1155.83,394.63,0,,
2022-000125,04/12/2022 21:05,S1039,C00523,P2144,Web,Financiamiento,Cyber Week,5,245.25,0.1,1226.25,159.41,1066.84,177.43,0,Revisar,
2022-000126,15/02/2022 02:44,S1011,C00681,P2065,Call Center,Billetera Digital,Cyber Week,1,408.29,0.0,408.29,48.99,359.3,269.16,0,,
2022-000127,04/11/2022 14:00,S1007,C00787,P2127,Call Center,Financiamiento,2x1,4,732.66,0.0,2930.64,380.98,2549.66,361.43,0,,
2022-000128,08/01/2022 20:17,S1033,C00092,P2101,Tienda,Efectivo,Black Friday,1,336.53,0.0,336.53,50.48,286.05,262.94,0,,
2022-000129,22/08/2022 02:04,S1007,C00053,P2082,Web,Financiamiento,Promo 10%,2,225.14,0.2,450.28,58.54,391.74,152.77,1,,
2022-000130,16/05/2022 10:13,S1011,C00769,P2008,Call Center,Efectivo,Cyber Week,1,874.23,0.0,874.23,104.91,769.32,421.75,0,,
2022-000131,21/06/2022 19:00,S1028,C00676,P2096,Tienda,Tarjeta,Promo 10%,2,604.2,0.05,1208.4,181.26,1027.14,369.96,0,,
2022-000132,01/06/2022 23:56,S1014,C00737,P2102,Marketplace,Efectivo,2x1,1,500.87,0.0,500.87,60.1,440.77,270.07,0,,
2022-000133,10/01/2022 21:19,S1033,C00210,P2006,Web,Financiamiento,Promo 15%,1,402.01,0.0,402.01,60.3,341.71,287.52,0,,
2022-000134,05/01/2022 06:38,S1022,C00352,P2131,Call Center,Financiamiento,Cyber Week,2,196.93,0.0,393.86,59.08,334.78,119.6,0,,
2022-000135,08/05/2022 22:12,S1002,C00772,P2054,Call Center,Tarjeta,Promo 10%,1,370.62,0.2,370.62,48.18,322.44,220.6,0,,
2022-000136,05/05/2022 13:40,S1008,C00010,P2088,Marketplace,Tarjeta,Promo 15%,1,457.54,0.2,457.54,59.48,398.06,308.2,0,,
2022-000137,24/04/2022 15:28,S1015,C00027,P2080,Tienda,Billetera Digital,2x1,1,241.43,0.2,241.43,28.97,212.46,221.89,0,,
2022-000138,23/05/2022 00:35,S1015,C00019,P2058,Call Center,Transferencia,Black Friday,5,372.73,0.2,1863.65,223.64,1640.01,324.41,0,,
2022-000139,17/03/2022 04:19,S1012,C00326,P2113,Call Center,Financiamiento,Promo 10%,1,253.0,0.15,253.0,30.36,222.64,139.53,0,,
2022-000140,09/07/2022 10:03,S1005,C00757,P2158,Call Center,Efectivo,Promo 10%,5,515.27,0.05,2576.35,334.93,2241.42,274.83,0,,
2022-000141,29/04/2022 15:34,S1032,C00419,P2052,Call Center,Billetera Digital,Black Friday,1,89.96,0.05,89.96,13.49,76.47,47.67,0,,
2022-000142,28/07/2022 10:19,S1010,C00164,P2140,Marketplace,Billetera Digital,Promo 15%,2,14.41,0.0,28.82,3.46,25.36,6.63,0,,
2022-000143,06/09/2022 06:20,S1012,C00579,P2070,Marketplace,Efectivo,Black Friday,1,614.79,0.0,614.79,73.77,541.02,281.04,0,,
2022-000144,18/07/2022 06:43,S1030,C00762,P2091,Web,Tarjeta,2x1,1,514.42,0.05,514.42,77.16,437.26,397.11,0,,
2022-000145,23/07/2022 02:38,S1012,C00506,P2074,Call Center,Efectivo,Promo 10%,5,253.14,0.1,1265.7,151.88,1113.82,138.92,0,,
2022-000146,13/07/2022 22:13,S1022,C00620,P2078,Web,Billetera Digital,Cyber Week,6,149.09,0.1,894.54,134.18,760.36,125.47,0,,
2022-000147,08/10/2022 09:01,S1037,C00124,P2151,Call Center,Financiamiento,Black Friday,1,196.94,0.2,196.94,25.6,171.34,116.51,0,,
2022-000148,26/08/2022 18:02,S1014,C00328,P2114,Marketplace,Financiamiento,Sin Promo,2,554.0,0.0,1108.0,132.96,975.04,274.57,0,,
2022-000149,04/03/2022 08:59,S1006,C00025,P2072,Tienda,Billetera Digital,Promo 15%,1,604.62,0.0,604.62,78.6,526.02,420.23,0,,
2022-000150,07/05/2022 03:28,S1039,C00621,P2072,Web,Billetera Digital,Sin Promo,1,544.16,0.1,544.16,70.74,473.42,420.23,0,,
2022-000151,06/03/2022 14:39,S1042,C00439,P2145,Tienda,Transferencia,Promo 15%,1,118.01,0.0,118.01,15.34,102.67,77.61,0,,
2022-000152,01/12/2022 23:57,S1014,C00787,P2099,Web,Billetera Digital,Cyber Week,2,279.84,0.05,559.68,67.16,492.52,231.19,1,,
2022-000153,04/02/2022 11:06,S1045,C00008,P2045,Web,Tarjeta,Promo 15%,3,58.57,0.15,175.71,22.84,152.87,46.07,1,,
2022-000154,16/10/2022 02:34,S1035,C00702,P2113,Tienda,Efectivo,Black Friday,1,297.65,0.0,297.65,44.65,253.0,139.53,0,,
2022-000155,11/09/2022 11:42,S1031,C00745,P2131,Call Center,Efectivo,Sin Promo,1,167.39,0.15,167.39,25.11,142.28,119.6,0,,
2022-000156,10/11/2022 19:39,S1017,C00172,P2139,Call Center,Transferencia,Promo 10%,2,20.28,0.0,40.56,4.87,35.69,12.71,1,,
2022-000157,08/12/2022 04:55,S1043,C00233,P2026,Marketplace,Billetera Digital,Cyber Week,1,459.92,0.0,459.92,59.79,400.13,230.43,1,,
2022-000158,19/03/2022 02:01,S1026,C00392,P2056,Marketplace,Efectivo,Sin Promo,2,886.94,0.0,1773.88,266.08,1507.8,417.23,0,,
2022-000159,06/09/2022 15:31,S1044,C00177,P2035,Tienda,Billetera Digital,Promo 15%,2,725.28,0.2,1450.56,188.57,1261.99,418.3,0,,
2022-000160,14/11/2022 14:35,S1014,C00708,P2027,Tienda,Transferencia,2x1,1,298.56,0.1,298.56,35.83,262.73,230.42,0,,
2022-000161,09/03/2022 00:09,S1015,C00595,P2080,Marketplace,Efectivo,Cyber Week,1,256.52,0.15,256.52,30.78,225.74,221.89,0,,
2022-000162,18/08/2022 22:24,S1027,C00632,P2064,Call Center,Billetera Digital,Promo 15%,1,91.31,0.0,91.31,13.7,77.61,57.47,0,,
2022-000163,20/03/2022 23:43,S1007,C00063,P2006,Marketplace,Tarjeta,Promo 15%,4,341.71,0.15,1366.84,177.69,1189.15,287.52,0,,
2022-000164,07/06/2022 17:52,S1025,C00619,P2016,Web,Transferencia,Promo 10%,1,146.7,0.15,146.7,22.0,124.7,121.18,0,,
2022-000165,03/12/2022 07:04,S1025,C00498,P2041,Marketplace,Financiamiento,Sin Promo,2,41.87,0.1,83.74,12.56,71.18,34.06,0,,
2022-000166,27/01/2022 18:03,S1037,C00582,P2037,Web,Tarjeta,2x1,2,623.8,0.0,1247.6,162.19,1085.41,405.23,0,,
2022-000167,01/02/2022 08:13,S1044,C00604,P2075,Web,Tarjeta,Promo 10%,1,464.04,0.2,464.04,60.33,403.71,301.87,1,,
2022-000168,20/06/2022 22:38,S1024,C00170,P2086,Tienda,Billetera Digital,Promo 10%,3,98.28,0.1,294.84,44.23,250.61,70.05,0,,
2022-000169,05/09/2022 07:02,S1009,C00188,P2134,Web,Transferencia,Cyber Week,1,241.56,0.0,241.56,31.4,210.16,153.79,0,,
2022-000170,31/05/2022 11:18,S1039,C00650,P2132,Marketplace,Billetera Digital,Black Friday,1,305.53,0.05,305.53,39.72,265.81,220.13,0,,
2022-000171,19/05/2022 17:57,S1012,C00636,P2139,Call Center,Efectivo,Promo 10%,2,19.27,0.05,38.54,4.62,33.92,12.71,0,Revisar,
2022-000172,03/02/2022 00:11,S1005,C00573,P2137,Call Center,Transferencia,Sin Promo,2,407.3,0.05,814.6,105.9,708.7,246.0,0,,
2022-000173,06/02/2022 17:09,S1023,C00565,P2026,Marketplace,Tarjeta,2x1,2,390.93,0.15,781.86,117.28,664.58,230.43,1,,
2022-000174,03/05/2022 23:56,S1033,C00273,P2027,Marketplace,Tarjeta,Promo 15%,1,298.56,0.1,298.56,44.78,253.78,230.42,0,,
2022-000175,16/07/2022 07:00,S1012,C00462,P2066,Tienda,Billetera Digital,Promo 15%,5,524.71,0.0,2623.55,314.83,2308.72,297.19,0,,
2022-000176,01/01/2022 12:32,S1001,C00751,P2144,Tienda,Tarjeta,Promo 15%,1,231.62,0.15,231.62,30.11,201.51,177.43,0,,
2022-000177,14/05/2022 09:52,S1014,C00620,P2001,Call Center,Transferencia,Promo 10%,3,86.24,0.1,258.72,31.05,227.67,59.67,0,,
2022-000178,08/12/2022 04:15,S1009,C00699,P2050,Call Center,Financiamiento,Sin Promo,4,273.95,0.0,1095.8,142.45,953.35,192.16,0,,
2022-000179,26/05/2022 00:24,S1016,C00543,P2097,Tienda,Transferencia,Promo 15%,2,416.9,0.2,833.8,100.06,733.74,298.37,0,,
2022-000180,02/03/2022 19:38,S1004,C00788,P2123,Web,Billetera Digital,Cyber Week,1,175.11,0.0,175.11,22.76,152.35,112.82,0,,
2022-000181,18/03/2022 06:29,S1012,C00710,P2151,Tienda,Efectivo,Black Friday,1,221.55,0.1,221.55,26.59,194.96,116.51,0,,
2022-000182,21/07/2022 05:50,S1038,C00258,P2068,Tienda,Efectivo,Black Friday,3,209.44,0.15,628.32,81.68,546.64,122.46,0,,
2022-000183,06/10/2022 20:11,S1018,C00757,P2089,Tienda,Financiamiento,Black Friday,1,736.54,0.0,736.54,88.38,648.16,351.93,0,,
2022-000184,07/01/2022 05:31,S1037,C00378,P2088,Marketplace,Tarjeta,2x1,1,571.92,0.0,571.92,74.35,497.57,308.2,0,,
2022-000185,21/12/2022 15:55,S1031,C00094,P2074,Web,Efectivo,Promo 15%,3,281.27,0.0,843.81,126.57,717.24,138.92,1,,
2022-000186,02/08/2022 04:48,S1022,C00609,P2058,Call Center,Transferencia,Promo 15%,1,465.91,0.0,465.91,69.89,396.02,324.41,0,,
2022-000187,15/09/2022 18:28,S1009,C00798,P2148,Call Center,Financiamiento,Sin Promo,4,539.85,0.2,2159.4,280.72,1878.68,390.62,0,,
2022-000188,06/11/2022 20:19,S1015,C00723,P2092,Web,Tarjeta,Cyber Week,2,802.49,0.0,1604.98,192.6,1412.38,416.32,1,,
2022-000189,02/03/2022 21:49,S1016,C00189,P2061,Marketplace,Efectivo,Sin Promo,2,42.68,0.0,85.36,10.24,75.12,26.36,0,,
2022-000190,13/04/2022 05:17,S1023,C00781,P2109,Tienda,Tarjeta,Promo 15%,3,197.87,0.05,593.61,89.04,504.57,141.94,0,,
2022-000191,22/05/2022 20:09,S1029,C00460,P2113,Marketplace,Efectivo,2x1,1,297.65,0.0,297.65,44.65,253.0,139.53,0,Revisar,
2022-000192,06/04/2022 23:57,S1038,C00415,P2021,Call Center,Tarjeta,Promo 15%,1,395.52,0.1,395.52,51.42,344.1,239.98,0,,
2022-000193,17/12/2022 05:47,S1036,C00679,P2020,Web,Billetera Digital,2x1,1,49.36,0.0,49.36,7.4,41.96,32.33,1,,
2022-000194,04/01/2022 17:19,S1029,C00186,P2011,Marketplace,Transferencia,Promo 15%,2,392.72,0.0,785.44,117.82,667.62,309.34,0,,
2022-000195,24/12/2022 02:03,S1005,C00661,P2090,Web,Efectivo,Sin Promo,4,105.3,0.15,421.2,54.76,366.44,72.93,0,,
2022-000196,02/02/2022 10:31,S1017,C00586,P2115,Marketplace,Efectivo,Black Friday,1,372.57,0.0,372.57,44.71,327.86,201.2,0,,
2022-000197,04/08/2022 17:41,S1006,C00506,P2104,Web,Financiamiento,Promo 10%,3,667.12,0.05,2001.36,260.18,1741.18,405.18,0,,
2022-000198,17/06/2022 20:58,S1039,C00157,P2104,Marketplace,Efectivo,Sin Promo,1,702.23,0.0,702.23,91.29,610.94,405.18,0,,
2022-000199,16/07/2022 02:40,S1019,C00151,P2042,Tienda,Efectivo,Promo 15%,3,401.39,0.0,1204.17,180.63,1023.54,233.31,0,,
2022-000200,12/10/2022 16:19,S1024,C00402,P2013,Call Center,Tarjeta,Promo 15%,1,190.19,0.05,190.19,28.53,161.66,98.1,0,,
2022-000201,21/07/2022 08:36,S1006,C00333,P2038,Web,Financiamiento,Sin Promo,1,132.95,0.05,132.95,17.28,115.67,104.22,0,,
2022-000202,23/01/2022 04:42,S1043,C00496,P2128,Tienda,Financiamiento,Promo 15%,3,473.78,0.15,1421.34,184.77,1236.57,269.57,0,,
2022-000203,16/11/2022 19:50,S1034,C00727,P2118,Web,Billetera Digital,Sin Promo,2,65.15,0.0,130.3,19.55,110.75,45.65,0,,
2022-000204,02/03/2022 06:00,S1021,C00458,P2012,Web,Tarjeta,Promo 10%,1,670.08,0.15,670.08,100.51,569.57,363.05,0,,
2022-000205,11/03/2022 00:50,S1037,C00290,P2137,Web,Efectivo,2x1,2,428.74,0.0,857.48,111.47,746.01,246.0,0,,
2022-000206,19/10/2022 17:01,S1017,C00697,P2131,Web,Tarjeta,Black Friday,2,196.93,0.0,393.86,47.26,346.6,119.6,1,,
2022-000207,06/04/2022 14:17,S1023,C00108,P2154,Call Center,Tarjeta,Promo 10%,1,659.89,0.1,659.89,98.98,560.91,427.53,0,,
2022-000208,28/06/2022 17:56,S1040,C00790,P2150,Marketplace,Transferencia,Promo 15%,5,198.96,0.15,994.8,129.32,865.48,154.53,1,,
2022-000209,30/10/2022 04:59,S1018,C00688,P2087,Marketplace,Transferencia,Promo 15%,1,323.78,0.0,323.78,38.85,284.93,166.63,0,,
2022-000210,21/09/2022 03:17,S1005,C00583,P2093,Tienda,Billetera Digital,Black Friday,1,147.96,0.0,147.96,19.23,128.73,75.0,0,,
2022-000211,28/06/2022 22:54,S1029,C00534,P2079,Marketplace,Transferencia,Promo 15%,1,249.59,0.0,249.59,37.44,212.15,156.92,0,,
2022-000212,27/07/2022 05:42,S1043,C00642,P2139,Marketplace,Efectivo,Sin Promo,4,18.25,0.1,73.0,9.49,63.51,12.71,0,,
2022-000213,12/11/2022 18:01,S1019,C00480,P2083,Call Center,Financiamiento,Sin Promo,1,444.91,0.15,444.91,66.74,378.17,334.59,0,,
2022-000214,29/07/2022 03:44,S1037,C00343,P2114,Web,Transferencia,Black Friday,3,443.2,0.2,1329.6,172.85,1156.75,274.57,0,,
2022-000215,16/01/2022 16:17,S1023,C00772,P2148,Web,Financiamiento,2x1,1,641.07,0.05,641.07,96.16,544.91,390.62,0,,
2022-000216,09/03/2022 07:09,S1018,C00031,P2101,Marketplace,Billetera Digital,Promo 15%,1,336.53,0.0,336.53,40.38,296.15,262.94,0,,
2022-000217,06/02/2022 13:38,S1023,C00449,P2107,Tienda,Tarjeta,2x1,5,273.7,0.15,1368.5,205.28,1163.22,196.36,0,,
2022-000218,14/12/2022 23:06,S1006,C00245,P2036,Call Center,Tarjeta,Promo 15%,5,274.2,0.05,1371.0,178.23,1192.77,143.03,0,,
2022-000219,28/01/2022 12:37,S1021,C00590,P2108,Tienda,Transferencia,Promo 10%,2,255.04,0.1,510.08,76.51,433.57,144.01,0,,
2022-000220,11/05/2022 11:00,S1019,C00479,P2078,Marketplace,Transferencia,2x1,1,165.66,0.0,165.66,24.85,140.81,125.47,0,,
2022-000221,16/05/2022 02:03,S1028,C00309,P2123,Marketplace,Efectivo,Sin Promo,3,175.11,0.0,525.33,78.8,446.53,112.82,1,,
2022-000222,13/06/2022 17:01,S1039,C00064,P2014,Call Center,Tarjeta,Black Friday,2,430.19,0.0,860.38,111.85,748.53,296.33,1,,
2022-000223,10/02/2022 23:24,S1005,C00164,P2149,Call Center,Financiamiento,Cyber Week,5,191.09,0.15,955.45,124.21,831.24,173.08,0,,
2022-000224,27/07/2022 21:08,S1013,C00010,P2121,Call Center,Tarjeta,Black Friday,1,417.78,0.0,417.78,50.13,367.65,207.12,0,,
2022-000225,10/04/2022 11:44,S1033,C00284,P2082,Marketplace,Billetera Digital,2x1,3,267.35,0.05,802.05,120.31,681.74,152.77,0,,
2022-000226,08/10/2022 00:15,S1026,C00687,P2103,Tienda,Efectivo,Promo 10%,1,403.65,0.05,403.65,60.55,343.1,274.37,1,,
2022-000227,22/12/2022 17:24,S1009,C00252,P2126,Tienda,Billetera Digital,Promo 15%,3,547.31,0.2,1641.93,213.45,1428.48,413.19,0,,
2022-000228,04/01/2022 23:23,S1024,C00429,P2106,Web,Tarjeta,Black Friday,1,461.42,0.0,461.42,69.21,392.21,310.34,0,,
2022-000229,10/08/2022 17:47,S1042,C00407,P2018,Web,Billetera Digital,Cyber Week,1,391.86,0.0,391.86,50.94,340.92,224.11,0,,
2022-000230,19/04/2022 04:51,S1011,C00345,P2011,Call Center,Transferencia,Promo 15%,1,314.18,0.2,314.18,37.7,276.48,309.34,0,,
2022-000231,06/04/2022 20:24,S1032,C00645,P2118,Web,Efectivo,2x1,4,65.15,0.0,260.6,39.09,221.51,45.65,0,,
2022-000232,12/07/2022 22:28,S1043,C00519,P2006,Web,Transferencia,Promo 10%,4,341.71,0.15,1366.84,177.69,1189.15,287.52,0,,
2022-000233,31/08/2022 08:37,S1023,C00273,P2084,Web,Efectivo,Cyber Week,2,9.26,0.15,18.52,2.78,15.74,8.31,0,,
2022-000234,23/06/2022 23:43,S1016,C00426,P2055,Web,Efectivo,Sin Promo,1,140.77,0.0,140.77,16.89,123.88,77.43,0,,
2022-000235,18/02/2022 09:09,S1033,C00260,P2040,Tienda,Financiamiento,Black Friday,2,59.49,0.0,118.98,17.85,101.13,35.66,0,,
2022-000236,27/04/2022 06:22,S1035,C00774,P2094,Web,Efectivo,Promo 15%,2,700.79,0.0,1401.58,210.24,1191.34,392.99,0,,
2022-000237,04/12/2022 02:34,S1002,C00045,P2019,Web,Billetera Digital,Sin Promo,2,424.14,0.1,848.28,110.28,738.0,283.84,1,,
2022-000238,05/09/2022 12:03,S1015,C00635,P2001,Tienda,Transferencia,Promo 15%,3,76.66,0.2,229.98,27.6,202.38,59.67,1,,
2022-000239,25/06/2022 04:37,S1045,C00209,P2120,Call Center,Transferencia,2x1,4,199.5,0.0,798.0,103.74,694.26,113.2,0,,
2022-000240,20/12/2022 22:11,S1001,C00431,P2067,Web,Tarjeta,Sin Promo,2,582.45,0.0,1164.9,151.44,1013.46,420.88,0,,
2022-000241,21/07/2022 10:21,S1042,C00756,P2015,Web,Efectivo,2x1,6,173.77,0.0,1042.62,135.54,907.08,122.14,1,,
2022-000242,19/03/2022 04:40,S1034,C00642,P2084,Call Center,Efectivo,Promo 10%,2,10.35,0.05,20.7,3.1,17.6,8.31,0,,
2022-000243,01/08/2022 18:25,S1001,C00299,P2084,Call Center,Financiamiento,Promo 15%,2,10.89,0.0,21.78,2.83,18.95,8.31,1,,
2022-000244,02/09/2022 01:01,S1005,C00280,P2124,Tienda,Efectivo,Black Friday,4,451.91,0.05,1807.64,234.99,1572.65,351.18,0,,
2022-000245,27/01/2022 08:40,S1006,C00007,P2132,Marketplace,Billetera Digital,Promo 15%,1,321.61,0.0,321.61,41.81,279.8,220.13,0,,
2022-000246,16/11/2022 18:19,S1044,C00073,P2026,Marketplace,Tarjeta,Cyber Week,3,459.92,0.0,1379.76,179.37,1200.39,230.43,0,,
2022-000247,24/11/2022 17:13,S1024,C00496,P2001,Tienda,Efectivo,2x1,3,95.82,0.0,287.46,43.12,244.34,59.67,0,,
2022-000248,10/01/2022 23:35,S1009,C00583,P2110,Marketplace,Billetera Digital,Promo 10%,4,395.88,0.05,1583.52,205.86,1377.66,314.95,0,,
2022-000249,21/08/2022 15:18,S1036,C00779,P2053,Tienda,Financiamiento,Promo 10%,1,841.05,0.1,841.05,126.16,714.89,436.17,0,,
2022-000250,21/01/2022 08:55,S1012,C00729,P2131,Marketplace,Financiamiento,Promo 15%,3,196.93,0.0,590.79,70.89,519.9,119.6,0,,
2022-000251,06/02/2022 10:17,S1031,C00302,P2077,Marketplace,Billetera Digital,2x1,2,794.69,0.0,1589.38,238.41,1350.97,400.81,1,,
2022-000252,28/10/2022 07:36,S1010,C00284,P2146,Call Center,Billetera Digital,Black Friday,1,311.26,0.0,311.26,37.35,273.91,242.22,1,,
2022-000253,23/05/2022 21:46,S1013,C00419,P2064,Call Center,Tarjeta,Black Friday,3,91.31,0.0,273.93,32.87,241.06,57.47,1,,
2022-000254,14/11/2022 11:28,S1043,C00143,P2043,Marketplace,Billetera Digital,Cyber Week,3,313.61,0.0,940.83,122.31,818.52,244.5,1,,
2022-000255,17/04/2022 05:12,S1014,C00478,P2142,Call Center,Transferencia,Promo 10%,3,395.11,0.2,1185.33,142.24,1043.09,331.65,0,,
2022-000256,09/03/2022 08:05,S1012,C00225,P2086,Call Center,Tarjeta,Promo 10%,5,109.2,0.0,546.0,65.52,480.48,70.05,0,,
2022-000257,22/03/2022 19:57,S1013,C00702,P2125,Tienda,Tarjeta,Promo 15%,2,310.19,0.1,620.38,74.45,545.93,235.01,0,,
2022-000258,28/05/2022 20:28,S1018,C00524,P2001,Marketplace,Tarjeta,Sin Promo,5,95.82,0.0,479.1,57.49,421.61,59.67,1,,
2022-000259,07/02/2022 06:38,S1036,C00478,P2012,Web,Efectivo,Promo 10%,2,748.91,0.05,1497.82,224.67,1273.15,363.05,0,Revisar,
2022-000260,29/09/2022 11:04,S1028,C00236,P2020,Web,Efectivo,Promo 15%,5,49.36,0.0,246.8,37.02,209.78,32.33,0,,
2022-000261,25/08/2022 18:21,S1025,C00236,P2084,Web,Efectivo,Promo 10%,2,10.89,0.0,21.78,3.27,18.51,8.31,0,,
2022-000262,27/09/2022 23:24,S1017,C00145,P2075,Tienda,Transferencia,Cyber Week,2,551.05,0.05,1102.1,132.25,969.85,301.87,0,,
2022-000263,29/05/2022 02:27,S1024,C00554,P2051,Call Center,Tarjeta,Cyber Week,1,855.46,0.0,855.46,128.32,727.14,394.02,0,,
2022-000264,24/12/2022 09:17,S1028,C00717,P2129,Call Center,Transferencia,2x1,2,504.95,0.0,1009.9,151.48,858.42,401.84,1,,
2022-000265,22/10/2022 21:49,S1043,C00055,P2073,Marketplace,Financiamiento,Sin Promo,2,131.65,0.2,263.3,34.23,229.07,131.1,1,,
2022-000266,16/06/2022 18:45,S1040,C00411,P2079,Marketplace,Billetera Digital,2x1,2,237.11,0.05,474.22,61.65,412.57,156.92,0,,
2022-000267,14/12/2022 19:43,S1036,C00152,P2087,Call Center,Efectivo,Promo 10%,1,323.78,0.0,323.78,48.57,275.21,166.63,0,,
2022-000268,03/03/2022 01:50,S1016,C00012,P2010,Web,Financiamiento,Sin Promo,3,404.09,0.0,1212.27,145.47,1066.8,210.17,0,,
2022-000269,25/07/2022 04:49,S1008,C00364,P2106,Marketplace,Transferencia,Promo 15%,1,438.35,0.05,438.35,56.99,381.36,310.34,1,,
2022-000270,19/08/2022 18:26,S1017,C00281,P2068,Marketplace,Financiamiento,Cyber Week,1,246.4,0.0,246.4,29.57,216.83,122.46,0,,
2022-000271,24/07/2022 11:44,S1014,C00753,P2136,Marketplace,Financiamiento,Promo 15%,1,123.84,0.2,123.84,14.86,108.98,99.42,0,,
2022-000272,30/03/2022 09:16,S1026,C00117,P2102,Tienda,Tarjeta,Sin Promo,2,500.87,0.0,1001.74,150.26,851.48,270.07,0,,
2022-000273,26/09/2022 16:15,S1039,C00594,P2009,Call Center,Billetera Digital,Promo 10%,1,418.41,0.2,418.41,54.39,364.02,287.2,0,,
2022-000274,16/12/2022 02:05,S1043,C00566,P2008,Call Center,Transferencia,Promo 15%,1,830.52,0.05,830.52,107.97,722.55,421.75,0,,
2022-000275,24/02/2022 05:36,S1002,C00032,P2043,Marketplace,Transferencia,Sin Promo,1,313.61,0.0,313.61,40.77,272.84,244.5,0,,
2022-000276,29/10/2022 22:16,S1004,C00721,P2091,Tienda,Efectivo,Promo 10%,2,541.5,0.0,1083.0,140.79,942.21,397.11,0,,
2022-000277,28/09/2022 14:48,S1003,C00108,P2063,Tienda,Billetera Digital,Promo 10%,4,66.89,0.05,267.56,34.78,232.78,34.56,0,,
2022-000278,29/08/2022 01:31,S1009,C00033,P2100,Tienda,Efectivo,2x1,3,543.37,0.05,1630.11,211.91,1418.2,422.9,0,,
2022-000279,24/01/2022 22:39,S1011,C00683,P2018,Web,Efectivo,Black Friday,1,391.86,0.0,391.86,47.02,344.84,224.11,1,,
2022-000280,30/07/2022 02:12,S1007,C00158,P2133,Marketplace,Tarjeta,Black Friday,1,42.07,0.2,42.07,5.47,36.6,38.56,0,,
2022-000281,01/10/2022 08:07,S1036,C00288,P2121,Marketplace,Tarjeta,Promo 10%,1,376.0,0.1,376.0,56.4,319.6,207.12,0,,
2022-000282,09/12/2022 21:03,S1005,C00711,P2049,Call Center,Tarjeta,Black Friday,1,126.62,0.2,126.62,16.46,110.16,89.45,0,,
2022-000283,02/11/2022 17:39,S1030,C00725,P2159,Call Center,Efectivo,Promo 15%,4,512.7,0.2,2050.8,307.62,1743.18,434.27,0,,
2022-000284,20/03/2022 20:12,S1008,C00567,P2120,Marketplace,Financiamiento,Black Friday,1,199.5,0.0,199.5,25.94,173.56,113.2,0,,
2022-000285,27/09/2022 00:28,S1003,C00626,P2026,Call Center,Efectivo,Promo 15%,1,459.92,0.0,459.92,59.79,400.13,230.43,0,,
2022-000286,20/12/2022 17:55,S1028,C00639,P2053,Tienda,Billetera Digital,Promo 15%,1,841.05,0.1,841.05,126.16,714.89,436.17,0,,
2022-000287,24/11/2022 23:16,S1029,C00302,P2147,Marketplace,Tarjeta,Promo 15%,5,493.36,0.1,2466.8,370.02,2096.78,299.7,0,,
2022-000288,18/11/2022 19:58,S1020,C00154,P2085,Call Center,Tarjeta,Promo 10%,1,26.37,0.15,26.37,3.96,22.41,20.07,1,,
2022-000289,12/11/2022 09:08,S1012,C00251,P2023,Tienda,Efectivo,Sin Promo,1,450.29,0.15,450.29,54.03,396.26,346.8,0,,
2022-000290,29/09/2022 21:51,S1037,C00341,P2119,Marketplace,Billetera Digital,Promo 15%,5,763.08,0.0,3815.4,496.0,3319.4,363.73,0,,
2022-000291,09/01/2022 17:03,S1016,C00046,P2104,Web,Tarjeta,Promo 10%,1,702.23,0.0,702.23,84.27,617.96,405.18,0,,
2022-000292,16/10/2022 16:01,S1021,C00696,P2160,Marketplace,Billetera Digital,2x1,2,771.61,0.05,1543.22,231.48,1311.74,418.28,0,,
2022-000293,05/07/2022 22:11,S1028,C00141,P2063,Marketplace,Tarjeta,Black Friday,1,70.41,0.0,70.41,10.56,59.85,34.56,0,,
2022-000294,17/05/2022 19:01,S1019,C00269,P2116,Tienda,Billetera Digital,Black Friday,3,743.9,0.0,2231.7,334.75,1896.95,358.01,1,,
2022-000295,08/03/2022 22:04,S1024,C00259,P2064,Call Center,Billetera Digital,Promo 15%,1,77.61,0.15,77.61,11.64,65.97,57.47,0,,
2022-000296,20/10/2022 15:18,S1027,C00111,P2121,Web,Efectivo,2x1,1,355.11,0.15,355.11,53.27,301.84,207.12,0,,
2022-000297,26/11/2022 13:07,S1043,C00285,P2063,Marketplace,Efectivo,2x1,3,66.89,0.05,200.67,26.09,174.58,34.56,0,,
2022-000298,04/09/2022 10:39,S1016,C00447,P2036,Tienda,Financiamiento,Promo 10%,4,288.63,0.0,1154.52,138.54,1015.98,143.03,1,,
2022-000299,02/01/2022 13:58,S1012,C00203,P2017,Web,Tarjeta,Promo 15%,1,224.24,0.2,224.24,26.91,197.33,182.13,0,Revisar,
2022-000300,29/09/2022 03:17,S1037,C00730,P2093,Web,Transferencia,Promo 10%,2,133.16,0.1,266.32,34.62,231.7,75.0,0,,
2022-000301,05/07/2022 12:22,S1013,C00608,P2077,Tienda,Financiamiento,Promo 10%,2,754.96,0.05,1509.92,181.19,1328.73,400.81,0,,
2022-000302,10/03/2022 16:45,S1032,C00101,P2076,Call Center,Tarjeta,2x1,3,97.52,0.0,292.56,43.88,248.68,50.2,0,,
2022-000303,15/09/2022 21:05,S1043,C00098,P2120,Web,Efectivo,2x1,1,199.5,0.0,199.5,25.94,173.56,113.2,1,,
2022-000304,21/10/2022 02:03,S1041,C00109,P2111,Call Center,Transferencia,Promo 15%,1,233.7,0.2,233.7,30.38,203.32,191.52,1,,
2022-000305,05/10/2022 22:51,S1030,C00284,P2050,Marketplace,Financiamiento,2x1,2,273.95,0.0,547.9,82.18,465.72,192.16,0,,
2022-000306,15/06/2022 09:26,S1007,C00549,P2095,Call Center,Financiamiento,2x1,1,583.94,0.2,583.94,75.91,508.03,368.2,0,,
2022-000307,10/06/2022 07:22,S1045,C00697,P2022,Tienda,Financiamiento,Cyber Week,2,449.93,0.0,899.86,116.98,782.88,325.44,0,Revisar,
2022-000308,25/08/2022 18:43,S1022,C00427,P2064,Tienda,Transferencia,2x1,1,82.18,0.1,82.18,12.33,69.85,57.47,0,,
2022-000309,30/01/2022 20:18,S1035,C00329,P2155,Call Center,Efectivo,2x1,2,157.33,0.0,314.66,47.2,267.46,71.96,0,,
2022-000310,18/04/2022 18:24,S1006,C00091,P2118,Call Center,Financiamiento,Promo 10%,1,58.64,0.1,58.64,7.62,51.02,45.65,0,,
2022-000311,12/01/2022 05:39,S1039,C00354,P2160,Call Center,Financiamiento,Sin Promo,5,690.39,0.15,3451.95,448.75,3003.2,418.28,0,,
2022-000312,02/05/2022 21:36,S1025,C00386,P2009,Web,Tarjeta,Cyber Week,1,523.01,0.0,523.01,78.45,444.56,287.2,1,,
2022-000313,05/11/2022 01:00,S1040,C00125,P2150,Tienda,Billetera Digital,Black Friday,2,234.07,0.0,468.14,60.86,407.28,154.53,0,,
2022-000314,21/03/2022 20:38,S1010,C00377,P2099,Call Center,Tarjeta,Black Friday,2,265.11,0.1,530.22,63.63,466.59,231.19,0,,
2022-000315,14/01/2022 23:37,S1034,C00780,P2001,Call Center,Financiamiento,Cyber Week,3,95.82,0.0,287.46,43.12,244.34,59.67,0,,
2022-000316,19/01/2022 04:18,S1028,C00443,P2023,Web,Efectivo,2x1,1,476.78,0.1,476.78,71.52,405.26,346.8,0,,
2022-000317,29/10/2022 20:12,S1010,C00655,P2063,Web,Efectivo,Promo 15%,1,63.37,0.1,63.37,7.6,55.77,34.56,1,,
2022-000318,19/09/2022 15:53,S1006,C00672,P2097,Call Center,Tarjeta,Promo 10%,2,469.02,0.1,938.04,121.95,816.09,298.37,1,,
2022-000319,11/06/2022 01:36,S1040,C00341,P2082,Call Center,Billetera Digital,Black Friday,2,281.42,0.0,562.84,73.17,489.67,152.77,0,,
2022-000320,23/09/2022 08:12,S1012,C00392,P2089,Marketplace,Transferencia,Cyber Week,6,736.54,0.0,4419.24,530.31,3888.93,351.93,0,Revisar,
2022-000321,07/01/2022 17:43,S1037,C00430,P2147,Tienda,Efectivo,Cyber Week,2,465.95,0.15,931.9,121.15,810.75,299.7,0,Revisar,
2022-000322,21/02/2022 11:45,S1045,C00183,P2106,Tienda,Transferencia,2x1,1,392.21,0.15,392.21,50.99,341.22,310.34,1,,
2022-000323,17/01/2022 13:00,S1003,C00155,P2086,Call Center,Billetera Digital,Black Friday,1,109.2,0.0,109.2,14.2,95.0,70.05,1,,
2022-000324,24/04/2022 18:48,S1003,C00215,P2033,Marketplace,Transferencia,Sin Promo,1,64.29,0.2,64.29,8.36,55.93,61.26,0,,
2022-000325,08/07/2022 18:32,S1019,C00472,P2035,Tienda,Transferencia,Sin Promo,2,906.6,0.0,1813.2,271.98,1541.22,418.3,0,,
2022-000326,05/09/2022 01:52,S1013,C00221,P2067,Tienda,Efectivo,Promo 10%,2,495.08,0.15,990.16,118.82,871.34,420.88,1,,
2022-000327,15/06/2022 01:47,S1034,C00091,P2036,Call Center,Tarjeta,Promo 15%,1,259.77,0.1,259.77,38.97,220.8,143.03,1,,
2022-000328,21/07/2022 19:26,S1040,C00502,P2013,Tienda,Billetera Digital,Cyber Week,2,170.17,0.15,340.34,44.24,296.1,98.1,0,,
2022-000329,19/08/2022 22:29,S1025,C00250,P2029,Web,Efectivo,Cyber Week,2,491.5,0.0,983.0,147.45,835.55,271.13,0,,
2022-000330,18/11/2022 09:43,S1014,C00603,P2124,Marketplace,Transferencia,2x1,1,428.12,0.1,428.12,51.37,376.75,351.18,0,,
2022-000331,22/10/2022 10:41,S1007,C00032,P2012,Web,Financiamiento,Cyber Week,1,630.66,0.2,630.66,81.99,548.67,363.05,0,,
2022-000332,02/06/2022 00:47,S1013,C00104,P2149,Web,Billetera Digital,Promo 15%,1,224.81,0.0,224.81,26.98,197.83,173.08,0,,
2022-000333,22/04/2022 18:09,S1027,C00797,P2092,Tienda,Transferencia,Black Friday,2,802.49,0.0,1604.98,240.75,1364.23,416.32,0,,
2022-000334,07/07/2022 16:29,S1039,C00683,P2001,Web,Financiamiento,Promo 10%,3,95.82,0.0,287.46,37.37,250.09,59.67,0,,
2022-000335,18/09/2022 14:19,S1031,C00667,P2025,Web,Tarjeta,Promo 10%,5,531.42,0.2,2657.1,398.56,2258.54,394.63,0,,
2022-000336,15/02/2022 12:04,S1003,C00159,P2147,Marketplace,Efectivo,Promo 10%,2,465.95,0.15,931.9,121.15,810.75,299.7,0,,
2022-000337,31/03/2022 10:55,S1024,C00737,P2101,Marketplace,Tarjeta,Black Friday,1,269.22,0.2,269.22,40.38,228.84,262.94,0,,
2022-000338,17/11/2022 09:15,S1001,C00444,P2094,Call Center,Financiamiento,Sin Promo,2,630.71,0.1,1261.42,163.98,1097.44,392.99,0,,
2022-000339,17/04/2022 10:55,S1025,C00096,P2141,Call Center,Transferencia,2x1,1,790.87,0.05,790.87,118.63,672.24,384.64,0,,
2022-000340,04/03/2022 12:34,S1020,C00235,P2049,Marketplace,Billetera Digital,Promo 15%,3,142.44,0.1,427.32,64.1,363.22,89.45,1,,
2022-000341,12/02/2022 22:49,S1009,C00494,P2095,Tienda,Financiamiento,Sin Promo,2,620.44,0.15,1240.88,161.31,1079.57,368.2,0,,
2022-000342,02/01/2022 12:15,S1023,C00489,P2130,Web,Tarjeta,Black Friday,1,701.29,0.0,701.29,105.19,596.1,404.15,1,,
2022-000343,18/02/2022 14:43,S1021,C00037,P2022,Marketplace,Tarjeta,Promo 10%,2,449.93,0.0,899.86,134.98,764.88,325.44,0,,
2022-000344,21/05/2022 17:27,S1045,C00115,P2099,Marketplace,Billetera Digital,Promo 10%,1,294.57,0.0,294.57,38.29,256.28,231.19,1,,
2022-000345,07/09/2022 16:22,S1030,C00508,P2147,Web,Billetera Digital,Cyber Week,1,465.95,0.15,465.95,69.89,396.06,299.7,0,,
2022-000346,02/10/2022 14:44,S1032,C00115,P2118,Web,Efectivo,Sin Promo,1,55.38,0.15,55.38,8.31,47.07,45.65,0,,
2022-000347,06/08/2022 23:05,S1045,C00078,P2098,Tienda,Billetera Digital,Cyber Week,1,548.32,0.15,548.32,71.28,477.04,389.5,1,,
2022-000348,27/10/2022 13:59,S1001,C00196,P2085,Tienda,Billetera Digital,Promo 10%,3,31.02,0.0,93.06,12.1,80.96,20.07,0,,
2022-000349,13/07/2022 16:28,S1010,C00571,P2036,Call Center,Financiamiento,2x1,2,259.77,0.1,519.54,62.34,457.2,143.03,0,,
2022-000350,09/02/2022 00:03,S1017,C00729,P2114,Call Center,Efectivo,Promo 15%,1,554.0,0.0,554.0,66.48,487.52,274.57,0,,
2022-000351,17/01/2022 04:53,S1004,C00418,P2059,Web,Efectivo,Cyber Week,3,104.57,0.2,313.71,40.78,272.93,101.09,1,,
2022-000352,23/04/2022 09:46,S1040,C00467,P2032,Tienda,Tarjeta,Promo 10%,2,419.91,0.1,839.82,109.18,730.64,330.43,1,,
2022-000353,13/08/2022 15:24,S1015,C00659,P2125,Call Center,Transferencia,Black Friday,2,327.42,0.05,654.84,78.58,576.26,235.01,1,,
2022-000354,09/01/2022 03:24,S1014,C00450,P2053,Tienda,Transferencia,Promo 10%,2,887.77,0.05,1775.54,213.06,1562.48,436.17,1,,
2022-000355,05/06/2022 10:03,S1027,C00324,P2036,Marketplace,Transferencia,Sin Promo,3,288.63,0.0,865.89,129.88,736.01,143.03,0,,
2022-000356,26/03/2022 07:41,S1010,C00695,P2152,Marketplace,Tarjeta,2x1,1,399.61,0.2,399.61,47.95,351.66,338.06,0,,
2022-000357,22/07/2022 13:07,S1026,C00179,P2059,Web,Financiamiento,Sin Promo,2,130.71,0.0,261.42,39.21,222.21,101.09,0,,
2022-000358,09/10/2022 13:58,S1001,C00342,P2017,Web,Financiamiento,Promo 10%,1,224.24,0.2,224.24,29.15,195.09,182.13,0,,
2022-000359,18/10/2022 21:16,S1009,C00480,P2025,Call Center,Billetera Digital,Cyber Week,3,664.27,0.0,1992.81,259.07,1733.74,394.63,0,,
2022-000360,02/07/2022 21:12,S1006,C00343,P2020,Web,Financiamiento,Cyber Week,3,41.96,0.15,125.88,16.36,109.52,32.33,0,,
2022-000361,12/07/2022 09:33,S1031,C00596,P2060,Tienda,Tarjeta,Promo 10%,3,383.25,0.0,1149.75,172.46,977.29,245.82,0,,
2022-000362,15/06/2022 00:05,S1014,C00469,P2016,Marketplace,Transferencia,Sin Promo,5,146.7,0.15,733.5,88.02,645.48,121.18,1,,
2022-000363,17/04/2022 09:52,S1020,C00381,P2075,Marketplace,Billetera Digital,2x1,3,493.04,0.15,1479.12,221.87,1257.25,301.87,0,,
2022-000364,14/03/2022 06:34,S1033,C00055,P2128,Web,Billetera Digital,Sin Promo,2,501.65,0.1,1003.3,150.49,852.81,269.57,0,,
2022-000365,29/08/2022 08:46,S1038,C00609,P2107,Marketplace,Transferencia,Promo 15%,5,322.0,0.0,1610.0,209.3,1400.7,196.36,0,,
2022-000366,23/12/2022 03:02,S1042,C00294,P2096,Marketplace,Billetera Digital,Promo 10%,1,604.2,0.05,604.2,78.55,525.65,369.96,0,Revisar,
2022-000367,03/07/2022 03:22,S1028,C00424,P2029,Call Center,Billetera Digital,Black Friday,1,417.77,0.15,417.77,62.67,355.1,271.13,0,,
2022-000368,29/10/2022 11:32,S1030,C00174,P2082,Tienda,Transferencia,Sin Promo,1,281.42,0.0,281.42,42.21,239.21,152.77,0,,
2022-000369,14/06/2022 10:23,S1035,C00193,P2001,Call Center,Financiamiento,Sin Promo,1,91.03,0.05,91.03,13.65,77.38,59.67,0,,
2022-000370,10/04/2022 01:53,S1018,C00375,P2121,Marketplace,Billetera Digital,Sin Promo,2,334.22,0.2,668.44,80.21,588.23,207.12,0,,
2022-000371,21/02/2022 19:30,S1021,C00373,P2027,Tienda,Transferencia,Promo 10%,2,331.73,0.0,663.46,99.52,563.94,230.42,0,,
2022-000372,13/02/2022 11:49,S1004,C00712,P2043,Marketplace,Efectivo,2x1,1,313.61,0.0,313.61,40.77,272.84,244.5,0,,
2022-000373,01/10/2022 15:01,S1002,C00305,P2160,Tienda,Financiamiento,Black Friday,1,812.22,0.0,812.22,105.59,706.63,418.28,0,,
2022-000374,08/10/2022 16:36,S1006,C00463,P2116,Call Center,Billetera Digital,Promo 15%,1,669.51,0.1,669.51,87.04,582.47,358.01,0,,
2022-000375,04/06/2022 04:41,S1037,C00753,P2160,Tienda,Financiamiento,Cyber Week,1,771.61,0.05,771.61,100.31,671.3,418.28,0,,
2022-000376,30/11/2022 00:05,S1022,C00717,P2096,Web,Efectivo,Cyber Week,1,604.2,0.05,604.2,90.63,513.57,369.96,0,,
2022-000377,10/07/2022 09:35,S1039,C00529,P2100,Web,Tarjeta,2x1,1,486.17,0.15,486.17,63.2,422.97,422.9,0,,
2022-000378,28/01/2022 06:43,S1018,C00125,P2112,Call Center,Transferencia,Cyber Week,1,361.76,0.0,361.76,43.41,318.35,257.82,1,,
2022-000379,21/06/2022 00:41,S1033,C00409,P2100,Web,Efectivo,Promo 15%,2,457.58,0.2,915.16,137.27,777.89,422.9,1,,
2022-000380,18/02/2022 03:29,S1027,C00089,P2074,Tienda,Financiamiento,2x1,1,281.27,0.0,281.27,42.19,239.08,138.92,0,,
2022-000381,19/01/2022 03:45,S1043,C00014,P2056,Marketplace,Billetera Digital,Black Friday,1,886.94,0.0,886.94,115.3,771.64,417.23,0,,
2022-000382,10/01/2022 03:28,S1038,C00447,P2157,Call Center,Efectivo,Promo 10%,6,212.21,0.05,1273.26,165.52,1107.74,118.28,1,,
2022-000383,23/09/2022 05:07,S1006,C00090,P2085,Web,Transferencia,Sin Promo,1,24.82,0.2,24.82,3.23,21.59,20.07,0,,
2022-000384,13/06/2022 08:27,S1024,C00609,P2131,Web,Efectivo,Cyber Week,4,177.24,0.1,708.96,106.34,602.62,119.6,0,,
2022-000385,25/01/2022 13:33,S1029,C00320,P2054,Tienda,Tarjeta,Cyber Week,1,393.79,0.15,393.79,59.07,334.72,220.6,1,,
2022-000386,11/11/2022 01:41,S1017,C00718,P2055,Web,Transferencia,Black Friday,4,140.77,0.0,563.08,67.57,495.51,77.43,0,,
2022-000387,18/04/2022 08:08,S1023,C00150,P2133,Web,Efectivo,Promo 15%,2,52.59,0.0,105.18,15.78,89.4,38.56,0,,
2022-000388,22/09/2022 13:47,S1010,C00395,P2150,Web,Efectivo,Promo 10%,5,234.07,0.0,1170.35,140.44,1029.91,154.53,1,,
2022-000389,03/11/2022 09:15,S1013,C00211,P2089,Call Center,Transferencia,Promo 15%,1,589.23,0.2,589.23,70.71,518.52,351.93,0,,
2022-000390,21/04/2022 11:04,S1021,C00461,P2039,Marketplace,Transferencia,Black Friday,1,453.15,0.05,453.15,67.97,385.18,251.05,0,,
2022-000391,08/08/2022 00:10,S1015,C00213,P2008,Call Center,Financiamiento,Promo 10%,1,786.81,0.1,786.81,94.42,692.39,421.75,0,,
2022-000392,31/03/2022 01:59,S1015,C00364,P2104,Marketplace,Efectivo,2x1,3,632.01,0.1,1896.03,227.52,1668.51,405.18,0,,
2022-000393,22/11/2022 17:14,S1041,C00739,P2114,Web,Transferencia,Cyber Week,2,443.2,0.2,886.4,115.23,771.17,274.57,0,,
2022-000394,09/10/2022 23:11,S1018,C00753,P2054,Call Center,Efectivo,Promo 15%,2,463.28,0.0,926.56,111.19,815.37,220.6,0,,
2022-000395,17/02/2022 12:10,S1032,C00278,P2033,Call Center,Transferencia,Promo 15%,2,76.34,0.05,152.68,22.9,129.78,61.26,0,,
2022-000396,03/02/2022 09:44,S1029,C00268,P2120,Web,Transferencia,Promo 10%,2,189.52,0.05,379.04,56.86,322.18,113.2,1,,
2022-000397,19/09/2022 02:12,S1012,C00074,P2156,Call Center,Transferencia,Sin Promo,2,77.36,0.05,154.72,18.57,136.15,55.02,0,,
2022-000398,31/08/2022 13:27,S1025,C00047,P2063,Marketplace,Efectivo,Promo 15%,1,66.89,0.05,66.89,10.03,56.86,34.56,0,,
2022-000399,19/05/2022 14:20,S1015,C00263,P2057,Web,Transferencia,Promo 10%,2,419.8,0.0,839.6,100.75,738.85,314.68,0,,
2022-000400,25/10/2022 14:50,S1013,C00689,P2125,Marketplace,Efectivo,Promo 10%,1,292.95,0.15,292.95,35.15,257.8,235.01,0,,
2022-000401,14/04/2022 14:08,S1026,C00727,P2085,Web,Transferencia,Sin Promo,2,27.92,0.1,55.84,8.38,47.46,20.07,0,,
2022-000402,01/09/2022 02:58,S1017,C00117,P2151,Call Center,Efectivo,Cyber Week,1,233.86,0.05,233.86,28.06,205.8,116.51,1,,
2022-000403,08/10/2022 08:10,S1021,C00319,P2134,Marketplace,Financiamiento,Black Friday,1,241.56,0.0,241.56,36.23,205.33,153.79,0,,
2022-000404,14/09/2022 15:37,S1027,C00768,P2154,Tienda,Financiamiento,Sin Promo,1,659.89,0.1,659.89,98.98,560.91,427.53,0,,
2022-000405,03/10/2022 05:21,S1042,C00054,P2134,Web,Billetera Digital,Black Friday,1,229.48,0.05,229.48,29.83,199.65,153.79,0,,
2022-000406,03/12/2022 02:48,S1012,C00301,P2125,Web,Billetera Digital,Sin Promo,1,344.65,0.0,344.65,41.36,303.29,235.01,0,,
2022-000407,21/07/2022 18:45,S1002,C00043,P2075,Call Center,Tarjeta,Sin Promo,2,493.04,0.15,986.08,128.19,857.89,301.87,0,,
2022-000408,12/01/2022 18:05,S1025,C00665,P2142,Web,Financiamiento,Sin Promo,3,469.2,0.05,1407.6,211.14,1196.46,331.65,0,,
2022-000409,20/12/2022 06:02,S1021,C00188,P2063,Tienda,Tarjeta,Promo 15%,3,56.33,0.2,168.99,25.35,143.64,34.56,0,,
2022-000410,11/11/2022 15:25,S1036,C00531,P2123,Tienda,Billetera Digital,Promo 10%,3,157.6,0.1,472.8,70.92,401.88,112.82,0,,
2022-000411,21/05/2022 20:53,S1008,C00332,P2109,Tienda,Transferencia,2x1,1,208.28,0.0,208.28,27.08,181.2,141.94,0,,
2022-000412,31/10/2022 10:50,S1006,C00204,P2093,Call Center,Efectivo,Promo 15%,3,140.56,0.05,421.68,54.82,366.86,75.0,1,,
2022-000413,23/05/2022 05:14,S1009,C00674,P2090,Web,Financiamiento,Cyber Week,3,99.1,0.2,297.3,38.65,258.65,72.93,0,,
2022-000414,26/06/2022 14:45,S1045,C00678,P2120,Web,Billetera Digital,Sin Promo,1,159.6,0.2,159.6,20.75,138.85,113.2,0,,
2022-000415,13/03/2022 21:18,S1013,C00734,P2024,Marketplace,Tarjeta,Promo 10%,4,284.64,0.1,1138.56,136.63,1001.93,197.91,0,,
2022-000416,21/10/2022 09:32,S1036,C00347,P2062,Tienda,Tarjeta,Promo 10%,2,95.11,0.15,190.22,28.53,161.69,74.21,1,,
2022-000417,31/07/2022 13:57,S1013,C00565,P2028,Call Center,Tarjeta,Black Friday,3,538.37,0.1,1615.11,193.81,1421.3,344.08,0,,
2022-000418,20/08/2022 00:55,S1038,C00320,P2018,Web,Efectivo,Promo 15%,1,352.67,0.1,352.67,45.85,306.82,224.11,0,,
2022-000419,04/11/2022 04:02,S1008,C00268,P2155,Tienda,Efectivo,Promo 15%,1,149.46,0.05,149.46,19.43,130.03,71.96,0,,
2022-000420,15/01/2022 04:08,S1027,C00784,P2063,Web,Billetera Digital,Black Friday,1,59.85,0.15,59.85,8.98,50.87,34.56,0,,
2022-000421,27/10/2022 01:14,S1014,C00395,P2063,Web,Efectivo,Promo 10%,3,70.41,0.0,211.23,25.35,185.88,34.56,0,,
2022-000422,20/05/2022 07:50,S1025,C00414,P2153,Call Center,Financiamiento,Cyber Week,2,346.72,0.15,693.44,104.02,589.42,293.96,0,,
2022-000423,18/12/2022 09:57,S1007,C00010,P2119,Marketplace,Tarjeta,Black Friday,2,763.08,0.0,1526.16,198.4,1327.76,363.73,0,,
2022-000424,20/12/2022 09:39,S1039,C00359,P2029,Tienda,Financiamiento,2x1,1,491.5,0.0,491.5,63.9,427.6,271.13,0,,
2022-000425,21/04/2022 01:22,S1009,C00301,P2042,Tienda,Tarjeta,2x1,1,401.39,0.0,401.39,52.18,349.21,233.31,0,,
2022-000426,25/05/2022 21:03,S1014,C00295,P2108,Tienda,Tarjeta,Sin Promo,2,255.04,0.1,510.08,61.21,448.87,144.01,0,,
2022-000427,02/12/2022 05:52,S1026,C00034,P2153,Web,Billetera Digital,Black Friday,4,407.91,0.0,1631.64,244.75,1386.89,293.96,0,,
2022-000428,02/08/2022 04:20,S1037,C00480,P2030,Tienda,Tarjeta,Black Friday,1,487.3,0.1,487.3,63.35,423.95,418.38,0,,
2022-000429,21/01/2022 08:58,S1025,C00650,P2098,Web,Transferencia,Black Friday,1,645.08,0.0,645.08,96.76,548.32,389.5,1,,
2022-000430,18/06/2022 11:00,S1003,C00548,P2042,Tienda,Efectivo,Promo 15%,2,401.39,0.0,802.78,104.36,698.42,233.31,0,,
2022-000431,08/02/2022 15:29,S1028,C00034,P2123,Tienda,Financiamiento,Black Friday,1,166.35,0.05,166.35,24.95,141.4,112.82,0,,
2022-000432,16/04/2022 19:47,S1004,C00666,P2003,Marketplace,Financiamiento,Sin Promo,1,508.72,0.0,508.72,66.13,442.59,261.5,1,,
2022-000433,14/02/2022 18:02,S1029,C00106,P2031,Tienda,Billetera Digital,Cyber Week,1,203.6,0.0,203.6,30.54,173.06,111.43,0,,
2022-000434,09/01/2022 04:55,S1014,C00410,P2069,Tienda,Efectivo,Black Friday,1,181.97,0.05,181.97,21.84,160.13,145.02,0,,
2022-000435,02/12/2022 03:12,S1022,C00291,P2010,Web,Billetera Digital,2x1,1,404.09,0.0,404.09,60.61,343.48,210.17,1,,
2022-000436,03/06/2022 11:32,S1018,C00324,P2078,Tienda,Billetera Digital,Promo 10%,1,157.38,0.05,157.38,18.89,138.49,125.47,0,,
2022-000437,01/09/2022 18:34,S1025,C00160,P2135,Marketplace,Financiamiento,Promo 10%,1,145.28,0.05,145.28,21.79,123.49,71.27,0,,
2022-000438,06/02/2022 08:41,S1020,C00440,P2148,Tienda,Financiamiento,Promo 15%,2,674.81,0.0,1349.62,202.44,1147.18,390.62,0,,
2022-000439,26/02/2022 23:56,S1016,C00518,P2143,Marketplace,Efectivo,Promo 10%,6,175.44,0.0,1052.64,126.32,926.32,101.86,1,,
2022-000440,19/03/2022 04:19,S1037,C00425,P2049,Tienda,Efectivo,Sin Promo,1,158.27,0.0,158.27,20.58,137.69,89.45,0,,
2022-000441,22/04/2022 12:04,S1025,C00450,P2067,Call Center,Efectivo,2x1,1,524.21,0.1,524.21,78.63,445.58,420.88,0,,
2022-000442,28/07/2022 19:56,S1030,C00383,P2050,Marketplace,Efectivo,Promo 15%,1,273.95,0.0,273.95,41.09,232.86,192.16,0,,
2022-000443,02/12/2022 18:05,S1039,C00158,P2157,Tienda,Efectivo,Cyber Week,3,223.38,0.0,670.14,87.12,583.02,118.28,0,,
2022-000444,25/05/2022 17:42,S1018,C00362,P2123,Call Center,Billetera Digital,Black Friday,3,175.11,0.0,525.33,63.04,462.29,112.82,0,,
2022-000445,27/12/2022 22:20,S1021,C00717,P2007,Marketplace,Financiamiento,2x1,1,190.83,0.1,190.83,28.62,162.21,162.45,0,,
2022-000446,25/05/2022 18:26,S1037,C00672,P2086,Web,Tarjeta,Sin Promo,2,98.28,0.1,196.56,25.55,171.01,70.05,0,,
2022-000447,24/02/2022 21:30,S1037,C00530,P2132,Marketplace,Financiamiento,2x1,6,273.37,0.15,1640.22,213.23,1426.99,220.13,0,,
2022-000448,06/12/2022 14:37,S1008,C00032,P2104,Marketplace,Efectivo,Promo 10%,1,702.23,0.0,702.23,91.29,610.94,405.18,0,,
2022-000449,23/11/2022 03:08,S1037,C00706,P2096,Call Center,Efectivo,Cyber Week,2,604.2,0.05,1208.4,157.09,1051.31,369.96,0,,
2022-000450,27/07/2022 13:21,S1001,C00244,P2048,Tienda,Financiamiento,Sin Promo,1,304.15,0.05,304.15,39.54,264.61,183.57,1,,
2022-000451,22/01/2022 03:01,S1032,C00539,P2051,Marketplace,Tarjeta,Promo 10%,1,727.14,0.15,727.14,109.07,618.07,394.02,0,,
2022-000452,13/07/2022 18:32,S1037,C00772,P2026,Web,Transferencia,Sin Promo,2,436.92,0.05,873.84,113.6,760.24,230.43,1,,
2022-000453,20/09/2022 16:12,S1042,C00028,P2026,Tienda,Tarjeta,Cyber Week,3,459.92,0.0,1379.76,179.37,1200.39,230.43,0,,
2022-000454,29/07/2022 19:42,S1018,C00793,P2084,Marketplace,Tarjeta,2x1,2,9.26,0.15,18.52,2.22,16.3,8.31,0,,
2022-000455,02/10/2022 05:07,S1028,C00248,P2107,Web,Efectivo,Black Friday,1,305.9,0.05,305.9,45.88,260.02,196.36,1,,
2022-000456,26/02/2022 04:25,S1039,C00237,P2048,Web,Efectivo,Promo 10%,1,256.13,0.2,256.13,33.3,222.83,183.57,0,,
2022-000457,10/10/2022 05:23,S1042,C00762,P2096,Web,Transferencia,Sin Promo,1,572.4,0.1,572.4,74.41,497.99,369.96,0,,
2022-000458,23/05/2022 17:09,S1004,C00197,P2156,Web,Transferencia,Black Friday,1,81.43,0.0,81.43,10.59,70.84,55.02,0,,
2022-000459,01/11/2022 10:49,S1041,C00558,P2138,Tienda,Tarjeta,Cyber Week,1,720.1,0.0,720.1,93.61,626.49,375.47,0,,
2022-000460,18/05/2022 16:28,S1043,C00722,P2055,Web,Transferencia,Sin Promo,2,140.77,0.0,281.54,36.6,244.94,77.43,1,,
2022-000461,01/03/2022 08:57,S1013,C00129,P2037,Marketplace,Efectivo,Promo 15%,1,623.8,0.0,623.8,74.86,548.94,405.23,0,,
2022-000462,16/03/2022 05:59,S1043,C00546,P2055,Web,Tarjeta,2x1,3,126.69,0.1,380.07,49.41,330.66,77.43,0,,
2022-000463,02/03/2022 23:17,S1005,C00429,P2091,Marketplace,Financiamiento,Black Friday,3,460.27,0.15,1380.81,179.51,1201.3,397.11,0,,
2022-000464,03/11/2022 16:54,S1022,C00196,P2018,Web,Billetera Digital,Sin Promo,2,391.86,0.0,783.72,117.56,666.16,224.11,0,,
2022-000465,13/01/2022 10:55,S1017,C00336,P2036,Marketplace,Efectivo,Promo 15%,1,288.63,0.0,288.63,34.64,253.99,143.03,0,,
2022-000466,10/11/2022 12:07,S1022,C00555,P2118,Tienda,Transferencia,Promo 15%,4,65.15,0.0,260.6,39.09,221.51,45.65,0,,
2022-000467,12/10/2022 14:55,S1005,C00118,P2038,Web,Billetera Digital,Sin Promo,3,139.95,0.0,419.85,54.58,365.27,104.22,0,,
2022-000468,13/02/2022 23:21,S1002,C00313,P2125,Web,Tarjeta,2x1,2,310.19,0.1,620.38,80.65,539.73,235.01,0,,
2022-000469,26/06/2022 18:07,S1025,C00733,P2033,Tienda,Efectivo,2x1,6,72.32,0.1,433.92,65.09,368.83,61.26,0,,
2022-000470,27/10/2022 04:12,S1045,C00469,P2042,Web,Billetera Digital,Cyber Week,2,401.39,0.0,802.78,104.36,698.42,233.31,1,,
2022-000471,16/08/2022 09:07,S1007,C00329,P2105,Call Center,Billetera Digital,Black Friday,5,676.15,0.0,3380.75,439.5,2941.25,320.12,0,,
2022-000472,13/06/2022 12:05,S1037,C00082,P2071,Call Center,Transferencia,Black Friday,2,483.57,0.0,967.14,125.73,841.41,243.78,0,,
2022-000473,06/06/2022 00:45,S1044,C00523,P2110,Web,Billetera Digital,Cyber Week,2,416.72,0.0,833.44,108.35,725.09,314.95,0,,
2022-000474,03/08/2022 21:56,S1013,C00441,P2089,Tienda,Transferencia,Promo 15%,5,662.89,0.1,3314.45,397.73,2916.72,351.93,0,,
2022-000475,24/09/2022 22:07,S1012,C00661,P2009,Tienda,Financiamiento,Sin Promo,3,496.86,0.05,1490.58,178.87,1311.71,287.2,1,,
2022-000476,25/01/2022 14:08,S1039,C00127,P2044,Web,Efectivo,2x1,1,431.38,0.05,431.38,56.08,375.3,214.81,0,,
2022-000477,10/07/2022 16:10,S1033,C00246,P2016,Call Center,Transferencia,Promo 10%,4,172.59,0.0,690.36,103.55,586.81,121.18,0,,
2022-000478,01/08/2022 03:23,S1007,C00085,P2067,Tienda,Transferencia,Black Friday,4,553.33,0.05,2213.32,287.73,1925.59,420.88,0,,
2022-000479,30/01/2022 05:05,S1044,C00609,P2128,Tienda,Billetera Digital,Promo 15%,1,473.78,0.15,473.78,61.59,412.19,269.57,0,,
2022-000480,03/09/2022 14:30,S1034,C00485,P2082,Call Center,Transferencia,Promo 15%,2,281.42,0.0,562.84,84.43,478.41,152.77,0,,
2022-000481,24/08/2022 18:09,S1009,C00190,P2141,Marketplace,Tarjeta,Black Friday,4,832.49,0.0,3329.96,432.89,2897.07,384.64,0,,
2022-000482,12/12/2022 06:42,S1012,C00195,P2123,Marketplace,Efectivo,Promo 10%,1,175.11,0.0,175.11,21.01,154.1,112.82,0,,
2022-000483,20/09/2022 00:10,S1026,C00616,P2001,Tienda,Financiamiento,Cyber Week,3,95.82,0.0,287.46,43.12,244.34,59.67,0,,
2022-000484,07/06/2022 04:01,S1006,C00297,P2087,Web,Financiamiento,Black Friday,3,323.78,0.0,971.34,126.27,845.07,166.63,0,,
2022-000485,17/06/2022 19:27,S1028,C00134,P2121,Marketplace,Billetera Digital,Sin Promo,1,396.89,0.05,396.89,59.53,337.36,207.12,0,,
2022-000486,31/03/2022 18:10,S1005,C00181,P2062,Tienda,Efectivo,Promo 15%,2,106.3,0.05,212.6,27.64,184.96,74.21,0,,
2022-000487,08/07/2022 16:27,S1027,C00535,P2090,Web,Efectivo,Cyber Week,1,99.1,0.2,99.1,14.86,84.24,72.93,0,,
2022-000488,14/11/2022 12:18,S1035,C00252,P2065,Marketplace,Efectivo,Promo 10%,2,408.29,0.0,816.58,122.49,694.09,269.16,0,Revisar,
2022-000489,14/06/2022 23:18,S1027,C00414,P2058,Web,Billetera Digital,2x1,2,372.73,0.2,745.46,111.82,633.64,324.41,0,,
2022-000490,24/01/2022 10:10,S1020,C00629,P2144,Web,Billetera Digital,2x1,1,218.0,0.2,218.0,32.7,185.3,177.43,0,,
2022-000491,05/04/2022 22:28,S1002,C00694,P2103,Web,Tarjeta,2x1,2,403.65,0.05,807.3,104.95,702.35,274.37,0,,
2022-000492,22/03/2022 21:51,S1002,C00374,P2088,Tienda,Transferencia,Sin Promo,1,571.92,0.0,571.92,74.35,497.57,308.2,0,,
2022-000493,26/08/2022 19:43,S1029,C00105,P2127,Tienda,Transferencia,Cyber Week,4,732.66,0.0,2930.64,439.6,2491.04,361.43,0,,
2022-000494,30/10/2022 06:24,S1003,C00436,P2067,Web,Financiamiento,Sin Promo,4,553.33,0.05,2213.32,287.73,1925.59,420.88,0,,
2022-000495,24/04/2022 04:35,S1044,C00597,P2151,Tienda,Efectivo,Sin Promo,3,196.94,0.2,590.82,76.81,514.01,116.51,0,,
2022-000496,28/10/2022 05:42,S1015,C00690,P2010,Marketplace,Tarjeta,Promo 10%,2,404.09,0.0,808.18,96.98,711.2,210.17,0,,
2022-000497,24/01/2022 15:13,S1037,C00318,P2156,Tienda,Tarjeta,Black Friday,1,73.29,0.1,73.29,9.53,63.76,55.02,0,,
2022-000498,26/11/2022 08:51,S1014,C00494,P2040,Web,Financiamiento,Black Friday,1,53.54,0.1,53.54,6.42,47.12,35.66,0,Revisar,
2022-000499,13/02/2022 21:58,S1009,C00087,P2051,Tienda,Efectivo,Cyber Week,1,855.46,0.0,855.46,111.21,744.25,394.02,0,Revisar,
2022-000500,28/11/2022 12:26,S1041,C00233,P2088,Web,Efectivo,Promo 15%,2,543.32,0.05,1086.64,141.26,945.38,308.2,0,,
2022-000501,13/12/2022 10:13,S1025,C00466,P2134,Marketplace,Transferencia,Black Friday,3,241.56,0.0,724.68,108.7,615.98,153.79,0,,
2022-000502,02/01/2022 16:21,S1043,C00641,P2040,Web,Efectivo,Sin Promo,2,53.54,0.1,107.08,13.92,93.16,35.66,0,,
2022-000503,26/06/2022 07:54,S1038,C00206,P2022,Tienda,Financiamiento,Cyber Week,1,449.93,0.0,449.93,58.49,391.44,325.44,1,,
2022-000504,28/08/2022 16:56,S1041,C00387,P2124,Tienda,Transferencia,Promo 15%,4,428.12,0.1,1712.48,222.62,1489.86,351.18,0,,
2022-000505,29/05/2022 16:03,S1003,C00594,P2150,Web,Financiamiento,Sin Promo,3,187.26,0.2,561.78,73.03,488.75,154.53,1,,
2022-000506,02/03/2022 22:23,S1006,C00653,P2090,Marketplace,Efectivo,Cyber Week,1,99.1,0.2,99.1,12.88,86.22,72.93,0,,
2022-000507,25/12/2022 03:48,S1024,C00780,P2001,Call Center,Financiamiento,2x1,4,81.45,0.15,325.8,48.87,276.93,59.67,0,Revisar,
2022-000508,31/12/2022 15:35,S1022,C00105,P2159,Web,Financiamiento,Cyber Week,1,640.88,0.0,640.88,96.13,544.75,434.27,0,,
2022-000509,04/02/2022 04:33,S1031,C00392,P2130,Web,Billetera Digital,Sin Promo,1,631.16,0.1,631.16,94.67,536.49,404.15,1,Revisar,
2022-000510,28/11/2022 11:41,S1004,C00712,P2010,Call Center,Tarjeta,Cyber Week,2,404.09,0.0,808.18,105.06,703.12,210.17,0,,
2022-000511,31/01/2022 05:40,S1011,C00219,P2043,Tienda,Financiamiento,2x1,1,313.61,0.0,313.61,37.63,275.98,244.5,1,,
2022-000512,08/10/2022 16:05,S1035,C00364,P2134,Call Center,Financiamiento,Promo 10%,1,205.33,0.15,205.33,30.8,174.53,153.79,0,,
2022-000513,06/05/2022 04:55,S1037,C00688,P2077,Call Center,Tarjeta,Black Friday,1,675.49,0.15,675.49,87.81,587.68,400.81,0,,
2022-000514,27/10/2022 05:39,S1033,C00617,P2130,Call Center,Billetera Digital,Cyber Week,1,701.29,0.0,701.29,105.19,596.1,404.15,0,,
2022-000515,28/11/2022 18:39,S1008,C00091,P2141,Call Center,Tarjeta,Sin Promo,1,832.49,0.0,832.49,108.22,724.27,384.64,0,,
2022-000516,19/03/2022 22:04,S1014,C00338,P2075,Tienda,Tarjeta,Cyber Week,1,580.05,0.0,580.05,69.61,510.44,301.87,0,,
2022-000517,21/08/2022 12:15,S1040,C00656,P2147,Web,Efectivo,Cyber Week,3,548.18,0.0,1644.54,213.79,1430.75,299.7,1,,
2022-000518,07/02/2022 07:32,S1014,C00087,P2028,Marketplace,Billetera Digital,Cyber Week,1,568.28,0.05,568.28,68.19,500.09,344.08,1,,
2022-000519,15/09/2022 13:50,S1018,C00312,P2043,Web,Financiamiento,Black Friday,1,313.61,0.0,313.61,37.63,275.98,244.5,1,,
2022-000520,13/05/2022 03:45,S1031,C00565,P2088,Web,Financiamiento,2x1,2,514.73,0.1,1029.46,154.42,875.04,308.2,0,,
2022-000521,19/10/2022 02:36,S1025,C00694,P2075,Web,Billetera Digital,Promo 10%,4,580.05,0.0,2320.2,348.03,1972.17,301.87,0,,
2022-000522,18/02/2022 03:34,S1002,C00416,P2103,Tienda,Financiamiento,Promo 15%,3,361.16,0.15,1083.48,140.85,942.63,274.37,0,,
2022-000523,25/12/2022 15:34,S1012,C00675,P2122,Call Center,Financiamiento,Promo 10%,1,681.62,0.0,681.62,81.79,599.83,324.38,0,,
2022-000524,02/02/2022 05:15,S1040,C00105,P2116,Marketplace,Transferencia,Promo 10%,2,743.9,0.0,1487.8,193.41,1294.39,358.01,0,,
2022-000525,08/09/2022 13:18,S1031,C00135,P2032,Call Center,Billetera Digital,2x1,2,466.57,0.0,933.14,139.97,793.17,330.43,0,,
2022-000526,14/05/2022 19:15,S1003,C00454,P2051,Call Center,Efectivo,Promo 10%,2,855.46,0.0,1710.92,222.42,1488.5,394.02,0,,
2022-000527,23/10/2022 10:29,S1035,C00509,P2029,Tienda,Tarjeta,Promo 15%,3,393.2,0.2,1179.6,176.94,1002.66,271.13,0,,
2022-000528,17/11/2022 05:01,S1030,C00581,P2067,Web,Billetera Digital,2x1,1,553.33,0.05,553.33,83.0,470.33,420.88,0,,
2022-000529,16/07/2022 19:26,S1034,C00295,P2150,Tienda,Efectivo,Cyber Week,4,187.26,0.2,749.04,112.36,636.68,154.53,0,,
2022-000530,04/08/2022 04:36,S1002,C00554,P2117,Call Center,Efectivo,Black Friday,3,79.99,0.05,239.97,31.2,208.77,41.82,0,Revisar,
2022-000531,13/06/2022 00:47,S1032,C00744,P2043,Web,Transferencia,Cyber Week,2,282.25,0.1,564.5,84.67,479.83,244.5,0,,
2022-000532,12/03/2022 02:39,S1017,C00293,P2079,Marketplace,Financiamiento,Cyber Week,1,249.59,0.0,249.59,29.95,219.64,156.92,0,,
2022-000533,03/01/2022 06:46,S1019,C00594,P2019,Marketplace,Financiamiento,2x1,1,471.27,0.0,471.27,70.69,400.58,283.84,0,,
2022-000534,20/12/2022 00:13,S1037,C00146,P2079,Call Center,Billetera Digital,2x1,1,249.59,0.0,249.59,32.45,217.14,156.92,0,,
2022-000535,11/07/2022 04:13,S1028,C00624,P2009,Tienda,Financiamiento,Sin Promo,4,523.01,0.0,2092.04,313.81,1778.23,287.2,0,,
2022-000536,28/04/2022 23:39,S1013,C00769,P2019,Tienda,Transferencia,2x1,2,471.27,0.0,942.54,113.1,829.44,283.84,0,Revisar,
2022-000537,15/12/2022 05:14,S1025,C00748,P2055,Call Center,Efectivo,Cyber Week,3,140.77,0.0,422.31,63.35,358.96,77.43,0,,
2022-000538,18/10/2022 09:49,S1031,C00476,P2152,Call Center,Financiamiento,2x1,1,424.58,0.15,424.58,63.69,360.89,338.06,1,,
2022-000539,16/08/2022 00:25,S1015,C00365,P2116,Web,Efectivo,Black Friday,1,706.7,0.05,706.7,84.8,621.9,358.01,0,,
2022-000540,13/04/2022 00:09,S1045,C00366,P2055,Web,Tarjeta,Sin Promo,1,140.77,0.0,140.77,18.3,122.47,77.43,1,Revisar,
2022-000541,13/12/2022 18:51,S1009,C00157,P2103,Web,Financiamiento,Promo 15%,1,424.9,0.0,424.9,55.24,369.66,274.37,0,,
2022-000542,15/04/2022 07:26,S1025,C00321,P2023,Call Center,Financiamiento,Cyber Week,6,529.75,0.0,3178.5,476.77,2701.73,346.8,0,,
2022-000543,15/07/2022 00:50,S1045,C00401,P2040,Web,Billetera Digital,Black Friday,5,53.54,0.1,267.7,34.8,232.9,35.66,0,,
2022-000544,13/09/2022 23:14,S1036,C00640,P2023,Call Center,Tarjeta,Promo 15%,1,529.75,0.0,529.75,79.46,450.29,346.8,1,,
2022-000545,13/12/2022 09:13,S1017,C00371,P2055,Call Center,Billetera Digital,Promo 10%,2,140.77,0.0,281.54,33.78,247.76,77.43,0,,
2022-000546,15/10/2022 13:29,S1001,C00264,P2159,Tienda,Tarjeta,Promo 10%,4,640.88,0.0,2563.52,333.26,2230.26,434.27,0,,
2022-000547,14/05/2022 22:37,S1003,C00260,P2147,Tienda,Billetera Digital,Promo 10%,1,438.54,0.2,438.54,57.01,381.53,299.7,0,,
2022-000548,26/01/2022 23:46,S1032,C00473,P2137,Tienda,Tarjeta,Sin Promo,5,342.99,0.2,1714.95,257.24,1457.71,246.0,0,,
2022-000549,30/05/2022 14:15,S1011,C00225,P2082,Tienda,Billetera Digital,Sin Promo,1,281.42,0.0,281.42,33.77,247.65,152.77,0,,
2022-000550,26/09/2022 18:33,S1043,C00443,P2013,Tienda,Transferencia,Promo 15%,2,160.16,0.2,320.32,41.64,278.68,98.1,1,,
2022-000551,04/02/2022 02:13,S1017,C00041,P2046,Web,Tarjeta,Promo 15%,1,362.57,0.0,362.57,43.51,319.06,192.92,0,,
2022-000552,17/07/2022 18:31,S1024,C00227,P2048,Web,Transferencia,Promo 10%,1,272.14,0.15,272.14,40.82,231.32,183.57,0,,
2022-000553,21/11/2022 23:49,S1007,C00171,P2031,Web,Financiamiento,Promo 15%,1,183.24,0.1,183.24,23.82,159.42,111.43,0,,
2022-000554,13/06/2022 12:49,S1010,C00322,P2152,Tienda,Billetera Digital,Cyber Week,2,499.51,0.0,999.02,119.88,879.14,338.06,0,,
2022-000555,22/02/2022 14:41,S1003,C00280,P2119,Call Center,Transferencia,2x1,2,763.08,0.0,1526.16,198.4,1327.76,363.73,0,,
2022-000556,07/09/2022 16:24,S1028,C00282,P2018,Tienda,Billetera Digital,Sin Promo,2,391.86,0.0,783.72,117.56,666.16,224.11,0,,
2022-000557,25/08/2022 23:55,S1035,C00520,P2085,Web,Financiamiento,Cyber Week,1,27.92,0.1,27.92,4.19,23.73,20.07,0,,
2022-000558,12/08/2022 03:24,S1010,C00551,P2105,Call Center,Financiamiento,Black Friday,1,608.53,0.1,608.53,73.02,535.51,320.12,0,,
2022-000559,27/02/2022 03:06,S1009,C00166,P2028,Call Center,Financiamiento,Promo 15%,2,568.28,0.05,1136.56,147.75,988.81,344.08,0,,
2022-000560,31/12/2022 18:58,S1012,C00265,P2151,Web,Financiamiento,Sin Promo,1,246.17,0.0,246.17,29.54,216.63,116.51,0,,
2022-000561,22/01/2022 11:40,S1015,C00700,P2116,Web,Transferencia,Promo 10%,4,743.9,0.0,2975.6,357.07,2618.53,358.01,0,,
2022-000562,02/07/2022 23:26,S1021,C00369,P2116,Marketplace,Financiamiento,Promo 15%,2,669.51,0.1,1339.02,200.85,1138.17,358.01,0,,
2022-000563,28/12/2022 05:27,S1028,C00781,P2104,Marketplace,Efectivo,Promo 10%,2,702.23,0.0,1404.46,210.67,1193.79,405.18,0,,
2022-000564,02/12/2022 21:36,S1038,C00462,P2062,Web,Transferencia,Promo 10%,3,100.7,0.1,302.1,39.27,262.83,74.21,0,,
2022-000565,24/07/2022 05:10,S1016,C00748,P2034,Call Center,Transferencia,Black Friday,1,210.36,0.2,210.36,25.24,185.12,122.22,0,,
2022-000566,04/02/2022 12:01,S1018,C00423,P2031,Call Center,Financiamiento,Black Friday,2,203.6,0.0,407.2,48.86,358.34,111.43,0,,
2022-000567,06/11/2022 07:34,S1011,C00710,P2005,Web,Tarjeta,Promo 10%,1,436.74,0.2,436.74,52.41,384.33,390.45,0,,
2022-000568,24/06/2022 07:26,S1033,C00712,P2048,Call Center,Efectivo,2x1,1,256.13,0.2,256.13,38.42,217.71,183.57,0,,
2022-000569,09/08/2022 21:34,S1019,C00286,P2039,Web,Transferencia,Promo 15%,2,405.45,0.15,810.9,121.63,689.27,251.05,0,,
2022-000570,23/11/2022 13:30,S1007,C00643,P2104,Tienda,Efectivo,Promo 15%,3,596.9,0.15,1790.7,232.79,1557.91,405.18,0,,
2022-000571,23/09/2022 13:29,S1013,C00154,P2055,Tienda,Efectivo,Sin Promo,5,133.73,0.05,668.65,80.24,588.41,77.43,0,,
2022-000572,28/08/2022 06:56,S1008,C00044,P2120,Call Center,Efectivo,Cyber Week,5,199.5,0.0,997.5,129.68,867.82,113.2,0,Revisar,
2022-000573,24/11/2022 16:37,S1018,C00220,P2032,Web,Financiamiento,2x1,3,466.57,0.0,1399.71,167.97,1231.74,330.43,0,,
2022-000574,22/08/2022 04:13,S1030,C00165,P2126,Marketplace,Efectivo,Promo 15%,1,547.31,0.2,547.31,82.1,465.21,413.19,0,,
2022-000575,21/12/2022 17:30,S1020,C00778,P2069,Web,Tarjeta,Black Friday,2,181.97,0.05,363.94,54.59,309.35,145.02,0,,
2022-000576,05/01/2022 16:06,S1002,C00318,P2079,Tienda,Tarjeta,Promo 10%,4,249.59,0.0,998.36,129.79,868.57,156.92,1,,
2022-000577,23/05/2022 05:07,S1043,C00091,P2019,Marketplace,Financiamiento,Promo 10%,1,400.58,0.15,400.58,52.08,348.5,283.84,1,,
2022-000578,27/01/2022 12:41,S1003,C00378,P2058,Call Center,Financiamiento,Sin Promo,3,442.61,0.05,1327.83,172.62,1155.21,324.41,0,,
2022-000579,31/12/2022 15:33,S1024,C00250,P2026,Call Center,Tarjeta,2x1,5,390.93,0.15,1954.65,293.2,1661.45,230.43,0,,
2022-000580,30/12/2022 22:12,S1008,C00319,P2132,Call Center,Financiamiento,2x1,2,257.29,0.2,514.58,66.9,447.68,220.13,0,,
2022-000581,01/06/2022 01:28,S1006,C00690,P2118,Call Center,Billetera Digital,Promo 10%,2,55.38,0.15,110.76,14.4,96.36,45.65,0,,
2022-000582,28/05/2022 09:41,S1003,C00043,P2028,Marketplace,Efectivo,Promo 10%,1,538.37,0.1,538.37,69.99,468.38,344.08,0,,
2022-000583,12/03/2022 13:49,S1043,C00436,P2104,Web,Financiamiento,Black Friday,2,702.23,0.0,1404.46,182.58,1221.88,405.18,0,,
2022-000584,22/12/2022 06:38,S1016,C00259,P2160,Tienda,Transferencia,Promo 10%,1,812.22,0.0,812.22,97.47,714.75,418.28,0,,
2022-000585,27/12/2022 00:29,S1009,C00632,P2138,Marketplace,Financiamiento,Cyber Week,2,720.1,0.0,1440.2,187.23,1252.97,375.47,0,,
2022-000586,04/08/2022 01:49,S1025,C00149,P2035,Call Center,Billetera Digital,Sin Promo,3,906.6,0.0,2719.8,407.97,2311.83,418.3,0,,
2022-000587,18/06/2022 01:21,S1021,C00328,P2026,Tienda,Tarjeta,2x1,3,459.92,0.0,1379.76,206.96,1172.8,230.43,1,,
2022-000588,19/03/2022 15:15,S1016,C00613,P2132,Tienda,Efectivo,2x1,1,289.45,0.1,289.45,34.73,254.72,220.13,0,,
2022-000589,14/10/2022 20:49,S1013,C00033,P2146,Marketplace,Financiamiento,Promo 15%,3,264.57,0.15,793.71,95.25,698.46,242.22,0,Revisar,
2022-000590,22/08/2022 20:15,S1033,C00019,P2106,Web,Transferencia,Promo 15%,4,461.42,0.0,1845.68,276.85,1568.83,310.34,0,,
2022-000591,14/09/2022 07:32,S1008,C00770,P2086,Web,Tarjeta,Promo 15%,1,109.2,0.0,109.2,14.2,95.0,70.05,0,,
2022-000592,26/07/2022 17:11,S1035,C00527,P2058,Marketplace,Financiamiento,Promo 10%,2,372.73,0.2,745.46,111.82,633.64,324.41,1,,
2022-000593,16/09/2022 15:02,S1002,C00180,P2054,Marketplace,Efectivo,Promo 10%,6,440.12,0.05,2640.72,343.29,2297.43,220.6,0,,
2022-000594,17/04/2022 03:20,S1019,C00373,P2157,Web,Financiamiento,2x1,5,212.21,0.05,1061.05,159.16,901.89,118.28,0,,
2022-000595,16/03/2022 18:52,S1003,C00386,P2105,Marketplace,Transferencia,Black Friday,1,642.34,0.05,642.34,83.5,558.84,320.12,0,,
2022-000596,13/09/2022 04:40,S1038,C00478,P2154,Tienda,Efectivo,Sin Promo,1,733.21,0.0,733.21,95.32,637.89,427.53,0,,
2022-000597,20/07/2022 01:48,S1014,C00190,P2123,Call Center,Tarjeta,Promo 15%,1,148.84,0.15,148.84,17.86,130.98,112.82,0,,
2022-000598,29/10/2022 00:52,S1001,C00197,P2028,Marketplace,Efectivo,Promo 10%,2,598.19,0.0,1196.38,155.53,1040.85,344.08,0,,
2022-000599,28/02/2022 14:35,S1043,C00373,P2116,Tienda,Efectivo,Promo 10%,5,743.9,0.0,3719.5,483.54,3235.96,358.01,0,,
2022-000600,04/08/2022 23:51,S1012,C00097,P2111,Web,Tarjeta,Sin Promo,4,277.51,0.05,1110.04,133.2,976.84,191.52,0,,
2022-000601,30/01/2022 01:22,S1001,C00358,P2010,Web,Tarjeta,Black Friday,2,363.68,0.1,727.36,94.56,632.8,210.17,0,,
2022-000602,24/09/2022 04:08,S1001,C00400,P2041,Marketplace,Billetera Digital,Sin Promo,3,37.22,0.2,111.66,14.52,97.14,34.06,0,,
2022-000603,27/09/2022 23:26,S1024,C00374,P2087,Marketplace,Transferencia,Sin Promo,6,323.78,0.0,1942.68,291.4,1651.28,166.63,0,,
2022-000604,06/10/2022 21:51,S1040,C00767,P2039,Tienda,Billetera Digital,Cyber Week,3,429.3,0.1,1287.9,167.43,1120.47,251.05,0,,
2022-000605,26/01/2022 09:33,S1025,C00139,P2061,Call Center,Financiamiento,2x1,3,36.28,0.15,108.84,16.33,92.51,26.36,0,,
2022-000606,05/05/2022 15:12,S1001,C00441,P2045,Tienda,Billetera Digital,Sin Promo,1,62.02,0.1,62.02,8.06,53.96,46.07,0,,
2022-000607,12/03/2022 23:07,S1024,C00102,P2053,Marketplace,Billetera Digital,Promo 15%,2,934.5,0.0,1869.0,280.35,1588.65,436.17,0,,
2022-000608,24/12/2022 09:20,S1044,C00167,P2135,Tienda,Transferencia,Cyber Week,3,122.34,0.2,367.02,47.71,319.31,71.27,0,,
2022-000609,07/02/2022 03:12,S1012,C00521,P2007,Web,Efectivo,Sin Promo,1,212.03,0.0,212.03,25.44,186.59,162.45,0,,
2022-000610,10/08/2022 18:06,S1045,C00252,P2142,Call Center,Billetera Digital,Black Friday,4,444.5,0.1,1778.0,231.14,1546.86,331.65,0,,
2022-000611,13/03/2022 03:26,S1044,C00482,P2063,Marketplace,Efectivo,Cyber Week,2,70.41,0.0,140.82,18.31,122.51,34.56,0,,
2022-000612,07/11/2022 08:28,S1042,C00509,P2012,Marketplace,Tarjeta,Cyber Week,2,748.91,0.05,1497.82,194.72,1303.1,363.05,0,,
2022-000613,27/07/2022 17:41,S1032,C00648,P2007,Tienda,Billetera Digital,2x1,2,180.23,0.15,360.46,54.07,306.39,162.45,0,,
2022-000614,23/07/2022 04:33,S1043,C00353,P2151,Web,Financiamiento,Promo 10%,2,221.55,0.1,443.1,57.6,385.5,116.51,0,,
2022-000615,06/10/2022 19:08,S1029,C00163,P2039,Marketplace,Tarjeta,Sin Promo,4,405.45,0.15,1621.8,243.27,1378.53,251.05,1,,
2022-000616,02/12/2022 14:26,S1020,C00395,P2142,Web,Financiamiento,2x1,4,395.11,0.2,1580.44,237.07,1343.37,331.65,0,,
2022-000617,31/10/2022 05:47,S1043,C00367,P2152,Call Center,Financiamiento,Black Friday,1,474.53,0.05,474.53,61.69,412.84,338.06,1,,
2022-000618,21/09/2022 00:24,S1004,C00789,P2062,Web,Financiamiento,Cyber Week,2,95.11,0.15,190.22,24.73,165.49,74.21,0,,
2022-000619,13/02/2022 14:23,S1001,C00172,P2008,Web,Efectivo,Black Friday,6,874.23,0.0,5245.38,681.9,4563.48,421.75,1,,
2022-000620,05/11/2022 19:34,S1038,C00729,P2111,Call Center,Transferencia,Black Friday,5,292.12,0.0,1460.6,189.88,1270.72,191.52,0,,
2022-000621,04/05/2022 11:34,S1008,C00022,P2055,Web,Transferencia,Promo 15%,2,140.77,0.0,281.54,36.6,244.94,77.43,0,,
2022-000622,02/09/2022 17:29,S1031,C00635,P2082,Marketplace,Billetera Digital,2x1,2,267.35,0.05,534.7,80.2,454.5,152.77,0,,
2022-000623,01/06/2022 00:54,S1039,C00471,P2125,Marketplace,Billetera Digital,Sin Promo,2,344.65,0.0,689.3,89.61,599.69,235.01,0,,
2022-000624,16/01/2022 02:38,S1032,C00228,P2004,Tienda,Financiamiento,Sin Promo,4,543.65,0.0,2174.6,326.19,1848.41,298.92,0,,
2022-000625,18/06/2022 17:34,S1034,C00105,P2016,Tienda,Efectivo,Black Friday,2,172.59,0.0,345.18,51.78,293.4,121.18,0,,
2022-000626,22/07/2022 12:46,S1018,C00242,P2009,Call Center,Tarjeta,Cyber Week,3,470.71,0.1,1412.13,169.46,1242.67,287.2,0,,
2022-000627,07/06/2022 19:08,S1020,C00431,P2094,Marketplace,Tarjeta,Sin Promo,2,700.79,0.0,1401.58,210.24,1191.34,392.99,1,Revisar,
2022-000628,05/11/2022 06:41,S1018,C00773,P2065,Web,Billetera Digital,2x1,1,367.46,0.1,367.46,44.1,323.36,269.16,0,,
2022-000629,09/09/2022 12:43,S1023,C00238,P2156,Web,Tarjeta,Promo 10%,2,81.43,0.0,162.86,24.43,138.43,55.02,0,,
2022-000630,11/04/2022 00:39,S1042,C00167,P2023,Web,Transferencia,Cyber Week,1,450.29,0.15,450.29,58.54,391.75,346.8,0,,
2022-000631,02/02/2022 23:26,S1038,C00278,P2029,Tienda,Financiamiento,Promo 15%,2,393.2,0.2,786.4,102.23,684.17,271.13,0,,
2022-000632,20/10/2022 00:50,S1033,C00101,P2033,Marketplace,Efectivo,Promo 10%,1,68.31,0.15,68.31,10.25,58.06,61.26,0,,
2022-000633,27/04/2022 06:52,S1015,C00127,P2034,Tienda,Billetera Digital,Sin Promo,1,262.95,0.0,262.95,31.55,231.4,122.22,0,,
2022-000634,28/03/2022 01:31,S1011,C00070,P2100,Web,Tarjeta,Promo 10%,1,543.37,0.05,543.37,65.2,478.17,422.9,0,,
2022-000635,30/03/2022 14:00,S1003,C00118,P2132,Web,Transferencia,Cyber Week,2,305.53,0.05,611.06,79.44,531.62,220.13,0,,
2022-000636,20/08/2022 13:14,S1043,C00747,P2133,Marketplace,Tarjeta,Cyber Week,1,42.07,0.2,42.07,5.47,36.6,38.56,0,,
2022-000637,11/09/2022 03:21,S1014,C00160,P2030,Marketplace,Transferencia,2x1,3,433.15,0.2,1299.45,155.93,1143.52,418.38,1,,
2022-000638,02/11/2022 13:22,S1017,C00072,P2034,Call Center,Transferencia,Sin Promo,4,223.51,0.15,894.04,107.28,786.76,122.22,1,,
2022-000639,14/07/2022 19:45,S1043,C00317,P2013,Web,Transferencia,Cyber Week,4,160.16,0.2,640.64,83.28,557.36,98.1,0,,
2022-000640,10/05/2022 13:34,S1018,C00185,P2004,Tienda,Transferencia,2x1,1,543.65,0.0,543.65,65.24,478.41,298.92,1,,
2022-000641,08/08/2022 19:59,S1022,C00621,P2079,Call Center,Transferencia,Black Friday,5,212.15,0.15,1060.75,159.11,901.64,156.92,0,,
2022-000642,08/12/2022 09:44,S1039,C00274,P2102,Marketplace,Billetera Digital,Cyber Week,2,400.7,0.2,801.4,104.18,697.22,270.07,0,,
2022-000643,05/12/2022 12:51,S1013,C00233,P2148,Web,Financiamiento,2x1,2,641.07,0.05,1282.14,153.86,1128.28,390.62,0,,
2022-000644,11/08/2022 14:15,S1037,C00632,P2007,Marketplace,Efectivo,Promo 10%,3,190.83,0.1,572.49,74.42,498.07,162.45,0,,
2022-000645,06/12/2022 16:46,S1023,C00109,P2157,Call Center,Tarjeta,Black Friday,2,201.04,0.1,402.08,60.31,341.77,118.28,0,,
2022-000646,29/05/2022 08:52,S1009,C00659,P2037,Call Center,Billetera Digital,Black Friday,1,530.23,0.15,530.23,68.93,461.3,405.23,0,,
2022-000647,03/12/2022 23:37,S1038,C00318,P2080,Call Center,Billetera Digital,Cyber Week,1,301.79,0.0,301.79,39.23,262.56,221.89,0,,
2022-000648,02/10/2022 01:09,S1018,C00006,P2137,Marketplace,Transferencia,Sin Promo,1,342.99,0.2,342.99,41.16,301.83,246.0,0,,
2022-000649,17/01/2022 21:41,S1023,C00150,P2071,Call Center,Financiamiento,Promo 10%,1,483.57,0.0,483.57,72.54,411.03,243.78,1,,
2022-000650,05/01/2022 01:51,S1012,C00582,P2122,Web,Billetera Digital,Promo 10%,2,681.62,0.0,1363.24,163.59,1199.65,324.38,0,,
2022-000651,24/01/2022 17:01,S1029,C00371,P2091,Call Center,Efectivo,Black Friday,2,460.27,0.15,920.54,138.08,782.46,397.11,0,,
2022-000652,19/05/2022 23:07,S1024,C00424,P2147,Tienda,Efectivo,Black Friday,3,548.18,0.0,1644.54,246.68,1397.86,299.7,0,,
2022-000653,02/02/2022 15:21,S1036,C00518,P2061,Marketplace,Tarjeta,Promo 15%,1,38.41,0.1,38.41,5.76,32.65,26.36,0,,
2022-000654,13/12/2022 04:49,S1040,C00619,P2095,Tienda,Transferencia,Promo 15%,2,620.44,0.15,1240.88,161.31,1079.57,368.2,0,,
2022-000655,03/12/2022 06:44,S1020,C00711,P2079,Marketplace,Efectivo,Promo 15%,5,249.59,0.0,1247.95,187.19,1060.76,156.92,0,,
2022-000656,03/02/2022 05:04,S1033,C00478,P2009,Marketplace,Efectivo,Promo 10%,4,470.71,0.1,1882.84,282.43,1600.41,287.2,0,,
2022-000657,14/11/2022 12:02,S1039,C00423,P2102,Tienda,Tarjeta,Promo 10%,1,400.7,0.2,400.7,52.09,348.61,270.07,0,,
2022-000658,03/12/2022 12:50,S1023,C00392,P2004,Web,Financiamiento,Promo 15%,2,543.65,0.0,1087.3,163.09,924.21,298.92,0,,
2022-000659,24/08/2022 09:37,S1025,C00694,P2082,Call Center,Efectivo,Cyber Week,1,267.35,0.05,267.35,40.1,227.25,152.77,0,,
2022-000660,26/02/2022 01:51,S1029,C00359,P2094,Web,Billetera Digital,Promo 10%,2,665.75,0.05,1331.5,199.72,1131.78,392.99,0,,
2022-000661,13/12/2022 12:44,S1004,C00483,P2017,Tienda,Transferencia,Cyber Week,1,280.3,0.0,280.3,36.44,243.86,182.13,0,,
2022-000662,21/01/2022 21:58,S1030,C00098,P2159,Tienda,Billetera Digital,Promo 10%,3,544.75,0.15,1634.25,245.14,1389.11,434.27,0,,
2022-000663,18/02/2022 02:51,S1019,C00466,P2159,Marketplace,Transferencia,Promo 15%,2,640.88,0.0,1281.76,192.26,1089.5,434.27,1,,
2022-000664,23/04/2022 16:31,S1018,C00490,P2062,Call Center,Efectivo,2x1,2,89.51,0.2,179.02,21.48,157.54,74.21,0,,
2022-000665,06/10/2022 03:55,S1045,C00136,P2030,Web,Financiamiento,Promo 15%,1,541.44,0.0,541.44,70.39,471.05,418.38,0,Revisar,
2022-000666,18/02/2022 05:06,S1043,C00254,P2036,Marketplace,Financiamiento,Promo 15%,3,245.34,0.15,736.02,95.68,640.34,143.03,0,,
2022-000667,27/03/2022 15:29,S1019,C00004,P2068,Web,Financiamiento,Sin Promo,1,246.4,0.0,246.4,36.96,209.44,122.46,0,,
2022-000668,12/05/2022 19:08,S1009,C00785,P2160,Call Center,Financiamiento,Promo 10%,1,649.78,0.2,649.78,84.47,565.31,418.28,0,,
2022-000669,29/10/2022 22:37,S1024,C00565,P2009,Web,Tarjeta,Black Friday,5,496.86,0.05,2484.3,372.65,2111.65,287.2,0,,
2022-000670,04/05/2022 00:44,S1003,C00282,P2125,Marketplace,Tarjeta,2x1,3,344.65,0.0,1033.95,134.41,899.54,235.01,1,,
2022-000671,10/09/2022 02:09,S1030,C00756,P2145,Marketplace,Billetera Digital,Black Friday,1,118.01,0.0,118.01,17.7,100.31,77.61,0,,
2022-000672,15/03/2022 04:33,S1023,C00648,P2041,Call Center,Financiamiento,Promo 10%,4,39.54,0.15,158.16,23.72,134.44,34.06,1,,
2022-000673,21/02/2022 06:18,S1013,C00506,P2139,Marketplace,Efectivo,Black Friday,5,20.28,0.0,101.4,12.17,89.23,12.71,0,,
2022-000674,29/09/2022 01:24,S1004,C00348,P2017,Tienda,Transferencia,Cyber Week,1,280.3,0.0,280.3,36.44,243.86,182.13,0,,
2022-000675,30/01/2022 05:17,S1020,C00494,P2083,Web,Financiamiento,Promo 15%,1,418.74,0.2,418.74,62.81,355.93,334.59,0,Revisar,
2022-000676,24/01/2022 05:16,S1014,C00363,P2062,Web,Tarjeta,Promo 10%,2,89.51,0.2,179.02,21.48,157.54,74.21,0,,
2022-000677,09/03/2022 17:09,S1022,C00298,P2046,Call Center,Financiamiento,2x1,1,362.57,0.0,362.57,54.39,308.18,192.92,0,,
2022-000678,07/11/2022 22:11,S1016,C00391,P2149,Marketplace,Transferencia,Black Friday,1,191.09,0.15,191.09,22.93,168.16,173.08,0,,
2022-000679,27/05/2022 22:53,S1004,C00583,P2027,Web,Transferencia,Promo 10%,1,331.73,0.0,331.73,43.12,288.61,230.42,0,,
2022-000680,11/11/2022 13:33,S1011,C00230,P2129,Tienda,Tarjeta,Cyber Week,1,403.96,0.2,403.96,48.48,355.48,401.84,1,,
2022-000681,22/03/2022 21:18,S1008,C00175,P2011,Tienda,Transferencia,Sin Promo,2,392.72,0.0,785.44,102.11,683.33,309.34,0,,
2022-000682,17/03/2022 21:16,S1011,C00108,P2160,Call Center,Billetera Digital,Promo 10%,1,690.39,0.15,690.39,82.85,607.54,418.28,0,,
2022-000683,23/06/2022 02:20,S1031,C00671,P2079,Web,Billetera Digital,Sin Promo,4,249.59,0.0,998.36,149.75,848.61,156.92,0,,
2022-000684,14/03/2022 22:22,S1044,C00394,P2029,Call Center,Efectivo,Black Friday,1,491.5,0.0,491.5,63.9,427.6,271.13,0,,
2022-000685,22/03/2022 03:33,S1032,C00248,P2155,Call Center,Billetera Digital,Sin Promo,2,157.33,0.0,314.66,47.2,267.46,71.96,0,,
2022-000686,15/08/2022 07:55,S1042,C00411,P2149,Call Center,Tarjeta,Sin Promo,2,213.57,0.05,427.14,55.53,371.61,173.08,0,,
2022-000687,12/03/2022 20:33,S1036,C00593,P2117,Call Center,Tarjeta,2x1,2,79.99,0.05,159.98,24.0,135.98,41.82,1,,
2022-000688,30/05/2022 12:36,S1010,C00074,P2097,Tienda,Transferencia,Promo 10%,4,442.96,0.15,1771.84,212.62,1559.22,298.37,0,,
2022-000689,11/05/2022 09:58,S1034,C00394,P2017,Web,Tarjeta,Promo 10%,1,280.3,0.0,280.3,42.05,238.25,182.13,1,,
2022-000690,13/07/2022 18:57,S1006,C00113,P2116,Tienda,Efectivo,Cyber Week,1,706.7,0.05,706.7,91.87,614.83,358.01,0,,
2022-000691,23/11/2022 12:36,S1021,C00794,P2084,Marketplace,Billetera Digital,2x1,4,10.89,0.0,43.56,6.53,37.03,8.31,0,,
2022-000692,23/07/2022 01:43,S1016,C00064,P2014,Tienda,Transferencia,Sin Promo,1,344.15,0.2,344.15,41.3,302.85,296.33,0,,
2022-000693,16/04/2022 09:56,S1022,C00546,P2156,Call Center,Transferencia,Promo 15%,1,69.22,0.15,69.22,10.38,58.84,55.02,1,,
2022-000694,05/02/2022 19:31,S1033,C00228,P2144,Web,Financiamiento,Black Friday,3,272.5,0.0,817.5,122.62,694.88,177.43,0,,
2022-000695,19/02/2022 01:37,S1036,C00144,P2100,Web,Financiamiento,Promo 10%,1,571.97,0.0,571.97,85.8,486.17,422.9,0,,
2022-000696,25/01/2022 11:25,S1022,C00091,P2072,Marketplace,Financiamiento,Sin Promo,1,604.62,0.0,604.62,90.69,513.93,420.23,0,,
2022-000697,07/10/2022 11:18,S1004,C00440,P2129,Tienda,Efectivo,Black Friday,1,504.95,0.0,504.95,65.64,439.31,401.84,1,,
2022-000698,08/10/2022 06:09,S1034,C00654,P2034,Web,Tarjeta,Black Friday,1,262.95,0.0,262.95,39.44,223.51,122.22,1,,
2022-000699,11/04/2022 02:47,S1043,C00042,P2145,Call Center,Billetera Digital,Sin Promo,4,100.31,0.15,401.24,52.16,349.08,77.61,1,,
2022-000700,23/11/2022 14:58,S1025,C00654,P2130,Tienda,Efectivo,Black Friday,1,561.03,0.2,561.03,84.15,476.88,404.15,0,,
2022-000701,13/12/2022 03:07,S1024,C00256,P2096,Call Center,Efectivo,Cyber Week,2,540.6,0.15,1081.2,162.18,919.02,369.96,0,,
2022-000702,04/11/2022 00:27,S1023,C00716,P2136,Marketplace,Financiamiento,2x1,2,139.32,0.1,278.64,41.8,236.84,99.42,0,,
2022-000703,05/04/2022 01:40,S1006,C00331,P2047,Web,Tarjeta,Promo 15%,1,456.79,0.0,456.79,59.38,397.41,295.44,1,,
2022-000704,21/02/2022 01:50,S1029,C00446,P2110,Call Center,Tarjeta,2x1,5,416.72,0.0,2083.6,312.54,1771.06,314.95,0,,
2022-000705,18/05/2022 20:24,S1027,C00628,P2004,Tienda,Billetera Digital,Black Friday,1,434.92,0.2,434.92,65.24,369.68,298.92,0,,
2022-000706,23/02/2022 06:33,S1027,C00222,P2008,Marketplace,Tarjeta,Sin Promo,1,874.23,0.0,874.23,131.13,743.1,421.75,0,,
2022-000707,11/02/2022 22:39,S1042,C00216,P2143,Marketplace,Transferencia,Promo 15%,1,149.12,0.15,149.12,19.39,129.73,101.86,0,,
2022-000708,04/08/2022 22:02,S1024,C00183,P2078,Call Center,Transferencia,Promo 15%,2,149.09,0.1,298.18,44.73,253.45,125.47,0,,
2022-000709,28/02/2022 21:50,S1030,C00380,P2143,Call Center,Tarjeta,Promo 10%,1,166.67,0.05,166.67,25.0,141.67,101.86,0,,
2022-000710,17/08/2022 04:14,S1027,C00516,P2038,Call Center,Efectivo,2x1,2,118.96,0.15,237.92,35.69,202.23,104.22,0,,
2022-000711,27/10/2022 12:54,S1031,C00646,P2088,Call Center,Financiamiento,2x1,1,571.92,0.0,571.92,85.79,486.13,308.2,0,,
2022-000712,23/04/2022 00:55,S1009,C00170,P2109,Web,Financiamiento,Sin Promo,1,197.87,0.05,197.87,25.72,172.15,141.94,0,,
2022-000713,06/10/2022 19:06,S1029,C00162,P2010,Tienda,Efectivo,Cyber Week,2,404.09,0.0,808.18,121.23,686.95,210.17,0,,
2022-000714,22/04/2022 23:51,S1035,C00219,P2056,Marketplace,Financiamiento,Sin Promo,4,709.55,0.2,2838.2,425.73,2412.47,417.23,0,,
2022-000715,02/06/2022 14:14,S1017,C00675,P2153,Call Center,Financiamiento,Promo 10%,4,407.91,0.0,1631.64,195.8,1435.84,293.96,1,,
2022-000716,22/04/2022 00:01,S1033,C00771,P2073,Tienda,Tarjeta,2x1,1,139.88,0.15,139.88,20.98,118.9,131.1,0,,
2022-000717,19/02/2022 10:51,S1006,C00783,P2102,Tienda,Transferencia,Promo 10%,1,425.74,0.15,425.74,55.35,370.39,270.07,0,,
2022-000718,19/09/2022 08:15,S1030,C00184,P2082,Call Center,Efectivo,2x1,1,267.35,0.05,267.35,40.1,227.25,152.77,0,,
2022-000719,03/09/2022 00:59,S1025,C00393,P2020,Marketplace,Financiamiento,Black Friday,3,46.89,0.05,140.67,21.1,119.57,32.33,0,,
2022-000720,18/07/2022 21:35,S1022,C00208,P2028,Tienda,Efectivo,2x1,2,568.28,0.05,1136.56,170.48,966.08,344.08,0,,
2022-000721,14/10/2022 08:25,S1018,C00746,P2057,Web,Financiamiento,Cyber Week,1,419.8,0.0,419.8,50.38,369.42,314.68,0,,
2022-000722,25/11/2022 08:17,S1040,C00738,P2036,Tienda,Transferencia,Black Friday,1,288.63,0.0,288.63,37.52,251.11,143.03,0,,
2022-000723,16/03/2022 21:37,S1022,C00111,P2010,Web,Financiamiento,Sin Promo,1,343.48,0.15,343.48,51.52,291.96,210.17,0,,
2022-000724,18/06/2022 21:47,S1036,C00792,P2114,Tienda,Transferencia,Sin Promo,1,554.0,0.0,554.0,83.1,470.9,274.57,0,,
2022-000725,18/12/2022 05:17,S1025,C00788,P2084,Call Center,Efectivo,Promo 10%,2,10.89,0.0,21.78,3.27,18.51,8.31,0,,
2022-000726,22/03/2022 10:13,S1021,C00487,P2017,Web,Tarjeta,Sin Promo,2,252.27,0.1,504.54,75.68,428.86,182.13,0,,
2022-000727,28/02/2022 16:15,S1017,C00245,P2083,Call Center,Tarjeta,2x1,2,418.74,0.2,837.48,100.5,736.98,334.59,0,,
2022-000728,13/12/2022 16:19,S1012,C00357,P2155,Marketplace,Billetera Digital,2x1,2,133.73,0.15,267.46,32.1,235.36,71.96,0,,
2022-000729,25/10/2022 22:21,S1029,C00232,P2065,Tienda,Transferencia,Promo 10%,2,367.46,0.1,734.92,110.24,624.68,269.16,0,,
2022-000730,24/02/2022 17:51,S1002,C00328,P2134,Call Center,Transferencia,2x1,1,241.56,0.0,241.56,31.4,210.16,153.79,0,,
2022-000731,22/09/2022 03:27,S1028,C00705,P2136,Tienda,Tarjeta,2x1,2,139.32,0.1,278.64,41.8,236.84,99.42,0,,
2022-000732,10/09/2022 07:41,S1003,C00369,P2108,Marketplace,Financiamiento,Promo 10%,2,240.87,0.15,481.74,62.63,419.11,144.01,0,,
2022-000733,28/07/2022 07:17,S1003,C00158,P2063,Call Center,Transferencia,Promo 15%,3,70.41,0.0,211.23,27.46,183.77,34.56,0,,
2022-000734,02/04/2022 15:05,S1033,C00268,P2039,Marketplace,Billetera Digital,2x1,1,429.3,0.1,429.3,64.39,364.91,251.05,0,,
2022-000735,07/09/2022 20:24,S1028,C00206,P2024,Web,Billetera Digital,Cyber Week,2,316.27,0.0,632.54,94.88,537.66,197.91,1,,
2022-000736,30/10/2022 23:36,S1020,C00206,P2124,Tienda,Financiamiento,Black Friday,2,428.12,0.1,856.24,128.44,727.8,351.18,0,,
2022-000737,24/12/2022 01:43,S1025,C00672,P2126,Tienda,Financiamiento,Sin Promo,1,684.14,0.0,684.14,102.62,581.52,413.19,0,,
2022-000738,10/09/2022 12:40,S1015,C00126,P2031,Web,Tarjeta,2x1,1,173.06,0.15,173.06,20.77,152.29,111.43,0,,
2022-000739,20/12/2022 07:04,S1031,C00520,P2011,Web,Tarjeta,2x1,2,392.72,0.0,785.44,117.82,667.62,309.34,0,,
2022-000740,27/09/2022 11:59,S1021,C00236,P2093,Tienda,Transferencia,Cyber Week,1,147.96,0.0,147.96,22.19,125.77,75.0,0,,
2022-000741,29/01/2022 08:50,S1011,C00089,P2078,Marketplace,Transferencia,Promo 15%,2,165.66,0.0,331.32,39.76,291.56,125.47,0,,
2022-000742,20/06/2022 18:19,S1014,C00309,P2081,Call Center,Efectivo,Cyber Week,1,339.41,0.15,339.41,40.73,298.68,192.91,0,,
2022-000743,28/10/2022 19:57,S1016,C00722,P2095,Web,Financiamiento,Promo 15%,3,729.93,0.0,2189.79,262.77,1927.02,368.2,1,,
2022-000744,22/04/2022 21:58,S1045,C00199,P2155,Marketplace,Transferencia,Sin Promo,2,157.33,0.0,314.66,40.91,273.75,71.96,0,,
2022-000745,20/05/2022 02:32,S1033,C00405,P2022,Web,Transferencia,Black Friday,3,382.44,0.15,1147.32,172.1,975.22,325.44,0,,
2022-000746,19/11/2022 09:15,S1031,C00469,P2079,Call Center,Efectivo,Sin Promo,3,199.67,0.2,599.01,89.85,509.16,156.92,1,,
2022-000747,04/04/2022 06:50,S1004,C00194,P2007,Tienda,Billetera Digital,2x1,1,212.03,0.0,212.03,27.56,184.47,162.45,0,,
2022-000748,20/10/2022 21:46,S1041,C00463,P2033,Tienda,Efectivo,Cyber Week,1,80.36,0.0,80.36,10.45,69.91,61.26,0,,
2022-000749,09/05/2022 11:35,S1019,C00699,P2056,Call Center,Efectivo,Sin Promo,1,886.94,0.0,886.94,133.04,753.9,417.23,0,,
2022-000750,05/05/2022 00:18,S1021,C00085,P2129,Call Center,Billetera Digital,2x1,4,403.96,0.2,1615.84,242.38,1373.46,401.84,0,,
2022-000751,05/12/2022 12:17,S1004,C00408,P2120,Tienda,Billetera Digital,2x1,3,179.55,0.1,538.65,70.02,468.63,113.2,1,,
2022-000752,05/12/2022 11:08,S1035,C00396,P2036,Call Center,Efectivo,Cyber Week,1,230.9,0.2,230.9,34.63,196.27,143.03,0,,
2022-000753,17/01/2022 20:28,S1011,C00418,P2052,Web,Tarjeta,2x1,6,85.22,0.1,511.32,61.36,449.96,47.67,0,,
2022-000754,22/11/2022 06:51,S1045,C00049,P2035,Tienda,Financiamiento,2x1,1,725.28,0.2,725.28,94.29,630.99,418.3,0,,
2022-000755,02/02/2022 02:25,S1025,C00136,P2095,Call Center,Efectivo,2x1,4,729.93,0.0,2919.72,437.96,2481.76,368.2,0,,
2022-000756,15/01/2022 17:24,S1037,C00252,P2015,Call Center,Efectivo,Cyber Week,2,173.77,0.0,347.54,45.18,302.36,122.14,0,,
2022-000757,06/01/2022 06:33,S1032,C00563,P2049,Web,Efectivo,Cyber Week,1,134.53,0.15,134.53,20.18,114.35,89.45,0,,
2022-000758,18/02/2022 22:27,S1012,C00553,P2093,Web,Tarjeta,2x1,2,118.37,0.2,236.74,28.41,208.33,75.0,1,,
2022-000759,06/05/2022 06:43,S1034,C00470,P2138,Marketplace,Transferencia,Sin Promo,3,684.1,0.05,2052.3,307.85,1744.45,375.47,0,,
2022-000760,06/10/2022 03:38,S1026,C00769,P2104,Marketplace,Transferencia,Promo 10%,2,702.23,0.0,1404.46,210.67,1193.79,405.18,0,,
2022-000761,11/10/2022 09:51,S1028,C00795,P2033,Tienda,Efectivo,Cyber Week,1,68.31,0.15,68.31,10.25,58.06,61.26,0,,
2022-000762,06/05/2022 13:23,S1040,C00250,P2132,Marketplace,Financiamiento,2x1,1,289.45,0.1,289.45,37.63,251.82,220.13,0,,
2022-000763,26/12/2022 03:18,S1013,C00469,P2001,Call Center,Tarjeta,Promo 15%,1,81.45,0.15,81.45,9.77,71.68,59.67,0,,
2022-000764,21/05/2022 00:17,S1026,C00580,P2005,Marketplace,Tarjeta,Promo 15%,2,491.34,0.1,982.68,147.4,835.28,390.45,0,,
2022-000765,29/06/2022 07:00,S1022,C00618,P2001,Tienda,Efectivo,2x1,2,86.24,0.1,172.48,25.87,146.61,59.67,0,,
2022-000766,13/06/2022 11:19,S1039,C00796,P2132,Marketplace,Transferencia,Sin Promo,3,321.61,0.0,964.83,125.43,839.4,220.13,1,,
2022-000767,21/11/2022 22:42,S1019,C00732,P2104,Web,Financiamiento,Sin Promo,1,561.78,0.2,561.78,84.27,477.51,405.18,1,,
2022-000768,06/02/2022 00:59,S1013,C00138,P2107,Call Center,Transferencia,Black Friday,2,322.0,0.0,644.0,77.28,566.72,196.36,0,,
2022-000769,03/04/2022 21:02,S1010,C00284,P2139,Tienda,Efectivo,Promo 10%,2,20.28,0.0,40.56,4.87,35.69,12.71,0,,
2022-000770,15/07/2022 13:53,S1039,C00205,P2068,Call Center,Billetera Digital,Promo 10%,2,209.44,0.15,418.88,54.45,364.43,122.46,0,,
2022-000771,19/10/2022 12:37,S1028,C00195,P2013,Call Center,Tarjeta,Black Friday,1,180.18,0.1,180.18,27.03,153.15,98.1,0,,
2022-000772,17/02/2022 02:22,S1029,C00219,P2012,Web,Billetera Digital,Cyber Week,2,709.5,0.1,1419.0,212.85,1206.15,363.05,0,,
2022-000773,15/11/2022 08:23,S1032,C00386,P2079,Web,Transferencia,Cyber Week,3,249.59,0.0,748.77,112.32,636.45,156.92,1,,
2022-000774,18/03/2022 10:42,S1017,C00477,P2026,Web,Billetera Digital,Cyber Week,1,436.92,0.05,436.92,52.43,384.49,230.43,0,,
2022-000775,19/05/2022 14:55,S1030,C00757,P2029,Marketplace,Billetera Digital,Black Friday,1,393.2,0.2,393.2,58.98,334.22,271.13,0,,
2022-000776,28/04/2022 08:40,S1036,C00282,P2136,Marketplace,Tarjeta,Cyber Week,1,147.06,0.05,147.06,22.06,125.0,99.42,0,,
2022-000777,15/07/2022 15:52,S1045,C00230,P2110,Tienda,Billetera Digital,2x1,4,416.72,0.0,1666.88,216.69,1450.19,314.95,0,,
2022-000778,28/05/2022 06:23,S1010,C00599,P2097,Web,Financiamiento,Black Friday,1,442.96,0.15,442.96,53.16,389.8,298.37,0,,
2022-000779,11/10/2022 12:00,S1006,C00595,P2036,Marketplace,Efectivo,Promo 15%,1,274.2,0.05,274.2,35.65,238.55,143.03,0,,
2022-000780,23/10/2022 12:38,S1002,C00199,P2134,Marketplace,Billetera Digital,Promo 15%,1,193.25,0.2,193.25,25.12,168.13,153.79,0,,
2022-000781,20/11/2022 00:18,S1036,C00206,P2076,Call Center,Transferencia,Promo 15%,1,92.64,0.05,92.64,13.9,78.74,50.2,0,,
2022-000782,15/06/2022 21:52,S1016,C00497,P2145,Call Center,Financiamiento,Promo 15%,1,94.41,0.2,94.41,11.33,83.08,77.61,0,,
2022-000783,13/05/2022 16:40,S1023,C00091,P2082,Web,Tarjeta,Sin Promo,1,253.28,0.1,253.28,37.99,215.29,152.77,0,,
2022-000784,29/10/2022 12:23,S1017,C00373,P2009,Call Center,Efectivo,Promo 15%,1,470.71,0.1,470.71,56.49,414.22,287.2,0,,
2022-000785,09/11/2022 23:29,S1007,C00491,P2152,Call Center,Financiamiento,2x1,1,474.53,0.05,474.53,61.69,412.84,338.06,0,,
2022-000786,03/10/2022 22:15,S1031,C00158,P2110,Tienda,Financiamiento,Cyber Week,2,395.88,0.05,791.76,118.76,673.0,314.95,0,,
2022-000787,23/08/2022 23:23,S1031,C00589,P2122,Call Center,Billetera Digital,Sin Promo,1,545.3,0.2,545.3,81.79,463.51,324.38,0,,
2022-000788,14/05/2022 22:37,S1021,C00650,P2019,Tienda,Tarjeta,Promo 10%,2,471.27,0.0,942.54,141.38,801.16,283.84,0,,
2022-000789,14/05/2022 16:18,S1026,C00737,P2158,Call Center,Transferencia,2x1,1,515.27,0.05,515.27,77.29,437.98,274.83,0,,
2022-000790,16/06/2022 00:00,S1022,C00010,P2157,Call Center,Tarjeta,Cyber Week,2,223.38,0.0,446.76,67.01,379.75,118.28,0,,
2022-000791,16/07/2022 17:53,S1032,C00081,P2031,Web,Efectivo,Promo 15%,2,203.6,0.0,407.2,61.08,346.12,111.43,1,,
2022-000792,17/04/2022 13:23,S1029,C00678,P2105,Call Center,Billetera Digital,Black Friday,2,574.73,0.15,1149.46,172.42,977.04,320.12,0,,
2022-000793,10/01/2022 10:07,S1011,C00035,P2114,Marketplace,Financiamiento,2x1,1,554.0,0.0,554.0,66.48,487.52,274.57,1,,
2022-000794,23/10/2022 08:20,S1025,C00735,P2109,Tienda,Efectivo,Cyber Week,2,208.28,0.0,416.56,62.48,354.08,141.94,1,,
2022-000795,16/05/2022 06:28,S1014,C00614,P2083,Tienda,Financiamiento,Cyber Week,3,497.25,0.05,1491.75,179.01,1312.74,334.59,0,,
2022-000796,28/10/2022 06:06,S1014,C00288,P2065,Call Center,Tarjeta,Promo 15%,4,326.63,0.2,1306.52,156.78,1149.74,269.16,0,,
2022-000797,08/03/2022 12:01,S1023,C00083,P2067,Web,Billetera Digital,Promo 15%,1,465.96,0.2,465.96,69.89,396.07,420.88,1,,
2022-000798,09/09/2022 15:34,S1032,C00174,P2086,Call Center,Transferencia,Black Friday,3,87.36,0.2,262.08,39.31,222.77,70.05,0,,
2022-000799,19/11/2022 14:58,S1020,C00556,P2015,Marketplace,Billetera Digital,Promo 10%,3,173.77,0.0,521.31,78.2,443.11,122.14,1,,
2022-000800,28/07/2022 20:21,S1043,C00681,P2065,Call Center,Efectivo,Promo 15%,4,347.05,0.15,1388.2,180.47,1207.73,269.16,0,,
2022-000801,29/06/2022 08:02,S1002,C00770,P2061,Tienda,Tarjeta,Sin Promo,1,34.14,0.2,34.14,4.44,29.7,26.36,0,,
2022-000802,13/08/2022 19:59,S1033,C00580,P2127,Marketplace,Tarjeta,Black Friday,2,659.39,0.1,1318.78,197.82,1120.96,361.43,1,,
2022-000803,17/04/2022 00:03,S1011,C00477,P2155,Marketplace,Efectivo,Cyber Week,3,133.73,0.15,401.19,48.14,353.05,71.96,0,,
2022-000804,24/08/2022 12:45,S1017,C00609,P2106,Call Center,Tarjeta,Promo 10%,2,369.14,0.2,738.28,88.59,649.69,310.34,0,,
2022-000805,17/06/2022 15:06,S1005,C00721,P2120,Call Center,Efectivo,Promo 15%,1,199.5,0.0,199.5,25.94,173.56,113.2,0,,
2022-000806,15/12/2022 10:14,S1023,C00222,P2037,Marketplace,Financiamiento,Black Friday,1,561.42,0.1,561.42,84.21,477.21,405.23,0,,
2022-000807,13/07/2022 08:54,S1001,C00611,P2149,Tienda,Efectivo,Promo 10%,1,202.33,0.1,202.33,26.3,176.03,173.08,0,,
2022-000808,09/07/2022 16:00,S1002,C00658,P2150,Call Center,Tarjeta,2x1,2,234.07,0.0,468.14,60.86,407.28,154.53,0,,
2022-000809,05/03/2022 16:15,S1028,C00363,P2079,Marketplace,Financiamiento,2x1,1,199.67,0.2,199.67,29.95,169.72,156.92,0,,
2022-000810,30/03/2022 15:03,S1007,C00583,P2147,Web,Financiamiento,2x1,4,520.77,0.05,2083.08,270.8,1812.28,299.7,0,,
2022-000811,10/06/2022 01:29,S1023,C00373,P2050,Call Center,Financiamiento,Promo 15%,2,246.56,0.1,493.12,73.97,419.15,192.16,0,,
2022-000812,11/07/2022 22:19,S1005,C00148,P2123,Web,Transferencia,Black Friday,1,175.11,0.0,175.11,22.76,152.35,112.82,1,,
2022-000813,21/06/2022 05:02,S1036,C00635,P2067,Web,Financiamiento,Cyber Week,2,465.96,0.2,931.92,139.79,792.13,420.88,0,,
2022-000814,10/05/2022 01:00,S1018,C00113,P2113,Web,Financiamiento,2x1,5,238.12,0.2,1190.6,142.87,1047.73,139.53,0,,
2022-000815,03/08/2022 20:18,S1003,C00318,P2076,Marketplace,Efectivo,Sin Promo,2,97.52,0.0,195.04,25.36,169.68,50.2,0,,
2022-000816,04/08/2022 17:00,S1012,C00647,P2003,Call Center,Transferencia,Promo 10%,1,508.72,0.0,508.72,61.05,447.67,261.5,0,,
2022-000817,15/02/2022 02:46,S1002,C00695,P2144,Web,Efectivo,Sin Promo,1,258.88,0.05,258.88,33.65,225.23,177.43,0,,
2022-000818,29/10/2022 02:07,S1025,C00743,P2156,Tienda,Billetera Digital,Promo 15%,3,69.22,0.15,207.66,31.15,176.51,55.02,1,,
2022-000819,18/01/2022 14:53,S1018,C00603,P2114,Web,Efectivo,Cyber Week,1,554.0,0.0,554.0,66.48,487.52,274.57,0,,
2022-000820,15/05/2022 12:30,S1044,C00043,P2159,Marketplace,Financiamiento,Promo 15%,1,512.7,0.2,512.7,66.65,446.05,434.27,0,,
2022-000821,25/06/2022 06:33,S1027,C00305,P2007,Web,Financiamiento,2x1,4,169.62,0.2,678.48,101.77,576.71,162.45,0,,
2022-000822,20/11/2022 00:29,S1044,C00741,P2100,Marketplace,Financiamiento,Sin Promo,4,571.97,0.0,2287.88,297.42,1990.46,422.9,0,,
2022-000823,10/02/2022 02:33,S1036,C00565,P2133,Marketplace,Billetera Digital,Cyber Week,1,52.59,0.0,52.59,7.89,44.7,38.56,0,,
2022-000824,04/08/2022 02:49,S1027,C00452,P2027,Call Center,Transferencia,Sin Promo,1,281.97,0.15,281.97,42.3,239.67,230.42,0,,
2022-000825,08/10/2022 03:42,S1003,C00072,P2127,Web,Financiamiento,Promo 15%,2,732.66,0.0,1465.32,190.49,1274.83,361.43,0,,
2022-000826,07/08/2022 02:47,S1026,C00236,P2158,Call Center,Financiamiento,2x1,1,542.39,0.0,542.39,81.36,461.03,274.83,0,,
2022-000827,19/09/2022 23:24,S1026,C00692,P2100,Call Center,Tarjeta,Promo 15%,3,543.37,0.05,1630.11,244.52,1385.59,422.9,1,,
2022-000828,25/08/2022 21:14,S1006,C00307,P2088,Call Center,Billetera Digital,Promo 10%,1,486.13,0.15,486.13,63.2,422.93,308.2,1,,
2022-000829,11/11/2022 00:34,S1042,C00466,P2158,Web,Transferencia,2x1,3,461.03,0.15,1383.09,179.8,1203.29,274.83,0,,
2022-000830,04/11/2022 21:20,S1044,C00421,P2029,Tienda,Transferencia,Cyber Week,1,442.35,0.1,442.35,57.51,384.84,271.13,0,,
2022-000831,26/12/2022 08:28,S1045,C00521,P2007,Web,Billetera Digital,Cyber Week,2,212.03,0.0,424.06,55.13,368.93,162.45,0,,
2022-000832,12/09/2022 15:23,S1042,C00619,P2134,Tienda,Transferencia,Promo 15%,4,193.25,0.2,773.0,100.49,672.51,153.79,0,,
2022-000833,15/12/2022 08:48,S1022,C00529,P2066,Web,Efectivo,Sin Promo,2,498.47,0.05,996.94,149.54,847.4,297.19,0,,
2022-000834,29/01/2022 12:54,S1022,C00555,P2127,Call Center,Financiamiento,Sin Promo,1,732.66,0.0,732.66,109.9,622.76,361.43,0,,
2022-000835,06/09/2022 11:11,S1033,C00646,P2057,Web,Billetera Digital,Black Friday,2,419.8,0.0,839.6,125.94,713.66,314.68,0,,
2022-000836,10/05/2022 16:31,S1013,C00241,P2123,Marketplace,Efectivo,Promo 15%,3,157.6,0.1,472.8,56.74,416.06,112.82,0,,
2022-000837,03/06/2022 11:00,S1007,C00775,P2093,Web,Transferencia,Black Friday,3,147.96,0.0,443.88,57.7,386.18,75.0,0,Revisar,
2022-000838,25/05/2022 03:45,S1018,C00594,P2088,Web,Efectivo,Black Friday,1,486.13,0.15,486.13,58.34,427.79,308.2,0,Revisar,
2022-000839,27/11/2022 08:12,S1003,C00616,P2029,Call Center,Financiamiento,Promo 15%,3,491.5,0.0,1474.5,191.69,1282.81,271.13,0,,
2022-000840,03/09/2022 11:00,S1015,C00081,P2133,Web,Transferencia,Sin Promo,1,52.59,0.0,52.59,6.31,46.28,38.56,0,,
2022-000841,12/12/2022 06:50,S1035,C00484,P2126,Marketplace,Efectivo,Promo 15%,1,684.14,0.0,684.14,102.62,581.52,413.19,0,,
2022-000842,12/06/2022 19:27,S1003,C00591,P2109,Web,Billetera Digital,Black Friday,3,208.28,0.0,624.84,81.23,543.61,141.94,0,,
2022-000843,06/07/2022 23:13,S1018,C00504,P2049,Call Center,Billetera Digital,Black Friday,1,158.27,0.0,158.27,18.99,139.28,89.45,0,,
2022-000844,25/06/2022 22:40,S1020,C00773,P2121,Marketplace,Tarjeta,Promo 10%,3,417.78,0.0,1253.34,188.0,1065.34,207.12,0,,
2022-000845,12/07/2022 12:01,S1002,C00130,P2060,Tienda,Financiamiento,2x1,1,344.93,0.1,344.93,44.84,300.09,245.82,0,,
2022-000846,14/11/2022 06:28,S1006,C00584,P2074,Tienda,Billetera Digital,Promo 10%,1,281.27,0.0,281.27,36.57,244.7,138.92,0,,
2022-000847,30/09/2022 20:49,S1004,C00508,P2028,Tienda,Tarjeta,Promo 10%,1,508.46,0.15,508.46,66.1,442.36,344.08,0,,
2022-000848,03/02/2022 09:24,S1013,C00001,P2089,Marketplace,Efectivo,Cyber Week,4,736.54,0.0,2946.16,353.54,2592.62,351.93,0,,
2022-000849,30/03/2022 11:21,S1030,C00615,P2152,Marketplace,Billetera Digital,2x1,4,499.51,0.0,1998.04,299.71,1698.33,338.06,1,,
2022-000850,04/05/2022 01:53,S1011,C00652,P2127,Tienda,Efectivo,Sin Promo,3,622.76,0.15,1868.28,224.19,1644.09,361.43,0,,
2022-000851,10/06/2022 05:38,S1024,C00065,P2140,Marketplace,Tarjeta,Sin Promo,2,14.41,0.0,28.82,4.32,24.5,6.63,0,,
2022-000852,25/07/2022 03:12,S1028,C00255,P2035,Marketplace,Transferencia,Promo 15%,1,906.6,0.0,906.6,135.99,770.61,418.3,0,,
2022-000853,28/01/2022 02:17,S1002,C00433,P2023,Web,Tarjeta,Promo 15%,1,529.75,0.0,529.75,68.87,460.88,346.8,0,,
2022-000854,06/01/2022 16:22,S1038,C00608,P2020,Tienda,Tarjeta,Black Friday,2,49.36,0.0,98.72,12.83,85.89,32.33,1,,
2022-000855,28/07/2022 13:07,S1007,C00741,P2083,Marketplace,Transferencia,2x1,2,523.42,0.0,1046.84,136.09,910.75,334.59,0,,
2022-000856,29/12/2022 15:44,S1014,C00628,P2087,Marketplace,Transferencia,Promo 15%,1,259.02,0.2,259.02,31.08,227.94,166.63,0,,
2022-000857,13/10/2022 06:41,S1022,C00515,P2084,Web,Financiamiento,Black Friday,2,10.89,0.0,21.78,3.27,18.51,8.31,0,,
2022-000858,17/05/2022 12:25,S1018,C00220,P2046,Marketplace,Tarjeta,Black Friday,1,344.44,0.05,344.44,41.33,303.11,192.92,1,,
2022-000859,22/02/2022 00:50,S1026,C00271,P2105,Call Center,Financiamiento,Cyber Week,1,676.15,0.0,676.15,101.42,574.73,320.12,0,,
2022-000860,17/02/2022 00:37,S1034,C00678,P2044,Web,Efectivo,Cyber Week,1,363.26,0.2,363.26,54.49,308.77,214.81,0,,
2022-000861,10/03/2022 04:29,S1011,C00020,P2026,Call Center,Billetera Digital,Promo 10%,1,459.92,0.0,459.92,55.19,404.73,230.43,0,,
2022-000862,18/12/2022 03:02,S1002,C00227,P2019,Marketplace,Financiamiento,Promo 10%,2,447.71,0.05,895.42,116.4,779.02,283.84,1,,
2022-000863,15/07/2022 22:30,S1036,C00392,P2144,Web,Tarjeta,Black Friday,2,258.88,0.05,517.76,77.66,440.1,177.43,0,,
2022-000864,20/11/2022 09:51,S1015,C00542,P2009,Tienda,Tarjeta,Sin Promo,2,418.41,0.2,836.82,100.42,736.4,287.2,0,,
2022-000865,19/10/2022 08:23,S1014,C00600,P2067,Marketplace,Financiamiento,Promo 10%,1,465.96,0.2,465.96,55.92,410.04,420.88,0,,
2022-000866,10/10/2022 22:50,S1014,C00284,P2082,Web,Efectivo,Promo 10%,2,239.21,0.15,478.42,57.41,421.01,152.77,0,,
2022-000867,24/01/2022 23:29,S1007,C00606,P2114,Marketplace,Billetera Digital,Promo 15%,2,443.2,0.2,886.4,115.23,771.17,274.57,0,,
2022-000868,10/09/2022 04:41,S1028,C00533,P2101,Call Center,Tarjeta,Promo 10%,1,336.53,0.0,336.53,50.48,286.05,262.94,0,,
2022-000869,29/06/2022 03:13,S1033,C00022,P2148,Tienda,Transferencia,Cyber Week,1,674.81,0.0,674.81,101.22,573.59,390.62,0,,
2022-000870,25/11/2022 00:50,S1040,C00793,P2021,Call Center,Tarjeta,2x1,3,439.47,0.0,1318.41,171.39,1147.02,239.98,0,,
2022-000871,28/05/2022 20:06,S1019,C00156,P2003,Web,Transferencia,Sin Promo,1,406.98,0.2,406.98,61.05,345.93,261.5,0,,
2022-000872,03/07/2022 10:56,S1012,C00740,P2106,Call Center,Financiamiento,Cyber Week,4,461.42,0.0,1845.68,221.48,1624.2,310.34,0,,
2022-000873,24/06/2022 01:31,S1003,C00171,P2145,Marketplace,Tarjeta,Cyber Week,3,118.01,0.0,354.03,46.02,308.01,77.61,0,,
2022-000874,27/10/2022 18:23,S1029,C00147,P2159,Marketplace,Efectivo,Sin Promo,1,608.84,0.05,608.84,91.33,517.51,434.27,0,,
2022-000875,19/07/2022 11:59,S1009,C00344,P2091,Call Center,Efectivo,Promo 10%,2,541.5,0.0,1083.0,140.79,942.21,397.11,0,,
2022-000876,14/10/2022 17:55,S1042,C00044,P2084,Call Center,Financiamiento,Promo 15%,2,9.8,0.1,19.6,2.55,17.05,8.31,0,,
2022-000877,23/12/2022 22:19,S1016,C00204,P2114,Tienda,Efectivo,2x1,2,554.0,0.0,1108.0,132.96,975.04,274.57,1,,
2022-000878,27/01/2022 15:10,S1043,C00205,P2007,Tienda,Tarjeta,Sin Promo,2,212.03,0.0,424.06,55.13,368.93,162.45,1,,
2022-000879,10/04/2022 20:14,S1032,C00359,P2112,Call Center,Billetera Digital,Promo 15%,1,361.76,0.0,361.76,54.26,307.5,257.82,1,,
2022-000880,17/08/2022 02:53,S1043,C00361,P2133,Tienda,Efectivo,Black Friday,3,47.33,0.1,141.99,18.46,123.53,38.56,0,,
2022-000881,17/04/2022 11:59,S1022,C00091,P2116,Marketplace,Billetera Digital,Black Friday,1,632.31,0.15,632.31,94.85,537.46,358.01,0,Revisar,
2022-000882,06/05/2022 20:23,S1023,C00765,P2151,Marketplace,Transferencia,Sin Promo,1,209.24,0.15,209.24,31.39,177.85,116.51,0,,
2022-000883,31/12/2022 04:26,S1036,C00587,P2043,Tienda,Transferencia,Promo 10%,1,250.89,0.2,250.89,37.63,213.26,244.5,0,,
2022-000884,14/08/2022 04:39,S1007,C00420,P2032,Marketplace,Tarjeta,Cyber Week,2,419.91,0.1,839.82,109.18,730.64,330.43,0,,
2022-000885,31/08/2022 07:49,S1029,C00574,P2130,Marketplace,Efectivo,Promo 10%,2,561.03,0.2,1122.06,168.31,953.75,404.15,1,,
2022-000886,21/07/2022 17:57,S1003,C00655,P2014,Marketplace,Billetera Digital,Black Friday,1,387.17,0.1,387.17,50.33,336.84,296.33,0,,
2022-000887,17/11/2022 19:15,S1026,C00361,P2061,Marketplace,Financiamiento,Cyber Week,3,40.55,0.05,121.65,18.25,103.4,26.36,1,,
2022-000888,18/03/2022 21:35,S1044,C00175,P2044,Web,Efectivo,Black Friday,4,454.08,0.0,1816.32,236.12,1580.2,214.81,0,,
2022-000889,02/10/2022 00:03,S1045,C00259,P2026,Web,Efectivo,Promo 10%,3,459.92,0.0,1379.76,179.37,1200.39,230.43,0,,
2022-000890,18/04/2022 01:31,S1045,C00019,P2019,Marketplace,Financiamiento,Black Friday,2,424.14,0.1,848.28,110.28,738.0,283.84,1,,
2022-000891,02/06/2022 15:22,S1034,C00024,P2141,Call Center,Billetera Digital,Sin Promo,2,790.87,0.05,1581.74,237.26,1344.48,384.64,0,,
2022-000892,24/07/2022 10:08,S1043,C00673,P2063,Web,Financiamiento,Promo 15%,1,63.37,0.1,63.37,8.24,55.13,34.56,1,,
2022-000893,24/05/2022 20:55,S1012,C00407,P2012,Call Center,Transferencia,Promo 10%,1,709.5,0.1,709.5,85.14,624.36,363.05,0,,
2022-000894,29/04/2022 13:00,S1029,C00186,P2031,Call Center,Transferencia,Promo 15%,2,203.6,0.0,407.2,61.08,346.12,111.43,1,,
2022-000895,30/12/2022 12:00,S1038,C00028,P2027,Call Center,Transferencia,Black Friday,2,331.73,0.0,663.46,86.25,577.21,230.42,1,,
2022-000896,23/08/2022 10:03,S1013,C00726,P2065,Tienda,Transferencia,Black Friday,1,347.05,0.15,347.05,41.65,305.4,269.16,0,Revisar,
2022-000897,17/12/2022 05:41,S1012,C00096,P2018,Tienda,Tarjeta,Black Friday,2,391.86,0.0,783.72,94.05,689.67,224.11,0,,
2022-000898,10/09/2022 15:27,S1028,C00735,P2066,Marketplace,Billetera Digital,2x1,1,524.71,0.0,524.71,78.71,446.0,297.19,0,,
2022-000899,12/06/2022 02:37,S1008,C00137,P2128,Call Center,Transferencia,Sin Promo,3,445.91,0.2,1337.73,173.9,1163.83,269.57,0,,
2022-000900,26/07/2022 16:02,S1035,C00498,P2012,Web,Tarjeta,Sin Promo,2,748.91,0.05,1497.82,224.67,1273.15,363.05,0,,
2022-000901,16/04/2022 12:46,S1039,C00431,P2097,Web,Tarjeta,Sin Promo,3,416.9,0.2,1250.7,162.59,1088.11,298.37,0,,
2022-000902,09/04/2022 01:22,S1001,C00567,P2132,Marketplace,Billetera Digital,2x1,1,273.37,0.15,273.37,35.54,237.83,220.13,1,,
2022-000903,24/11/2022 05:39,S1034,C00378,P2157,Web,Efectivo,Black Friday,1,223.38,0.0,223.38,33.51,189.87,118.28,0,,
2022-000904,05/10/2022 07:49,S1022,C00779,P2096,Web,Financiamiento,2x1,1,540.6,0.15,540.6,81.09,459.51,369.96,0,,
2022-000905,11/10/2022 01:46,S1017,C00290,P2024,Marketplace,Financiamiento,Cyber Week,2,284.64,0.1,569.28,68.31,500.97,197.91,1,,
2022-000906,26/01/2022 03:00,S1024,C00682,P2107,Tienda,Transferencia,Sin Promo,3,257.6,0.2,772.8,115.92,656.88,196.36,0,,
2022-000907,11/04/2022 10:55,S1021,C00286,P2074,Marketplace,Efectivo,2x1,2,281.27,0.0,562.54,84.38,478.16,138.92,1,,
2022-000908,04/05/2022 13:38,S1011,C00155,P2008,Call Center,Financiamiento,Cyber Week,3,786.81,0.1,2360.43,283.25,2077.18,421.75,0,,
2022-000909,23/02/2022 12:35,S1015,C00109,P2147,Call Center,Tarjeta,Promo 15%,1,548.18,0.0,548.18,65.78,482.4,299.7,0,,
2022-000910,27/10/2022 05:36,S1040,C00629,P2046,Call Center,Financiamiento,Promo 15%,4,362.57,0.0,1450.28,188.54,1261.74,192.92,1,,
2022-000911,26/07/2022 23:02,S1040,C00248,P2088,Web,Tarjeta,Cyber Week,3,543.32,0.05,1629.96,211.89,1418.07,308.2,0,,
2022-000912,16/04/2022 14:23,S1033,C00206,P2002,Marketplace,Billetera Digital,Black Friday,4,232.13,0.2,928.52,139.28,789.24,134.76,0,,
2022-000913,24/02/2022 21:49,S1017,C00297,P2126,Marketplace,Financiamiento,2x1,2,581.52,0.15,1163.04,139.56,1023.48,413.19,1,,
2022-000914,17/11/2022 05:35,S1034,C00519,P2098,Tienda,Efectivo,Sin Promo,3,645.08,0.0,1935.24,290.29,1644.95,389.5,0,,
2022-000915,14/06/2022 23:37,S1020,C00500,P2035,Web,Tarjeta,Cyber Week,3,906.6,0.0,2719.8,407.97,2311.83,418.3,0,,
2022-000916,21/08/2022 12:23,S1016,C00720,P2092,Web,Tarjeta,Promo 10%,4,722.24,0.1,2888.96,346.68,2542.28,416.32,0,,
2022-000917,04/04/2022 15:10,S1031,C00312,P2127,Marketplace,Financiamiento,2x1,1,659.39,0.1,659.39,98.91,560.48,361.43,1,,
2022-000918,20/09/2022 09:43,S1016,C00103,P2077,Tienda,Financiamiento,Black Friday,1,754.96,0.05,754.96,90.6,664.36,400.81,0,,
2022-000919,12/01/2022 17:29,S1037,C00393,P2085,Tienda,Billetera Digital,Black Friday,3,31.02,0.0,93.06,12.1,80.96,20.07,0,,
2022-000920,22/08/2022 17:35,S1006,C00271,P2137,Web,Billetera Digital,Cyber Week,1,428.74,0.0,428.74,55.74,373.0,246.0,1,,
2022-000921,22/05/2022 10:53,S1009,C00007,P2122,Web,Transferencia,Promo 10%,1,681.62,0.0,681.62,88.61,593.01,324.38,1,,
2022-000922,21/02/2022 15:38,S1030,C00738,P2035,Web,Billetera Digital,Cyber Week,4,815.94,0.1,3263.76,489.56,2774.2,418.3,0,,
2022-000923,22/09/2022 23:27,S1008,C00039,P2067,Call Center,Transferencia,2x1,1,524.21,0.1,524.21,68.15,456.06,420.88,0,,
2022-000924,11/08/2022 12:45,S1015,C00511,P2112,Tienda,Financiamiento,Sin Promo,1,361.76,0.0,361.76,43.41,318.35,257.82,0,,
2022-000925,16/06/2022 11:01,S1015,C00268,P2108,Web,Transferencia,Promo 10%,3,283.38,0.0,850.14,102.02,748.12,144.01,0,,
2022-000926,02/10/2022 17:08,S1039,C00703,P2060,Marketplace,Financiamiento,Black Friday,2,383.25,0.0,766.5,99.65,666.85,245.82,0,,
2022-000927,14/03/2022 00:05,S1034,C00312,P2085,Tienda,Financiamiento,2x1,3,31.02,0.0,93.06,13.96,79.1,20.07,1,,
2022-000928,04/05/2022 10:51,S1015,C00075,P2007,Web,Transferencia,Black Friday,4,212.03,0.0,848.12,101.77,746.35,162.45,0,,
2022-000929,27/08/2022 04:33,S1007,C00417,P2093,Tienda,Tarjeta,Sin Promo,6,125.77,0.15,754.62,98.1,656.52,75.0,0,,
2022-000930,26/11/2022 09:11,S1013,C00702,P2029,Web,Transferencia,Black Friday,2,393.2,0.2,786.4,94.37,692.03,271.13,0,,
2022-000931,04/05/2022 02:36,S1008,C00455,P2096,Marketplace,Billetera Digital,2x1,3,540.6,0.15,1621.8,210.83,1410.97,369.96,0,,
2022-000932,30/03/2022 12:49,S1014,C00708,P2129,Marketplace,Financiamiento,Promo 15%,5,479.7,0.05,2398.5,287.82,2110.68,401.84,0,,
2022-000933,25/04/2022 12:28,S1034,C00538,P2021,Call Center,Transferencia,Sin Promo,1,373.55,0.15,373.55,56.03,317.52,239.98,0,,
2022-000934,01/10/2022 11:58,S1026,C00749,P2118,Call Center,Efectivo,Black Friday,4,65.15,0.0,260.6,39.09,221.51,45.65,1,,
2022-000935,10/06/2022 05:31,S1016,C00125,P2006,Marketplace,Transferencia,Promo 15%,1,402.01,0.0,402.01,48.24,353.77,287.52,0,,
2022-000936,10/01/2022 21:11,S1001,C00042,P2010,Marketplace,Financiamiento,Cyber Week,3,323.27,0.2,969.81,126.08,843.73,210.17,0,,
2022-000937,04/06/2022 17:45,S1025,C00715,P2034,Tienda,Financiamiento,2x1,1,236.66,0.1,236.66,35.5,201.16,122.22,0,,
2022-000938,21/03/2022 19:19,S1037,C00007,P2059,Tienda,Efectivo,2x1,3,130.71,0.0,392.13,50.98,341.15,101.09,0,Revisar,
2022-000939,03/05/2022 07:46,S1018,C00292,P2083,Marketplace,Financiamiento,Sin Promo,3,444.91,0.15,1334.73,160.17,1174.56,334.59,0,,
2022-000940,10/01/2022 16:55,S1010,C00627,P2145,Call Center,Tarjeta,Promo 15%,1,112.11,0.05,112.11,13.45,98.66,77.61,1,,
2022-000941,10/09/2022 21:28,S1043,C00210,P2050,Web,Transferencia,Sin Promo,2,219.16,0.2,438.32,56.98,381.34,192.16,0,,
2022-000942,28/06/2022 11:37,S1023,C00400,P2001,Web,Financiamiento,Promo 15%,2,95.82,0.0,191.64,28.75,162.89,59.67,0,,
2022-000943,26/07/2022 01:21,S1041,C00461,P2084,Web,Billetera Digital,2x1,1,10.89,0.0,10.89,1.42,9.47,8.31,0,,
2022-000944,10/01/2022 02:50,S1042,C00105,P2051,Tienda,Tarjeta,Sin Promo,2,769.91,0.1,1539.82,200.18,1339.64,394.02,0,,
2022-000945,19/01/2022 13:57,S1025,C00090,P2008,Marketplace,Billetera Digital,Sin Promo,2,699.38,0.2,1398.76,209.81,1188.95,421.75,0,,
2022-000946,06/10/2022 15:44,S1026,C00754,P2026,Marketplace,Transferencia,Cyber Week,3,459.92,0.0,1379.76,206.96,1172.8,230.43,0,,
2022-000947,23/07/2022 05:40,S1037,C00020,P2156,Marketplace,Billetera Digital,Promo 10%,1,65.14,0.2,65.14,8.47,56.67,55.02,1,,
2022-000948,09/10/2022 21:18,S1002,C00696,P2114,Web,Transferencia,Promo 10%,2,526.3,0.05,1052.6,136.84,915.76,274.57,0,,
2022-000949,07/09/2022 08:44,S1023,C00406,P2097,Marketplace,Billetera Digital,Black Friday,1,442.96,0.15,442.96,66.44,376.52,298.37,0,,
2022-000950,24/01/2022 17:48,S1013,C00163,P2016,Web,Billetera Digital,Black Friday,1,172.59,0.0,172.59,20.71,151.88,121.18,0,,
2022-000951,19/05/2022 03:06,S1045,C00326,P2050,Marketplace,Tarjeta,Promo 10%,5,273.95,0.0,1369.75,178.07,1191.68,192.16,0,,
2022-000952,04/01/2022 02:42,S1037,C00573,P2012,Call Center,Transferencia,Promo 10%,1,788.33,0.0,788.33,102.48,685.85,363.05,0,,
2022-000953,22/11/2022 11:16,S1042,C00541,P2080,Call Center,Financiamiento,Cyber Week,5,301.79,0.0,1508.95,196.16,1312.79,221.89,0,,
2022-000954,10/06/2022 17:28,S1011,C00569,P2044,Call Center,Financiamiento,Sin Promo,3,385.97,0.15,1157.91,138.95,1018.96,214.81,1,,
2022-000955,18/05/2022 18:56,S1027,C00305,P2060,Tienda,Tarjeta,2x1,5,383.25,0.0,1916.25,287.44,1628.81,245.82,1,,
2022-000956,27/04/2022 13:15,S1035,C00538,P2160,Marketplace,Billetera Digital,Promo 10%,3,771.61,0.05,2314.83,347.22,1967.61,418.28,0,,
2022-000957,13/01/2022 18:42,S1028,C00438,P2013,Marketplace,Efectivo,Cyber Week,1,160.16,0.2,160.16,24.02,136.14,98.1,0,,
2022-000958,02/05/2022 17:08,S1013,C00277,P2033,Tienda,Efectivo,Black Friday,3,80.36,0.0,241.08,28.93,212.15,61.26,0,,
2022-000959,19/07/2022 15:37,S1020,C00097,P2104,Tienda,Efectivo,Cyber Week,5,702.23,0.0,3511.15,526.67,2984.48,405.18,0,,
2022-000960,11/04/2022 06:03,S1011,C00341,P2018,Web,Transferencia,Promo 10%,1,333.08,0.15,333.08,39.97,293.11,224.11,0,,
2022-000961,12/02/2022 03:56,S1037,C00104,P2050,Web,Transferencia,Black Friday,2,219.16,0.2,438.32,56.98,381.34,192.16,0,,
2022-000962,21/07/2022 11:35,S1039,C00748,P2119,Marketplace,Financiamiento,Promo 15%,2,763.08,0.0,1526.16,198.4,1327.76,363.73,1,,
2022-000963,20/04/2022 06:35,S1025,C00480,P2031,Marketplace,Transferencia,Promo 15%,1,162.88,0.2,162.88,24.43,138.45,111.43,0,,
2022-000964,26/02/2022 18:57,S1011,C00245,P2111,Marketplace,Tarjeta,Promo 10%,1,233.7,0.2,233.7,28.04,205.66,191.52,0,,
2022-000965,19/08/2022 06:49,S1037,C00746,P2146,Marketplace,Efectivo,Sin Promo,2,311.26,0.0,622.52,80.93,541.59,242.22,0,,
2022-000966,10/10/2022 23:35,S1027,C00738,P2098,Web,Financiamiento,Cyber Week,2,645.08,0.0,1290.16,193.52,1096.64,389.5,0,,
2022-000967,20/09/2022 10:57,S1031,C00621,P2124,Marketplace,Financiamiento,Sin Promo,3,428.12,0.1,1284.36,192.65,1091.71,351.18,0,,
2022-000968,15/07/2022 04:53,S1018,C00542,P2097,Marketplace,Billetera Digital,Promo 10%,1,521.13,0.0,521.13,62.54,458.59,298.37,0,,
2022-000969,05/05/2022 11:47,S1027,C00557,P2103,Tienda,Tarjeta,Promo 10%,1,424.9,0.0,424.9,63.73,361.17,274.37,0,,
2022-000970,28/03/2022 19:43,S1009,C00368,P2083,Tienda,Efectivo,Sin Promo,1,497.25,0.05,497.25,64.64,432.61,334.59,0,,
2022-000971,04/09/2022 14:22,S1032,C00293,P2071,Call Center,Tarjeta,Cyber Week,4,459.39,0.05,1837.56,275.63,1561.93,243.78,0,,
2022-000972,06/01/2022 15:21,S1020,C00370,P2024,Call Center,Tarjeta,Black Friday,2,300.46,0.05,600.92,90.14,510.78,197.91,0,,
2022-000973,27/08/2022 13:44,S1025,C00469,P2036,Marketplace,Tarjeta,2x1,1,259.77,0.1,259.77,38.97,220.8,143.03,0,,
2022-000974,01/12/2022 17:34,S1014,C00221,P2001,Call Center,Efectivo,Sin Promo,2,95.82,0.0,191.64,23.0,168.64,59.67,0,,
2022-000975,17/03/2022 01:31,S1032,C00008,P2125,Call Center,Billetera Digital,Sin Promo,1,310.19,0.1,310.19,46.53,263.66,235.01,1,,
2022-000976,03/06/2022 03:44,S1039,C00709,P2112,Web,Tarjeta,Promo 10%,2,289.41,0.2,578.82,75.25,503.57,257.82,1,,
2022-000977,24/03/2022 14:05,S1022,C00044,P2029,Marketplace,Financiamiento,Promo 15%,3,417.77,0.15,1253.31,188.0,1065.31,271.13,0,,
2022-000978,08/08/2022 17:00,S1045,C00276,P2058,Tienda,Financiamiento,Sin Promo,1,419.32,0.1,419.32,54.51,364.81,324.41,0,,
2022-000979,17/12/2022 08:23,S1035,C00039,P2077,Call Center,Transferencia,Black Friday,2,794.69,0.0,1589.38,238.41,1350.97,400.81,0,,
2022-000980,17/10/2022 17:42,S1004,C00016,P2026,Marketplace,Efectivo,Promo 15%,2,459.92,0.0,919.84,119.58,800.26,230.43,1,,
2022-000981,28/02/2022 21:42,S1008,C00024,P2012,Tienda,Billetera Digital,Sin Promo,2,788.33,0.0,1576.66,204.97,1371.69,363.05,1,,
2022-000982,11/07/2022 20:20,S1016,C00158,P2097,Call Center,Billetera Digital,Promo 10%,2,521.13,0.0,1042.26,125.07,917.19,298.37,0,,
2022-000983,20/07/2022 16:54,S1041,C00031,P2159,Marketplace,Efectivo,Sin Promo,5,608.84,0.05,3044.2,395.75,2648.45,434.27,0,,
2022-000984,07/05/2022 02:26,S1021,C00251,P2080,Call Center,Efectivo,Promo 15%,2,256.52,0.15,513.04,76.96,436.08,221.89,0,,
2022-000985,25/07/2022 00:07,S1016,C00539,P2012,Call Center,Billetera Digital,Cyber Week,1,788.33,0.0,788.33,94.6,693.73,363.05,0,,
2022-000986,09/10/2022 18:34,S1044,C00774,P2078,Marketplace,Billetera Digital,Sin Promo,2,132.53,0.2,265.06,34.46,230.6,125.47,0,,
2022-000987,05/11/2022 08:26,S1009,C00284,P2064,Web,Billetera Digital,Promo 15%,1,91.31,0.0,91.31,11.87,79.44,57.47,0,,
2022-000988,16/12/2022 22:37,S1028,C00386,P2108,Call Center,Transferencia,2x1,2,283.38,0.0,566.76,85.01,481.75,144.01,0,,
2022-000989,17/06/2022 03:04,S1022,C00334,P2115,Marketplace,Financiamiento,Black Friday,2,372.57,0.0,745.14,111.77,633.37,201.2,0,,
2022-000990,20/12/2022 12:34,S1010,C00618,P2069,Tienda,Transferencia,Sin Promo,1,191.55,0.0,191.55,22.99,168.56,145.02,0,,
2022-000991,19/03/2022 19:46,S1016,C00271,P2045,Marketplace,Transferencia,Black Friday,1,68.91,0.0,68.91,8.27,60.64,46.07,1,,
2022-000992,26/10/2022 17:33,S1038,C00380,P2087,Web,Transferencia,Black Friday,2,323.78,0.0,647.56,84.18,563.38,166.63,0,,
2022-000993,21/02/2022 17:56,S1004,C00679,P2024,Call Center,Tarjeta,Promo 10%,4,316.27,0.0,1265.08,164.46,1100.62,197.91,0,,
2022-000994,26/06/2022 14:57,S1008,C00569,P2051,Marketplace,Tarjeta,Promo 10%,2,855.46,0.0,1710.92,222.42,1488.5,394.02,0,,
2022-000995,24/12/2022 13:54,S1012,C00009,P2118,Call Center,Transferencia,Black Friday,1,65.15,0.0,65.15,7.82,57.33,45.65,0,,
2022-000996,21/11/2022 22:58,S1009,C00182,P2101,Web,Efectivo,2x1,2,336.53,0.0,673.06,87.5,585.56,262.94,0,,
2022-000997,14/10/2022 09:25,S1044,C00683,P2085,Call Center,Financiamiento,2x1,1,27.92,0.1,27.92,3.63,24.29,20.07,0,,
2022-000998,08/12/2022 15:51,S1032,C00439,P2101,Call Center,Transferencia,Promo 10%,4,336.53,0.0,1346.12,201.92,1144.2,262.94,0,,
2022-000999,16/06/2022 23:53,S1043,C00093,P2080,Call Center,Efectivo,Sin Promo,3,271.61,0.1,814.83,105.93,708.9,221.89,1,,
2022-001000,30/08/2022 08:36,S1028,C00344,P2004,Web,Transferencia,Black Friday,1,543.65,0.0,543.65,81.55,462.1,298.92,0,,
2022-001001,20/08/2022 12:08,S1022,C00542,P2091,Marketplace,Transferencia,Sin Promo,4,514.42,0.05,2057.68,308.65,1749.03,397.11,0,,
2022-001002,04/06/2022 19:45,S1038,C00585,P2054,Tienda,Billetera Digital,Promo 15%,1,416.95,0.1,416.95,54.2,362.75,220.6,1,,
2022-001003,13/08/2022 07:54,S1038,C00201,P2024,Tienda,Transferencia,2x1,3,284.64,0.1,853.92,111.01,742.91,197.91,0,,
2022-001004,24/06/2022 10:32,S1024,C00185,P2041,Call Center,Billetera Digital,Black Friday,1,46.52,0.0,46.52,6.98,39.54,34.06,0,,
2022-001005,24/10/2022 10:52,S1045,C00218,P2051,Tienda,Tarjeta,Sin Promo,3,812.69,0.05,2438.07,316.95,2121.12,394.02,0,,
2022-001006,05/09/2022 20:58,S1008,C00745,P2134,Call Center,Transferencia,Promo 15%,2,241.56,0.0,483.12,62.81,420.31,153.79,1,,
2022-001007,29/06/2022 15:13,S1042,C00023,P2044,Call Center,Efectivo,Promo 10%,1,454.08,0.0,454.08,59.03,395.05,214.81,0,,
2022-001008,16/12/2022 20:59,S1005,C00740,P2091,Marketplace,Transferencia,Cyber Week,1,487.35,0.1,487.35,63.36,423.99,397.11,0,,
2022-001009,15/04/2022 21:06,S1032,C00387,P2011,Marketplace,Financiamiento,Black Friday,1,353.45,0.1,353.45,53.02,300.43,309.34,0,,
2022-001010,02/08/2022 00:24,S1020,C00623,P2047,Web,Financiamiento,Sin Promo,3,433.95,0.05,1301.85,195.28,1106.57,295.44,0,,
2022-001011,23/09/2022 04:48,S1031,C00723,P2131,Call Center,Tarjeta,Black Friday,5,157.54,0.2,787.7,118.16,669.54,119.6,0,,
2022-001012,14/08/2022 16:36,S1040,C00579,P2101,Call Center,Tarjeta,Cyber Week,2,336.53,0.0,673.06,87.5,585.56,262.94,0,,
2022-001013,19/10/2022 20:34,S1023,C00132,P2112,Web,Financiamiento,Promo 10%,4,343.67,0.05,1374.68,206.2,1168.48,257.82,0,,
2022-001014,28/08/2022 21:27,S1026,C00545,P2102,Call Center,Tarjeta,Cyber Week,1,425.74,0.15,425.74,63.86,361.88,270.07,0,,
2022-001015,29/01/2022 15:56,S1024,C00153,P2001,Tienda,Efectivo,Black Friday,3,95.82,0.0,287.46,43.12,244.34,59.67,0,,
2022-001016,03/08/2022 06:16,S1025,C00428,P2052,Tienda,Financiamiento,Black Friday,1,75.75,0.2,75.75,11.36,64.39,47.67,1,,
2022-001017,27/03/2022 10:27,S1021,C00210,P2154,Web,Efectivo,Sin Promo,1,733.21,0.0,733.21,109.98,623.23,427.53,0,,
2022-001018,21/04/2022 22:27,S1021,C00234,P2098,Marketplace,Transferencia,2x1,2,645.08,0.0,1290.16,193.52,1096.64,389.5,0,,
2022-001019,25/07/2022 01:00,S1036,C00328,P2003,Marketplace,Efectivo,Cyber Week,3,483.28,0.05,1449.84,217.48,1232.36,261.5,0,,
2022-001020,24/07/2022 22:16,S1028,C00724,P2077,Web,Transferencia,2x1,1,794.69,0.0,794.69,119.2,675.49,400.81,0,,
2022-001021,20/07/2022 11:45,S1029,C00555,P2114,Marketplace,Tarjeta,Promo 10%,3,498.6,0.1,1495.8,224.37,1271.43,274.57,0,,
2022-001022,25/06/2022 08:49,S1002,C00379,P2111,Tienda,Tarjeta,2x1,2,233.7,0.2,467.4,60.76,406.64,191.52,0,,
2022-001023,10/05/2022 19:20,S1038,C00659,P2055,Marketplace,Transferencia,Black Friday,4,126.69,0.1,506.76,65.88,440.88,77.43,0,,
2022-001024,24/06/2022 08:56,S1010,C00489,P2121,Tienda,Transferencia,Promo 10%,1,376.0,0.1,376.0,45.12,330.88,207.12,0,,
2022-001025,29/06/2022 11:19,S1038,C00587,P2065,Tienda,Transferencia,Promo 10%,4,367.46,0.1,1469.84,191.08,1278.76,269.16,0,,
2022-001026,30/07/2022 11:01,S1044,C00753,P2082,Marketplace,Tarjeta,2x1,5,281.42,0.0,1407.1,182.92,1224.18,152.77,0,Revisar,
2022-001027,06/08/2022 20:02,S1007,C00542,P2108,Call Center,Tarjeta,Cyber Week,2,269.21,0.05,538.42,69.99,468.43,144.01,0,,
2022-001028,22/01/2022 08:19,S1002,C00791,P2021,Web,Tarjeta,Promo 10%,3,439.47,0.0,1318.41,171.39,1147.02,239.98,0,,
2022-001029,04/09/2022 01:14,S1019,C00254,P2092,Marketplace,Billetera Digital,2x1,4,802.49,0.0,3209.96,481.49,2728.47,416.32,0,,
2022-001030,17/04/2022 21:32,S1019,C00290,P2013,Web,Billetera Digital,2x1,3,170.17,0.15,510.51,76.58,433.93,98.1,0,,
2022-001031,26/09/2022 17:37,S1011,C00396,P2104,Call Center,Efectivo,Cyber Week,1,632.01,0.1,632.01,75.84,556.17,405.18,0,,
2022-001032,09/05/2022 05:44,S1003,C00035,P2092,Marketplace,Financiamiento,Promo 10%,3,722.24,0.1,2166.72,281.67,1885.05,416.32,0,,
2022-001033,27/02/2022 17:15,S1036,C00358,P2052,Call Center,Transferencia,Promo 15%,4,85.22,0.1,340.88,51.13,289.75,47.67,0,,
2022-001034,07/08/2022 00:18,S1034,C00734,P2019,Web,Billetera Digital,Black Friday,1,377.02,0.2,377.02,56.55,320.47,283.84,0,,
2022-001035,04/01/2022 17:08,S1022,C00788,P2068,Tienda,Tarjeta,Promo 10%,1,246.4,0.0,246.4,36.96,209.44,122.46,0,,
2022-001036,07/09/2022 11:22,S1011,C00495,P2107,Web,Tarjeta,Promo 10%,1,322.0,0.0,322.0,38.64,283.36,196.36,1,,
2022-001037,23/03/2022 23:53,S1015,C00512,P2137,Call Center,Transferencia,Promo 15%,3,428.74,0.0,1286.22,154.35,1131.87,246.0,0,,
2022-001038,20/05/2022 02:25,S1031,C00233,P2147,Call Center,Billetera Digital,Promo 10%,1,493.36,0.1,493.36,74.0,419.36,299.7,1,,
2022-001039,23/12/2022 02:28,S1014,C00542,P2001,Call Center,Financiamiento,Promo 10%,1,95.82,0.0,95.82,11.5,84.32,59.67,0,,
2022-001040,13/06/2022 23:40,S1036,C00160,P2031,Tienda,Transferencia,Promo 10%,3,162.88,0.2,488.64,73.3,415.34,111.43,0,,
2022-001041,15/12/2022 20:47,S1031,C00397,P2050,Web,Tarjeta,Promo 10%,2,273.95,0.0,547.9,82.18,465.72,192.16,1,,
2022-001042,23/07/2022 02:01,S1010,C00672,P2135,Marketplace,Transferencia,Cyber Week,2,122.34,0.2,244.68,29.36,215.32,71.27,0,,
2022-001043,07/04/2022 07:20,S1016,C00198,P2139,Call Center,Efectivo,Promo 10%,1,20.28,0.0,20.28,2.43,17.85,12.71,1,,
2022-001044,12/10/2022 07:52,S1025,C00305,P2123,Tienda,Financiamiento,Sin Promo,1,148.84,0.15,148.84,22.33,126.51,112.82,0,,
2022-001045,13/05/2022 12:13,S1030,C00541,P2033,Web,Efectivo,Promo 10%,2,72.32,0.1,144.64,21.7,122.94,61.26,0,,
2022-001046,06/09/2022 02:44,S1009,C00018,P2128,Marketplace,Billetera Digital,Cyber Week,1,473.78,0.15,473.78,61.59,412.19,269.57,0,,
2022-001047,14/11/2022 23:05,S1018,C00287,P2143,Marketplace,Tarjeta,Cyber Week,2,175.44,0.0,350.88,42.11,308.77,101.86,0,,
2022-001048,17/10/2022 15:44,S1037,C00609,P2099,Call Center,Efectivo,Sin Promo,2,235.66,0.2,471.32,61.27,410.05,231.19,0,,
2022-001049,08/03/2022 12:45,S1012,C00410,P2015,Tienda,Tarjeta,Black Friday,1,173.77,0.0,173.77,20.85,152.92,122.14,0,,
2022-001050,09/10/2022 12:50,S1010,C00116,P2035,Web,Billetera Digital,2x1,1,906.6,0.0,906.6,108.79,797.81,418.3,0,,
2022-001051,18/05/2022 20:56,S1012,C00117,P2106,Call Center,Billetera Digital,Promo 15%,2,461.42,0.0,922.84,110.74,812.1,310.34,0,,
2022-001052,24/03/2022 21:36,S1032,C00330,P2057,Marketplace,Transferencia,Sin Promo,4,419.8,0.0,1679.2,251.88,1427.32,314.68,0,,
2022-001053,08/08/2022 07:40,S1033,C00632,P2150,Call Center,Tarjeta,Promo 15%,3,198.96,0.15,596.88,89.53,507.35,154.53,0,,
2022-001054,26/03/2022 00:42,S1010,C00690,P2055,Marketplace,Financiamiento,Promo 15%,4,133.73,0.05,534.92,64.19,470.73,77.43,1,,
2022-001055,26/02/2022 11:16,S1026,C00635,P2130,Call Center,Efectivo,Black Friday,4,701.29,0.0,2805.16,420.77,2384.39,404.15,0,,
2022-001056,23/03/2022 14:02,S1038,C00011,P2069,Tienda,Billetera Digital,Black Friday,1,172.4,0.1,172.4,22.41,149.99,145.02,0,,
2022-001057,21/12/2022 02:33,S1004,C00473,P2105,Call Center,Financiamiento,Promo 10%,1,574.73,0.15,574.73,74.71,500.02,320.12,1,,
2022-001058,11/08/2022 16:47,S1029,C00645,P2044,Marketplace,Transferencia,Promo 10%,2,363.26,0.2,726.52,108.98,617.54,214.81,1,,
2022-001059,06/06/2022 07:11,S1034,C00133,P2010,Marketplace,Billetera Digital,2x1,2,404.09,0.0,808.18,121.23,686.95,210.17,0,,
2022-001060,11/09/2022 05:59,S1028,C00215,P2047,Call Center,Transferencia,2x1,2,365.43,0.2,730.86,109.63,621.23,295.44,0,,
2022-001061,22/06/2022 14:47,S1001,C00400,P2030,Marketplace,Efectivo,Black Friday,3,433.15,0.2,1299.45,168.93,1130.52,418.38,1,,
2022-001062,28/11/2022 01:33,S1033,C00069,P2054,Tienda,Efectivo,Promo 15%,3,416.95,0.1,1250.85,187.63,1063.22,220.6,0,,
2022-001063,28/11/2022 00:40,S1023,C00718,P2004,Marketplace,Financiamiento,Black Friday,2,543.65,0.0,1087.3,163.09,924.21,298.92,0,,
2022-001064,26/01/2022 22:48,S1016,C00199,P2089,Marketplace,Tarjeta,Black Friday,1,736.54,0.0,736.54,88.38,648.16,351.93,0,,
2022-001065,03/08/2022 12:54,S1007,C00134,P2049,Call Center,Efectivo,Promo 15%,2,150.36,0.05,300.72,39.09,261.63,89.45,0,,
2022-001066,27/07/2022 13:54,S1023,C00623,P2026,Web,Efectivo,Promo 15%,2,390.93,0.15,781.86,117.28,664.58,230.43,0,,
2022-001067,01/11/2022 05:35,S1026,C00172,P2024,Call Center,Billetera Digital,Promo 10%,4,316.27,0.0,1265.08,189.76,1075.32,197.91,0,,
2022-001068,01/11/2022 03:04,S1017,C00791,P2121,Tienda,Tarjeta,Cyber Week,3,417.78,0.0,1253.34,150.4,1102.94,207.12,0,,
2022-001069,17/03/2022 16:59,S1005,C00313,P2024,Tienda,Financiamiento,Promo 10%,1,268.83,0.15,268.83,34.95,233.88,197.91,0,,
2022-001070,22/07/2022 11:18,S1034,C00535,P2080,Call Center,Transferencia,2x1,4,301.79,0.0,1207.16,181.07,1026.09,221.89,0,,
2022-001071,07/01/2022 00:25,S1019,C00141,P2070,Marketplace,Efectivo,Black Friday,2,553.31,0.1,1106.62,165.99,940.63,281.04,0,,
2022-001072,22/04/2022 12:00,S1016,C00083,P2085,Marketplace,Financiamiento,Promo 15%,2,26.37,0.15,52.74,6.33,46.41,20.07,0,,
2022-001073,22/03/2022 20:56,S1022,C00511,P2155,Marketplace,Billetera Digital,2x1,2,157.33,0.0,314.66,47.2,267.46,71.96,1,Revisar,
2022-001074,01/08/2022 17:31,S1024,C00224,P2145,Tienda,Transferencia,Promo 10%,3,94.41,0.2,283.23,42.48,240.75,77.61,0,,
2022-001075,11/01/2022 06:08,S1002,C00722,P2031,Web,Transferencia,2x1,1,162.88,0.2,162.88,21.17,141.71,111.43,1,,
2022-001076,01/05/2022 14:39,S1033,C00317,P2120,Web,Efectivo,Black Friday,1,199.5,0.0,199.5,29.92,169.58,113.2,0,,
2022-001077,09/01/2022 20:55,S1044,C00483,P2081,Tienda,Financiamiento,Promo 15%,1,339.41,0.15,339.41,44.12,295.29,192.91,0,,
2022-001078,28/07/2022 02:27,S1020,C00597,P2078,Marketplace,Transferencia,Promo 10%,4,140.81,0.15,563.24,84.49,478.75,125.47,0,,
2022-001079,15/09/2022 17:47,S1032,C00236,P2120,Marketplace,Transferencia,Promo 15%,1,169.57,0.15,169.57,25.44,144.13,113.2,1,,
2022-001080,27/01/2022 10:20,S1006,C00055,P2009,Tienda,Financiamiento,Black Friday,1,523.01,0.0,523.01,67.99,455.02,287.2,0,,
2022-001081,03/11/2022 05:13,S1039,C00596,P2054,Tienda,Financiamiento,2x1,3,393.79,0.15,1181.37,153.58,1027.79,220.6,0,,
2022-001082,18/05/2022 20:47,S1002,C00326,P2012,Marketplace,Efectivo,Cyber Week,1,788.33,0.0,788.33,102.48,685.85,363.05,0,,
2022-001083,24/07/2022 21:23,S1040,C00766,P2024,Web,Billetera Digital,Promo 10%,1,316.27,0.0,316.27,41.12,275.15,197.91,1,,
2022-001084,27/06/2022 06:21,S1015,C00234,P2132,Web,Transferencia,2x1,2,289.45,0.1,578.9,69.47,509.43,220.13,0,,
2022-001085,08/05/2022 18:36,S1025,C00510,P2026,Web,Tarjeta,2x1,1,459.92,0.0,459.92,68.99,390.93,230.43,0,,
2022-001086,22/05/2022 12:23,S1004,C00664,P2148,Web,Tarjeta,Promo 10%,1,539.85,0.2,539.85,70.18,469.67,390.62,0,,
2022-001087,05/08/2022 11:17,S1014,C00564,P2005,Web,Transferencia,2x1,1,545.93,0.0,545.93,65.51,480.42,390.45,0,Revisar,
2022-001088,12/01/2022 23:03,S1024,C00025,P2149,Web,Financiamiento,Promo 10%,2,224.81,0.0,449.62,67.44,382.18,173.08,0,,
2022-001089,04/05/2022 08:22,S1030,C00276,P2087,Tienda,Financiamiento,Sin Promo,1,323.78,0.0,323.78,48.57,275.21,166.63,0,,
2022-001090,08/05/2022 04:48,S1017,C00593,P2149,Tienda,Financiamiento,Cyber Week,1,179.85,0.2,179.85,21.58,158.27,173.08,0,,
2022-001091,07/07/2022 12:58,S1023,C00250,P2121,Call Center,Tarjeta,Black Friday,1,334.22,0.2,334.22,50.13,284.09,207.12,0,,
2022-001092,21/11/2022 01:54,S1021,C00497,P2006,Marketplace,Transferencia,2x1,1,402.01,0.0,402.01,60.3,341.71,287.52,0,,
2022-001093,06/02/2022 02:51,S1013,C00237,P2136,Marketplace,Transferencia,Sin Promo,2,154.8,0.0,309.6,37.15,272.45,99.42,0,,
2022-001094,14/06/2022 08:28,S1013,C00301,P2009,Tienda,Financiamiento,Black Friday,2,418.41,0.2,836.82,100.42,736.4,287.2,0,,
2022-001095,28/10/2022 03:19,S1002,C00409,P2083,Marketplace,Tarjeta,Promo 15%,3,418.74,0.2,1256.22,163.31,1092.91,334.59,1,,
2022-001096,25/04/2022 11:17,S1028,C00150,P2150,Tienda,Billetera Digital,Cyber Week,2,234.07,0.0,468.14,70.22,397.92,154.53,0,,
2022-001097,26/02/2022 12:07,S1009,C00690,P2143,Marketplace,Transferencia,2x1,2,140.35,0.2,280.7,36.49,244.21,101.86,0,,
2022-001098,20/07/2022 15:44,S1029,C00608,P2070,Web,Transferencia,2x1,3,614.79,0.0,1844.37,276.66,1567.71,281.04,0,,
2022-001099,09/01/2022 15:40,S1044,C00649,P2126,Web,Tarjeta,Cyber Week,1,649.93,0.05,649.93,84.49,565.44,413.19,1,,
2022-001100,02/10/2022 23:55,S1011,C00496,P2002,Call Center,Efectivo,Promo 15%,1,246.64,0.15,246.64,29.6,217.04,134.76,0,,
2022-001101,05/01/2022 00:01,S1031,C00532,P2110,Marketplace,Tarjeta,Promo 15%,2,416.72,0.0,833.44,125.02,708.42,314.95,0,,
2022-001102,29/01/2022 11:26,S1036,C00684,P2153,Call Center,Billetera Digital,Promo 15%,2,346.72,0.15,693.44,104.02,589.42,293.96,1,,
2022-001103,30/11/2022 15:17,S1002,C00489,P2090,Tienda,Transferencia,Promo 10%,2,117.69,0.05,235.38,30.6,204.78,72.93,1,,
2022-001104,21/04/2022 15:22,S1026,C00612,P2006,Tienda,Billetera Digital,Sin Promo,1,361.81,0.1,361.81,54.27,307.54,287.52,0,,
2022-001105,23/01/2022 02:51,S1020,C00619,P2139,Call Center,Tarjeta,Sin Promo,4,16.22,0.2,64.88,9.73,55.15,12.71,1,,
2022-001106,21/04/2022 21:50,S1021,C00230,P2053,Tienda,Billetera Digital,Black Friday,1,747.6,0.2,747.6,112.14,635.46,436.17,0,,
2022-001107,20/01/2022 10:13,S1008,C00319,P2110,Tienda,Financiamiento,Promo 10%,3,395.88,0.05,1187.64,154.39,1033.25,314.95,0,,
2022-001108,25/09/2022 04:08,S1035,C00594,P2097,Call Center,Billetera Digital,Cyber Week,1,469.02,0.1,469.02,70.35,398.67,298.37,0,,
2022-001109,15/02/2022 19:12,S1001,C00221,P2057,Call Center,Billetera Digital,Sin Promo,3,419.8,0.0,1259.4,163.72,1095.68,314.68,0,,
2022-001110,18/11/2022 01:16,S1022,C00245,P2032,Marketplace,Financiamiento,Black Friday,2,443.24,0.05,886.48,132.97,753.51,330.43,0,,
2022-001111,24/03/2022 13:50,S1006,C00487,P2105,Tienda,Tarjeta,2x1,2,608.53,0.1,1217.06,158.22,1058.84,320.12,0,,
2022-001112,07/09/2022 05:42,S1024,C00611,P2078,Tienda,Transferencia,2x1,3,140.81,0.15,422.43,63.36,359.07,125.47,0,,
2022-001113,20/11/2022 07:01,S1002,C00342,P2055,Call Center,Transferencia,Sin Promo,2,140.77,0.0,281.54,36.6,244.94,77.43,0,,
2022-001114,22/09/2022 08:07,S1033,C00105,P2022,Tienda,Billetera Digital,Promo 10%,3,382.44,0.15,1147.32,172.1,975.22,325.44,0,,
2022-001115,24/07/2022 21:58,S1006,C00641,P2117,Marketplace,Tarjeta,Cyber Week,2,75.78,0.1,151.56,19.7,131.86,41.82,0,,
2022-001116,27/06/2022 10:20,S1042,C00259,P2158,Call Center,Financiamiento,Sin Promo,2,542.39,0.0,1084.78,141.02,943.76,274.83,0,,
2022-001117,18/07/2022 17:30,S1029,C00616,P2110,Call Center,Financiamiento,Black Friday,1,416.72,0.0,416.72,62.51,354.21,314.95,0,,
2022-001118,02/08/2022 16:21,S1025,C00791,P2073,Marketplace,Financiamiento,Sin Promo,1,131.65,0.2,131.65,19.75,111.9,131.1,0,,
2022-001119,06/08/2022 11:04,S1023,C00171,P2059,Marketplace,Billetera Digital,Promo 15%,1,130.71,0.0,130.71,19.61,111.1,101.09,0,,
2022-001120,17/04/2022 11:03,S1019,C00445,P2071,Tienda,Billetera Digital,Sin Promo,1,386.86,0.2,386.86,58.03,328.83,243.78,1,,
2022-001121,02/12/2022 15:58,S1037,C00025,P2129,Tienda,Tarjeta,Promo 10%,1,504.95,0.0,504.95,65.64,439.31,401.84,0,,
2022-001122,28/09/2022 12:36,S1016,C00754,P2023,Web,Efectivo,2x1,2,423.8,0.2,847.6,101.71,745.89,346.8,1,,
2022-001123,02/09/2022 17:33,S1006,C00620,P2020,Web,Tarjeta,2x1,3,49.36,0.0,148.08,19.25,128.83,32.33,0,,
2022-001124,19/12/2022 20:17,S1018,C00438,P2005,Web,Financiamiento,Sin Promo,2,491.34,0.1,982.68,117.92,864.76,390.45,0,,
2022-001125,25/05/2022 19:56,S1023,C00789,P2139,Tienda,Tarjeta,Promo 10%,2,20.28,0.0,40.56,6.08,34.48,12.71,0,,
2022-001126,07/12/2022 02:05,S1005,C00162,P2095,Marketplace,Transferencia,Promo 15%,1,729.93,0.0,729.93,94.89,635.04,368.2,0,,
2022-001127,03/12/2022 02:06,S1013,C00479,P2030,Tienda,Billetera Digital,Cyber Week,6,541.44,0.0,3248.64,389.84,2858.8,418.38,1,,
2022-001128,19/01/2022 20:31,S1038,C00412,P2079,Web,Billetera Digital,2x1,2,224.63,0.1,449.26,58.4,390.86,156.92,0,,
2022-001129,20/11/2022 16:41,S1029,C00626,P2120,Call Center,Efectivo,Promo 15%,1,179.55,0.1,179.55,26.93,152.62,113.2,0,,
2022-001130,19/02/2022 14:15,S1039,C00620,P2055,Marketplace,Efectivo,Black Friday,1,140.77,0.0,140.77,18.3,122.47,77.43,0,,
2022-001131,10/12/2022 02:09,S1039,C00190,P2070,Tienda,Transferencia,Promo 10%,1,553.31,0.1,553.31,71.93,481.38,281.04,0,,
2022-001132,22/03/2022 22:23,S1021,C00296,P2112,Tienda,Financiamiento,Cyber Week,1,361.76,0.0,361.76,54.26,307.5,257.82,1,Revisar,
2022-001133,23/05/2022 03:52,S1004,C00301,P2046,Call Center,Transferencia,Promo 15%,2,326.31,0.1,652.62,84.84,567.78,192.92,0,,
2022-001134,18/07/2022 05:33,S1037,C00061,P2014,Web,Transferencia,Sin Promo,2,408.68,0.05,817.36,106.26,711.1,296.33,0,,
2022-001135,07/11/2022 13:44,S1036,C00392,P2006,Web,Financiamiento,Promo 15%,1,402.01,0.0,402.01,60.3,341.71,287.52,1,,
2022-001136,26/07/2022 02:01,S1039,C00157,P2153,Web,Tarjeta,Promo 10%,1,407.91,0.0,407.91,53.03,354.88,293.96,0,,
2022-001137,27/05/2022 01:25,S1036,C00723,P2058,Call Center,Financiamiento,Sin Promo,1,396.02,0.15,396.02,59.4,336.62,324.41,0,,
2022-001138,04/07/2022 02:52,S1039,C00026,P2002,Tienda,Transferencia,Sin Promo,2,261.14,0.1,522.28,67.9,454.38,134.76,0,,
2022-001139,19/11/2022 06:02,S1006,C00085,P2001,Tienda,Transferencia,Sin Promo,3,86.24,0.1,258.72,33.63,225.09,59.67,0,,
2022-001140,26/07/2022 15:42,S1013,C00559,P2137,Tienda,Efectivo,Promo 10%,1,385.87,0.1,385.87,46.3,339.57,246.0,0,,
2022-001141,07/03/2022 17:45,S1004,C00443,P2082,Marketplace,Financiamiento,Cyber Week,2,281.42,0.0,562.84,73.17,489.67,152.77,0,,
2022-001142,18/01/2022 21:15,S1033,C00728,P2068,Web,Financiamiento,Sin Promo,2,197.12,0.2,394.24,59.14,335.1,122.46,0,,
2022-001143,13/03/2022 17:14,S1017,C00668,P2144,Marketplace,Transferencia,Promo 15%,1,272.5,0.0,272.5,32.7,239.8,177.43,0,,
2022-001144,08/01/2022 05:16,S1012,C00404,P2111,Web,Transferencia,Black Friday,1,292.12,0.0,292.12,35.05,257.07,191.52,0,,
2022-001145,21/07/2022 06:58,S1029,C00603,P2110,Call Center,Efectivo,2x1,3,416.72,0.0,1250.16,187.52,1062.64,314.95,0,,
2022-001146,03/06/2022 13:21,S1009,C00326,P2005,Tienda,Billetera Digital,Sin Promo,1,545.93,0.0,545.93,70.97,474.96,390.45,1,,
2022-001147,20/03/2022 13:50,S1020,C00242,P2117,Tienda,Transferencia,Sin Promo,2,71.57,0.15,143.14,21.47,121.67,41.82,0,,
2022-001148,08/05/2022 20:53,S1030,C00435,P2071,Tienda,Tarjeta,Promo 15%,1,459.39,0.05,459.39,68.91,390.48,243.78,0,,
2022-001149,17/02/2022 18:15,S1031,C00454,P2090,Tienda,Tarjeta,Black Friday,2,105.3,0.15,210.6,31.59,179.01,72.93,0,,
2022-001150,06/03/2022 11:28,S1033,C00461,P2082,Web,Transferencia,Cyber Week,3,267.35,0.05,802.05,120.31,681.74,152.77,0,,
2022-001151,29/07/2022 20:23,S1036,C00685,P2124,Web,Transferencia,Sin Promo,2,380.55,0.2,761.1,114.17,646.93,351.18,0,,
2022-001152,23/04/2022 09:31,S1018,C00315,P2101,Web,Tarjeta,Black Friday,1,336.53,0.0,336.53,40.38,296.15,262.94,0,,
2022-001153,26/02/2022 20:28,S1031,C00485,P2075,Tienda,Transferencia,Sin Promo,2,580.05,0.0,1160.1,174.01,986.09,301.87,1,,
2022-001154,27/12/2022 08:25,S1002,C00162,P2036,Tienda,Financiamiento,Black Friday,1,245.34,0.15,245.34,31.89,213.45,143.03,1,,
2022-001155,02/01/2022 11:16,S1008,C00720,P2056,Marketplace,Financiamiento,Sin Promo,1,886.94,0.0,886.94,115.3,771.64,417.23,0,,
2022-001156,21/05/2022 01:44,S1045,C00056,P2135,Call Center,Tarjeta,Promo 15%,3,145.28,0.05,435.84,56.66,379.18,71.27,1,,
2022-001157,15/09/2022 16:42,S1029,C00436,P2121,Tienda,Efectivo,Sin Promo,2,417.78,0.0,835.56,125.33,710.23,207.12,0,,
2022-001158,01/07/2022 14:11,S1010,C00663,P2119,Web,Efectivo,2x1,1,724.93,0.05,724.93,86.99,637.94,363.73,0,,
2022-001159,05/12/2022 17:11,S1018,C00639,P2140,Tienda,Financiamiento,Cyber Week,2,11.53,0.2,23.06,2.77,20.29,6.63,0,,
2022-001160,14/01/2022 08:06,S1038,C00060,P2043,Marketplace,Transferencia,Black Friday,1,297.93,0.05,297.93,38.73,259.2,244.5,1,,
2022-001161,25/10/2022 22:20,S1035,C00391,P2103,Call Center,Tarjeta,Black Friday,4,382.41,0.1,1529.64,229.45,1300.19,274.37,0,,
2022-001162,07/05/2022 22:09,S1041,C00756,P2095,Call Center,Billetera Digital,Promo 15%,1,729.93,0.0,729.93,94.89,635.04,368.2,0,,
2022-001163,06/04/2022 22:56,S1032,C00369,P2083,Tienda,Tarjeta,2x1,1,523.42,0.0,523.42,78.51,444.91,334.59,0,,
2022-001164,25/04/2022 06:06,S1032,C00070,P2140,Call Center,Transferencia,Promo 10%,2,11.53,0.2,23.06,3.46,19.6,6.63,0,,
2022-001165,26/12/2022 23:30,S1039,C00093,P2009,Call Center,Financiamiento,Promo 10%,2,523.01,0.0,1046.02,135.98,910.04,287.2,0,,
2022-001166,17/12/2022 01:19,S1028,C00341,P2074,Call Center,Transferencia,Promo 15%,1,253.14,0.1,253.14,37.97,215.17,138.92,0,,
2022-001167,18/02/2022 06:02,S1005,C00306,P2113,Tienda,Financiamiento,Promo 15%,1,282.77,0.05,282.77,36.76,246.01,139.53,0,,
2022-001168,01/02/2022 10:13,S1019,C00686,P2021,Call Center,Financiamiento,Black Friday,2,395.52,0.1,791.04,118.66,672.38,239.98,0,,
2022-001169,15/10/2022 13:47,S1012,C00316,P2109,Marketplace,Billetera Digital,Promo 15%,3,177.04,0.15,531.12,63.73,467.39,141.94,0,,
2022-001170,05/02/2022 17:00,S1034,C00779,P2135,Web,Financiamiento,Sin Promo,1,129.99,0.15,129.99,19.5,110.49,71.27,0,,
2022-001171,28/01/2022 16:36,S1040,C00078,P2075,Tienda,Financiamiento,2x1,3,580.05,0.0,1740.15,226.22,1513.93,301.87,0,,
2022-001172,01/12/2022 17:29,S1018,C00776,P2110,Web,Efectivo,Sin Promo,1,416.72,0.0,416.72,50.01,366.71,314.95,0,,
2022-001173,28/09/2022 03:45,S1021,C00443,P2023,Call Center,Tarjeta,Black Friday,1,529.75,0.0,529.75,79.46,450.29,346.8,1,,
2022-001174,05/08/2022 01:53,S1021,C00351,P2104,Tienda,Efectivo,Sin Promo,6,702.23,0.0,4213.38,632.01,3581.37,405.18,0,,
2022-001175,27/05/2022 10:41,S1026,C00653,P2128,Marketplace,Transferencia,Black Friday,1,445.91,0.2,445.91,66.89,379.02,269.57,0,,
2022-001176,18/08/2022 10:10,S1025,C00685,P2053,Marketplace,Billetera Digital,Cyber Week,1,934.5,0.0,934.5,140.17,794.33,436.17,0,,
2022-001177,26/12/2022 12:28,S1014,C00634,P2079,Web,Billetera Digital,Sin Promo,1,249.59,0.0,249.59,29.95,219.64,156.92,0,,
2022-001178,15/12/2022 00:57,S1024,C00381,P2014,Web,Transferencia,Promo 10%,3,365.66,0.15,1096.98,164.55,932.43,296.33,0,,
2022-001179,29/01/2022 11:19,S1045,C00353,P2058,Web,Financiamiento,Cyber Week,2,372.73,0.2,745.46,96.91,648.55,324.41,0,,
2022-001180,28/06/2022 07:48,S1021,C00573,P2052,Tienda,Billetera Digital,2x1,3,80.49,0.15,241.47,36.22,205.25,47.67,1,,
2022-001181,22/08/2022 08:34,S1021,C00027,P2151,Web,Billetera Digital,Promo 15%,1,233.86,0.05,233.86,35.08,198.78,116.51,0,,
2022-001182,22/12/2022 05:38,S1031,C00031,P2058,Web,Efectivo,Cyber Week,1,442.61,0.05,442.61,66.39,376.22,324.41,0,,
2022-001183,28/06/2022 19:09,S1024,C00548,P2094,Web,Billetera Digital,Promo 10%,1,700.79,0.0,700.79,105.12,595.67,392.99,0,,
2022-001184,04/12/2022 14:07,S1015,C00182,P2113,Tienda,Transferencia,Cyber Week,2,253.0,0.15,506.0,60.72,445.28,139.53,0,,
2022-001185,04/05/2022 09:57,S1041,C00601,P2070,Tienda,Financiamiento,Black Friday,2,491.83,0.2,983.66,127.88,855.78,281.04,0,,
2022-001186,14/08/2022 01:12,S1001,C00206,P2012,Marketplace,Billetera Digital,Cyber Week,2,788.33,0.0,1576.66,204.97,1371.69,363.05,0,,
2022-001187,02/09/2022 08:20,S1043,C00359,P2006,Web,Tarjeta,Cyber Week,3,381.91,0.05,1145.73,148.94,996.79,287.52,0,,
2022-001188,18/07/2022 04:57,S1018,C00409,P2056,Web,Transferencia,Promo 15%,1,842.59,0.05,842.59,101.11,741.48,417.23,0,,
2022-001189,04/06/2022 14:35,S1016,C00010,P2101,Call Center,Tarjeta,Sin Promo,1,302.88,0.1,302.88,36.35,266.53,262.94,0,,
2022-001190,06/12/2022 22:52,S1030,C00583,P2132,Call Center,Tarjeta,Promo 10%,2,321.61,0.0,643.22,96.48,546.74,220.13,0,,
2022-001191,02/05/2022 09:07,S1004,C00172,P2143,Tienda,Billetera Digital,2x1,2,166.67,0.05,333.34,43.33,290.01,101.86,0,,
2022-001192,26/10/2022 05:29,S1001,C00281,P2057,Tienda,Transferencia,Sin Promo,1,419.8,0.0,419.8,54.57,365.23,314.68,0,,
2022-001193,30/03/2022 14:10,S1006,C00698,P2119,Tienda,Tarjeta,Sin Promo,6,763.08,0.0,4578.48,595.2,3983.28,363.73,1,,
2022-001194,29/01/2022 03:01,S1030,C00140,P2113,Tienda,Financiamiento,Sin Promo,3,282.77,0.05,848.31,127.25,721.06,139.53,0,,
2022-001195,24/08/2022 07:00,S1017,C00479,P2123,Marketplace,Billetera Digital,Cyber Week,2,140.09,0.2,280.18,33.62,246.56,112.82,0,,
2022-001196,11/02/2022 05:04,S1018,C00461,P2074,Web,Tarjeta,Sin Promo,5,225.02,0.2,1125.1,135.01,990.09,138.92,1,,
2022-001197,12/10/2022 18:38,S1045,C00245,P2038,Web,Billetera Digital,Promo 15%,1,111.96,0.2,111.96,14.55,97.41,104.22,1,,
2022-001198,12/07/2022 20:51,S1024,C00070,P2160,Call Center,Financiamiento,Promo 10%,2,649.78,0.2,1299.56,194.93,1104.63,418.28,0,,
2022-001199,12/12/2022 07:56,S1007,C00247,P2102,Marketplace,Billetera Digital,Sin Promo,1,500.87,0.0,500.87,65.11,435.76,270.07,0,,
2022-001200,13/12/2022 16:58,S1045,C00322,P2042,Call Center,Transferencia,Promo 15%,5,401.39,0.0,2006.95,260.9,1746.05,233.31,1,,
2022-001201,03/08/2022 02:33,S1042,C00530,P2146,Tienda,Billetera Digital,Black Friday,2,311.26,0.0,622.52,80.93,541.59,242.22,0,,
2022-001202,13/03/2022 00:45,S1035,C00497,P2027,Tienda,Billetera Digital,Cyber Week,1,265.38,0.2,265.38,39.81,225.57,230.42,0,,
2022-001203,28/05/2022 04:25,S1005,C00416,P2072,Web,Tarjeta,Promo 10%,2,604.62,0.0,1209.24,157.2,1052.04,420.23,0,,
2022-001204,31/07/2022 09:31,S1002,C00573,P2096,Call Center,Billetera Digital,Promo 10%,3,540.6,0.15,1621.8,210.83,1410.97,369.96,0,,
2022-001205,17/09/2022 06:53,S1041,C00129,P2102,Tienda,Financiamiento,2x1,1,425.74,0.15,425.74,55.35,370.39,270.07,0,,
2022-001206,21/05/2022 00:32,S1023,C00198,P2022,Web,Billetera Digital,Cyber Week,3,449.93,0.0,1349.79,202.47,1147.32,325.44,0,,
2022-001207,20/10/2022 08:18,S1017,C00228,P2146,Web,Billetera Digital,Promo 10%,2,311.26,0.0,622.52,74.7,547.82,242.22,1,,
2022-001208,25/07/2022 16:32,S1024,C00257,P2152,Call Center,Billetera Digital,Promo 10%,4,499.51,0.0,1998.04,299.71,1698.33,338.06,0,,
2022-001209,26/10/2022 09:28,S1002,C00067,P2020,Marketplace,Efectivo,Promo 10%,2,44.42,0.1,88.84,11.55,77.29,32.33,0,,
2022-001210,05/04/2022 22:23,S1005,C00583,P2144,Marketplace,Transferencia,Cyber Week,1,272.5,0.0,272.5,35.43,237.07,177.43,0,,
2022-001211,23/05/2022 09:02,S1028,C00590,P2049,Call Center,Billetera Digital,2x1,3,134.53,0.15,403.59,60.54,343.05,89.45,0,,
2022-001212,27/02/2022 04:13,S1042,C00002,P2128,Web,Efectivo,Sin Promo,1,445.91,0.2,445.91,57.97,387.94,269.57,0,,
2022-001213,12/05/2022 00:53,S1033,C00508,P2025,Tienda,Transferencia,Black Friday,2,597.84,0.1,1195.68,179.35,1016.33,394.63,0,,
2022-001214,03/09/2022 03:06,S1013,C00541,P2059,Marketplace,Billetera Digital,Cyber Week,3,130.71,0.0,392.13,47.06,345.07,101.09,1,,
2022-001215,22/12/2022 02:01,S1025,C00217,P2086,Web,Financiamiento,Black Friday,3,103.74,0.05,311.22,46.68,264.54,70.05,0,,
2022-001216,09/11/2022 01:53,S1026,C00148,P2052,Tienda,Efectivo,Sin Promo,1,94.69,0.0,94.69,14.2,80.49,47.67,1,,
2022-001217,17/05/2022 14:12,S1042,C00708,P2114,Web,Tarjeta,2x1,5,526.3,0.05,2631.5,342.1,2289.4,274.57,0,,
2022-001218,23/07/2022 14:23,S1031,C00560,P2098,Web,Efectivo,Promo 15%,3,645.08,0.0,1935.24,290.29,1644.95,389.5,0,,
2022-001219,02/06/2022 02:38,S1021,C00103,P2073,Web,Billetera Digital,Promo 15%,2,164.56,0.0,329.12,49.37,279.75,131.1,0,,
2022-001220,03/12/2022 22:32,S1040,C00781,P2064,Call Center,Efectivo,Cyber Week,2,86.74,0.05,173.48,22.55,150.93,57.47,0,,
2022-001221,20/10/2022 07:07,S1041,C00443,P2152,Call Center,Billetera Digital,Promo 15%,2,499.51,0.0,999.02,129.87,869.15,338.06,0,,
2022-001222,04/02/2022 20:32,S1006,C00112,P2158,Web,Transferencia,Cyber Week,5,433.91,0.2,2169.55,282.04,1887.51,274.83,0,,
2022-001223,18/05/2022 03:06,S1006,C00403,P2130,Web,Financiamiento,2x1,1,666.23,0.05,666.23,86.61,579.62,404.15,0,,
2022-001224,22/04/2022 19:12,S1021,C00580,P2088,Call Center,Financiamiento,2x1,2,571.92,0.0,1143.84,171.58,972.26,308.2,0,Revisar,
2022-001225,22/02/2022 05:50,S1028,C00024,P2122,Marketplace,Efectivo,Promo 10%,1,613.46,0.1,613.46,92.02,521.44,324.38,0,,
2022-001226,16/01/2022 00:31,S1041,C00236,P2081,Call Center,Efectivo,Sin Promo,2,399.31,0.0,798.62,103.82,694.8,192.91,1,,
2022-001227,18/09/2022 05:19,S1037,C00545,P2083,Marketplace,Billetera Digital,Promo 10%,2,523.42,0.0,1046.84,136.09,910.75,334.59,0,,
2022-001228,27/08/2022 08:07,S1030,C00776,P2120,Web,Tarjeta,Sin Promo,5,159.6,0.2,798.0,119.7,678.3,113.2,0,,
2022-001229,16/12/2022 18:59,S1040,C00526,P2033,Web,Financiamiento,Promo 10%,2,80.36,0.0,160.72,20.89,139.83,61.26,1,,
2022-001230,07/08/2022 12:51,S1030,C00175,P2122,Marketplace,Efectivo,Promo 10%,3,681.62,0.0,2044.86,306.73,1738.13,324.38,0,,
2022-001231,30/08/2022 04:52,S1045,C00033,P2096,Call Center,Tarjeta,Black Friday,1,572.4,0.1,572.4,74.41,497.99,369.96,0,,
2022-001232,12/03/2022 19:50,S1035,C00101,P2075,Tienda,Financiamiento,Cyber Week,2,464.04,0.2,928.08,139.21,788.87,301.87,1,,
2022-001233,24/03/2022 17:50,S1013,C00484,P2152,Web,Financiamiento,Promo 15%,2,474.53,0.05,949.06,113.89,835.17,338.06,0,,
2022-001234,22/03/2022 22:44,S1005,C00278,P2096,Marketplace,Transferencia,Sin Promo,3,636.0,0.0,1908.0,248.04,1659.96,369.96,1,,
2022-001235,30/12/2022 00:42,S1022,C00488,P2126,Tienda,Tarjeta,Black Friday,1,684.14,0.0,684.14,102.62,581.52,413.19,0,,
2022-001236,13/11/2022 11:03,S1041,C00352,P2054,Marketplace,Efectivo,Promo 10%,2,370.62,0.2,741.24,96.36,644.88,220.6,0,,
2022-001237,30/03/2022 07:34,S1027,C00703,P2109,Web,Financiamiento,Sin Promo,2,208.28,0.0,416.56,62.48,354.08,141.94,0,,
2022-001238,10/03/2022 04:41,S1039,C00105,P2005,Web,Billetera Digital,Promo 10%,1,545.93,0.0,545.93,70.97,474.96,390.45,0,,
2022-001239,28/12/2022 06:55,S1024,C00721,P2087,Web,Transferencia,Promo 10%,2,275.21,0.15,550.42,82.56,467.86,166.63,0,,
2022-001240,19/06/2022 07:27,S1014,C00325,P2050,Web,Billetera Digital,Sin Promo,2,260.25,0.05,520.5,62.46,458.04,192.16,0,,
2022-001241,27/02/2022 15:07,S1043,C00457,P2100,Tienda,Financiamiento,2x1,3,571.97,0.0,1715.91,223.07,1492.84,422.9,0,,
2022-001242,17/07/2022 20:19,S1036,C00261,P2140,Marketplace,Tarjeta,Promo 10%,2,12.25,0.15,24.5,3.67,20.83,6.63,0,,
2022-001243,01/01/2022 09:15,S1011,C00157,P2131,Tienda,Tarjeta,2x1,1,196.93,0.0,196.93,23.63,173.3,119.6,0,,
2022-001244,12/08/2022 14:14,S1031,C00687,P2147,Tienda,Tarjeta,Cyber Week,1,520.77,0.05,520.77,78.12,442.65,299.7,0,,
2022-001245,28/05/2022 10:33,S1014,C00294,P2058,Tienda,Tarjeta,Promo 15%,3,465.91,0.0,1397.73,167.73,1230.0,324.41,1,,
2022-001246,02/12/2022 03:27,S1009,C00264,P2075,Web,Billetera Digital,2x1,2,580.05,0.0,1160.1,150.81,1009.29,301.87,1,,
2022-001247,29/03/2022 18:46,S1005,C00287,P2114,Marketplace,Tarjeta,Sin Promo,1,554.0,0.0,554.0,72.02,481.98,274.57,0,,
2022-001248,04/01/2022 11:34,S1028,C00698,P2134,Call Center,Billetera Digital,Black Friday,3,205.33,0.15,615.99,92.4,523.59,153.79,1,,
2022-001249,01/08/2022 03:35,S1016,C00614,P2085,Web,Tarjeta,Promo 15%,3,24.82,0.2,74.46,8.94,65.52,20.07,0,,
2022-001250,29/12/2022 12:03,S1039,C00285,P2145,Web,Efectivo,Promo 10%,1,100.31,0.15,100.31,13.04,87.27,77.61,1,,
2022-001251,10/10/2022 01:44,S1045,C00246,P2059,Web,Financiamiento,Cyber Week,1,104.57,0.2,104.57,13.59,90.98,101.09,0,,
2022-001252,22/11/2022 11:04,S1027,C00135,P2038,Tienda,Transferencia,2x1,1,139.95,0.0,139.95,20.99,118.96,104.22,0,,
2022-001253,31/03/2022 12:22,S1018,C00601,P2116,Web,Billetera Digital,Promo 15%,3,632.31,0.15,1896.93,227.63,1669.3,358.01,0,,
2022-001254,24/02/2022 03:09,S1005,C00784,P2063,Web,Transferencia,Promo 15%,1,70.41,0.0,70.41,9.15,61.26,34.56,0,,
2022-001255,18/12/2022 15:51,S1038,C00162,P2026,Call Center,Billetera Digital,Black Friday,3,436.92,0.05,1310.76,170.4,1140.36,230.43,0,,
2022-001256,01/04/2022 14:37,S1045,C00653,P2126,Call Center,Transferencia,Black Friday,1,684.14,0.0,684.14,88.94,595.2,413.19,0,,
2022-001257,10/01/2022 08:39,S1043,C00610,P2157,Tienda,Billetera Digital,2x1,1,223.38,0.0,223.38,29.04,194.34,118.28,0,,
2022-001258,06/10/2022 15:43,S1022,C00788,P2033,Marketplace,Efectivo,Promo 10%,1,64.29,0.2,64.29,9.64,54.65,61.26,0,,
2022-001259,23/04/2022 13:23,S1011,C00274,P2127,Marketplace,Transferencia,Black Friday,5,732.66,0.0,3663.3,439.6,3223.7,361.43,0,,
2022-001260,24/01/2022 11:52,S1036,C00706,P2081,Call Center,Financiamiento,Promo 15%,3,399.31,0.0,1197.93,179.69,1018.24,192.91,0,,
2022-001261,11/09/2022 21:49,S1004,C00552,P2110,Tienda,Tarjeta,Cyber Week,2,333.38,0.2,666.76,86.68,580.08,314.95,0,,
2022-001262,18/08/2022 21:34,S1028,C00759,P2046,Tienda,Transferencia,Promo 15%,3,362.57,0.0,1087.71,163.16,924.55,192.92,0,,
2022-001263,30/07/2022 05:11,S1030,C00798,P2139,Marketplace,Tarjeta,Sin Promo,2,20.28,0.0,40.56,6.08,34.48,12.71,0,,
2022-001264,01/01/2022 20:00,S1001,C00538,P2107,Marketplace,Billetera Digital,Black Friday,2,257.6,0.2,515.2,66.98,448.22,196.36,0,,
2022-001265,20/01/2022 03:58,S1029,C00500,P2145,Web,Efectivo,Sin Promo,4,100.31,0.15,401.24,60.19,341.05,77.61,0,,
2022-001266,14/04/2022 13:47,S1036,C00742,P2110,Call Center,Tarjeta,Sin Promo,3,375.05,0.1,1125.15,168.77,956.38,314.95,0,,
2022-001267,11/04/2022 09:54,S1036,C00378,P2121,Tienda,Efectivo,Cyber Week,2,355.11,0.15,710.22,106.53,603.69,207.12,0,,
2022-001268,22/11/2022 21:02,S1035,C00131,P2042,Web,Tarjeta,Cyber Week,4,361.25,0.1,1445.0,216.75,1228.25,233.31,0,,
2022-001269,24/05/2022 14:12,S1032,C00701,P2146,Tienda,Efectivo,Cyber Week,4,264.57,0.15,1058.28,158.74,899.54,242.22,0,,
2022-001270,06/11/2022 23:16,S1011,C00378,P2022,Web,Financiamiento,Sin Promo,2,359.94,0.2,719.88,86.39,633.49,325.44,1,,
2022-001271,18/06/2022 14:20,S1030,C00783,P2027,Web,Efectivo,Black Friday,5,265.38,0.2,1326.9,199.03,1127.87,230.42,1,,
2022-001272,06/09/2022 19:41,S1043,C00098,P2060,Marketplace,Efectivo,Black Friday,4,325.76,0.15,1303.04,169.4,1133.64,245.82,0,,
2022-001273,26/11/2022 20:25,S1015,C00438,P2034,Call Center,Billetera Digital,Cyber Week,4,236.66,0.1,946.64,113.6,833.04,122.22,0,,
2022-001274,07/10/2022 09:24,S1027,C00018,P2034,Call Center,Financiamiento,Cyber Week,3,236.66,0.1,709.98,106.5,603.48,122.22,0,,
2022-001275,27/01/2022 20:41,S1023,C00703,P2075,Call Center,Efectivo,2x1,1,580.05,0.0,580.05,87.01,493.04,301.87,0,,
2022-001276,26/05/2022 22:24,S1022,C00750,P2081,Marketplace,Transferencia,Promo 15%,2,359.38,0.1,718.76,107.81,610.95,192.91,0,,
2022-001277,17/12/2022 23:23,S1002,C00062,P2007,Marketplace,Transferencia,Sin Promo,2,169.62,0.2,339.24,44.1,295.14,162.45,0,,
2022-001278,20/08/2022 14:40,S1014,C00252,P2059,Web,Financiamiento,Promo 10%,2,104.57,0.2,209.14,25.1,184.04,101.09,0,,
2022-001279,24/11/2022 12:30,S1006,C00402,P2023,Marketplace,Financiamiento,Promo 15%,1,529.75,0.0,529.75,68.87,460.88,346.8,0,Revisar,
2022-001280,25/02/2022 14:14,S1008,C00019,P2082,Marketplace,Efectivo,Promo 15%,1,225.14,0.2,225.14,29.27,195.87,152.77,0,,
2022-001281,30/11/2022 18:45,S1023,C00606,P2140,Marketplace,Billetera Digital,Cyber Week,1,12.97,0.1,12.97,1.95,11.02,6.63,0,,
2022-001282,25/08/2022 22:03,S1032,C00766,P2005,Call Center,Transferencia,Black Friday,3,491.34,0.1,1474.02,221.1,1252.92,390.45,0,,
2022-001283,19/08/2022 18:28,S1040,C00395,P2146,Call Center,Transferencia,2x1,3,264.57,0.15,793.71,103.18,690.53,242.22,1,,
2022-001284,10/10/2022 02:37,S1019,C00609,P2125,Marketplace,Efectivo,Promo 15%,1,310.19,0.1,310.19,46.53,263.66,235.01,1,,
2022-001285,20/01/2022 17:47,S1034,C00473,P2074,Web,Tarjeta,2x1,3,239.08,0.15,717.24,107.59,609.65,138.92,1,,
2022-001286,10/12/2022 03:33,S1016,C00642,P2099,Call Center,Financiamiento,2x1,3,235.66,0.2,706.98,84.84,622.14,231.19,0,,
2022-001287,18/12/2022 23:11,S1024,C00694,P2130,Tienda,Tarjeta,2x1,4,701.29,0.0,2805.16,420.77,2384.39,404.15,0,Revisar,
2022-001288,01/10/2022 07:56,S1045,C00420,P2097,Web,Efectivo,Promo 10%,1,521.13,0.0,521.13,67.75,453.38,298.37,1,,
2022-001289,31/12/2022 18:14,S1005,C00719,P2079,Web,Efectivo,2x1,1,249.59,0.0,249.59,32.45,217.14,156.92,0,,
2022-001290,28/10/2022 21:59,S1010,C00306,P2132,Marketplace,Tarjeta,Cyber Week,1,289.45,0.1,289.45,34.73,254.72,220.13,0,,
2022-001291,25/04/2022 03:10,S1019,C00172,P2155,Call Center,Transferencia,Promo 10%,3,157.33,0.0,471.99,70.8,401.19,71.96,0,,
2022-001292,23/08/2022 08:39,S1028,C00368,P2153,Marketplace,Tarjeta,Promo 15%,1,346.72,0.15,346.72,52.01,294.71,293.96,0,,
2022-001293,19/08/2022 05:40,S1007,C00282,P2036,Tienda,Efectivo,Promo 10%,1,245.34,0.15,245.34,31.89,213.45,143.03,0,,
2022-001294,06/05/2022 09:45,S1043,C00654,P2159,Marketplace,Financiamiento,Black Friday,2,640.88,0.0,1281.76,166.63,1115.13,434.27,0,,
2022-001295,18/01/2022 21:18,S1037,C00631,P2120,Marketplace,Transferencia,Promo 15%,1,199.5,0.0,199.5,25.94,173.56,113.2,1,,
2022-001296,20/08/2022 01:31,S1012,C00433,P2003,Tienda,Tarjeta,2x1,4,508.72,0.0,2034.88,244.19,1790.69,261.5,0,,
2022-001297,29/08/2022 09:09,S1003,C00659,P2139,Marketplace,Transferencia,Promo 15%,1,19.27,0.05,19.27,2.51,16.76,12.71,0,,
2022-001298,21/05/2022 17:06,S1004,C00629,P2001,Web,Tarjeta,Black Friday,3,95.82,0.0,287.46,37.37,250.09,59.67,0,,
2022-001299,08/05/2022 21:44,S1044,C00218,P2077,Web,Financiamiento,Cyber Week,1,675.49,0.15,675.49,87.81,587.68,400.81,1,,
2022-001300,08/01/2022 15:14,S1018,C00206,P2021,Call Center,Tarjeta,Promo 10%,1,417.5,0.05,417.5,50.1,367.4,239.98,0,,
2022-001301,18/03/2022 19:41,S1039,C00602,P2074,Tienda,Transferencia,2x1,2,239.08,0.15,478.16,62.16,416.0,138.92,0,,
2022-001302,26/05/2022 15:15,S1021,C00593,P2130,Web,Tarjeta,Promo 15%,2,701.29,0.0,1402.58,210.39,1192.19,404.15,0,,
2022-001303,09/07/2022 11:47,S1038,C00440,P2030,Marketplace,Tarjeta,Promo 10%,3,541.44,0.0,1624.32,211.16,1413.16,418.38,0,,
2022-001304,19/04/2022 12:07,S1040,C00131,P2086,Call Center,Financiamiento,Black Friday,2,103.74,0.05,207.48,26.97,180.51,70.05,0,,
2022-001305,11/12/2022 11:20,S1022,C00397,P2120,Web,Efectivo,2x1,4,199.5,0.0,798.0,119.7,678.3,113.2,0,,
2022-001306,09/04/2022 20:59,S1018,C00020,P2022,Marketplace,Financiamiento,Sin Promo,3,449.93,0.0,1349.79,161.97,1187.82,325.44,0,,
2022-001307,24/09/2022 06:28,S1004,C00142,P2017,Web,Financiamiento,Black Friday,2,224.24,0.2,448.48,58.3,390.18,182.13,0,,
2022-001308,05/12/2022 05:10,S1043,C00587,P2107,Tienda,Efectivo,Cyber Week,5,305.9,0.05,1529.5,198.84,1330.66,196.36,0,,
2022-001309,18/03/2022 02:15,S1019,C00302,P2013,Marketplace,Tarjeta,2x1,2,200.2,0.0,400.4,60.06,340.34,98.1,0,,
2022-001310,23/08/2022 22:02,S1007,C00110,P2108,Call Center,Tarjeta,Cyber Week,1,240.87,0.15,240.87,31.31,209.56,144.01,0,,
2022-001311,24/06/2022 03:55,S1041,C00490,P2010,Web,Billetera Digital,Promo 10%,1,404.09,0.0,404.09,52.53,351.56,210.17,0,,
2022-001312,08/06/2022 22:16,S1034,C00033,P2038,Call Center,Efectivo,Sin Promo,1,132.95,0.05,132.95,19.94,113.01,104.22,0,,
2022-001313,04/04/2022 02:41,S1011,C00261,P2091,Web,Efectivo,Black Friday,2,541.5,0.0,1083.0,129.96,953.04,397.11,1,,
2022-001314,22/11/2022 02:38,S1031,C00712,P2041,Call Center,Billetera Digital,Promo 10%,3,46.52,0.0,139.56,20.93,118.63,34.06,0,,
2022-001315,02/01/2022 12:16,S1028,C00531,P2029,Tienda,Efectivo,Promo 10%,1,466.92,0.05,466.92,70.04,396.88,271.13,0,,
2022-001316,22/01/2022 02:01,S1015,C00170,P2140,Web,Billetera Digital,Promo 10%,4,14.41,0.0,57.64,6.92,50.72,6.63,1,,
2022-001317,26/08/2022 16:10,S1042,C00133,P2014,Call Center,Tarjeta,Promo 15%,3,430.19,0.0,1290.57,167.77,1122.8,296.33,0,,
2022-001318,14/11/2022 20:22,S1034,C00581,P2137,Call Center,Efectivo,Black Friday,1,364.43,0.15,364.43,54.66,309.77,246.0,0,,
2022-001319,01/02/2022 14:34,S1036,C00381,P2077,Tienda,Tarjeta,Promo 10%,1,794.69,0.0,794.69,119.2,675.49,400.81,0,,
2022-001320,23/10/2022 20:08,S1022,C00407,P2002,Marketplace,Financiamiento,Cyber Week,1,290.16,0.0,290.16,43.52,246.64,134.76,0,,
2022-001321,07/07/2022 18:19,S1034,C00378,P2077,Marketplace,Financiamiento,2x1,2,794.69,0.0,1589.38,238.41,1350.97,400.81,0,,
2022-001322,18/10/2022 15:10,S1035,C00617,P2094,Tienda,Financiamiento,Promo 15%,3,560.63,0.2,1681.89,252.28,1429.61,392.99,0,,
2022-001323,21/03/2022 22:51,S1025,C00120,P2088,Marketplace,Efectivo,Promo 15%,1,457.54,0.2,457.54,68.63,388.91,308.2,0,,
2022-001324,22/04/2022 16:29,S1017,C00356,P2011,Marketplace,Financiamiento,2x1,2,333.81,0.15,667.62,80.11,587.51,309.34,0,,
2022-001325,02/10/2022 09:29,S1014,C00364,P2049,Marketplace,Financiamiento,Promo 15%,1,158.27,0.0,158.27,18.99,139.28,89.45,0,,
2022-001326,28/08/2022 16:40,S1007,C00242,P2002,Call Center,Tarjeta,Promo 10%,3,290.16,0.0,870.48,113.16,757.32,134.76,0,,
2022-001327,21/09/2022 18:12,S1015,C00550,P2102,Marketplace,Efectivo,2x1,2,500.87,0.0,1001.74,120.21,881.53,270.07,0,,
2022-001328,01/02/2022 21:47,S1041,C00534,P2065,Web,Financiamiento,Cyber Week,1,326.63,0.2,326.63,42.46,284.17,269.16,1,,
2022-001329,06/02/2022 23:26,S1024,C00272,P2030,Tienda,Financiamiento,Sin Promo,3,541.44,0.0,1624.32,243.65,1380.67,418.38,0,,
2022-001330,24/06/2022 07:07,S1009,C00424,P2122,Call Center,Tarjeta,Promo 15%,4,681.62,0.0,2726.48,354.44,2372.04,324.38,0,,
2022-001331,23/07/2022 19:45,S1012,C00682,P2146,Web,Tarjeta,Cyber Week,2,249.01,0.2,498.02,59.76,438.26,242.22,1,,
2022-001332,25/07/2022 13:45,S1045,C00650,P2103,Marketplace,Tarjeta,Promo 10%,1,403.65,0.05,403.65,52.47,351.18,274.37,0,,
2022-001333,26/10/2022 19:04,S1018,C00020,P2081,Web,Transferencia,Promo 10%,1,399.31,0.0,399.31,47.92,351.39,192.91,0,,
2022-001334,17/12/2022 13:08,S1022,C00281,P2047,Marketplace,Tarjeta,2x1,1,456.79,0.0,456.79,68.52,388.27,295.44,0,,
2022-001335,13/02/2022 21:00,S1042,C00494,P2056,Marketplace,Billetera Digital,Sin Promo,2,798.25,0.1,1596.5,207.55,1388.95,417.23,0,,
2022-001336,14/08/2022 00:06,S1025,C00039,P2110,Call Center,Tarjeta,Cyber Week,5,416.72,0.0,2083.6,312.54,1771.06,314.95,0,,
2022-001337,17/12/2022 14:34,S1005,C00158,P2059,Marketplace,Efectivo,Sin Promo,2,130.71,0.0,261.42,33.98,227.44,101.09,0,,
2022-001338,28/08/2022 23:37,S1012,C00058,P2086,Call Center,Transferencia,Sin Promo,1,109.2,0.0,109.2,13.1,96.1,70.05,0,,
2022-001339,26/04/2022 08:11,S1020,C00600,P2107,Marketplace,Financiamiento,Black Friday,2,289.8,0.1,579.6,86.94,492.66,196.36,0,,
2022-001340,20/08/2022 05:31,S1006,C00425,P2017,Call Center,Tarjeta,Cyber Week,2,280.3,0.0,560.6,72.88,487.72,182.13,0,,
2022-001341,17/06/2022 02:27,S1034,C00347,P2042,Tienda,Tarjeta,Cyber Week,1,321.11,0.2,321.11,48.17,272.94,233.31,0,Revisar,
2022-001342,27/01/2022 03:51,S1035,C00436,P2032,Marketplace,Tarjeta,Cyber Week,2,396.58,0.15,793.16,118.97,674.19,330.43,0,Revisar,
2022-001343,07/01/2022 13:33,S1037,C00557,P2059,Marketplace,Billetera Digital,2x1,1,130.71,0.0,130.71,16.99,113.72,101.09,0,,
2022-001344,18/12/2022 22:49,S1030,C00447,P2151,Web,Tarjeta,Sin Promo,1,209.24,0.15,209.24,31.39,177.85,116.51,0,,
2022-001345,12/12/2022 06:16,S1035,C00242,P2060,Marketplace,Billetera Digital,Black Friday,2,364.09,0.05,728.18,109.23,618.95,245.82,0,,
2022-001346,18/05/2022 23:36,S1043,C00106,P2028,Marketplace,Efectivo,Black Friday,2,508.46,0.15,1016.92,132.2,884.72,344.08,0,,
2022-001347,14/06/2022 21:39,S1045,C00427,P2149,Marketplace,Transferencia,Promo 10%,4,213.57,0.05,854.28,111.06,743.22,173.08,0,,
2022-001348,19/03/2022 13:57,S1009,C00497,P2042,Marketplace,Efectivo,Sin Promo,2,341.18,0.15,682.36,88.71,593.65,233.31,0,,
2022-001349,12/02/2022 14:43,S1041,C00158,P2104,Web,Financiamiento,Promo 15%,1,702.23,0.0,702.23,91.29,610.94,405.18,0,,
2022-001350,15/12/2022 13:20,S1045,C00721,P2151,Web,Financiamiento,Black Friday,1,246.17,0.0,246.17,32.0,214.17,116.51,0,,
2022-001351,16/08/2022 15:25,S1042,C00024,P2063,Call Center,Financiamiento,Black Friday,3,66.89,0.05,200.67,26.09,174.58,34.56,0,,
2022-001352,13/12/2022 13:42,S1012,C00526,P2006,Marketplace,Transferencia,2x1,3,402.01,0.0,1206.03,144.72,1061.31,287.52,0,,
2022-001353,23/08/2022 10:57,S1007,C00564,P2047,Marketplace,Billetera Digital,Promo 15%,2,456.79,0.0,913.58,118.77,794.81,295.44,0,,
2022-001354,20/07/2022 18:47,S1004,C00472,P2080,Marketplace,Billetera Digital,Black Friday,2,301.79,0.0,603.58,78.47,525.11,221.89,0,,
2022-001355,21/09/2022 02:07,S1022,C00587,P2067,Marketplace,Billetera Digital,2x1,1,465.96,0.2,465.96,69.89,396.07,420.88,0,,
2022-001356,26/05/2022 01:38,S1003,C00345,P2030,Marketplace,Transferencia,Promo 15%,2,514.37,0.05,1028.74,133.74,895.0,418.38,0,,
2022-001357,17/10/2022 22:28,S1012,C00566,P2083,Web,Efectivo,Promo 15%,2,497.25,0.05,994.5,119.34,875.16,334.59,0,,
2022-001358,05/05/2022 11:33,S1030,C00307,P2024,Tienda,Tarjeta,Sin Promo,1,300.46,0.05,300.46,45.07,255.39,197.91,0,,
2022-001359,21/12/2022 02:03,S1039,C00762,P2033,Marketplace,Tarjeta,Black Friday,4,72.32,0.1,289.28,37.61,251.67,61.26,0,,
2022-001360,30/07/2022 15:26,S1018,C00742,P2048,Marketplace,Billetera Digital,Promo 10%,4,288.14,0.1,1152.56,138.31,1014.25,183.57,0,,
2022-001361,09/02/2022 08:50,S1009,C00081,P2023,Call Center,Tarjeta,Black Friday,1,476.78,0.1,476.78,61.98,414.8,346.8,1,,
2022-001362,18/04/2022 01:54,S1020,C00018,P2011,Web,Transferencia,Cyber Week,3,373.08,0.05,1119.24,167.89,951.35,309.34,0,,
2022-001363,05/01/2022 01:27,S1010,C00050,P2037,Call Center,Transferencia,Promo 10%,4,623.8,0.0,2495.2,299.42,2195.78,405.23,0,,
2022-001364,12/11/2022 18:02,S1006,C00236,P2040,Tienda,Transferencia,Promo 15%,2,59.49,0.0,118.98,15.47,103.51,35.66,0,,
2022-001365,07/10/2022 05:58,S1012,C00652,P2052,Call Center,Billetera Digital,Sin Promo,3,85.22,0.1,255.66,30.68,224.98,47.67,1,,
2022-001366,09/11/2022 05:07,S1007,C00669,P2065,Marketplace,Financiamiento,Cyber Week,5,326.63,0.2,1633.15,212.31,1420.84,269.16,0,,
2022-001367,08/11/2022 19:39,S1038,C00773,P2116,Call Center,Tarjeta,Promo 15%,1,743.9,0.0,743.9,96.71,647.19,358.01,0,,
2022-001368,26/10/2022 09:01,S1038,C00660,P2049,Call Center,Billetera Digital,Promo 15%,5,158.27,0.0,791.35,102.88,688.47,89.45,1,,
2022-001369,31/08/2022 06:33,S1043,C00202,P2142,Tienda,Financiamiento,Promo 10%,1,469.2,0.05,469.2,61.0,408.2,331.65,0,,
2022-001370,22/06/2022 19:29,S1032,C00744,P2083,Marketplace,Efectivo,Black Friday,1,523.42,0.0,523.42,78.51,444.91,334.59,0,,
2022-001371,05/08/2022 16:14,S1020,C00239,P2039,Call Center,Billetera Digital,Black Friday,4,381.6,0.2,1526.4,228.96,1297.44,251.05,0,,
2022-001372,29/11/2022 22:31,S1009,C00654,P2019,Call Center,Financiamiento,Promo 15%,2,424.14,0.1,848.28,110.28,738.0,283.84,0,,
2022-001373,23/05/2022 11:59,S1020,C00078,P2009,Marketplace,Tarjeta,Promo 10%,2,496.86,0.05,993.72,149.06,844.66,287.2,0,,
2022-001374,03/01/2022 04:12,S1016,C00682,P2033,Web,Financiamiento,Sin Promo,4,80.36,0.0,321.44,38.57,282.87,61.26,1,Revisar,
2022-001375,18/06/2022 21:55,S1022,C00384,P2022,Call Center,Transferencia,Cyber Week,2,382.44,0.15,764.88,114.73,650.15,325.44,0,,
2022-001376,24/12/2022 21:10,S1039,C00679,P2065,Web,Billetera Digital,Black Friday,1,387.88,0.05,387.88,50.42,337.46,269.16,0,,
2022-001377,26/02/2022 05:34,S1036,C00500,P2097,Marketplace,Transferencia,2x1,3,416.9,0.2,1250.7,187.6,1063.1,298.37,0,Revisar,
2022-001378,05/05/2022 15:21,S1008,C00385,P2021,Marketplace,Financiamiento,Sin Promo,3,373.55,0.15,1120.65,145.68,974.97,239.98,0,,
2022-001379,04/07/2022 14:54,S1034,C00293,P2143,Web,Efectivo,Cyber Week,2,166.67,0.05,333.34,50.0,283.34,101.86,0,,
2022-001380,01/02/2022 16:56,S1012,C00146,P2056,Marketplace,Billetera Digital,Promo 15%,1,842.59,0.05,842.59,101.11,741.48,417.23,0,,
2022-001381,16/01/2022 11:30,S1043,C00765,P2077,Call Center,Tarjeta,Promo 10%,5,794.69,0.0,3973.45,516.55,3456.9,400.81,1,,
2022-001382,08/03/2022 16:21,S1021,C00738,P2015,Web,Efectivo,Sin Promo,2,173.77,0.0,347.54,52.13,295.41,122.14,0,,
2022-001383,14/08/2022 06:25,S1031,C00086,P2013,Call Center,Tarjeta,Black Friday,3,170.17,0.15,510.51,76.58,433.93,98.1,0,Revisar,
2022-001384,22/11/2022 23:37,S1032,C00124,P2035,Call Center,Transferencia,2x1,1,906.6,0.0,906.6,135.99,770.61,418.3,0,,
2022-001385,02/02/2022 03:49,S1015,C00617,P2119,Web,Billetera Digital,Cyber Week,1,763.08,0.0,763.08,91.57,671.51,363.73,0,,
2022-001386,09/09/2022 19:49,S1032,C00509,P2093,Call Center,Billetera Digital,Sin Promo,3,133.16,0.1,399.48,59.92,339.56,75.0,0,,
2022-001387,02/08/2022 02:49,S1037,C00363,P2064,Marketplace,Billetera Digital,Black Friday,1,91.31,0.0,91.31,11.87,79.44,57.47,0,,
2022-001388,20/09/2022 14:36,S1030,C00668,P2092,Call Center,Transferencia,Cyber Week,1,802.49,0.0,802.49,120.37,682.12,416.32,0,,
2022-001389,10/02/2022 19:02,S1002,C00410,P2035,Web,Transferencia,Promo 10%,5,906.6,0.0,4533.0,589.29,3943.71,418.3,0,,
2022-001390,29/03/2022 19:03,S1044,C00653,P2067,Call Center,Billetera Digital,Sin Promo,3,553.33,0.05,1659.99,215.8,1444.19,420.88,0,,
2022-001391,11/11/2022 09:55,S1009,C00105,P2036,Marketplace,Efectivo,Black Friday,1,245.34,0.15,245.34,31.89,213.45,143.03,0,,
2022-001392,22/03/2022 19:23,S1020,C00033,P2144,Tienda,Transferencia,Promo 10%,6,258.88,0.05,1553.28,232.99,1320.29,177.43,0,Revisar,
2022-001393,05/05/2022 02:53,S1016,C00555,P2120,Web,Billetera Digital,Black Friday,2,159.6,0.2,319.2,38.3,280.9,113.2,0,,
2022-001394,24/08/2022 03:19,S1027,C00617,P2144,Web,Efectivo,Cyber Week,3,218.0,0.2,654.0,98.1,555.9,177.43,0,,
2022-001395,09/01/2022 07:34,S1031,C00517,P2144,Call Center,Transferencia,Promo 10%,4,258.88,0.05,1035.52,155.33,880.19,177.43,0,,
2022-001396,04/09/2022 19:50,S1037,C00607,P2041,Marketplace,Efectivo,2x1,1,44.19,0.05,44.19,5.74,38.45,34.06,0,,
2022-001397,28/09/2022 16:50,S1022,C00068,P2054,Web,Efectivo,Sin Promo,3,463.28,0.0,1389.84,208.48,1181.36,220.6,0,,
2022-001398,05/09/2022 16:20,S1033,C00399,P2125,Marketplace,Financiamiento,Sin Promo,2,275.72,0.2,551.44,82.72,468.72,235.01,1,,
2022-001399,04/01/2022 14:48,S1045,C00544,P2109,Web,Efectivo,Promo 15%,1,187.45,0.1,187.45,24.37,163.08,141.94,1,,
2022-001400,21/11/2022 12:37,S1006,C00652,P2130,Marketplace,Financiamiento,Promo 10%,3,561.03,0.2,1683.09,218.8,1464.29,404.15,0,,
2022-001401,06/08/2022 06:18,S1041,C00162,P2057,Web,Financiamiento,2x1,1,356.83,0.15,356.83,46.39,310.44,314.68,1,,
2022-001402,19/01/2022 02:02,S1043,C00722,P2058,Marketplace,Billetera Digital,Promo 15%,1,465.91,0.0,465.91,60.57,405.34,324.41,1,,
2022-001403,27/10/2022 17:06,S1018,C00258,P2143,Call Center,Efectivo,Cyber Week,1,175.44,0.0,175.44,21.05,154.39,101.86,1,,
2022-001404,09/12/2022 04:36,S1043,C00690,P2147,Call Center,Tarjeta,Promo 15%,1,548.18,0.0,548.18,71.26,476.92,299.7,1,,
2022-001405,25/03/2022 09:16,S1015,C00697,P2129,Web,Transferencia,Promo 15%,1,429.21,0.15,429.21,51.51,377.7,401.84,0,,
2022-001406,29/05/2022 14:56,S1030,C00695,P2072,Web,Billetera Digital,2x1,2,513.93,0.15,1027.86,154.18,873.68,420.23,0,,
2022-001407,29/11/2022 01:24,S1036,C00544,P2155,Call Center,Financiamiento,Black Friday,1,157.33,0.0,157.33,23.6,133.73,71.96,0,,
2022-001408,05/02/2022 13:05,S1004,C00705,P2142,Marketplace,Financiamiento,Cyber Week,3,469.2,0.05,1407.6,182.99,1224.61,331.65,0,,
2022-001409,30/04/2022 19:12,S1016,C00058,P2146,Marketplace,Financiamiento,Black Friday,1,249.01,0.2,249.01,29.88,219.13,242.22,0,,
2022-001410,02/06/2022 10:08,S1007,C00444,P2057,Call Center,Financiamiento,Cyber Week,2,419.8,0.0,839.6,109.15,730.45,314.68,0,,
2022-001411,17/04/2022 06:49,S1042,C00674,P2053,Tienda,Efectivo,Promo 15%,3,841.05,0.1,2523.15,328.01,2195.14,436.17,0,,
2022-001412,05/11/2022 12:01,S1009,C00705,P2133,Call Center,Tarjeta,Sin Promo,1,49.96,0.05,49.96,6.49,43.47,38.56,1,,
2022-001413,05/08/2022 05:53,S1023,C00059,P2108,Marketplace,Transferencia,Black Friday,1,255.04,0.1,255.04,38.26,216.78,144.01,0,,
2022-001414,13/12/2022 10:09,S1025,C00291,P2031,Marketplace,Tarjeta,2x1,5,193.42,0.05,967.1,145.06,822.04,111.43,0,,
2022-001415,13/01/2022 23:09,S1028,C00526,P2076,Web,Tarjeta,Sin Promo,2,97.52,0.0,195.04,29.26,165.78,50.2,0,,
2022-001416,25/01/2022 08:12,S1039,C00072,P2123,Tienda,Tarjeta,Promo 10%,4,175.11,0.0,700.44,91.06,609.38,112.82,1,,
2022-001417,16/09/2022 18:09,S1035,C00406,P2018,Call Center,Efectivo,Black Friday,1,313.49,0.2,313.49,47.02,266.47,224.11,0,,
2022-001418,07/05/2022 12:57,S1014,C00685,P2053,Tienda,Transferencia,Black Friday,2,841.05,0.1,1682.1,201.85,1480.25,436.17,0,,
2022-001419,20/01/2022 19:41,S1010,C00448,P2123,Marketplace,Efectivo,Promo 10%,2,175.11,0.0,350.22,42.03,308.19,112.82,0,,
2022-001420,24/05/2022 07:11,S1027,C00576,P2100,Tienda,Efectivo,Cyber Week,1,543.37,0.05,543.37,81.51,461.86,422.9,1,,
2022-001421,19/08/2022 17:52,S1034,C00305,P2026,Call Center,Tarjeta,Promo 15%,1,367.94,0.2,367.94,55.19,312.75,230.43,0,,
2022-001422,07/07/2022 22:08,S1002,C00300,P2028,Marketplace,Financiamiento,Cyber Week,2,538.37,0.1,1076.74,139.98,936.76,344.08,0,,
2022-001423,08/12/2022 10:46,S1040,C00549,P2111,Marketplace,Billetera Digital,Promo 15%,1,277.51,0.05,277.51,36.08,241.43,191.52,0,,
2022-001424,19/10/2022 13:30,S1013,C00591,P2135,Marketplace,Transferencia,Cyber Week,5,152.93,0.0,764.65,91.76,672.89,71.27,0,,
2022-001425,19/12/2022 22:54,S1044,C00371,P2019,Tienda,Financiamiento,Sin Promo,1,424.14,0.1,424.14,55.14,369.0,283.84,0,,
2022-001426,21/09/2022 13:16,S1020,C00360,P2049,Marketplace,Tarjeta,Black Friday,4,126.62,0.2,506.48,75.97,430.51,89.45,0,,
2022-001427,16/11/2022 12:33,S1037,C00526,P2139,Marketplace,Efectivo,Cyber Week,5,17.24,0.15,86.2,11.21,74.99,12.71,1,,
2022-001428,07/07/2022 05:13,S1020,C00696,P2029,Call Center,Billetera Digital,Cyber Week,3,491.5,0.0,1474.5,221.17,1253.33,271.13,0,,
2022-001429,25/03/2022 02:42,S1007,C00068,P2058,Tienda,Tarjeta,Black Friday,1,465.91,0.0,465.91,60.57,405.34,324.41,1,,
2022-001430,30/12/2022 06:44,S1020,C00268,P2090,Marketplace,Financiamiento,Promo 15%,1,99.1,0.2,99.1,14.86,84.24,72.93,1,Revisar,
2022-001431,01/06/2022 11:38,S1040,C00021,P2138,Web,Tarjeta,Cyber Week,1,576.08,0.2,576.08,74.89,501.19,375.47,0,,
2022-001432,31/08/2022 22:57,S1022,C00089,P2041,Marketplace,Financiamiento,Promo 10%,1,41.87,0.1,41.87,6.28,35.59,34.06,0,,
2022-001433,20/09/2022 19:54,S1023,C00699,P2008,Web,Transferencia,Cyber Week,1,874.23,0.0,874.23,131.13,743.1,421.75,0,,
2022-001434,30/03/2022 03:20,S1020,C00543,P2002,Marketplace,Transferencia,Sin Promo,3,246.64,0.15,739.92,110.99,628.93,134.76,1,,
2022-001435,26/12/2022 06:17,S1040,C00534,P2152,Call Center,Efectivo,Promo 15%,2,399.61,0.2,799.22,103.9,695.32,338.06,1,,
2022-001436,12/01/2022 20:58,S1029,C00680,P2159,Tienda,Billetera Digital,Sin Promo,1,640.88,0.0,640.88,96.13,544.75,434.27,0,,
2022-001437,04/12/2022 05:59,S1045,C00457,P2072,Marketplace,Billetera Digital,Black Friday,1,544.16,0.1,544.16,70.74,473.42,420.23,0,,
2022-001438,29/12/2022 00:58,S1035,C00475,P2003,Call Center,Billetera Digital,Promo 15%,1,406.98,0.2,406.98,61.05,345.93,261.5,0,,
2022-001439,11/03/2022 23:51,S1038,C00633,P2010,Marketplace,Transferencia,2x1,1,404.09,0.0,404.09,52.53,351.56,210.17,0,,
2022-001440,14/02/2022 20:09,S1014,C00730,P2154,Tienda,Efectivo,Promo 15%,4,733.21,0.0,2932.84,351.94,2580.9,427.53,1,,
2022-001441,30/04/2022 09:32,S1021,C00463,P2157,Marketplace,Financiamiento,Sin Promo,3,189.87,0.15,569.61,85.44,484.17,118.28,0,,
2022-001442,20/04/2022 21:52,S1044,C00360,P2128,Call Center,Efectivo,2x1,3,501.65,0.1,1504.95,195.64,1309.31,269.57,0,,
2022-001443,07/10/2022 15:08,S1043,C00532,P2152,Web,Transferencia,Promo 10%,1,474.53,0.05,474.53,61.69,412.84,338.06,0,,
2022-001444,01/03/2022 05:29,S1027,C00760,P2150,Tienda,Efectivo,Black Friday,1,234.07,0.0,234.07,35.11,198.96,154.53,0,,
2022-001445,25/04/2022 01:26,S1009,C00580,P2143,Marketplace,Billetera Digital,Sin Promo,1,157.9,0.1,157.9,20.53,137.37,101.86,0,,
2022-001446,13/11/2022 19:08,S1014,C00362,P2142,Tienda,Billetera Digital,2x1,5,493.89,0.0,2469.45,296.33,2173.12,331.65,1,,
2022-001447,31/07/2022 10:59,S1013,C00451,P2072,Web,Tarjeta,Black Friday,3,604.62,0.0,1813.86,217.66,1596.2,420.23,0,,
2022-001448,13/12/2022 20:57,S1004,C00489,P2109,Web,Tarjeta,Cyber Week,4,208.28,0.0,833.12,108.31,724.81,141.94,0,,
2022-001449,09/04/2022 11:41,S1011,C00117,P2106,Web,Tarjeta,2x1,1,415.28,0.1,415.28,49.83,365.45,310.34,0,,
2022-001450,30/04/2022 15:41,S1021,C00233,P2126,Call Center,Financiamiento,Sin Promo,4,581.52,0.15,2326.08,348.91,1977.17,413.19,0,,
2022-001451,31/12/2022 02:31,S1017,C00254,P2082,Tienda,Efectivo,Cyber Week,4,281.42,0.0,1125.68,135.08,990.6,152.77,0,,
2022-001452,16/10/2022 03:21,S1022,C00307,P2146,Call Center,Transferencia,Sin Promo,2,280.13,0.1,560.26,84.04,476.22,242.22,0,,
2022-001453,16/01/2022 04:04,S1030,C00771,P2098,Web,Tarjeta,Promo 10%,1,645.08,0.0,645.08,96.76,548.32,389.5,0,,
2022-001454,15/05/2022 21:34,S1002,C00295,P2111,Call Center,Tarjeta,Promo 15%,1,292.12,0.0,292.12,37.98,254.14,191.52,0,,
2022-001455,01/09/2022 14:13,S1005,C00553,P2056,Call Center,Financiamiento,Promo 15%,1,709.55,0.2,709.55,92.24,617.31,417.23,1,,
2022-001456,20/03/2022 13:02,S1002,C00241,P2106,Call Center,Efectivo,Promo 10%,3,392.21,0.15,1176.63,152.96,1023.67,310.34,0,,
2022-001457,13/07/2022 07:36,S1003,C00422,P2071,Web,Financiamiento,Cyber Week,1,483.57,0.0,483.57,62.86,420.71,243.78,0,,
2022-001458,09/02/2022 03:22,S1030,C00668,P2084,Tienda,Transferencia,Cyber Week,2,8.71,0.2,17.42,2.61,14.81,8.31,0,,
2022-001459,16/01/2022 06:50,S1005,C00198,P2024,Call Center,Efectivo,Sin Promo,3,284.64,0.1,853.92,111.01,742.91,197.91,0,,
2022-001460,24/07/2022 16:48,S1017,C00670,P2116,Marketplace,Financiamiento,Black Friday,1,743.9,0.0,743.9,89.27,654.63,358.01,0,,
2022-001461,23/07/2022 22:00,S1034,C00309,P2090,Web,Efectivo,Promo 10%,1,105.3,0.15,105.3,15.79,89.51,72.93,1,,
2022-001462,25/08/2022 02:09,S1045,C00341,P2147,Marketplace,Billetera Digital,Sin Promo,1,548.18,0.0,548.18,71.26,476.92,299.7,0,,
2022-001463,24/10/2022 18:02,S1020,C00601,P2109,Marketplace,Tarjeta,Black Friday,4,208.28,0.0,833.12,124.97,708.15,141.94,0,,
2022-001464,12/04/2022 09:05,S1009,C00356,P2075,Web,Tarjeta,2x1,1,580.05,0.0,580.05,75.41,504.64,301.87,0,,
2022-001465,01/10/2022 17:52,S1018,C00491,P2137,Web,Billetera Digital,Cyber Week,1,364.43,0.15,364.43,43.73,320.7,246.0,0,,
2022-001466,05/05/2022 17:02,S1001,C00750,P2044,Tienda,Billetera Digital,2x1,1,385.97,0.15,385.97,50.18,335.79,214.81,0,,
2022-001467,14/03/2022 19:06,S1034,C00574,P2147,Web,Transferencia,Black Friday,4,548.18,0.0,2192.72,328.91,1863.81,299.7,0,,
2022-001468,21/05/2022 12:57,S1042,C00136,P2101,Tienda,Efectivo,Black Friday,1,269.22,0.2,269.22,35.0,234.22,262.94,0,,
2022-001469,22/10/2022 15:19,S1007,C00277,P2096,Marketplace,Billetera Digital,Promo 10%,3,636.0,0.0,1908.0,248.04,1659.96,369.96,0,,
2022-001470,08/08/2022 18:02,S1010,C00770,P2046,Call Center,Efectivo,2x1,2,362.57,0.0,725.14,87.02,638.12,192.92,0,Revisar,
2022-001471,22/11/2022 07:00,S1037,C00562,P2142,Tienda,Tarjeta,Promo 15%,1,493.89,0.0,493.89,64.21,429.68,331.65,1,,
2022-001472,01/05/2022 14:58,S1026,C00172,P2101,Marketplace,Financiamiento,2x1,1,336.53,0.0,336.53,50.48,286.05,262.94,0,,
2022-001473,22/09/2022 15:40,S1013,C00727,P2087,Marketplace,Tarjeta,2x1,3,275.21,0.15,825.63,99.08,726.55,166.63,0,,
2022-001474,09/09/2022 03:12,S1035,C00175,P2097,Web,Tarjeta,2x1,1,495.07,0.05,495.07,74.26,420.81,298.37,0,,
2022-001475,26/06/2022 06:08,S1012,C00204,P2059,Call Center,Tarjeta,Sin Promo,2,124.17,0.05,248.34,29.8,218.54,101.09,0,,
2022-001476,03/07/2022 18:41,S1004,C00094,P2080,Tienda,Tarjeta,Cyber Week,1,271.61,0.1,271.61,35.31,236.3,221.89,0,,
2022-001477,10/05/2022 02:53,S1006,C00515,P2092,Tienda,Transferencia,Cyber Week,1,802.49,0.0,802.49,104.32,698.17,416.32,0,,
2022-001478,26/12/2022 13:48,S1036,C00178,P2048,Call Center,Billetera Digital,2x1,4,320.16,0.0,1280.64,192.1,1088.54,183.57,0,,
2022-001479,22/02/2022 11:10,S1010,C00800,P2026,Web,Financiamiento,Sin Promo,1,459.92,0.0,459.92,55.19,404.73,230.43,0,,
2022-001480,22/09/2022 22:07,S1010,C00012,P2092,Tienda,Transferencia,Promo 15%,1,682.12,0.15,682.12,81.85,600.27,416.32,0,,
2022-001481,30/12/2022 22:57,S1036,C00405,P2097,Marketplace,Efectivo,Cyber Week,1,521.13,0.0,521.13,78.17,442.96,298.37,0,,
2022-001482,14/09/2022 08:59,S1025,C00238,P2138,Marketplace,Efectivo,2x1,1,576.08,0.2,576.08,86.41,489.67,375.47,0,,
2022-001483,15/02/2022 09:43,S1043,C00649,P2117,Marketplace,Transferencia,Cyber Week,3,84.2,0.0,252.6,32.84,219.76,41.82,1,,
2022-001484,11/06/2022 10:13,S1003,C00217,P2027,Marketplace,Financiamiento,2x1,6,265.38,0.2,1592.28,207.0,1385.28,230.42,0,,
2022-001485,05/01/2022 08:24,S1040,C00086,P2118,Tienda,Tarjeta,Black Friday,6,52.12,0.2,312.72,40.65,272.07,45.65,0,,
2022-001486,26/11/2022 05:00,S1024,C00258,P2007,Web,Efectivo,Black Friday,1,169.62,0.2,169.62,25.44,144.18,162.45,0,,
2022-001487,28/10/2022 17:10,S1016,C00217,P2158,Web,Tarjeta,Cyber Week,4,461.03,0.15,1844.12,221.29,1622.83,274.83,1,,
2022-001488,16/08/2022 07:33,S1002,C00634,P2065,Web,Billetera Digital,Promo 15%,1,367.46,0.1,367.46,47.77,319.69,269.16,1,,
2022-001489,29/01/2022 21:09,S1001,C00621,P2095,Call Center,Tarjeta,Black Friday,1,620.44,0.15,620.44,80.66,539.78,368.2,0,,
2022-001490,13/05/2022 01:04,S1044,C00529,P2109,Tienda,Financiamiento,Cyber Week,3,187.45,0.1,562.35,73.11,489.24,141.94,0,Revisar,
2022-001491,17/01/2022 19:47,S1027,C00621,P2075,Call Center,Transferencia,Sin Promo,1,580.05,0.0,580.05,87.01,493.04,301.87,0,,
2022-001492,21/05/2022 19:12,S1016,C00757,P2059,Marketplace,Efectivo,Cyber Week,2,117.64,0.1,235.28,28.23,207.05,101.09,0,,
2022-001493,26/08/2022 01:14,S1040,C00223,P2142,Web,Financiamiento,Black Friday,1,469.2,0.05,469.2,61.0,408.2,331.65,0,,
2022-001494,31/12/2022 20:59,S1002,C00048,P2055,Tienda,Transferencia,Promo 10%,1,119.65,0.15,119.65,15.55,104.1,77.43,0,,
2022-001495,01/07/2022 09:17,S1043,C00367,P2079,Call Center,Financiamiento,Black Friday,1,212.15,0.15,212.15,27.58,184.57,156.92,0,,
2022-001496,31/05/2022 05:01,S1014,C00194,P2063,Call Center,Transferencia,2x1,3,59.85,0.15,179.55,21.55,158.0,34.56,0,,
2022-001497,01/09/2022 12:28,S1024,C00543,P2050,Tienda,Tarjeta,2x1,1,273.95,0.0,273.95,41.09,232.86,192.16,1,,
2022-001498,04/02/2022 23:36,S1043,C00405,P2094,Marketplace,Transferencia,2x1,6,700.79,0.0,4204.74,546.62,3658.12,392.99,0,,
2022-001499,06/12/2022 10:21,S1032,C00219,P2123,Web,Efectivo,Promo 15%,2,175.11,0.0,350.22,52.53,297.69,112.82,1,,
2022-001500,02/03/2022 14:54,S1044,C00167,P2046,Web,Efectivo,2x1,3,326.31,0.1,978.93,127.26,851.67,192.92,0,,
2022-001501,21/09/2022 22:03,S1008,C00471,P2137,Tienda,Tarjeta,Sin Promo,2,428.74,0.0,857.48,111.47,746.01,246.0,0,,
2022-001502,07/01/2022 16:56,S1007,C00784,P2065,Web,Billetera Digital,Promo 15%,2,408.29,0.0,816.58,106.16,710.42,269.16,1,,
2022-001503,02/12/2022 12:18,S1026,C00599,P2130,Web,Tarjeta,Promo 15%,2,701.29,0.0,1402.58,210.39,1192.19,404.15,0,,
2022-001504,04/06/2022 20:22,S1030,C00620,P2088,Marketplace,Efectivo,Cyber Week,1,486.13,0.15,486.13,72.92,413.21,308.2,1,,
2022-001505,23/11/2022 08:55,S1024,C00147,P2020,Web,Billetera Digital,Promo 10%,1,49.36,0.0,49.36,7.4,41.96,32.33,1,,
2022-001506,20/04/2022 17:35,S1008,C00525,P2001,Call Center,Transferencia,2x1,1,86.24,0.1,86.24,11.21,75.03,59.67,1,,
2022-001507,09/09/2022 20:53,S1006,C00399,P2014,Web,Tarjeta,Promo 10%,6,430.19,0.0,2581.14,335.55,2245.59,296.33,0,,
2022-001508,16/06/2022 13:46,S1005,C00750,P2133,Call Center,Tarjeta,Sin Promo,1,49.96,0.05,49.96,6.49,43.47,38.56,0,,
2022-001509,23/09/2022 20:24,S1027,C00612,P2130,Tienda,Billetera Digital,2x1,1,596.1,0.15,596.1,89.42,506.68,404.15,0,,
2022-001510,12/12/2022 18:59,S1006,C00632,P2134,Tienda,Tarjeta,2x1,3,241.56,0.0,724.68,94.21,630.47,153.79,1,,
2022-001511,23/10/2022 04:23,S1025,C00220,P2149,Tienda,Tarjeta,Promo 15%,1,213.57,0.05,213.57,32.04,181.53,173.08,0,,
2022-001512,12/05/2022 09:16,S1026,C00714,P2103,Tienda,Tarjeta,Black Friday,1,361.16,0.15,361.16,54.17,306.99,274.37,0,,
2022-001513,04/05/2022 02:11,S1038,C00342,P2144,Marketplace,Transferencia,Promo 10%,3,258.88,0.05,776.64,100.96,675.68,177.43,1,,
2022-001514,04/06/2022 17:49,S1013,C00373,P2067,Marketplace,Efectivo,Promo 10%,1,495.08,0.15,495.08,59.41,435.67,420.88,0,,
2022-001515,09/12/2022 17:34,S1008,C00243,P2131,Call Center,Financiamiento,Sin Promo,5,177.24,0.1,886.2,115.21,770.99,119.6,0,,
2022-001516,29/08/2022 20:24,S1027,C00488,P2109,Web,Transferencia,Promo 10%,2,208.28,0.0,416.56,62.48,354.08,141.94,0,,
2022-001517,21/06/2022 03:27,S1002,C00464,P2028,Tienda,Billetera Digital,Promo 10%,1,478.55,0.2,478.55,62.21,416.34,344.08,0,,
2022-001518,27/07/2022 17:35,S1035,C00759,P2102,Tienda,Billetera Digital,2x1,2,450.78,0.1,901.56,135.23,766.33,270.07,1,,
2022-001519,27/07/2022 14:59,S1032,C00782,P2083,Call Center,Transferencia,Cyber Week,3,523.42,0.0,1570.26,235.54,1334.72,334.59,0,,
2022-001520,09/10/2022 07:49,S1043,C00637,P2042,Marketplace,Financiamiento,Sin Promo,3,341.18,0.15,1023.54,133.06,890.48,233.31,0,,
2022-001521,07/06/2022 14:39,S1045,C00145,P2039,Web,Tarjeta,Cyber Week,3,405.45,0.15,1216.35,158.13,1058.22,251.05,0,,
2022-001522,08/01/2022 06:52,S1037,C00484,P2125,Call Center,Tarjeta,Cyber Week,2,292.95,0.15,585.9,76.17,509.73,235.01,0,,
2022-001523,11/01/2022 16:16,S1010,C00723,P2098,Call Center,Billetera Digital,Sin Promo,1,645.08,0.0,645.08,77.41,567.67,389.5,0,,
2022-001524,20/11/2022 18:38,S1042,C00370,P2064,Call Center,Billetera Digital,Promo 10%,3,86.74,0.05,260.22,33.83,226.39,57.47,0,,
2022-001525,19/01/2022 18:09,S1007,C00335,P2107,Tienda,Billetera Digital,Black Friday,3,257.6,0.2,772.8,100.46,672.34,196.36,0,,
2022-001526,20/05/2022 18:22,S1028,C00642,P2085,Call Center,Financiamiento,Cyber Week,1,31.02,0.0,31.02,4.65,26.37,20.07,0,,
2022-001527,04/10/2022 16:01,S1006,C00015,P2028,Web,Billetera Digital,2x1,4,508.46,0.15,2033.84,264.4,1769.44,344.08,0,,
2022-001528,31/01/2022 17:17,S1043,C00778,P2096,Marketplace,Transferencia,2x1,3,540.6,0.15,1621.8,210.83,1410.97,369.96,0,,
2022-001529,15/08/2022 04:51,S1041,C00304,P2114,Marketplace,Transferencia,Sin Promo,2,526.3,0.05,1052.6,136.84,915.76,274.57,0,Revisar,
2022-001530,19/09/2022 05:49,S1019,C00151,P2160,Marketplace,Financiamiento,2x1,2,771.61,0.05,1543.22,231.48,1311.74,418.28,0,,
2022-001531,29/06/2022 00:07,S1013,C00351,P2066,Tienda,Efectivo,Promo 15%,4,419.77,0.2,1679.08,201.49,1477.59,297.19,0,,
2022-001532,09/03/2022 05:25,S1018,C00544,P2115,Web,Financiamiento,Black Friday,1,353.94,0.05,353.94,42.47,311.47,201.2,0,,
2022-001533,30/01/2022 07:53,S1017,C00249,P2157,Call Center,Transferencia,Promo 15%,1,189.87,0.15,189.87,22.78,167.09,118.28,0,,
2022-001534,10/07/2022 16:08,S1004,C00601,P2105,Tienda,Financiamiento,Promo 15%,1,676.15,0.0,676.15,87.9,588.25,320.12,0,,
2022-001535,15/07/2022 08:16,S1041,C00210,P2037,Marketplace,Efectivo,Cyber Week,1,592.61,0.05,592.61,77.04,515.57,405.23,0,,
2022-001536,20/05/2022 16:55,S1031,C00480,P2030,Marketplace,Tarjeta,Promo 10%,1,514.37,0.05,514.37,77.16,437.21,418.38,0,,
2022-001537,29/12/2022 20:18,S1024,C00668,P2075,Tienda,Tarjeta,Cyber Week,1,464.04,0.2,464.04,69.61,394.43,301.87,0,,
2022-001538,18/04/2022 14:32,S1032,C00769,P2018,Call Center,Billetera Digital,Promo 10%,3,313.49,0.2,940.47,141.07,799.4,224.11,0,,
2022-001539,11/03/2022 17:56,S1009,C00510,P2131,Marketplace,Efectivo,Promo 10%,2,196.93,0.0,393.86,51.2,342.66,119.6,0,,
2022-001540,01/07/2022 14:34,S1035,C00247,P2046,Web,Financiamiento,Promo 10%,1,290.06,0.2,290.06,43.51,246.55,192.92,0,,
2022-001541,12/09/2022 06:26,S1039,C00137,P2037,Web,Tarjeta,Sin Promo,1,499.04,0.2,499.04,64.88,434.16,405.23,0,,
2022-001542,28/04/2022 17:10,S1044,C00532,P2105,Tienda,Tarjeta,Black Friday,3,574.73,0.15,1724.19,224.14,1500.05,320.12,1,,
2022-001543,27/10/2022 11:21,S1013,C00732,P2141,Marketplace,Tarjeta,Promo 10%,1,832.49,0.0,832.49,99.9,732.59,384.64,1,,
2022-001544,17/08/2022 00:24,S1020,C00631,P2145,Web,Efectivo,Cyber Week,1,118.01,0.0,118.01,17.7,100.31,77.61,0,,
2022-001545,20/11/2022 22:49,S1034,C00587,P2047,Web,Billetera Digital,Promo 15%,2,365.43,0.2,730.86,109.63,621.23,295.44,0,,
2022-001546,24/07/2022 23:06,S1034,C00586,P2127,Web,Transferencia,Cyber Week,3,732.66,0.0,2197.98,329.7,1868.28,361.43,0,,
2022-001547,08/10/2022 22:47,S1019,C00504,P2130,Call Center,Efectivo,2x1,4,701.29,0.0,2805.16,420.77,2384.39,404.15,0,,
2022-001548,31/10/2022 19:04,S1040,C00298,P2037,Marketplace,Tarjeta,2x1,3,530.23,0.15,1590.69,206.79,1383.9,405.23,0,,
2022-001549,20/10/2022 23:59,S1033,C00244,P2159,Call Center,Transferencia,Promo 15%,1,640.88,0.0,640.88,96.13,544.75,434.27,1,,
2022-001550,02/07/2022 11:11,S1020,C00139,P2087,Web,Tarjeta,Promo 15%,1,259.02,0.2,259.02,38.85,220.17,166.63,0,,
2022-001551,07/12/2022 19:38,S1039,C00285,P2038,Web,Financiamiento,Promo 15%,3,132.95,0.05,398.85,51.85,347.0,104.22,0,,
2022-001552,15/06/2022 07:30,S1024,C00597,P2119,Call Center,Efectivo,Cyber Week,3,648.62,0.15,1945.86,291.88,1653.98,363.73,0,Revisar,
2022-001553,08/08/2022 19:01,S1002,C00317,P2135,Web,Transferencia,Cyber Week,2,137.64,0.1,275.28,35.79,239.49,71.27,0,,
2022-001554,27/09/2022 20:14,S1018,C00750,P2021,Tienda,Efectivo,Black Friday,1,351.58,0.2,351.58,42.19,309.39,239.98,0,,
2022-001555,11/11/2022 22:06,S1035,C00196,P2112,Web,Efectivo,Sin Promo,2,307.5,0.15,615.0,92.25,522.75,257.82,1,,
2022-001556,10/07/2022 00:49,S1001,C00318,P2150,Marketplace,Billetera Digital,Cyber Week,1,234.07,0.0,234.07,30.43,203.64,154.53,0,,
2022-001557,26/06/2022 13:12,S1009,C00348,P2074,Tienda,Efectivo,Promo 15%,3,239.08,0.15,717.24,93.24,624.0,138.92,0,,
2022-001558,22/07/2022 15:52,S1002,C00532,P2116,Call Center,Tarjeta,2x1,2,632.31,0.15,1264.62,164.4,1100.22,358.01,1,,
2022-001559,23/08/2022 08:07,S1034,C00020,P2127,Call Center,Financiamiento,Sin Promo,6,696.03,0.05,4176.18,626.43,3549.75,361.43,0,,
2022-001560,18/10/2022 21:00,S1010,C00557,P2116,Web,Efectivo,Black Friday,2,706.7,0.05,1413.4,169.61,1243.79,358.01,0,,
2022-001561,03/07/2022 22:24,S1036,C00257,P2092,Tienda,Efectivo,Black Friday,1,682.12,0.15,682.12,102.32,579.8,416.32,0,,
2022-001562,05/04/2022 11:18,S1013,C00708,P2157,Call Center,Efectivo,Promo 10%,1,212.21,0.05,212.21,25.47,186.74,118.28,0,,
2022-001563,16/06/2022 12:49,S1003,C00707,P2088,Web,Financiamiento,Promo 15%,2,543.32,0.05,1086.64,141.26,945.38,308.2,0,,
2022-001564,21/10/2022 15:05,S1029,C00686,P2156,Marketplace,Billetera Digital,Promo 15%,1,73.29,0.1,73.29,10.99,62.3,55.02,0,,
2022-001565,28/05/2022 00:15,S1016,C00322,P2044,Marketplace,Transferencia,Cyber Week,1,408.67,0.1,408.67,49.04,359.63,214.81,0,,
2022-001566,01/08/2022 13:11,S1018,C00664,P2079,Marketplace,Efectivo,Sin Promo,2,212.15,0.15,424.3,50.92,373.38,156.92,0,,
2022-001567,30/01/2022 18:41,S1011,C00305,P2074,Tienda,Efectivo,Cyber Week,2,281.27,0.0,562.54,67.5,495.04,138.92,0,,
2022-001568,09/01/2022 05:19,S1008,C00493,P2067,Web,Financiamiento,Cyber Week,3,553.33,0.05,1659.99,215.8,1444.19,420.88,0,,
2022-001569,24/04/2022 06:06,S1037,C00769,P2121,Call Center,Efectivo,Cyber Week,1,396.89,0.05,396.89,51.6,345.29,207.12,1,,
2022-001570,06/04/2022 06:11,S1026,C00562,P2024,Marketplace,Billetera Digital,2x1,5,316.27,0.0,1581.35,237.2,1344.15,197.91,0,,
2022-001571,16/10/2022 07:47,S1039,C00152,P2155,Call Center,Financiamiento,Sin Promo,2,157.33,0.0,314.66,40.91,273.75,71.96,0,,
2022-001572,25/10/2022 04:30,S1009,C00756,P2128,Marketplace,Billetera Digital,Black Friday,1,557.39,0.0,557.39,72.46,484.93,269.57,0,,
2022-001573,22/07/2022 00:50,S1024,C00357,P2147,Web,Financiamiento,Promo 15%,3,548.18,0.0,1644.54,246.68,1397.86,299.7,0,,
2022-001574,18/08/2022 20:18,S1033,C00345,P2025,Web,Financiamiento,Black Friday,4,564.63,0.15,2258.52,338.78,1919.74,394.63,0,,
2022-001575,11/11/2022 13:13,S1014,C00171,P2130,Tienda,Financiamiento,2x1,2,701.29,0.0,1402.58,168.31,1234.27,404.15,0,,
2022-001576,12/11/2022 00:50,S1031,C00527,P2087,Tienda,Financiamiento,Promo 15%,2,307.59,0.05,615.18,92.28,522.9,166.63,1,,
2022-001577,03/12/2022 13:18,S1033,C00108,P2025,Tienda,Tarjeta,Promo 15%,2,597.84,0.1,1195.68,179.35,1016.33,394.63,0,,
2022-001578,09/09/2022 08:59,S1008,C00514,P2026,Call Center,Billetera Digital,Promo 15%,3,436.92,0.05,1310.76,170.4,1140.36,230.43,0,Revisar,
2022-001579,10/09/2022 07:46,S1012,C00639,P2038,Call Center,Billetera Digital,Sin Promo,2,139.95,0.0,279.9,33.59,246.31,104.22,1,,
2022-001580,31/12/2022 11:51,S1013,C00606,P2123,Tienda,Transferencia,2x1,1,157.6,0.1,157.6,18.91,138.69,112.82,0,,
2022-001581,26/06/2022 03:11,S1025,C00617,P2032,Marketplace,Financiamiento,2x1,2,443.24,0.05,886.48,132.97,753.51,330.43,0,,
2022-001582,31/10/2022 19:14,S1042,C00105,P2136,Web,Financiamiento,Promo 15%,4,139.32,0.1,557.28,72.45,484.83,99.42,0,,
2022-001583,16/05/2022 12:54,S1007,C00181,P2137,Call Center,Billetera Digital,Promo 15%,1,342.99,0.2,342.99,44.59,298.4,246.0,0,,
2022-001584,20/04/2022 18:19,S1029,C00217,P2071,Marketplace,Tarjeta,Promo 10%,1,483.57,0.0,483.57,72.54,411.03,243.78,0,,
2022-001585,24/01/2022 18:37,S1024,C00747,P2106,Call Center,Transferencia,2x1,4,392.21,0.15,1568.84,235.33,1333.51,310.34,0,,
2022-001586,24/11/2022 06:01,S1009,C00229,P2037,Marketplace,Efectivo,Promo 15%,1,623.8,0.0,623.8,81.09,542.71,405.23,0,,
2022-001587,28/09/2022 14:46,S1032,C00696,P2057,Tienda,Efectivo,Sin Promo,2,419.8,0.0,839.6,125.94,713.66,314.68,1,,
2022-001588,02/07/2022 14:09,S1021,C00466,P2064,Call Center,Tarjeta,Sin Promo,1,91.31,0.0,91.31,13.7,77.61,57.47,0,Revisar,
2022-001589,07/10/2022 01:38,S1015,C00202,P2126,Marketplace,Financiamiento,Black Friday,1,547.31,0.2,547.31,65.68,481.63,413.19,0,,
2022-001590,15/07/2022 15:33,S1015,C00800,P2160,Tienda,Efectivo,2x1,1,812.22,0.0,812.22,97.47,714.75,418.28,0,,
2022-001591,13/05/2022 16:04,S1036,C00701,P2129,Tienda,Tarjeta,2x1,1,479.7,0.05,479.7,71.95,407.75,401.84,0,,
2022-001592,06/04/2022 06:27,S1027,C00067,P2001,Tienda,Efectivo,Cyber Week,1,95.82,0.0,95.82,14.37,81.45,59.67,0,,
2022-001593,15/12/2022 14:44,S1039,C00558,P2112,Call Center,Billetera Digital,Cyber Week,2,361.76,0.0,723.52,94.06,629.46,257.82,1,,
2022-001594,05/02/2022 23:14,S1029,C00577,P2037,Tienda,Tarjeta,Promo 15%,2,530.23,0.15,1060.46,159.07,901.39,405.23,0,,
2022-001595,10/06/2022 18:58,S1031,C00033,P2157,Web,Transferencia,Promo 10%,2,223.38,0.0,446.76,67.01,379.75,118.28,0,,
2022-001596,01/08/2022 14:36,S1016,C00785,P2124,Web,Billetera Digital,Promo 15%,1,380.55,0.2,380.55,45.67,334.88,351.18,0,,
2022-001597,01/01/2022 00:56,S1044,C00312,P2042,Call Center,Efectivo,Black Friday,1,401.39,0.0,401.39,52.18,349.21,233.31,0,,
2022-001598,24/02/2022 01:08,S1017,C00249,P2104,Marketplace,Transferencia,2x1,1,561.78,0.2,561.78,67.41,494.37,405.18,0,,
2022-001599,05/10/2022 03:22,S1004,C00456,P2033,Tienda,Financiamiento,Cyber Week,4,72.32,0.1,289.28,37.61,251.67,61.26,1,,
2022-001600,16/02/2022 21:45,S1038,C00051,P2055,Tienda,Efectivo,2x1,1,126.69,0.1,126.69,16.47,110.22,77.43,1,,
2022-001601,11/07/2022 01:19,S1044,C00223,P2146,Tienda,Billetera Digital,Sin Promo,4,311.26,0.0,1245.04,161.86,1083.18,242.22,1,,
2022-001602,31/10/2022 08:06,S1014,C00630,P2036,Call Center,Billetera Digital,2x1,3,259.77,0.1,779.31,93.52,685.79,143.03,0,,
2022-001603,14/09/2022 15:46,S1036,C00088,P2056,Tienda,Financiamiento,Sin Promo,3,842.59,0.05,2527.77,379.17,2148.6,417.23,0,,
2022-001604,06/01/2022 23:22,S1043,C00381,P2124,Web,Efectivo,Black Friday,1,475.69,0.0,475.69,61.84,413.85,351.18,1,,
2022-001605,07/07/2022 00:37,S1006,C00782,P2139,Tienda,Billetera Digital,2x1,2,17.24,0.15,34.48,4.48,30.0,12.71,0,,
2022-001606,20/03/2022 21:31,S1041,C00179,P2082,Web,Tarjeta,Promo 10%,1,225.14,0.2,225.14,29.27,195.87,152.77,0,,
2022-001607,23/10/2022 12:51,S1032,C00718,P2076,Tienda,Billetera Digital,Promo 15%,1,97.52,0.0,97.52,14.63,82.89,50.2,0,,
2022-001608,07/12/2022 01:53,S1002,C00382,P2126,Web,Financiamiento,Cyber Week,5,547.31,0.2,2736.55,355.75,2380.8,413.19,0,Revisar,
2022-001609,30/08/2022 18:03,S1030,C00559,P2159,Marketplace,Financiamiento,Promo 10%,1,576.79,0.1,576.79,86.52,490.27,434.27,1,,
2022-001610,18/08/2022 09:16,S1020,C00021,P2024,Call Center,Tarjeta,Sin Promo,2,300.46,0.05,600.92,90.14,510.78,197.91,1,,
2022-001611,03/04/2022 15:05,S1001,C00092,P2051,Web,Tarjeta,Cyber Week,3,727.14,0.15,2181.42,283.58,1897.84,394.02,0,,
2022-001612,31/01/2022 14:08,S1045,C00399,P2018,Marketplace,Tarjeta,2x1,2,313.49,0.2,626.98,81.51,545.47,224.11,0,,
2022-001613,09/09/2022 03:23,S1002,C00275,P2023,Call Center,Tarjeta,Cyber Week,1,529.75,0.0,529.75,68.87,460.88,346.8,0,,
2022-001614,05/10/2022 02:58,S1020,C00552,P2060,Web,Efectivo,Cyber Week,4,325.76,0.15,1303.04,195.46,1107.58,245.82,0,,
2022-001615,08/11/2022 08:04,S1003,C00684,P2078,Marketplace,Transferencia,Black Friday,1,165.66,0.0,165.66,21.54,144.12,125.47,1,,
2022-001616,18/09/2022 18:02,S1043,C00615,P2056,Tienda,Financiamiento,Promo 10%,2,886.94,0.0,1773.88,230.6,1543.28,417.23,0,,
2022-001617,28/02/2022 10:21,S1008,C00702,P2099,Call Center,Billetera Digital,Cyber Week,3,294.57,0.0,883.71,114.88,768.83,231.19,1,,
2022-001618,16/09/2022 22:02,S1028,C00603,P2049,Tienda,Tarjeta,Black Friday,6,126.62,0.2,759.72,113.96,645.76,89.45,1,,
2022-001619,18/07/2022 23:03,S1018,C00628,P2133,Call Center,Billetera Digital,Sin Promo,1,42.07,0.2,42.07,5.05,37.02,38.56,0,,
2022-001620,03/07/2022 01:07,S1017,C00672,P2104,Tienda,Efectivo,Sin Promo,1,702.23,0.0,702.23,84.27,617.96,405.18,0,,
2022-001621,05/08/2022 00:12,S1004,C00185,P2030,Marketplace,Tarjeta,Cyber Week,2,514.37,0.05,1028.74,133.74,895.0,418.38,0,,
2022-001622,07/01/2022 09:13,S1033,C00016,P2036,Call Center,Tarjeta,Black Friday,1,230.9,0.2,230.9,34.63,196.27,143.03,1,,
2022-001623,08/02/2022 22:15,S1038,C00578,P2091,Marketplace,Tarjeta,Black Friday,2,541.5,0.0,1083.0,140.79,942.21,397.11,0,,
2022-001624,20/05/2022 15:28,S1004,C00021,P2100,Marketplace,Billetera Digital,Promo 15%,2,571.97,0.0,1143.94,148.71,995.23,422.9,0,,
2022-001625,26/07/2022 00:25,S1019,C00550,P2055,Marketplace,Billetera Digital,Sin Promo,2,112.62,0.2,225.24,33.79,191.45,77.43,0,,
2022-001626,09/03/2022 16:37,S1001,C00798,P2031,Call Center,Billetera Digital,Black Friday,1,193.42,0.05,193.42,25.14,168.28,111.43,0,,
2022-001627,17/12/2022 22:30,S1035,C00560,P2068,Marketplace,Billetera Digital,Cyber Week,2,197.12,0.2,394.24,59.14,335.1,122.46,0,,
2022-001628,07/09/2022 09:23,S1014,C00502,P2147,Tienda,Transferencia,Promo 10%,1,548.18,0.0,548.18,65.78,482.4,299.7,1,,
2022-001629,13/11/2022 23:57,S1008,C00550,P2004,Marketplace,Financiamiento,Cyber Week,1,489.28,0.1,489.28,63.61,425.67,298.92,0,,
2022-001630,09/08/2022 06:31,S1006,C00732,P2001,Marketplace,Financiamiento,2x1,1,95.82,0.0,95.82,12.46,83.36,59.67,0,,
2022-001631,06/11/2022 03:06,S1041,C00152,P2030,Marketplace,Efectivo,Sin Promo,4,433.15,0.2,1732.6,225.24,1507.36,418.38,0,,
2022-001632,20/07/2022 10:24,S1011,C00014,P2061,Call Center,Tarjeta,2x1,2,38.41,0.1,76.82,9.22,67.6,26.36,0,,
2022-001633,11/12/2022 13:39,S1016,C00791,P2144,Tienda,Efectivo,Cyber Week,4,272.5,0.0,1090.0,130.8,959.2,177.43,0,,
2022-001634,08/03/2022 22:09,S1008,C00199,P2066,Tienda,Tarjeta,2x1,3,498.47,0.05,1495.41,194.4,1301.01,297.19,0,,
2022-001635,12/03/2022 19:39,S1018,C00329,P2142,Web,Transferencia,Black Friday,1,493.89,0.0,493.89,59.27,434.62,331.65,0,,
2022-001636,07/03/2022 09:49,S1030,C00561,P2082,Call Center,Financiamiento,Cyber Week,3,267.35,0.05,802.05,120.31,681.74,152.77,0,,
2022-001637,05/03/2022 14:24,S1003,C00508,P2113,Call Center,Financiamiento,Cyber Week,1,297.65,0.0,297.65,38.69,258.96,139.53,0,,
2022-001638,23/01/2022 05:45,S1040,C00020,P2086,Call Center,Efectivo,Promo 10%,1,109.2,0.0,109.2,14.2,95.0,70.05,0,,
2022-001639,17/03/2022 11:44,S1042,C00207,P2062,Web,Transferencia,Promo 10%,1,111.89,0.0,111.89,14.55,97.34,74.21,0,,
2022-001640,19/07/2022 01:13,S1038,C00157,P2023,Marketplace,Billetera Digital,2x1,1,529.75,0.0,529.75,68.87,460.88,346.8,0,,
2022-001641,20/08/2022 06:32,S1045,C00258,P2050,Tienda,Transferencia,Promo 10%,1,219.16,0.2,219.16,28.49,190.67,192.16,0,,
2022-001642,17/11/2022 13:06,S1033,C00218,P2012,Marketplace,Efectivo,Sin Promo,4,788.33,0.0,3153.32,473.0,2680.32,363.05,0,,
2022-001643,02/03/2022 18:45,S1015,C00109,P2058,Tienda,Transferencia,Black Friday,1,442.61,0.05,442.61,53.11,389.5,324.41,0,,
2022-001644,28/04/2022 10:29,S1004,C00010,P2123,Web,Efectivo,Cyber Week,2,175.11,0.0,350.22,45.53,304.69,112.82,1,,
2022-001645,31/12/2022 04:29,S1003,C00186,P2081,Web,Billetera Digital,Promo 15%,1,399.31,0.0,399.31,51.91,347.4,192.91,0,,
2022-001646,26/04/2022 03:58,S1013,C00778,P2005,Tienda,Transferencia,Sin Promo,3,545.93,0.0,1637.79,196.53,1441.26,390.45,0,Revisar,
2022-001647,06/09/2022 18:38,S1025,C00007,P2096,Web,Financiamiento,2x1,1,540.6,0.15,540.6,81.09,459.51,369.96,0,,
2022-001648,06/10/2022 05:30,S1011,C00747,P2115,Tienda,Efectivo,Sin Promo,2,372.57,0.0,745.14,89.42,655.72,201.2,0,,
2022-001649,07/08/2022 19:19,S1028,C00180,P2114,Web,Financiamiento,Black Friday,1,554.0,0.0,554.0,83.1,470.9,274.57,0,,
2022-001650,15/12/2022 18:49,S1004,C00266,P2068,Tienda,Tarjeta,Cyber Week,1,246.4,0.0,246.4,32.03,214.37,122.46,0,,
2022-001651,16/07/2022 05:28,S1017,C00477,P2146,Call Center,Transferencia,2x1,4,311.26,0.0,1245.04,149.4,1095.64,242.22,0,,
2022-001652,12/11/2022 15:50,S1026,C00358,P2132,Marketplace,Transferencia,Black Friday,3,273.37,0.15,820.11,123.02,697.09,220.13,0,Revisar,
2022-001653,20/08/2022 10:16,S1025,C00179,P2133,Marketplace,Efectivo,2x1,3,42.07,0.2,126.21,18.93,107.28,38.56,0,,
2022-001654,26/12/2022 10:56,S1027,C00082,P2038,Web,Efectivo,Cyber Week,2,125.95,0.1,251.9,37.78,214.12,104.22,0,,
2022-001655,17/11/2022 05:25,S1036,C00403,P2090,Web,Efectivo,Cyber Week,1,123.88,0.0,123.88,18.58,105.3,72.93,0,,
2022-001656,14/04/2022 11:54,S1031,C00603,P2102,Web,Billetera Digital,Sin Promo,1,475.83,0.05,475.83,71.37,404.46,270.07,0,,
2022-001657,24/01/2022 09:05,S1007,C00488,P2046,Web,Billetera Digital,Cyber Week,1,362.57,0.0,362.57,47.13,315.44,192.92,0,,
2022-001658,06/04/2022 18:35,S1018,C00050,P2056,Tienda,Transferencia,2x1,5,886.94,0.0,4434.7,532.16,3902.54,417.23,0,,
2022-001659,31/08/2022 15:50,S1001,C00419,P2085,Tienda,Billetera Digital,Promo 10%,1,29.47,0.05,29.47,3.83,25.64,20.07,0,,
2022-001660,07/10/2022 18:01,S1012,C00590,P2018,Call Center,Tarjeta,Cyber Week,1,333.08,0.15,333.08,39.97,293.11,224.11,1,,
2022-001661,08/03/2022 02:01,S1039,C00775,P2076,Web,Tarjeta,Cyber Week,2,97.52,0.0,195.04,25.36,169.68,50.2,0,,
2022-001662,19/07/2022 20:13,S1043,C00643,P2060,Tienda,Transferencia,Cyber Week,1,383.25,0.0,383.25,49.82,333.43,245.82,0,,
2022-001663,22/07/2022 04:40,S1036,C00141,P2130,Tienda,Financiamiento,Promo 15%,1,596.1,0.15,596.1,89.42,506.68,404.15,1,,
2022-001664,12/02/2022 09:21,S1028,C00215,P2079,Web,Tarjeta,Cyber Week,3,249.59,0.0,748.77,112.32,636.45,156.92,0,,
2022-001665,08/01/2022 14:06,S1041,C00465,P2105,Marketplace,Efectivo,Black Friday,1,676.15,0.0,676.15,87.9,588.25,320.12,0,,
2022-001666,15/07/2022 11:08,S1045,C00553,P2067,Marketplace,Transferencia,Promo 10%,1,553.33,0.05,553.33,71.93,481.4,420.88,0,,
2022-001667,05/02/2022 21:40,S1001,C00287,P2090,Call Center,Tarjeta,Sin Promo,3,99.1,0.2,297.3,38.65,258.65,72.93,1,,
2022-001668,05/07/2022 08:15,S1007,C00786,P2155,Marketplace,Billetera Digital,2x1,1,157.33,0.0,157.33,20.45,136.88,71.96,0,,
2022-001669,15/11/2022 15:44,S1025,C00799,P2115,Tienda,Tarjeta,Sin Promo,3,353.94,0.05,1061.82,159.27,902.55,201.2,0,,
2022-001670,16/04/2022 23:03,S1028,C00643,P2093,Marketplace,Billetera Digital,Black Friday,1,147.96,0.0,147.96,22.19,125.77,75.0,0,,
2022-001671,06/07/2022 19:45,S1019,C00395,P2079,Call Center,Tarjeta,Cyber Week,3,199.67,0.2,599.01,89.85,509.16,156.92,0,,
2022-001672,26/09/2022 18:26,S1019,C00093,P2061,Call Center,Tarjeta,Cyber Week,1,40.55,0.05,40.55,6.08,34.47,26.36,0,,
2022-001673,01/03/2022 13:20,S1043,C00435,P2120,Call Center,Billetera Digital,Promo 15%,2,199.5,0.0,399.0,51.87,347.13,113.2,0,,
2022-001674,22/08/2022 15:54,S1039,C00447,P2125,Web,Financiamiento,Promo 15%,5,344.65,0.0,1723.25,224.02,1499.23,235.01,0,,
2022-001675,24/01/2022 07:40,S1020,C00478,P2038,Web,Efectivo,Promo 10%,1,139.95,0.0,139.95,20.99,118.96,104.22,0,,
2022-001676,14/06/2022 09:36,S1019,C00477,P2059,Tienda,Transferencia,2x1,2,124.17,0.05,248.34,37.25,211.09,101.09,0,,
2022-001677,18/12/2022 04:17,S1018,C00696,P2061,Web,Financiamiento,Black Friday,6,36.28,0.15,217.68,26.12,191.56,26.36,0,,
2022-001678,08/06/2022 16:44,S1040,C00601,P2073,Call Center,Transferencia,Sin Promo,2,131.65,0.2,263.3,34.23,229.07,131.1,0,,
2022-001679,10/01/2022 08:03,S1027,C00046,P2058,Marketplace,Financiamiento,Sin Promo,1,442.61,0.05,442.61,66.39,376.22,324.41,0,,
2022-001680,11/12/2022 16:21,S1004,C00322,P2050,Web,Efectivo,Black Friday,1,232.86,0.15,232.86,30.27,202.59,192.16,0,,
2022-001681,03/03/2022 06:35,S1015,C00354,P2058,Web,Tarjeta,Black Friday,3,396.02,0.15,1188.06,142.57,1045.49,324.41,0,,
2022-001682,15/09/2022 15:07,S1044,C00353,P2057,Web,Financiamiento,Black Friday,4,377.82,0.1,1511.28,196.47,1314.81,314.68,0,,
2022-001683,14/08/2022 04:51,S1031,C00141,P2150,Web,Billetera Digital,Promo 10%,2,198.96,0.15,397.92,59.69,338.23,154.53,0,,
2022-001684,06/01/2022 10:53,S1022,C00762,P2155,Call Center,Billetera Digital,Promo 10%,3,157.33,0.0,471.99,70.8,401.19,71.96,1,,
2022-001685,19/01/2022 14:38,S1022,C00469,P2038,Tienda,Transferencia,Black Friday,1,132.95,0.05,132.95,19.94,113.01,104.22,0,,
2022-001686,29/04/2022 03:26,S1040,C00303,P2086,Marketplace,Efectivo,Promo 15%,1,109.2,0.0,109.2,14.2,95.0,70.05,0,,
2022-001687,22/05/2022 21:03,S1041,C00775,P2064,Tienda,Tarjeta,Black Friday,4,82.18,0.1,328.72,42.73,285.99,57.47,1,,
2022-001688,08/06/2022 15:45,S1039,C00389,P2117,Marketplace,Efectivo,Sin Promo,1,84.2,0.0,84.2,10.95,73.25,41.82,0,,
2022-001689,19/07/2022 08:33,S1024,C00164,P2039,Tienda,Financiamiento,Cyber Week,2,405.45,0.15,810.9,121.63,689.27,251.05,0,,
2022-001690,07/06/2022 20:21,S1039,C00304,P2010,Call Center,Transferencia,Cyber Week,3,404.09,0.0,1212.27,157.6,1054.67,210.17,0,,
2022-001691,18/02/2022 03:01,S1015,C00024,P2027,Marketplace,Billetera Digital,Promo 15%,2,281.97,0.15,563.94,67.67,496.27,230.42,0,,
2022-001692,10/10/2022 22:46,S1025,C00026,P2141,Marketplace,Efectivo,Sin Promo,3,749.24,0.1,2247.72,337.16,1910.56,384.64,0,,
2022-001693,07/05/2022 18:11,S1041,C00662,P2100,Tienda,Efectivo,2x1,2,571.97,0.0,1143.94,148.71,995.23,422.9,0,,
2022-001694,19/12/2022 14:20,S1031,C00663,P2005,Web,Financiamiento,2x1,1,518.63,0.05,518.63,77.79,440.84,390.45,0,,
2022-001695,07/08/2022 18:55,S1010,C00045,P2031,Marketplace,Billetera Digital,Promo 10%,2,193.42,0.05,386.84,46.42,340.42,111.43,0,,
2022-001696,14/10/2022 15:28,S1029,C00277,P2012,Marketplace,Tarjeta,2x1,1,630.66,0.2,630.66,94.6,536.06,363.05,0,,
2022-001697,01/11/2022 02:39,S1030,C00094,P2081,Tienda,Billetera Digital,Cyber Week,2,399.31,0.0,798.62,119.79,678.83,192.91,0,,
2022-001698,02/06/2022 06:31,S1012,C00274,P2117,Web,Efectivo,Promo 10%,2,79.99,0.05,159.98,19.2,140.78,41.82,0,,
2022-001699,07/11/2022 00:28,S1041,C00163,P2077,Call Center,Tarjeta,Promo 15%,2,754.96,0.05,1509.92,196.29,1313.63,400.81,0,,
2022-001700,17/01/2022 03:25,S1039,C00297,P2101,Tienda,Transferencia,Promo 15%,1,336.53,0.0,336.53,43.75,292.78,262.94,0,,
2022-001701,01/01/2022 11:12,S1036,C00437,P2110,Web,Financiamiento,Promo 15%,1,354.21,0.15,354.21,53.13,301.08,314.95,0,,
2022-001702,13/11/2022 05:41,S1027,C00500,P2004,Tienda,Tarjeta,Sin Promo,3,543.65,0.0,1630.95,244.64,1386.31,298.92,1,,
2022-001703,26/09/2022 14:20,S1034,C00592,P2062,Marketplace,Financiamiento,Cyber Week,1,106.3,0.05,106.3,15.94,90.36,74.21,0,,
2022-001704,10/01/2022 11:21,S1026,C00342,P2091,Tienda,Transferencia,2x1,3,433.2,0.2,1299.6,194.94,1104.66,397.11,0,,
2022-001705,29/09/2022 00:58,S1006,C00248,P2042,Call Center,Financiamiento,Cyber Week,1,361.25,0.1,361.25,46.96,314.29,233.31,0,Revisar,
2022-001706,18/07/2022 16:27,S1008,C00357,P2103,Call Center,Tarjeta,Sin Promo,1,424.9,0.0,424.9,55.24,369.66,274.37,0,,
2022-001707,10/04/2022 16:40,S1044,C00035,P2003,Web,Efectivo,Sin Promo,1,508.72,0.0,508.72,66.13,442.59,261.5,0,,
2022-001708,18/09/2022 14:05,S1039,C00732,P2066,Web,Transferencia,Promo 15%,2,498.47,0.05,996.94,129.6,867.34,297.19,0,,
2022-001709,29/08/2022 03:46,S1022,C00312,P2047,Marketplace,Transferencia,Cyber Week,2,365.43,0.2,730.86,109.63,621.23,295.44,0,,
2022-001710,13/11/2022 07:07,S1029,C00567,P2130,Call Center,Tarjeta,Sin Promo,1,666.23,0.05,666.23,99.93,566.3,404.15,0,,
2022-001711,15/12/2022 12:13,S1008,C00472,P2060,Tienda,Financiamiento,Cyber Week,1,344.93,0.1,344.93,44.84,300.09,245.82,0,,
2022-001712,16/04/2022 22:46,S1020,C00455,P2124,Call Center,Tarjeta,Black Friday,3,404.34,0.15,1213.02,181.95,1031.07,351.18,0,,
2022-001713,18/09/2022 12:23,S1032,C00275,P2003,Call Center,Tarjeta,Sin Promo,1,457.85,0.1,457.85,68.68,389.17,261.5,0,,
2022-001714,25/06/2022 22:01,S1009,C00729,P2158,Call Center,Financiamiento,Black Friday,2,542.39,0.0,1084.78,141.02,943.76,274.83,0,,
2022-001715,19/04/2022 07:04,S1034,C00219,P2054,Marketplace,Transferencia,2x1,6,440.12,0.05,2640.72,396.11,2244.61,220.6,0,,
2022-001716,28/03/2022 13:55,S1025,C00517,P2156,Call Center,Financiamiento,Cyber Week,1,77.36,0.05,77.36,11.6,65.76,55.02,0,,
2022-001717,29/06/2022 21:38,S1017,C00355,P2119,Marketplace,Transferencia,Black Friday,1,610.46,0.2,610.46,73.26,537.2,363.73,0,,
2022-001718,02/12/2022 14:05,S1044,C00600,P2158,Marketplace,Financiamiento,Cyber Week,1,542.39,0.0,542.39,70.51,471.88,274.83,0,,
2022-001719,28/06/2022 12:52,S1009,C00415,P2020,Web,Transferencia,2x1,3,39.49,0.2,118.47,15.4,103.07,32.33,0,,
2022-001720,13/06/2022 23:35,S1020,C00231,P2079,Web,Transferencia,Sin Promo,1,212.15,0.15,212.15,31.82,180.33,156.92,0,,
2022-001721,04/05/2022 16:07,S1004,C00016,P2054,Tienda,Billetera Digital,Cyber Week,2,416.95,0.1,833.9,108.41,725.49,220.6,0,,
2022-001722,14/12/2022 19:05,S1039,C00174,P2036,Web,Billetera Digital,Promo 15%,2,288.63,0.0,577.26,75.04,502.22,143.03,0,,
2022-001723,14/01/2022 08:37,S1042,C00755,P2036,Marketplace,Transferencia,Black Friday,2,230.9,0.2,461.8,60.03,401.77,143.03,0,,
2022-001724,04/09/2022 19:06,S1036,C00359,P2005,Web,Efectivo,Cyber Week,1,545.93,0.0,545.93,81.89,464.04,390.45,0,,
2022-001725,10/07/2022 14:40,S1037,C00233,P2004,Tienda,Efectivo,2x1,2,543.65,0.0,1087.3,141.35,945.95,298.92,0,,
2022-001726,14/07/2022 11:01,S1006,C00459,P2021,Tienda,Transferencia,Sin Promo,5,395.52,0.1,1977.6,257.09,1720.51,239.98,0,,
2022-001727,24/04/2022 16:41,S1034,C00659,P2050,Marketplace,Tarjeta,Promo 15%,1,219.16,0.2,219.16,32.87,186.29,192.16,0,,
2022-001728,17/07/2022 07:57,S1003,C00799,P2009,Marketplace,Tarjeta,Promo 15%,1,444.56,0.15,444.56,57.79,386.77,287.2,0,,
2022-001729,24/01/2022 05:08,S1008,C00188,P2002,Web,Billetera Digital,2x1,1,261.14,0.1,261.14,33.95,227.19,134.76,1,,
2022-001730,25/10/2022 15:43,S1013,C00614,P2132,Call Center,Financiamiento,Promo 15%,1,321.61,0.0,321.61,38.59,283.02,220.13,1,,
2022-001731,07/08/2022 09:42,S1026,C00570,P2108,Call Center,Financiamiento,Cyber Week,2,226.7,0.2,453.4,68.01,385.39,144.01,0,,
2022-001732,07/05/2022 07:57,S1035,C00438,P2068,Call Center,Efectivo,Black Friday,4,246.4,0.0,985.6,147.84,837.76,122.46,0,,
2022-001733,31/08/2022 09:37,S1004,C00406,P2080,Web,Tarjeta,Cyber Week,1,271.61,0.1,271.61,35.31,236.3,221.89,0,,
2022-001734,26/05/2022 02:32,S1019,C00509,P2123,Tienda,Efectivo,Cyber Week,1,175.11,0.0,175.11,26.27,148.84,112.82,0,,
2022-001735,12/08/2022 01:38,S1031,C00524,P2100,Tienda,Billetera Digital,Promo 15%,2,514.77,0.1,1029.54,154.43,875.11,422.9,0,,
2022-001736,20/07/2022 10:53,S1002,C00005,P2118,Call Center,Financiamiento,Black Friday,5,65.15,0.0,325.75,42.35,283.4,45.65,1,,
2022-001737,29/08/2022 07:21,S1020,C00264,P2159,Tienda,Financiamiento,Sin Promo,2,640.88,0.0,1281.76,192.26,1089.5,434.27,0,,
2022-001738,09/05/2022 07:49,S1034,C00419,P2121,Marketplace,Transferencia,Cyber Week,4,396.89,0.05,1587.56,238.13,1349.43,207.12,0,,
2022-001739,28/09/2022 21:28,S1030,C00144,P2079,Tienda,Transferencia,Cyber Week,1,249.59,0.0,249.59,37.44,212.15,156.92,1,,
2022-001740,18/12/2022 06:40,S1024,C00157,P2057,Call Center,Tarjeta,Cyber Week,1,419.8,0.0,419.8,62.97,356.83,314.68,0,,
2022-001741,28/09/2022 17:07,S1015,C00176,P2099,Call Center,Tarjeta,2x1,1,235.66,0.2,235.66,28.28,207.38,231.19,0,,
2022-001742,22/11/2022 19:43,S1044,C00234,P2030,Web,Billetera Digital,Promo 10%,2,541.44,0.0,1082.88,140.77,942.11,418.38,0,,
2022-001743,24/07/2022 03:27,S1001,C00412,P2068,Tienda,Efectivo,Promo 10%,4,221.76,0.1,887.04,115.32,771.72,122.46,0,,
2022-001744,25/08/2022 09:13,S1030,C00417,P2126,Marketplace,Tarjeta,Cyber Week,1,581.52,0.15,581.52,87.23,494.29,413.19,1,,
2022-001745,17/04/2022 09:02,S1009,C00354,P2115,Call Center,Tarjeta,Promo 15%,2,335.31,0.1,670.62,87.18,583.44,201.2,1,,
2022-001746,16/09/2022 00:25,S1017,C00455,P2134,Tienda,Financiamiento,Cyber Week,2,241.56,0.0,483.12,57.97,425.15,153.79,0,,
2022-001747,02/03/2022 01:05,S1028,C00703,P2142,Tienda,Financiamiento,Sin Promo,3,493.89,0.0,1481.67,222.25,1259.42,331.65,0,,
2022-001748,28/09/2022 07:27,S1032,C00059,P2087,Marketplace,Financiamiento,Black Friday,3,275.21,0.15,825.63,123.84,701.79,166.63,1,,
2022-001749,18/05/2022 18:39,S1028,C00734,P2127,Tienda,Efectivo,Promo 15%,5,586.13,0.2,2930.65,439.6,2491.05,361.43,0,,
2022-001750,29/06/2022 16:50,S1024,C00630,P2059,Marketplace,Transferencia,Cyber Week,1,104.57,0.2,104.57,15.69,88.88,101.09,1,,
2022-001751,04/01/2022 10:35,S1014,C00233,P2038,Web,Financiamiento,Promo 10%,4,125.95,0.1,503.8,60.46,443.34,104.22,0,,
2022-001752,30/01/2022 22:22,S1025,C00014,P2151,Call Center,Billetera Digital,Black Friday,1,246.17,0.0,246.17,36.93,209.24,116.51,0,,
2022-001753,06/12/2022 14:11,S1035,C00423,P2019,Web,Tarjeta,2x1,3,471.27,0.0,1413.81,212.07,1201.74,283.84,0,,
2022-001754,23/09/2022 11:51,S1017,C00084,P2127,Marketplace,Transferencia,Promo 15%,3,659.39,0.1,1978.17,237.38,1740.79,361.43,0,,
2022-001755,10/10/2022 20:27,S1012,C00455,P2003,Web,Tarjeta,Promo 10%,2,508.72,0.0,1017.44,122.09,895.35,261.5,0,,
2022-001756,17/11/2022 01:13,S1012,C00449,P2032,Call Center,Tarjeta,Cyber Week,2,466.57,0.0,933.14,111.98,821.16,330.43,0,,
2022-001757,21/03/2022 15:24,S1009,C00777,P2109,Tienda,Tarjeta,Cyber Week,2,166.62,0.2,333.24,43.32,289.92,141.94,0,,
2022-001758,23/03/2022 07:31,S1006,C00730,P2008,Tienda,Efectivo,Black Friday,3,743.1,0.15,2229.3,289.81,1939.49,421.75,0,,
2022-001759,04/12/2022 22:39,S1016,C00449,P2121,Web,Tarjeta,Black Friday,1,417.78,0.0,417.78,50.13,367.65,207.12,0,,
2022-001760,06/05/2022 13:02,S1001,C00546,P2039,Marketplace,Transferencia,Sin Promo,3,453.15,0.05,1359.45,176.73,1182.72,251.05,0,,
2022-001761,16/01/2022 16:01,S1041,C00174,P2018,Tienda,Transferencia,Promo 15%,2,352.67,0.1,705.34,91.69,613.65,224.11,0,,
2022-001762,03/04/2022 16:51,S1039,C00728,P2016,Tienda,Tarjeta,Promo 10%,1,172.59,0.0,172.59,22.44,150.15,121.18,1,,
2022-001763,08/11/2022 13:00,S1019,C00685,P2087,Marketplace,Tarjeta,Sin Promo,1,291.4,0.1,291.4,43.71,247.69,166.63,0,,
2022-001764,07/03/2022 07:17,S1031,C00065,P2149,Web,Tarjeta,Cyber Week,1,202.33,0.1,202.33,30.35,171.98,173.08,0,,
2022-001765,22/09/2022 04:35,S1010,C00324,P2019,Marketplace,Billetera Digital,Sin Promo,3,471.27,0.0,1413.81,169.66,1244.15,283.84,1,,
2022-001766,17/01/2022 20:37,S1006,C00336,P2107,Marketplace,Transferencia,Black Friday,1,322.0,0.0,322.0,41.86,280.14,196.36,0,,
2022-001767,29/12/2022 16:19,S1036,C00001,P2042,Marketplace,Financiamiento,2x1,1,361.25,0.1,361.25,54.19,307.06,233.31,0,Revisar,
2022-001768,17/08/2022 07:26,S1035,C00165,P2063,Web,Transferencia,Cyber Week,2,63.37,0.1,126.74,19.01,107.73,34.56,0,,
2022-001769,23/11/2022 11:55,S1012,C00236,P2078,Tienda,Transferencia,Sin Promo,1,132.53,0.2,132.53,15.9,116.63,125.47,0,,
2022-001770,22/03/2022 17:41,S1041,C00529,P2142,Web,Billetera Digital,Promo 10%,1,419.81,0.15,419.81,54.58,365.23,331.65,0,,
2022-001771,21/05/2022 04:47,S1004,C00439,P2150,Tienda,Billetera Digital,Promo 15%,2,187.26,0.2,374.52,48.69,325.83,154.53,0,,
2022-001772,05/07/2022 13:17,S1035,C00179,P2096,Call Center,Billetera Digital,Black Friday,2,540.6,0.15,1081.2,162.18,919.02,369.96,1,,
2022-001773,10/02/2022 12:15,S1029,C00572,P2089,Tienda,Efectivo,Sin Promo,4,662.89,0.1,2651.56,397.73,2253.83,351.93,0,,
2022-001774,05/03/2022 20:56,S1041,C00290,P2043,Marketplace,Transferencia,Promo 15%,2,266.57,0.15,533.14,69.31,463.83,244.5,1,,
2022-001775,14/09/2022 16:30,S1037,C00503,P2070,Marketplace,Tarjeta,Cyber Week,1,522.57,0.15,522.57,67.93,454.64,281.04,0,,
2022-001776,20/09/2022 20:11,S1010,C00645,P2049,Tienda,Transferencia,Cyber Week,1,134.53,0.15,134.53,16.14,118.39,89.45,0,,
2022-001777,19/09/2022 20:49,S1031,C00114,P2118,Marketplace,Financiamiento,Cyber Week,1,65.15,0.0,65.15,9.77,55.38,45.65,0,,
2022-001778,22/01/2022 08:38,S1008,C00285,P2097,Call Center,Financiamiento,Black Friday,4,521.13,0.0,2084.52,270.99,1813.53,298.37,0,,
2022-001779,27/06/2022 12:49,S1009,C00501,P2120,Web,Transferencia,Promo 15%,2,159.6,0.2,319.2,41.5,277.7,113.2,0,,
2022-001780,19/09/2022 02:49,S1022,C00600,P2151,Web,Efectivo,2x1,4,221.55,0.1,886.2,132.93,753.27,116.51,0,,
2022-001781,18/06/2022 10:55,S1033,C00211,P2104,Call Center,Financiamiento,2x1,2,561.78,0.2,1123.56,168.53,955.03,405.18,0,,
2022-001782,10/07/2022 20:54,S1040,C00652,P2146,Marketplace,Tarjeta,Promo 10%,4,311.26,0.0,1245.04,161.86,1083.18,242.22,0,,
2022-001783,21/09/2022 16:17,S1010,C00268,P2153,Web,Financiamiento,Black Friday,1,407.91,0.0,407.91,48.95,358.96,293.96,0,,
2022-001784,12/11/2022 01:24,S1017,C00742,P2125,Marketplace,Transferencia,Promo 15%,1,344.65,0.0,344.65,41.36,303.29,235.01,0,,
2022-001785,26/05/2022 19:55,S1016,C00572,P2120,Call Center,Financiamiento,Promo 15%,3,179.55,0.1,538.65,64.64,474.01,113.2,1,,
2022-001786,24/02/2022 15:53,S1012,C00501,P2081,Marketplace,Financiamiento,Cyber Week,2,399.31,0.0,798.62,95.83,702.79,192.91,0,,
2022-001787,02/03/2022 05:36,S1009,C00722,P2064,Web,Transferencia,Sin Promo,1,82.18,0.1,82.18,10.68,71.5,57.47,0,,
2022-001788,19/08/2022 15:41,S1022,C00504,P2030,Tienda,Financiamiento,Promo 15%,2,487.3,0.1,974.6,146.19,828.41,418.38,0,,
2022-001789,21/03/2022 05:34,S1023,C00320,P2049,Call Center,Financiamiento,Promo 15%,2,134.53,0.15,269.06,40.36,228.7,89.45,0,,
2022-001790,02/02/2022 10:18,S1014,C00247,P2013,Web,Transferencia,Sin Promo,3,200.2,0.0,600.6,72.07,528.53,98.1,0,,
2022-001791,23/11/2022 01:47,S1015,C00408,P2072,Marketplace,Transferencia,Black Friday,1,604.62,0.0,604.62,72.55,532.07,420.23,0,,
2022-001792,29/05/2022 12:51,S1040,C00745,P2138,Marketplace,Financiamiento,Promo 10%,1,720.1,0.0,720.1,93.61,626.49,375.47,0,,
2022-001793,06/08/2022 20:19,S1021,C00554,P2033,Web,Efectivo,Promo 15%,5,68.31,0.15,341.55,51.23,290.32,61.26,1,,
2022-001794,05/09/2022 15:05,S1028,C00549,P2145,Marketplace,Tarjeta,Promo 15%,1,118.01,0.0,118.01,17.7,100.31,77.61,1,,
2022-001795,25/10/2022 03:20,S1029,C00022,P2108,Tienda,Transferencia,Promo 10%,1,269.21,0.05,269.21,40.38,228.83,144.01,0,,
2022-001796,31/08/2022 03:13,S1008,C00513,P2136,Call Center,Billetera Digital,Promo 15%,1,154.8,0.0,154.8,20.12,134.68,99.42,0,,
2022-001797,17/02/2022 22:46,S1037,C00265,P2106,Web,Efectivo,2x1,3,438.35,0.05,1315.05,170.96,1144.09,310.34,0,,
2022-001798,16/07/2022 01:40,S1024,C00619,P2017,Web,Tarjeta,Cyber Week,3,252.27,0.1,756.81,113.52,643.29,182.13,1,,
2022-001799,04/08/2022 01:18,S1033,C00359,P2097,Marketplace,Tarjeta,Sin Promo,2,469.02,0.1,938.04,140.71,797.33,298.37,0,,
2022-001800,08/07/2022 13:32,S1041,C00622,P2004,Web,Billetera Digital,Sin Promo,3,489.28,0.1,1467.84,190.82,1277.02,298.92,0,,
2022-001801,25/02/2022 13:27,S1022,C00346,P2117,Tienda,Efectivo,2x1,3,84.2,0.0,252.6,37.89,214.71,41.82,0,,
2022-001802,25/01/2022 01:12,S1022,C00580,P2152,Web,Efectivo,Black Friday,2,499.51,0.0,999.02,149.85,849.17,338.06,0,,
2022-001803,05/05/2022 18:11,S1033,C00449,P2148,Tienda,Efectivo,Black Friday,2,674.81,0.0,1349.62,202.44,1147.18,390.62,0,,
2022-001804,22/11/2022 16:17,S1006,C00697,P2071,Tienda,Billetera Digital,Black Friday,2,411.03,0.15,822.06,106.87,715.19,243.78,0,,
2022-001805,19/04/2022 19:13,S1011,C00405,P2092,Tienda,Financiamiento,2x1,1,762.37,0.05,762.37,91.48,670.89,416.32,0,,
2022-001806,26/07/2022 09:02,S1025,C00452,P2085,Web,Tarjeta,Black Friday,3,31.02,0.0,93.06,13.96,79.1,20.07,0,,
2022-001807,03/06/2022 18:39,S1015,C00737,P2131,Marketplace,Efectivo,Cyber Week,2,196.93,0.0,393.86,47.26,346.6,119.6,0,,
2022-001808,11/08/2022 10:38,S1010,C00774,P2105,Call Center,Transferencia,Promo 15%,2,676.15,0.0,1352.3,162.28,1190.02,320.12,0,,
2022-001809,12/05/2022 16:51,S1001,C00356,P2136,Web,Financiamiento,Black Friday,2,154.8,0.0,309.6,40.25,269.35,99.42,0,,
2022-001810,28/07/2022 08:43,S1008,C00394,P2041,Marketplace,Billetera Digital,Sin Promo,2,37.22,0.2,74.44,9.68,64.76,34.06,1,,
2022-001811,21/12/2022 20:00,S1041,C00144,P2093,Marketplace,Transferencia,Black Friday,2,118.37,0.2,236.74,30.78,205.96,75.0,0,,
2022-001812,28/03/2022 11:19,S1037,C00157,P2007,Tienda,Transferencia,Promo 15%,1,201.43,0.05,201.43,26.19,175.24,162.45,0,,
2022-001813,09/11/2022 07:54,S1040,C00074,P2113,Marketplace,Efectivo,Sin Promo,6,267.88,0.1,1607.28,208.95,1398.33,139.53,0,,
2022-001814,19/06/2022 15:54,S1021,C00312,P2016,Web,Efectivo,Black Friday,1,146.7,0.15,146.7,22.0,124.7,121.18,0,,
2022-001815,06/01/2022 05:33,S1040,C00285,P2064,Tienda,Billetera Digital,Black Friday,2,73.05,0.2,146.1,18.99,127.11,57.47,0,,
2022-001816,18/05/2022 21:27,S1029,C00044,P2064,Tienda,Tarjeta,Cyber Week,1,86.74,0.05,86.74,13.01,73.73,57.47,0,,
2022-001817,04/04/2022 05:03,S1022,C00027,P2101,Web,Efectivo,Cyber Week,2,269.22,0.2,538.44,80.77,457.67,262.94,1,,
2022-001818,19/11/2022 23:30,S1027,C00620,P2021,Call Center,Efectivo,Promo 10%,1,417.5,0.05,417.5,62.62,354.88,239.98,0,,
2022-001819,26/04/2022 17:01,S1028,C00705,P2134,Marketplace,Tarjeta,2x1,1,229.48,0.05,229.48,34.42,195.06,153.79,1,,
2022-001820,31/12/2022 02:20,S1001,C00199,P2006,Call Center,Transferencia,Cyber Week,1,381.91,0.05,381.91,49.65,332.26,287.52,0,,
2022-001821,17/06/2022 18:03,S1030,C00738,P2010,Marketplace,Transferencia,Promo 15%,2,404.09,0.0,808.18,121.23,686.95,210.17,0,,
2022-001822,17/07/2022 11:51,S1010,C00317,P2067,Call Center,Transferencia,2x1,2,553.33,0.05,1106.66,132.8,973.86,420.88,0,,
2022-001823,17/07/2022 20:26,S1029,C00248,P2100,Marketplace,Transferencia,Sin Promo,2,571.97,0.0,1143.94,171.59,972.35,422.9,1,,
2022-001824,09/03/2022 14:24,S1035,C00800,P2149,Call Center,Transferencia,Cyber Week,2,213.57,0.05,427.14,64.07,363.07,173.08,0,,
2022-001825,05/11/2022 09:36,S1004,C00198,P2126,Web,Efectivo,2x1,1,649.93,0.05,649.93,84.49,565.44,413.19,0,,
2022-001826,08/07/2022 14:58,S1007,C00172,P2114,Marketplace,Efectivo,Promo 15%,1,526.3,0.05,526.3,68.42,457.88,274.57,0,,
2022-001827,01/04/2022 01:32,S1004,C00497,P2033,Tienda,Billetera Digital,2x1,1,80.36,0.0,80.36,10.45,69.91,61.26,0,,
2022-001828,09/05/2022 16:35,S1010,C00786,P2081,Marketplace,Efectivo,Sin Promo,3,319.45,0.2,958.35,115.0,843.35,192.91,0,,
2022-001829,16/06/2022 03:00,S1015,C00509,P2027,Marketplace,Tarjeta,Promo 15%,2,331.73,0.0,663.46,79.62,583.84,230.42,0,,
2022-001830,11/07/2022 22:50,S1034,C00500,P2101,Marketplace,Billetera Digital,Promo 15%,1,336.53,0.0,336.53,50.48,286.05,262.94,0,,
2022-001831,06/10/2022 03:11,S1004,C00331,P2159,Web,Efectivo,Cyber Week,2,640.88,0.0,1281.76,166.63,1115.13,434.27,0,,
2022-001832,14/09/2022 17:19,S1016,C00336,P2009,Web,Efectivo,2x1,4,496.86,0.05,1987.44,238.49,1748.95,287.2,1,,
2022-001833,30/10/2022 01:44,S1013,C00437,P2044,Web,Efectivo,Black Friday,3,454.08,0.0,1362.24,163.47,1198.77,214.81,0,,
2022-001834,01/01/2022 14:38,S1045,C00503,P2060,Tienda,Financiamiento,Sin Promo,1,325.76,0.15,325.76,42.35,283.41,245.82,0,,
2022-001835,06/07/2022 05:30,S1031,C00743,P2032,Marketplace,Transferencia,2x1,1,466.57,0.0,466.57,69.99,396.58,330.43,1,,
2022-001836,01/06/2022 21:07,S1026,C00036,P2032,Marketplace,Billetera Digital,Black Friday,3,443.24,0.05,1329.72,199.46,1130.26,330.43,0,,
2022-001837,20/06/2022 04:49,S1045,C00648,P2060,Web,Transferencia,Black Friday,2,325.76,0.15,651.52,84.7,566.82,245.82,0,,
2022-001838,08/08/2022 03:29,S1015,C00756,P2155,Marketplace,Efectivo,Promo 15%,5,125.86,0.2,629.3,75.52,553.78,71.96,0,,
2022-001839,10/04/2022 01:37,S1021,C00639,P2039,Tienda,Financiamiento,2x1,1,381.6,0.2,381.6,57.24,324.36,251.05,1,,
2022-001840,07/07/2022 04:29,S1037,C00355,P2031,Tienda,Tarjeta,Black Friday,1,193.42,0.05,193.42,25.14,168.28,111.43,0,,
2022-001841,13/03/2022 03:57,S1020,C00308,P2085,Call Center,Transferencia,Promo 15%,1,27.92,0.1,27.92,4.19,23.73,20.07,0,,
2022-001842,24/08/2022 04:00,S1018,C00545,P2014,Web,Efectivo,Sin Promo,1,408.68,0.05,408.68,49.04,359.64,296.33,0,,
2022-001843,06/05/2022 03:00,S1006,C00331,P2143,Marketplace,Efectivo,Sin Promo,2,166.67,0.05,333.34,43.33,290.01,101.86,0,,
2022-001844,31/07/2022 15:28,S1031,C00075,P2127,Tienda,Efectivo,Promo 10%,1,696.03,0.05,696.03,104.4,591.63,361.43,0,,
2022-001845,25/07/2022 03:08,S1045,C00041,P2055,Marketplace,Billetera Digital,Sin Promo,4,140.77,0.0,563.08,73.2,489.88,77.43,0,,
2022-001846,16/03/2022 09:07,S1010,C00367,P2021,Marketplace,Efectivo,2x1,2,439.47,0.0,878.94,105.47,773.47,239.98,0,Revisar,
2022-001847,13/03/2022 01:58,S1011,C00461,P2111,Call Center,Tarjeta,Promo 10%,2,277.51,0.05,555.02,66.6,488.42,191.52,0,,
2022-001848,10/06/2022 04:06,S1006,C00279,P2080,Call Center,Billetera Digital,2x1,1,301.79,0.0,301.79,39.23,262.56,221.89,0,,
2022-001849,07/08/2022 21:04,S1018,C00478,P2142,Tienda,Tarjeta,Promo 10%,1,469.2,0.05,469.2,56.3,412.9,331.65,0,,
2022-001850,24/12/2022 19:01,S1040,C00267,P2106,Call Center,Billetera Digital,Promo 10%,1,438.35,0.05,438.35,56.99,381.36,310.34,0,,
2022-001851,04/05/2022 13:17,S1036,C00666,P2036,Web,Efectivo,Sin Promo,3,288.63,0.0,865.89,129.88,736.01,143.03,1,,
2022-001852,09/07/2022 09:55,S1025,C00491,P2006,Marketplace,Tarjeta,2x1,2,341.71,0.15,683.42,102.51,580.91,287.52,0,,
2022-001853,31/08/2022 02:02,S1023,C00351,P2018,Marketplace,Efectivo,Promo 10%,4,352.67,0.1,1410.68,211.6,1199.08,224.11,0,,
2022-001854,28/12/2022 19:13,S1014,C00396,P2004,Marketplace,Efectivo,2x1,1,543.65,0.0,543.65,65.24,478.41,298.92,1,,
2022-001855,16/05/2022 15:00,S1012,C00345,P2107,Marketplace,Transferencia,Cyber Week,3,257.6,0.2,772.8,92.74,680.06,196.36,0,,
2022-001856,21/10/2022 00:53,S1007,C00513,P2009,Marketplace,Tarjeta,Cyber Week,1,523.01,0.0,523.01,67.99,455.02,287.2,0,Revisar,
2022-001857,15/06/2022 11:05,S1007,C00474,P2101,Marketplace,Tarjeta,Sin Promo,2,336.53,0.0,673.06,87.5,585.56,262.94,0,,
2022-001858,24/04/2022 06:55,S1007,C00347,P2077,Marketplace,Efectivo,Promo 10%,1,635.75,0.2,635.75,82.65,553.1,400.81,0,,
2022-001859,14/04/2022 08:40,S1020,C00429,P2012,Marketplace,Transferencia,Promo 10%,1,748.91,0.05,748.91,112.34,636.57,363.05,0,,
2022-001860,25/12/2022 01:55,S1039,C00336,P2076,Marketplace,Tarjeta,2x1,1,78.02,0.2,78.02,10.14,67.88,50.2,0,,
2022-001861,30/04/2022 16:24,S1025,C00636,P2071,Web,Tarjeta,2x1,4,483.57,0.0,1934.28,290.14,1644.14,243.78,0,,
2022-001862,19/05/2022 16:03,S1036,C00521,P2106,Web,Transferencia,Cyber Week,1,369.14,0.2,369.14,55.37,313.77,310.34,1,,
2022-001863,15/11/2022 06:10,S1004,C00301,P2017,Web,Efectivo,Cyber Week,2,238.25,0.15,476.5,61.95,414.55,182.13,0,,
2022-001864,29/08/2022 03:22,S1044,C00192,P2041,Marketplace,Financiamiento,Black Friday,2,37.22,0.2,74.44,9.68,64.76,34.06,0,,
2022-001865,21/08/2022 13:47,S1002,C00220,P2098,Tienda,Transferencia,Black Friday,2,645.08,0.0,1290.16,167.72,1122.44,389.5,0,,
2022-001866,10/09/2022 08:37,S1043,C00110,P2029,Web,Tarjeta,Cyber Week,5,393.2,0.2,1966.0,255.58,1710.42,271.13,0,,
2022-001867,30/01/2022 12:38,S1034,C00394,P2041,Tienda,Financiamiento,Black Friday,3,37.22,0.2,111.66,16.75,94.91,34.06,0,,
2022-001868,07/04/2022 09:00,S1020,C00600,P2033,Call Center,Billetera Digital,Promo 10%,3,80.36,0.0,241.08,36.16,204.92,61.26,0,,
2022-001869,28/05/2022 23:25,S1031,C00143,P2063,Marketplace,Transferencia,Sin Promo,2,63.37,0.1,126.74,19.01,107.73,34.56,0,Revisar,
2022-001870,29/06/2022 22:55,S1025,C00371,P2035,Marketplace,Efectivo,Cyber Week,1,725.28,0.2,725.28,108.79,616.49,418.3,0,,
2022-001871,20/10/2022 07:22,S1012,C00751,P2137,Call Center,Tarjeta,Cyber Week,5,428.74,0.0,2143.7,257.24,1886.46,246.0,0,,
2022-001872,15/07/2022 13:25,S1001,C00758,P2052,Call Center,Efectivo,Sin Promo,1,94.69,0.0,94.69,12.31,82.38,47.67,0,,
2022-001873,03/10/2022 23:35,S1007,C00336,P2093,Web,Financiamiento,Sin Promo,1,147.96,0.0,147.96,19.23,128.73,75.0,0,,
2022-001874,05/12/2022 05:49,S1008,C00606,P2096,Web,Financiamiento,Cyber Week,1,508.8,0.2,508.8,66.14,442.66,369.96,0,,
2022-001875,04/03/2022 20:25,S1044,C00011,P2046,Tienda,Tarjeta,Sin Promo,2,290.06,0.2,580.12,75.42,504.7,192.92,0,,
2022-001876,23/04/2022 15:52,S1036,C00040,P2064,Tienda,Billetera Digital,Promo 15%,3,82.18,0.1,246.54,36.98,209.56,57.47,0,,
2022-001877,02/01/2022 20:14,S1010,C00027,P2117,Tienda,Tarjeta,Promo 10%,1,79.99,0.05,79.99,9.6,70.39,41.82,0,,
2022-001878,13/09/2022 14:47,S1004,C00453,P2131,Tienda,Transferencia,Cyber Week,2,177.24,0.1,354.48,46.08,308.4,119.6,1,,
2022-001879,20/12/2022 19:04,S1006,C00564,P2022,Call Center,Financiamiento,Sin Promo,2,359.94,0.2,719.88,93.58,626.3,325.44,0,,
2022-001880,23/05/2022 21:25,S1030,C00418,P2072,Call Center,Billetera Digital,Promo 10%,2,513.93,0.15,1027.86,154.18,873.68,420.23,0,,
2022-001881,23/02/2022 20:30,S1023,C00230,P2038,Call Center,Transferencia,2x1,1,118.96,0.15,118.96,17.84,101.12,104.22,0,,
2022-001882,09/09/2022 16:22,S1014,C00058,P2015,Marketplace,Financiamiento,Cyber Week,1,173.77,0.0,173.77,20.85,152.92,122.14,0,,
2022-001883,18/12/2022 04:04,S1008,C00504,P2026,Web,Efectivo,Sin Promo,6,367.94,0.2,2207.64,286.99,1920.65,230.43,0,,
2022-001884,03/03/2022 07:27,S1039,C00213,P2020,Call Center,Transferencia,Cyber Week,1,49.36,0.0,49.36,6.42,42.94,32.33,0,,
2022-001885,10/12/2022 22:12,S1031,C00794,P2013,Tienda,Financiamiento,Promo 15%,1,200.2,0.0,200.2,30.03,170.17,98.1,0,,
2022-001886,06/08/2022 17:00,S1017,C00222,P2124,Call Center,Financiamiento,Promo 10%,3,380.55,0.2,1141.65,137.0,1004.65,351.18,0,,
2022-001887,05/10/2022 04:23,S1007,C00572,P2001,Tienda,Financiamiento,Cyber Week,2,81.45,0.15,162.9,21.18,141.72,59.67,0,,
2022-001888,15/05/2022 18:33,S1025,C00303,P2007,Call Center,Financiamiento,Black Friday,2,212.03,0.0,424.06,63.61,360.45,162.45,0,,
2022-001889,11/07/2022 22:21,S1024,C00596,P2131,Marketplace,Billetera Digital,Promo 15%,4,167.39,0.15,669.56,100.43,569.13,119.6,0,,
2022-001890,02/10/2022 08:33,S1042,C00780,P2067,Call Center,Tarjeta,Promo 10%,1,524.21,0.1,524.21,68.15,456.06,420.88,0,,
2022-001891,16/03/2022 01:18,S1027,C00659,P2160,Web,Tarjeta,Cyber Week,3,731.0,0.1,2193.0,328.95,1864.05,418.28,0,,
2022-001892,11/05/2022 15:30,S1015,C00216,P2049,Web,Financiamiento,2x1,2,158.27,0.0,316.54,37.98,278.56,89.45,0,,
2022-001893,23/10/2022 03:14,S1019,C00252,P2102,Web,Efectivo,Promo 15%,2,450.78,0.1,901.56,135.23,766.33,270.07,0,,
2022-001894,14/12/2022 01:22,S1044,C00283,P2042,Web,Billetera Digital,2x1,1,401.39,0.0,401.39,52.18,349.21,233.31,0,,
2022-001895,21/04/2022 01:26,S1040,C00731,P2096,Web,Billetera Digital,Cyber Week,1,604.2,0.05,604.2,78.55,525.65,369.96,1,,
2022-001896,02/09/2022 13:36,S1006,C00763,P2123,Marketplace,Efectivo,2x1,1,175.11,0.0,175.11,22.76,152.35,112.82,1,,
2022-001897,29/03/2022 01:56,S1016,C00729,P2131,Marketplace,Billetera Digital,2x1,1,167.39,0.15,167.39,20.09,147.3,119.6,0,,
2022-001898,03/09/2022 18:21,S1039,C00057,P2154,Web,Financiamiento,Black Friday,1,733.21,0.0,733.21,95.32,637.89,427.53,1,,
2022-001899,29/10/2022 07:10,S1016,C00259,P2055,Tienda,Financiamiento,Promo 10%,1,140.77,0.0,140.77,16.89,123.88,77.43,0,,
2022-001900,26/03/2022 04:38,S1009,C00399,P2035,Tienda,Financiamiento,Cyber Week,1,906.6,0.0,906.6,117.86,788.74,418.3,0,,
2022-001901,19/09/2022 15:42,S1011,C00104,P2070,Web,Billetera Digital,Cyber Week,1,614.79,0.0,614.79,73.77,541.02,281.04,0,,
2022-001902,18/12/2022 15:59,S1019,C00546,P2081,Tienda,Transferencia,Promo 15%,1,319.45,0.2,319.45,47.92,271.53,192.91,0,,
2022-001903,21/12/2022 18:01,S1030,C00027,P2057,Tienda,Financiamiento,Promo 15%,3,335.84,0.2,1007.52,151.13,856.39,314.68,0,,
2022-001904,07/02/2022 04:34,S1019,C00394,P2113,Marketplace,Transferencia,Promo 10%,2,297.65,0.0,595.3,89.29,506.01,139.53,0,,
2022-001905,07/05/2022 18:18,S1007,C00525,P2023,Tienda,Transferencia,2x1,4,529.75,0.0,2119.0,275.47,1843.53,346.8,0,,
2022-001906,17/01/2022 21:23,S1025,C00322,P2040,Web,Tarjeta,Black Friday,1,56.52,0.05,56.52,8.48,48.04,35.66,0,,
2022-001907,21/09/2022 01:15,S1028,C00035,P2024,Call Center,Billetera Digital,Cyber Week,3,316.27,0.0,948.81,142.32,806.49,197.91,0,,
2022-001908,19/08/2022 23:26,S1007,C00293,P2054,Web,Billetera Digital,Promo 15%,1,440.12,0.05,440.12,57.22,382.9,220.6,0,Revisar,
2022-001909,13/04/2022 20:59,S1003,C00487,P2104,Call Center,Financiamiento,Sin Promo,1,632.01,0.1,632.01,82.16,549.85,405.18,0,,
2022-001910,02/10/2022 11:29,S1043,C00661,P2012,Marketplace,Efectivo,Black Friday,1,748.91,0.05,748.91,97.36,651.55,363.05,1,,
2022-001911,20/05/2022 09:41,S1041,C00363,P2014,Tienda,Tarjeta,Promo 15%,3,430.19,0.0,1290.57,167.77,1122.8,296.33,0,,
2022-001912,07/09/2022 21:35,S1041,C00149,P2002,Web,Transferencia,Promo 15%,2,261.14,0.1,522.28,67.9,454.38,134.76,0,,
2022-001913,18/03/2022 04:10,S1045,C00230,P2114,Tienda,Billetera Digital,Sin Promo,4,554.0,0.0,2216.0,288.08,1927.92,274.57,0,,
2022-001914,07/10/2022 23:18,S1031,C00757,P2145,Tienda,Efectivo,Promo 10%,2,106.21,0.1,212.42,31.86,180.56,77.61,1,,
2022-001915,28/10/2022 08:56,S1039,C00263,P2019,Web,Billetera Digital,Promo 15%,1,471.27,0.0,471.27,61.27,410.0,283.84,0,,
2022-001916,21/11/2022 02:49,S1014,C00113,P2117,Call Center,Tarjeta,Promo 10%,1,84.2,0.0,84.2,10.1,74.1,41.82,0,,
2022-001917,23/08/2022 13:27,S1017,C00082,P2009,Tienda,Financiamiento,Promo 15%,1,444.56,0.15,444.56,53.35,391.21,287.2,1,,
2022-001918,24/03/2022 13:59,S1034,C00434,P2001,Marketplace,Transferencia,Promo 15%,1,76.66,0.2,76.66,11.5,65.16,59.67,0,,
2022-001919,25/03/2022 00:07,S1016,C00482,P2154,Web,Transferencia,Cyber Week,4,733.21,0.0,2932.84,351.94,2580.9,427.53,0,,
2022-001920,19/07/2022 22:40,S1045,C00226,P2049,Web,Efectivo,Black Friday,3,158.27,0.0,474.81,61.73,413.08,89.45,0,,
2022-001921,03/01/2022 17:50,S1002,C00582,P2125,Call Center,Efectivo,Cyber Week,3,344.65,0.0,1033.95,134.41,899.54,235.01,0,,
2022-001922,28/04/2022 10:03,S1045,C00662,P2084,Marketplace,Transferencia,2x1,1,10.89,0.0,10.89,1.42,9.47,8.31,1,,
2022-001923,26/01/2022 01:50,S1009,C00229,P2009,Web,Billetera Digital,Black Friday,1,418.41,0.2,418.41,54.39,364.02,287.2,0,,
2022-001924,27/01/2022 16:04,S1038,C00435,P2129,Marketplace,Tarjeta,2x1,2,403.96,0.2,807.92,105.03,702.89,401.84,0,,
2022-001925,22/06/2022 04:51,S1018,C00598,P2055,Tienda,Efectivo,Sin Promo,1,119.65,0.15,119.65,14.36,105.29,77.43,0,,
2022-001926,26/03/2022 10:35,S1019,C00294,P2032,Marketplace,Financiamiento,Sin Promo,2,443.24,0.05,886.48,132.97,753.51,330.43,0,,
2022-001927,21/09/2022 01:30,S1012,C00678,P2005,Call Center,Transferencia,Cyber Week,4,545.93,0.0,2183.72,262.05,1921.67,390.45,0,,
2022-001928,28/09/2022 12:13,S1022,C00062,P2123,Web,Efectivo,2x1,1,175.11,0.0,175.11,26.27,148.84,112.82,0,,
2022-001929,04/07/2022 00:26,S1010,C00001,P2121,Tienda,Transferencia,2x1,1,417.78,0.0,417.78,50.13,367.65,207.12,1,,
2022-001930,13/06/2022 20:05,S1042,C00202,P2046,Tienda,Transferencia,Cyber Week,1,308.18,0.15,308.18,40.06,268.12,192.92,0,,
2022-001931,08/10/2022 06:12,S1021,C00166,P2068,Marketplace,Efectivo,Cyber Week,2,209.44,0.15,418.88,62.83,356.05,122.46,0,,
2022-001932,31/10/2022 06:29,S1037,C00604,P2051,Tienda,Tarjeta,Cyber Week,1,684.37,0.2,684.37,88.97,595.4,394.02,0,,
2022-001933,23/03/2022 20:46,S1031,C00704,P2117,Marketplace,Billetera Digital,Sin Promo,2,75.78,0.1,151.56,22.73,128.83,41.82,0,,
2022-001934,26/02/2022 10:20,S1037,C00253,P2060,Web,Billetera Digital,Promo 15%,1,383.25,0.0,383.25,49.82,333.43,245.82,1,,
2022-001935,27/12/2022 14:26,S1017,C00261,P2093,Web,Billetera Digital,Sin Promo,4,133.16,0.1,532.64,63.92,468.72,75.0,0,,
2022-001936,28/03/2022 15:00,S1028,C00445,P2079,Tienda,Efectivo,Cyber Week,1,249.59,0.0,249.59,37.44,212.15,156.92,0,,
2022-001937,25/02/2022 16:23,S1017,C00266,P2118,Web,Tarjeta,Black Friday,1,65.15,0.0,65.15,7.82,57.33,45.65,0,,
2022-001938,28/11/2022 11:01,S1006,C00667,P2013,Call Center,Financiamiento,Promo 15%,3,190.19,0.05,570.57,74.17,496.4,98.1,0,,
2022-001939,02/06/2022 19:47,S1022,C00344,P2011,Web,Financiamiento,Promo 10%,1,353.45,0.1,353.45,53.02,300.43,309.34,0,,
2022-001940,05/03/2022 09:00,S1036,C00367,P2001,Marketplace,Billetera Digital,Sin Promo,2,91.03,0.05,182.06,27.31,154.75,59.67,0,,
2022-001941,09/06/2022 09:56,S1019,C00252,P2122,Tienda,Transferencia,Promo 10%,2,613.46,0.1,1226.92,184.04,1042.88,324.38,0,,
2022-001942,28/02/2022 20:22,S1008,C00172,P2030,Tienda,Efectivo,Sin Promo,2,541.44,0.0,1082.88,140.77,942.11,418.38,0,,
2022-001943,11/06/2022 05:00,S1041,C00142,P2040,Call Center,Billetera Digital,Promo 10%,1,59.49,0.0,59.49,7.73,51.76,35.66,0,,
2022-001944,29/05/2022 06:39,S1011,C00344,P2019,Tienda,Efectivo,Promo 10%,2,400.58,0.15,801.16,96.14,705.02,283.84,1,,
2022-001945,09/05/2022 14:21,S1016,C00492,P2133,Call Center,Tarjeta,Cyber Week,1,49.96,0.05,49.96,6.0,43.96,38.56,0,,
2022-001946,22/03/2022 00:21,S1018,C00062,P2065,Web,Transferencia,Promo 10%,6,408.29,0.0,2449.74,293.97,2155.77,269.16,0,,
2022-001947,02/10/2022 15:26,S1038,C00188,P2092,Call Center,Financiamiento,2x1,2,802.49,0.0,1604.98,208.65,1396.33,416.32,0,,
2022-001948,09/06/2022 04:54,S1008,C00354,P2025,Web,Billetera Digital,Black Friday,2,564.63,0.15,1129.26,146.8,982.46,394.63,0,,
2022-001949,24/11/2022 15:31,S1030,C00631,P2071,Marketplace,Tarjeta,Black Friday,3,459.39,0.05,1378.17,206.73,1171.44,243.78,1,,
2022-001950,13/09/2022 17:43,S1045,C00607,P2085,Tienda,Financiamiento,Cyber Week,4,31.02,0.0,124.08,16.13,107.95,20.07,0,,
2022-001951,02/04/2022 10:38,S1014,C00085,P2134,Tienda,Efectivo,Promo 10%,3,241.56,0.0,724.68,86.96,637.72,153.79,1,,
2022-001952,19/01/2022 13:29,S1024,C00196,P2018,Call Center,Efectivo,Promo 15%,4,391.86,0.0,1567.44,235.12,1332.32,224.11,0,,
2022-001953,12/03/2022 12:32,S1014,C00594,P2042,Marketplace,Transferencia,Sin Promo,1,381.32,0.05,381.32,45.76,335.56,233.31,0,,
2022-001954,08/12/2022 19:21,S1027,C00189,P2131,Web,Financiamiento,2x1,2,196.93,0.0,393.86,59.08,334.78,119.6,1,,
2022-001955,30/12/2022 08:31,S1001,C00170,P2107,Web,Efectivo,Black Friday,2,322.0,0.0,644.0,83.72,560.28,196.36,1,,
2022-001956,22/02/2022 20:04,S1034,C00481,P2143,Web,Financiamiento,Cyber Week,1,157.9,0.1,157.9,23.68,134.22,101.86,0,,
2022-001957,10/12/2022 22:48,S1007,C00073,P2071,Call Center,Billetera Digital,Cyber Week,1,386.86,0.2,386.86,50.29,336.57,243.78,0,,
2022-001958,22/09/2022 00:46,S1026,C00291,P2143,Tienda,Transferencia,Promo 10%,2,149.12,0.15,298.24,44.74,253.5,101.86,1,,
2022-001959,29/04/2022 12:49,S1033,C00778,P2083,Web,Tarjeta,Black Friday,4,497.25,0.05,1989.0,298.35,1690.65,334.59,0,,
2022-001960,05/11/2022 13:22,S1013,C00672,P2117,Tienda,Financiamiento,Cyber Week,2,84.2,0.0,168.4,20.21,148.19,41.82,0,,
2022-001961,31/10/2022 06:48,S1028,C00263,P2045,Web,Transferencia,Promo 10%,2,58.57,0.15,117.14,17.57,99.57,46.07,0,,
2022-001962,29/12/2022 17:01,S1015,C00716,P2155,Tienda,Financiamiento,Cyber Week,3,157.33,0.0,471.99,56.64,415.35,71.96,0,,
2022-001963,11/09/2022 17:27,S1009,C00493,P2018,Marketplace,Billetera Digital,Promo 15%,1,333.08,0.15,333.08,43.3,289.78,224.11,1,,
2022-001964,23/10/2022 22:11,S1013,C00136,P2030,Web,Transferencia,2x1,2,514.37,0.05,1028.74,123.45,905.29,418.38,0,,
2022-001965,16/09/2022 15:09,S1017,C00349,P2079,Web,Tarjeta,Promo 10%,3,237.11,0.05,711.33,85.36,625.97,156.92,0,,
2022-001966,06/01/2022 11:50,S1005,C00629,P2056,Tienda,Billetera Digital,Promo 15%,4,886.94,0.0,3547.76,461.21,3086.55,417.23,0,,
2022-001967,24/05/2022 13:04,S1014,C00641,P2072,Web,Transferencia,Black Friday,1,604.62,0.0,604.62,72.55,532.07,420.23,0,,
2022-001968,22/06/2022 03:40,S1002,C00064,P2014,Web,Tarjeta,Cyber Week,1,344.15,0.2,344.15,44.74,299.41,296.33,0,,
2022-001969,10/11/2022 02:27,S1035,C00045,P2074,Call Center,Efectivo,Cyber Week,1,281.27,0.0,281.27,42.19,239.08,138.92,1,,
2022-001970,01/07/2022 03:59,S1006,C00127,P2136,Tienda,Tarjeta,Black Friday,4,131.58,0.15,526.32,68.42,457.9,99.42,0,,
2022-001971,12/09/2022 11:14,S1030,C00403,P2047,Web,Financiamiento,Promo 10%,1,388.27,0.15,388.27,58.24,330.03,295.44,0,,
2022-001972,02/07/2022 22:02,S1042,C00517,P2145,Marketplace,Tarjeta,Promo 15%,1,94.41,0.2,94.41,12.27,82.14,77.61,0,,
2022-001973,09/09/2022 08:38,S1008,C00198,P2005,Web,Efectivo,Promo 15%,2,545.93,0.0,1091.86,141.94,949.92,390.45,0,,
2022-001974,03/08/2022 17:43,S1010,C00416,P2156,Call Center,Tarjeta,Cyber Week,3,65.14,0.2,195.42,23.45,171.97,55.02,0,,
2022-001975,14/12/2022 06:16,S1006,C00232,P2038,Tienda,Efectivo,Black Friday,1,111.96,0.2,111.96,14.55,97.41,104.22,0,,
2022-001976,14/08/2022 02:17,S1002,C00783,P2119,Web,Transferencia,Promo 15%,4,610.46,0.2,2441.84,317.44,2124.4,363.73,1,,
2022-001977,15/08/2022 11:39,S1004,C00045,P2119,Tienda,Tarjeta,Promo 10%,4,610.46,0.2,2441.84,317.44,2124.4,363.73,0,,
2022-001978,12/06/2022 21:09,S1019,C00529,P2006,Call Center,Efectivo,Sin Promo,2,321.61,0.2,643.22,96.48,546.74,287.52,0,,
2022-001979,06/06/2022 22:04,S1004,C00183,P2008,Web,Tarjeta,Sin Promo,3,874.23,0.0,2622.69,340.95,2281.74,421.75,0,,
2022-001980,15/09/2022 14:39,S1035,C00235,P2096,Tienda,Financiamiento,Cyber Week,1,636.0,0.0,636.0,95.4,540.6,369.96,0,,
2022-001981,25/10/2022 09:26,S1009,C00198,P2055,Tienda,Efectivo,Black Friday,2,140.77,0.0,281.54,36.6,244.94,77.43,0,,
2022-001982,18/09/2022 00:40,S1026,C00341,P2076,Marketplace,Billetera Digital,Promo 15%,1,92.64,0.05,92.64,13.9,78.74,50.2,1,,
2022-001983,17/02/2022 01:21,S1043,C00262,P2066,Tienda,Billetera Digital,Promo 10%,4,524.71,0.0,2098.84,272.85,1825.99,297.19,0,,
2022-001984,08/02/2022 09:12,S1006,C00636,P2032,Call Center,Tarjeta,Promo 10%,1,466.57,0.0,466.57,60.65,405.92,330.43,0,,
2022-001985,15/05/2022 15:23,S1021,C00638,P2046,Call Center,Billetera Digital,2x1,1,308.18,0.15,308.18,46.23,261.95,192.92,1,,
2022-001986,20/11/2022 06:58,S1025,C00668,P2100,Marketplace,Billetera Digital,Black Friday,1,571.97,0.0,571.97,85.8,486.17,422.9,0,,
2022-001987,02/09/2022 00:23,S1002,C00142,P2070,Tienda,Transferencia,Promo 10%,1,614.79,0.0,614.79,79.92,534.87,281.04,1,,
2022-001988,09/06/2022 18:02,S1015,C00791,P2110,Web,Transferencia,Promo 15%,1,354.21,0.15,354.21,42.51,311.7,314.95,0,,
2022-001989,23/02/2022 01:34,S1014,C00365,P2108,Tienda,Tarjeta,Promo 15%,1,283.38,0.0,283.38,34.01,249.37,144.01,0,,
2022-001990,01/01/2022 02:23,S1003,C00592,P2046,Tienda,Efectivo,Sin Promo,1,362.57,0.0,362.57,47.13,315.44,192.92,0,,
2022-001991,22/06/2022 13:20,S1031,C00039,P2080,Call Center,Billetera Digital,Promo 15%,1,256.52,0.15,256.52,38.48,218.04,221.89,0,,
2022-001992,25/01/2022 17:11,S1042,C00700,P2018,Web,Efectivo,Black Friday,3,391.86,0.0,1175.58,152.83,1022.75,224.11,0,,
2022-001993,05/08/2022 16:54,S1022,C00409,P2160,Call Center,Financiamiento,Sin Promo,1,812.22,0.0,812.22,121.83,690.39,418.28,1,,
2022-001994,25/09/2022 21:50,S1025,C00022,P2096,Call Center,Billetera Digital,2x1,4,572.4,0.1,2289.6,343.44,1946.16,369.96,0,,
2022-001995,05/08/2022 17:20,S1041,C00577,P2012,Tienda,Efectivo,Black Friday,3,788.33,0.0,2364.99,307.45,2057.54,363.05,0,Revisar,
2022-001996,26/08/2022 23:53,S1017,C00632,P2097,Web,Billetera Digital,Black Friday,1,416.9,0.2,416.9,50.03,366.87,298.37,0,,
2022-001997,30/09/2022 20:53,S1023,C00497,P2044,Web,Tarjeta,Promo 15%,1,431.38,0.05,431.38,64.71,366.67,214.81,0,,
2022-001998,01/09/2022 08:11,S1031,C00768,P2011,Tienda,Billetera Digital,Promo 15%,1,392.72,0.0,392.72,58.91,333.81,309.34,0,,
2022-001999,24/06/2022 18:15,S1018,C00705,P2046,Tienda,Financiamiento,Cyber Week,1,326.31,0.1,326.31,39.16,287.15,192.92,0,,
2022-002000,24/05/2022 04:07,S1017,C00785,P2081,Tienda,Financiamiento,Black Friday,2,339.41,0.15,678.82,81.46,597.36,192.91,1,,
2022-002001,26/07/2022 11:20,S1039,C00086,P2060,Web,Tarjeta,Promo 15%,3,383.25,0.0,1149.75,149.47,1000.28,245.82,0,,
2022-002002,13/06/2022 18:34,S1025,C00134,P2042,Tienda,Billetera Digital,Cyber Week,1,401.39,0.0,401.39,60.21,341.18,233.31,0,,
2022-002003,03/05/2022 14:14,S1022,C00392,P2132,Marketplace,Transferencia,Promo 15%,3,321.61,0.0,964.83,144.72,820.11,220.13,0,,
2022-002004,08/04/2022 08:34,S1009,C00442,P2128,Tienda,Billetera Digital,Promo 15%,2,529.52,0.05,1059.04,137.68,921.36,269.57,0,,
2022-002005,16/01/2022 14:56,S1005,C00750,P2133,Call Center,Financiamiento,Sin Promo,1,52.59,0.0,52.59,6.84,45.75,38.56,0,,
2022-002006,28/01/2022 17:02,S1015,C00688,P2054,Marketplace,Efectivo,2x1,5,463.28,0.0,2316.4,277.97,2038.43,220.6,0,,
2022-002007,03/12/2022 10:09,S1034,C00429,P2131,Marketplace,Transferencia,Cyber Week,1,167.39,0.15,167.39,25.11,142.28,119.6,1,,
2022-002008,28/06/2022 12:15,S1038,C00666,P2103,Marketplace,Transferencia,Promo 15%,3,361.16,0.15,1083.48,140.85,942.63,274.37,0,,
2022-002009,19/08/2022 18:47,S1039,C00451,P2067,Call Center,Financiamiento,2x1,3,495.08,0.15,1485.24,193.08,1292.16,420.88,1,,
2022-002010,15/09/2022 19:08,S1001,C00136,P2076,Web,Efectivo,Sin Promo,2,78.02,0.2,156.04,20.29,135.75,50.2,0,,
2022-002011,20/01/2022 16:35,S1041,C00090,P2012,Tienda,Transferencia,Sin Promo,3,670.08,0.15,2010.24,261.33,1748.91,363.05,0,,
2022-002012,08/06/2022 18:00,S1006,C00322,P2010,Tienda,Efectivo,Promo 15%,3,404.09,0.0,1212.27,157.6,1054.67,210.17,0,,
2022-002013,24/02/2022 16:09,S1025,C00435,P2076,Tienda,Transferencia,Sin Promo,1,92.64,0.05,92.64,13.9,78.74,50.2,0,,
2022-002014,22/12/2022 11:18,S1022,C00683,P2055,Call Center,Tarjeta,Black Friday,2,133.73,0.05,267.46,40.12,227.34,77.43,0,,
2022-002015,12/05/2022 09:57,S1030,C00104,P2073,Web,Transferencia,Promo 15%,1,156.33,0.05,156.33,23.45,132.88,131.1,0,,
2022-002016,31/01/2022 09:25,S1043,C00365,P2074,Call Center,Tarjeta,Sin Promo,2,267.21,0.05,534.42,69.47,464.95,138.92,0,,
2022-002017,02/03/2022 18:16,S1036,C00064,P2130,Tienda,Efectivo,Promo 10%,2,561.03,0.2,1122.06,168.31,953.75,404.15,0,,
2022-002018,17/06/2022 16:51,S1029,C00110,P2046,Marketplace,Transferencia,Promo 10%,3,308.18,0.15,924.54,138.68,785.86,192.92,0,,
2022-002019,26/08/2022 08:53,S1004,C00296,P2101,Call Center,Financiamiento,Black Friday,1,269.22,0.2,269.22,35.0,234.22,262.94,0,,
2022-002020,11/11/2022 17:34,S1017,C00412,P2070,Tienda,Efectivo,Cyber Week,2,614.79,0.0,1229.58,147.55,1082.03,281.04,0,,
2022-002021,14/05/2022 08:17,S1014,C00529,P2061,Call Center,Financiamiento,Black Friday,2,42.68,0.0,85.36,10.24,75.12,26.36,0,Revisar,
2022-002022,14/09/2022 21:28,S1022,C00638,P2009,Call Center,Billetera Digital,Promo 10%,2,523.01,0.0,1046.02,156.9,889.12,287.2,0,,
2022-002023,28/08/2022 00:48,S1028,C00077,P2006,Tienda,Tarjeta,Cyber Week,1,361.81,0.1,361.81,54.27,307.54,287.52,0,,
2022-002024,31/01/2022 03:23,S1032,C00790,P2117,Marketplace,Efectivo,Promo 10%,2,67.36,0.2,134.72,20.21,114.51,41.82,0,,
2022-002025,12/02/2022 09:37,S1031,C00619,P2097,Call Center,Transferencia,Sin Promo,4,442.96,0.15,1771.84,265.78,1506.06,298.37,0,,
2022-002026,05/03/2022 06:02,S1025,C00390,P2061,Tienda,Financiamiento,Sin Promo,2,38.41,0.1,76.82,11.52,65.3,26.36,0,,
2022-002027,06/05/2022 09:52,S1036,C00734,P2076,Call Center,Transferencia,Promo 10%,1,78.02,0.2,78.02,11.7,66.32,50.2,1,,
2022-002028,21/03/2022 12:53,S1036,C00658,P2049,Call Center,Transferencia,Sin Promo,4,126.62,0.2,506.48,75.97,430.51,89.45,1,,
2022-002029,19/06/2022 07:38,S1041,C00475,P2085,Tienda,Efectivo,Promo 10%,1,31.02,0.0,31.02,4.03,26.99,20.07,0,,
2022-002030,07/02/2022 12:15,S1028,C00197,P2008,Tienda,Tarjeta,Black Friday,1,743.1,0.15,743.1,111.47,631.63,421.75,0,,
2022-002031,24/11/2022 05:00,S1001,C00372,P2145,Call Center,Tarjeta,Promo 10%,1,118.01,0.0,118.01,15.34,102.67,77.61,1,,
2022-002032,25/07/2022 23:39,S1017,C00028,P2120,Tienda,Transferencia,Promo 10%,2,199.5,0.0,399.0,47.88,351.12,113.2,0,,
2022-002033,08/02/2022 11:15,S1037,C00517,P2147,Call Center,Financiamiento,Cyber Week,1,465.95,0.15,465.95,60.57,405.38,299.7,0,,
2022-002034,07/07/2022 07:17,S1038,C00225,P2107,Web,Transferencia,2x1,2,273.7,0.15,547.4,71.16,476.24,196.36,0,,
2022-002035,05/03/2022 14:54,S1009,C00597,P2055,Marketplace,Billetera Digital,Black Friday,1,119.65,0.15,119.65,15.55,104.1,77.43,1,,
2022-002036,09/11/2022 11:19,S1037,C00405,P2089,Call Center,Tarjeta,Black Friday,1,736.54,0.0,736.54,95.75,640.79,351.93,0,,
2022-002037,18/06/2022 11:27,S1009,C00367,P2042,Marketplace,Billetera Digital,Promo 10%,1,321.11,0.2,321.11,41.74,279.37,233.31,0,,
2022-002038,29/09/2022 04:37,S1008,C00155,P2078,Marketplace,Tarjeta,Black Friday,3,149.09,0.1,447.27,58.15,389.12,125.47,0,,
2022-002039,19/05/2022 22:17,S1027,C00326,P2075,Marketplace,Tarjeta,Promo 10%,2,464.04,0.2,928.08,139.21,788.87,301.87,0,,
2022-002040,10/03/2022 07:05,S1035,C00476,P2033,Web,Transferencia,Black Friday,1,80.36,0.0,80.36,12.05,68.31,61.26,0,,
2022-002041,22/12/2022 07:30,S1003,C00070,P2062,Marketplace,Efectivo,Black Friday,5,95.11,0.15,475.55,61.82,413.73,74.21,0,,
2022-002042,16/01/2022 12:14,S1033,C00325,P2030,Call Center,Transferencia,Sin Promo,1,433.15,0.2,433.15,64.97,368.18,418.38,0,,
2022-002043,07/12/2022 18:30,S1003,C00611,P2038,Call Center,Efectivo,Promo 15%,1,118.96,0.15,118.96,15.46,103.5,104.22,0,,
2022-002044,31/05/2022 04:47,S1028,C00373,P2073,Call Center,Financiamiento,2x1,1,164.56,0.0,164.56,24.68,139.88,131.1,0,,
2022-002045,10/05/2022 10:23,S1011,C00790,P2031,Call Center,Transferencia,Black Friday,3,203.6,0.0,610.8,73.3,537.5,111.43,0,,
2022-002046,18/01/2022 11:08,S1045,C00295,P2093,Tienda,Tarjeta,2x1,2,118.37,0.2,236.74,30.78,205.96,75.0,0,,
2022-002047,17/07/2022 20:41,S1010,C00757,P2102,Web,Financiamiento,Promo 15%,2,450.78,0.1,901.56,108.19,793.37,270.07,0,,
2022-002048,11/08/2022 04:35,S1019,C00169,P2092,Call Center,Transferencia,Promo 15%,5,682.12,0.15,3410.6,511.59,2899.01,416.32,0,,
2022-002049,12/09/2022 16:50,S1005,C00441,P2011,Marketplace,Transferencia,Cyber Week,2,314.18,0.2,628.36,81.69,546.67,309.34,0,,
2022-002050,11/01/2022 21:13,S1034,C00403,P2049,Tienda,Transferencia,Sin Promo,1,158.27,0.0,158.27,23.74,134.53,89.45,0,,
2022-002051,22/03/2022 13:07,S1009,C00324,P2093,Web,Billetera Digital,2x1,1,147.96,0.0,147.96,19.23,128.73,75.0,0,,
2022-002052,17/02/2022 15:48,S1011,C00767,P2134,Web,Efectivo,Cyber Week,1,193.25,0.2,193.25,23.19,170.06,153.79,1,,
2022-002053,10/05/2022 17:03,S1004,C00454,P2087,Web,Financiamiento,Promo 10%,1,291.4,0.1,291.4,37.88,253.52,166.63,0,,
2022-002054,09/12/2022 03:47,S1014,C00329,P2117,Web,Tarjeta,Cyber Week,3,84.2,0.0,252.6,30.31,222.29,41.82,0,,
2022-002055,30/01/2022 07:55,S1030,C00483,P2070,Web,Billetera Digital,Promo 15%,1,614.79,0.0,614.79,92.22,522.57,281.04,0,,
2022-002056,12/12/2022 23:06,S1012,C00233,P2145,Marketplace,Transferencia,Promo 10%,2,106.21,0.1,212.42,25.49,186.93,77.61,0,,
2022-002057,13/10/2022 20:52,S1042,C00130,P2003,Web,Financiamiento,Sin Promo,1,432.41,0.15,432.41,56.21,376.2,261.5,0,,
2022-002058,30/10/2022 09:38,S1030,C00237,P2061,Marketplace,Transferencia,Promo 15%,2,36.28,0.15,72.56,10.88,61.68,26.36,0,,
2022-002059,24/12/2022 12:54,S1039,C00212,P2031,Call Center,Billetera Digital,Sin Promo,3,203.6,0.0,610.8,79.4,531.4,111.43,0,,
2022-002060,18/08/2022 07:01,S1009,C00330,P2024,Marketplace,Efectivo,2x1,3,300.46,0.05,901.38,117.18,784.2,197.91,1,,
2022-002061,24/02/2022 19:15,S1036,C00301,P2091,Web,Transferencia,Sin Promo,1,433.2,0.2,433.2,64.98,368.22,397.11,0,,
2022-002062,20/04/2022 21:50,S1035,C00411,P2119,Web,Financiamiento,2x1,5,724.93,0.05,3624.65,543.7,3080.95,363.73,0,,
2022-002063,25/08/2022 14:52,S1007,C00667,P2119,Tienda,Transferencia,Sin Promo,4,763.08,0.0,3052.32,396.8,2655.52,363.73,0,,
2022-002064,19/07/2022 12:14,S1007,C00667,P2141,Tienda,Efectivo,Black Friday,2,832.49,0.0,1664.98,216.45,1448.53,384.64,0,,
2022-002065,29/04/2022 18:22,S1040,C00081,P2097,Tienda,Transferencia,Sin Promo,1,521.13,0.0,521.13,67.75,453.38,298.37,0,,
2022-002066,29/12/2022 04:46,S1025,C00168,P2022,Web,Tarjeta,2x1,2,404.94,0.1,809.88,121.48,688.4,325.44,1,,
2022-002067,30/05/2022 23:10,S1005,C00107,P2026,Web,Billetera Digital,Cyber Week,1,459.92,0.0,459.92,59.79,400.13,230.43,0,,
2022-002068,15/08/2022 15:17,S1027,C00741,P2018,Marketplace,Efectivo,Promo 10%,2,313.49,0.2,626.98,94.05,532.93,224.11,0,,
2022-002069,18/04/2022 11:35,S1041,C00242,P2113,Web,Financiamiento,Promo 10%,2,297.65,0.0,595.3,77.39,517.91,139.53,1,,
2022-002070,10/03/2022 16:02,S1027,C00642,P2150,Call Center,Billetera Digital,Promo 10%,2,234.07,0.0,468.14,70.22,397.92,154.53,0,,
2022-002071,26/06/2022 04:21,S1029,C00434,P2069,Call Center,Tarjeta,2x1,1,191.55,0.0,191.55,28.73,162.82,145.02,0,,
2022-002072,26/03/2022 02:27,S1021,C00201,P2091,Marketplace,Billetera Digital,2x1,1,460.27,0.15,460.27,69.04,391.23,397.11,0,,
2022-002073,08/12/2022 13:55,S1031,C00432,P2095,Marketplace,Efectivo,2x1,5,583.94,0.2,2919.7,437.95,2481.75,368.2,0,,
2022-002074,04/07/2022 12:58,S1045,C00371,P2105,Tienda,Transferencia,Promo 10%,2,676.15,0.0,1352.3,175.8,1176.5,320.12,0,,
2022-002075,14/10/2022 20:40,S1008,C00296,P2101,Call Center,Efectivo,Sin Promo,2,336.53,0.0,673.06,87.5,585.56,262.94,1,,
2022-002076,18/10/2022 13:09,S1020,C00275,P2093,Web,Efectivo,2x1,1,133.16,0.1,133.16,19.97,113.19,75.0,0,,
2022-002077,27/04/2022 03:50,S1031,C00772,P2056,Call Center,Efectivo,Promo 15%,6,798.25,0.1,4789.5,718.42,4071.08,417.23,0,,
2022-002078,09/06/2022 18:49,S1022,C00502,P2109,Web,Financiamiento,Cyber Week,1,166.62,0.2,166.62,24.99,141.63,141.94,0,,
2022-002079,07/11/2022 23:15,S1021,C00503,P2082,Tienda,Billetera Digital,Promo 10%,3,239.21,0.15,717.63,107.64,609.99,152.77,0,,
2022-002080,06/10/2022 00:40,S1029,C00497,P2135,Call Center,Efectivo,Promo 10%,1,152.93,0.0,152.93,22.94,129.99,71.27,0,,
2022-002081,15/10/2022 23:51,S1001,C00136,P2136,Web,Tarjeta,Black Friday,2,154.8,0.0,309.6,40.25,269.35,99.42,0,,
2022-002082,23/05/2022 12:38,S1004,C00078,P2146,Marketplace,Billetera Digital,2x1,1,280.13,0.1,280.13,36.42,243.71,242.22,0,,
2022-002083,09/03/2022 08:32,S1030,C00121,P2003,Marketplace,Billetera Digital,Black Friday,1,406.98,0.2,406.98,61.05,345.93,261.5,0,,
2022-002084,26/08/2022 12:46,S1031,C00338,P2157,Call Center,Billetera Digital,Sin Promo,1,223.38,0.0,223.38,33.51,189.87,118.28,0,,
2022-002085,27/03/2022 07:09,S1037,C00755,P2014,Tienda,Financiamiento,Sin Promo,1,387.17,0.1,387.17,50.33,336.84,296.33,0,,
2022-002086,25/05/2022 02:26,S1008,C00705,P2015,Web,Transferencia,Sin Promo,2,173.77,0.0,347.54,45.18,302.36,122.14,0,,
2022-002087,13/01/2022 01:42,S1026,C00403,P2044,Call Center,Financiamiento,Cyber Week,2,385.97,0.15,771.94,115.79,656.15,214.81,0,,
2022-002088,22/09/2022 17:38,S1031,C00039,P2113,Marketplace,Tarjeta,Black Friday,1,253.0,0.15,253.0,37.95,215.05,139.53,0,,
2022-002089,22/10/2022 03:31,S1010,C00779,P2144,Marketplace,Billetera Digital,2x1,1,272.5,0.0,272.5,32.7,239.8,177.43,0,,
2022-002090,08/05/2022 14:13,S1011,C00435,P2136,Call Center,Efectivo,2x1,1,154.8,0.0,154.8,18.58,136.22,99.42,0,,
2022-002091,14/09/2022 15:37,S1024,C00244,P2052,Tienda,Transferencia,Cyber Week,5,94.69,0.0,473.45,71.02,402.43,47.67,0,,
2022-002092,21/01/2022 11:13,S1017,C00018,P2138,Marketplace,Transferencia,Sin Promo,3,720.1,0.0,2160.3,259.24,1901.06,375.47,1,,
2022-002093,19/12/2022 09:26,S1023,C00155,P2144,Tienda,Financiamiento,2x1,4,272.5,0.0,1090.0,163.5,926.5,177.43,0,,
2022-002094,06/12/2022 07:02,S1015,C00009,P2131,Web,Billetera Digital,Promo 15%,4,177.24,0.1,708.96,85.08,623.88,119.6,0,,
2022-002095,06/08/2022 13:45,S1041,C00060,P2010,Call Center,Billetera Digital,Cyber Week,2,404.09,0.0,808.18,105.06,703.12,210.17,0,,
2022-002096,11/12/2022 15:16,S1037,C00201,P2118,Marketplace,Billetera Digital,Promo 15%,2,55.38,0.15,110.76,14.4,96.36,45.65,0,,
2022-002097,19/05/2022 22:35,S1022,C00192,P2035,Tienda,Tarjeta,2x1,1,725.28,0.2,725.28,108.79,616.49,418.3,1,,
2022-002098,12/08/2022 16:39,S1013,C00030,P2094,Marketplace,Tarjeta,Black Friday,2,665.75,0.05,1331.5,159.78,1171.72,392.99,0,,
2022-002099,16/11/2022 08:35,S1027,C00489,P2159,Marketplace,Efectivo,2x1,2,608.84,0.05,1217.68,182.65,1035.03,434.27,0,,
2022-002100,27/01/2022 02:38,S1031,C00533,P2136,Web,Tarjeta,2x1,5,154.8,0.0,774.0,116.1,657.9,99.42,1,,
2022-002101,17/05/2022 12:58,S1029,C00298,P2110,Web,Transferencia,Promo 10%,2,375.05,0.1,750.1,112.52,637.58,314.95,0,,
2022-002102,07/10/2022 00:31,S1014,C00223,P2053,Marketplace,Tarjeta,2x1,1,934.5,0.0,934.5,112.14,822.36,436.17,1,,
2022-002103,29/10/2022 07:18,S1001,C00451,P2071,Call Center,Transferencia,2x1,1,483.57,0.0,483.57,62.86,420.71,243.78,0,,
2022-002104,02/04/2022 15:43,S1032,C00236,P2050,Web,Tarjeta,Promo 10%,4,246.56,0.1,986.24,147.94,838.3,192.16,1,,
2022-002105,23/03/2022 17:05,S1042,C00199,P2119,Call Center,Tarjeta,Promo 10%,5,763.08,0.0,3815.4,496.0,3319.4,363.73,0,,
2022-002106,19/07/2022 17:36,S1034,C00009,P2097,Web,Efectivo,Sin Promo,6,521.13,0.0,3126.78,469.02,2657.76,298.37,0,,
2022-002107,10/10/2022 12:25,S1006,C00170,P2030,Marketplace,Billetera Digital,Sin Promo,2,487.3,0.1,974.6,126.7,847.9,418.38,0,,
2022-002108,30/04/2022 05:09,S1020,C00602,P2091,Marketplace,Financiamiento,2x1,3,541.5,0.0,1624.5,243.67,1380.83,397.11,0,,
2022-002109,04/01/2022 21:07,S1024,C00515,P2114,Tienda,Transferencia,2x1,2,470.9,0.15,941.8,141.27,800.53,274.57,0,,
2022-002110,19/04/2022 14:49,S1035,C00410,P2121,Web,Tarjeta,Promo 10%,2,417.78,0.0,835.56,125.33,710.23,207.12,0,,
2022-002111,07/02/2022 08:57,S1004,C00643,P2125,Marketplace,Efectivo,Promo 10%,3,327.42,0.05,982.26,127.69,854.57,235.01,0,,
2022-002112,21/09/2022 11:45,S1032,C00504,P2087,Marketplace,Billetera Digital,Cyber Week,2,291.4,0.1,582.8,87.42,495.38,166.63,0,,
2022-002113,16/08/2022 16:03,S1019,C00048,P2002,Call Center,Tarjeta,2x1,3,290.16,0.0,870.48,130.57,739.91,134.76,0,,
2022-002114,13/01/2022 18:09,S1033,C00106,P2030,Tienda,Transferencia,Promo 10%,1,514.37,0.05,514.37,77.16,437.21,418.38,0,,
2022-002115,16/08/2022 01:08,S1011,C00630,P2016,Marketplace,Billetera Digital,Sin Promo,6,138.07,0.2,828.42,99.41,729.01,121.18,1,,
2022-002116,05/12/2022 17:46,S1009,C00504,P2054,Web,Financiamiento,Black Friday,6,463.28,0.0,2779.68,361.36,2418.32,220.6,0,,
2022-002117,12/02/2022 23:11,S1034,C00049,P2157,Web,Billetera Digital,Cyber Week,3,212.21,0.05,636.63,95.49,541.14,118.28,0,,
2022-002118,12/08/2022 06:47,S1009,C00090,P2032,Call Center,Financiamiento,Promo 15%,4,466.57,0.0,1866.28,242.62,1623.66,330.43,0,,
2022-002119,16/06/2022 09:16,S1010,C00102,P2051,Call Center,Financiamiento,Sin Promo,5,684.37,0.2,3421.85,410.62,3011.23,394.02,0,,
2022-002120,18/03/2022 10:34,S1026,C00368,P2046,Call Center,Transferencia,Sin Promo,3,308.18,0.15,924.54,138.68,785.86,192.92,0,,
2022-002121,29/03/2022 17:48,S1023,C00589,P2031,Tienda,Transferencia,Sin Promo,2,203.6,0.0,407.2,61.08,346.12,111.43,1,,
2022-002122,06/11/2022 18:19,S1014,C00197,P2082,Call Center,Efectivo,Cyber Week,2,281.42,0.0,562.84,67.54,495.3,152.77,0,,
2022-002123,18/12/2022 20:49,S1028,C00464,P2053,Web,Efectivo,Promo 10%,1,794.32,0.15,794.32,119.15,675.17,436.17,1,,
2022-002124,23/04/2022 20:58,S1025,C00507,P2118,Web,Tarjeta,Promo 15%,4,52.12,0.2,208.48,31.27,177.21,45.65,0,,
2022-002125,13/01/2022 00:31,S1044,C00764,P2084,Tienda,Efectivo,Promo 10%,2,8.71,0.2,17.42,2.26,15.16,8.31,1,,
2022-002126,23/12/2022 00:14,S1004,C00785,P2035,Marketplace,Transferencia,2x1,1,906.6,0.0,906.6,117.86,788.74,418.3,0,,
2022-002127,05/09/2022 02:35,S1003,C00616,P2113,Marketplace,Tarjeta,Cyber Week,1,238.12,0.2,238.12,30.96,207.16,139.53,0,,
2022-002128,29/11/2022 13:49,S1005,C00239,P2048,Marketplace,Financiamiento,Black Friday,1,320.16,0.0,320.16,41.62,278.54,183.57,0,,
2022-002129,29/04/2022 20:59,S1003,C00485,P2091,Call Center,Transferencia,Promo 15%,1,541.5,0.0,541.5,70.39,471.11,397.11,0,,
2022-002130,01/12/2022 14:35,S1029,C00152,P2128,Call Center,Financiamiento,Promo 15%,2,445.91,0.2,891.82,133.77,758.05,269.57,0,,
2022-002131,10/08/2022 14:00,S1035,C00241,P2081,Call Center,Financiamiento,Sin Promo,1,399.31,0.0,399.31,59.9,339.41,192.91,0,,
2022-002132,30/06/2022 04:34,S1041,C00146,P2004,Marketplace,Efectivo,Black Friday,1,462.1,0.15,462.1,60.07,402.03,298.92,0,,
2022-002133,09/06/2022 11:59,S1010,C00279,P2027,Tienda,Financiamiento,Promo 15%,4,331.73,0.0,1326.92,159.23,1167.69,230.42,0,,
2022-002134,28/05/2022 20:52,S1019,C00295,P2102,Call Center,Billetera Digital,Promo 10%,2,450.78,0.1,901.56,135.23,766.33,270.07,0,,
2022-002135,13/10/2022 18:15,S1018,C00741,P2160,Call Center,Transferencia,Promo 15%,2,812.22,0.0,1624.44,194.93,1429.51,418.28,1,,
2022-002136,22/05/2022 05:09,S1045,C00162,P2067,Tienda,Billetera Digital,Promo 15%,1,553.33,0.05,553.33,71.93,481.4,420.88,1,,
2022-002137,21/01/2022 15:04,S1043,C00412,P2158,Call Center,Efectivo,Cyber Week,4,542.39,0.0,2169.56,282.04,1887.52,274.83,0,,
2022-002138,10/08/2022 10:02,S1007,C00630,P2049,Call Center,Efectivo,Promo 15%,1,150.36,0.05,150.36,19.55,130.81,89.45,0,,
2022-002139,10/08/2022 07:21,S1032,C00119,P2089,Web,Tarjeta,Promo 15%,2,736.54,0.0,1473.08,220.96,1252.12,351.93,0,,
2022-002140,29/01/2022 07:03,S1028,C00404,P2045,Web,Billetera Digital,Promo 10%,1,58.57,0.15,58.57,8.79,49.78,46.07,0,,
2022-002141,11/01/2022 02:52,S1039,C00773,P2009,Marketplace,Tarjeta,2x1,1,523.01,0.0,523.01,67.99,455.02,287.2,0,,
2022-002142,09/05/2022 18:16,S1027,C00716,P2133,Call Center,Transferencia,Promo 15%,2,52.59,0.0,105.18,15.78,89.4,38.56,0,,
2022-002143,23/12/2022 10:32,S1013,C00603,P2043,Call Center,Tarjeta,Promo 15%,1,282.25,0.1,282.25,33.87,248.38,244.5,0,,
2022-002144,22/05/2022 07:01,S1032,C00233,P2071,Marketplace,Transferencia,2x1,1,459.39,0.05,459.39,68.91,390.48,243.78,1,,
2022-002145,25/09/2022 07:41,S1033,C00373,P2159,Web,Billetera Digital,2x1,1,608.84,0.05,608.84,91.33,517.51,434.27,1,,
2022-002146,15/02/2022 23:54,S1041,C00208,P2038,Call Center,Financiamiento,Black Friday,1,139.95,0.0,139.95,18.19,121.76,104.22,0,,
2022-002147,07/05/2022 23:55,S1038,C00438,P2111,Marketplace,Billetera Digital,2x1,6,233.7,0.2,1402.2,182.29,1219.91,191.52,1,,
2022-002148,09/05/2022 02:29,S1036,C00435,P2074,Web,Transferencia,Cyber Week,2,253.14,0.1,506.28,75.94,430.34,138.92,0,,
2022-002149,24/01/2022 04:27,S1041,C00103,P2004,Tienda,Financiamiento,Promo 10%,2,462.1,0.15,924.2,120.15,804.05,298.92,0,,
2022-002150,06/08/2022 21:56,S1030,C00374,P2041,Call Center,Efectivo,Black Friday,1,44.19,0.05,44.19,6.63,37.56,34.06,0,,
2022-002151,21/07/2022 19:32,S1033,C00654,P2018,Marketplace,Tarjeta,2x1,1,372.27,0.05,372.27,55.84,316.43,224.11,0,,
2022-002152,23/08/2022 06:57,S1014,C00716,P2056,Tienda,Tarjeta,Sin Promo,2,798.25,0.1,1596.5,191.58,1404.92,417.23,0,,
2022-002153,02/12/2022 18:00,S1039,C00061,P2033,Tienda,Billetera Digital,Promo 15%,3,72.32,0.1,216.96,28.2,188.76,61.26,1,,
2022-002154,13/12/2022 04:37,S1024,C00436,P2094,Call Center,Efectivo,Sin Promo,3,700.79,0.0,2102.37,315.36,1787.01,392.99,0,,
2022-002155,05/03/2022 13:18,S1031,C00209,P2046,Tienda,Transferencia,Promo 15%,2,326.31,0.1,652.62,97.89,554.73,192.92,1,,
2022-002156,15/07/2022 06:14,S1014,C00511,P2112,Marketplace,Financiamiento,Cyber Week,3,289.41,0.2,868.23,104.19,764.04,257.82,0,,
2022-002157,19/03/2022 01:17,S1031,C00294,P2106,Call Center,Financiamiento,Promo 10%,1,461.42,0.0,461.42,69.21,392.21,310.34,1,,
2022-002158,01/05/2022 21:54,S1028,C00207,P2067,Marketplace,Tarjeta,Black Friday,1,495.08,0.15,495.08,74.26,420.82,420.88,0,,
2022-002159,28/05/2022 06:52,S1009,C00470,P2044,Web,Transferencia,Promo 10%,3,431.38,0.05,1294.14,168.24,1125.9,214.81,1,,
2022-002160,03/10/2022 03:19,S1045,C00676,P2081,Web,Tarjeta,Cyber Week,5,399.31,0.0,1996.55,259.55,1737.0,192.91,0,,
2022-002161,10/06/2022 11:24,S1022,C00775,P2015,Marketplace,Tarjeta,Cyber Week,5,156.39,0.1,781.95,117.29,664.66,122.14,0,,
2022-002162,23/03/2022 02:13,S1036,C00391,P2016,Marketplace,Efectivo,Promo 15%,1,172.59,0.0,172.59,25.89,146.7,121.18,0,,
2022-002163,07/09/2022 10:11,S1045,C00422,P2103,Web,Efectivo,Promo 10%,1,339.92,0.2,339.92,44.19,295.73,274.37,0,,
2022-002164,28/01/2022 21:16,S1029,C00622,P2119,Call Center,Tarjeta,Promo 10%,2,686.77,0.1,1373.54,206.03,1167.51,363.73,0,,
2022-002165,19/05/2022 00:08,S1034,C00195,P2008,Web,Tarjeta,Sin Promo,1,699.38,0.2,699.38,104.91,594.47,421.75,0,,
2022-002166,07/01/2022 17:02,S1017,C00036,P2131,Web,Efectivo,Cyber Week,2,167.39,0.15,334.78,40.17,294.61,119.6,0,,
2022-002167,26/12/2022 08:47,S1020,C00153,P2123,Call Center,Financiamiento,Cyber Week,5,175.11,0.0,875.55,131.33,744.22,112.82,1,,
2022-002168,23/04/2022 17:49,S1025,C00137,P2006,Marketplace,Financiamiento,2x1,2,402.01,0.0,804.02,120.6,683.42,287.52,0,,
2022-002169,13/08/2022 04:38,S1044,C00611,P2148,Web,Transferencia,Promo 15%,2,641.07,0.05,1282.14,166.68,1115.46,390.62,0,,
2022-002170,13/10/2022 03:53,S1027,C00383,P2092,Web,Financiamiento,2x1,1,802.49,0.0,802.49,120.37,682.12,416.32,0,,
2022-002171,24/02/2022 12:21,S1033,C00636,P2058,Web,Billetera Digital,Cyber Week,4,465.91,0.0,1863.64,279.55,1584.09,324.41,0,,
2022-002172,07/11/2022 09:41,S1045,C00231,P2096,Tienda,Efectivo,Sin Promo,1,540.6,0.15,540.6,70.28,470.32,369.96,0,,
2022-002173,31/01/2022 23:21,S1022,C00031,P2143,Web,Efectivo,Black Friday,1,175.44,0.0,175.44,26.32,149.12,101.86,0,,
2022-002174,12/08/2022 05:44,S1011,C00625,P2096,Marketplace,Billetera Digital,Promo 10%,2,508.8,0.2,1017.6,122.11,895.49,369.96,0,Revisar,
2022-002175,17/08/2022 17:13,S1045,C00721,P2020,Tienda,Efectivo,Black Friday,1,41.96,0.15,41.96,5.45,36.51,32.33,0,,
2022-002176,23/01/2022 08:02,S1041,C00793,P2038,Tienda,Efectivo,2x1,2,139.95,0.0,279.9,36.39,243.51,104.22,0,,
2022-002177,03/11/2022 08:49,S1018,C00446,P2142,Marketplace,Transferencia,2x1,2,395.11,0.2,790.22,94.83,695.39,331.65,1,,
2022-002178,14/02/2022 10:28,S1033,C00006,P2141,Tienda,Financiamiento,Cyber Week,3,832.49,0.0,2497.47,374.62,2122.85,384.64,0,,
2022-002179,01/04/2022 01:13,S1007,C00030,P2125,Call Center,Transferencia,Black Friday,3,292.95,0.15,878.85,114.25,764.6,235.01,0,,
2022-002180,24/01/2022 00:08,S1002,C00738,P2016,Marketplace,Efectivo,2x1,3,138.07,0.2,414.21,53.85,360.36,121.18,0,,
2022-002181,21/04/2022 14:16,S1030,C00270,P2097,Web,Efectivo,Cyber Week,1,521.13,0.0,521.13,78.17,442.96,298.37,0,,
2022-002182,03/08/2022 21:25,S1018,C00164,P2041,Web,Tarjeta,Cyber Week,1,46.52,0.0,46.52,5.58,40.94,34.06,0,,
2022-002183,26/08/2022 22:54,S1032,C00594,P2121,Call Center,Billetera Digital,Promo 10%,1,396.89,0.05,396.89,59.53,337.36,207.12,0,,
2022-002184,22/03/2022 16:48,S1005,C00280,P2052,Call Center,Billetera Digital,Promo 15%,2,75.75,0.2,151.5,19.7,131.8,47.67,1,,
2022-002185,04/09/2022 03:52,S1018,C00090,P2010,Web,Billetera Digital,Promo 15%,1,404.09,0.0,404.09,48.49,355.6,210.17,0,,
2022-002186,21/01/2022 00:31,S1044,C00553,P2004,Tienda,Financiamiento,Promo 10%,1,543.65,0.0,543.65,70.67,472.98,298.92,1,,
2022-002187,13/03/2022 12:27,S1028,C00397,P2101,Call Center,Financiamiento,2x1,2,269.22,0.2,538.44,80.77,457.67,262.94,0,,
2022-002188,26/05/2022 14:39,S1042,C00097,P2003,Tienda,Financiamiento,Promo 10%,1,483.28,0.05,483.28,62.83,420.45,261.5,0,,
2022-002189,03/12/2022 11:15,S1016,C00471,P2140,Tienda,Efectivo,Promo 15%,5,12.25,0.15,61.25,7.35,53.9,6.63,0,,
2022-002190,04/08/2022 23:13,S1032,C00080,P2020,Marketplace,Financiamiento,Promo 15%,1,49.36,0.0,49.36,7.4,41.96,32.33,1,,
2022-002191,10/12/2022 15:02,S1005,C00722,P2131,Marketplace,Tarjeta,Promo 15%,4,177.24,0.1,708.96,92.16,616.8,119.6,0,,
2022-002192,30/07/2022 07:18,S1040,C00462,P2003,Marketplace,Financiamiento,Promo 10%,1,483.28,0.05,483.28,62.83,420.45,261.5,0,,
2022-002193,04/02/2022 18:44,S1045,C00730,P2103,Call Center,Financiamiento,Black Friday,1,339.92,0.2,339.92,44.19,295.73,274.37,1,,
2022-002194,17/07/2022 13:04,S1044,C00406,P2029,Marketplace,Billetera Digital,2x1,3,442.35,0.1,1327.05,172.52,1154.53,271.13,0,,
2022-002195,30/07/2022 00:27,S1021,C00467,P2131,Web,Efectivo,2x1,1,167.39,0.15,167.39,25.11,142.28,119.6,1,,
2022-002196,11/06/2022 05:35,S1013,C00030,P2002,Call Center,Transferencia,Black Friday,1,232.13,0.2,232.13,27.86,204.27,134.76,0,,
2022-002197,23/11/2022 05:05,S1038,C00392,P2142,Web,Efectivo,Promo 10%,1,444.5,0.1,444.5,57.79,386.71,331.65,0,Revisar,
2022-002198,17/02/2022 09:40,S1020,C00387,P2024,Marketplace,Efectivo,2x1,1,300.46,0.05,300.46,45.07,255.39,197.91,1,,
2022-002199,08/03/2022 08:22,S1025,C00467,P2069,Tienda,Transferencia,Sin Promo,2,181.97,0.05,363.94,54.59,309.35,145.02,0,,
2022-002200,15/03/2022 15:38,S1021,C00158,P2009,Web,Billetera Digital,2x1,1,523.01,0.0,523.01,78.45,444.56,287.2,0,,
2022-002201,07/10/2022 02:49,S1001,C00174,P2081,Web,Efectivo,Black Friday,1,379.34,0.05,379.34,49.31,330.03,192.91,0,,
2022-002202,15/03/2022 04:26,S1012,C00664,P2145,Web,Transferencia,Cyber Week,1,94.41,0.2,94.41,11.33,83.08,77.61,0,,
2022-002203,09/06/2022 06:55,S1021,C00063,P2072,Marketplace,Tarjeta,Sin Promo,2,604.62,0.0,1209.24,181.39,1027.85,420.23,1,,
2022-002204,11/12/2022 11:07,S1028,C00337,P2122,Marketplace,Tarjeta,2x1,2,681.62,0.0,1363.24,204.49,1158.75,324.38,0,,
2022-002205,13/12/2022 23:32,S1017,C00574,P2148,Marketplace,Efectivo,Black Friday,2,539.85,0.2,1079.7,129.56,950.14,390.62,0,,
2022-002206,07/10/2022 17:02,S1021,C00023,P2084,Marketplace,Financiamiento,2x1,2,10.89,0.0,21.78,3.27,18.51,8.31,0,,
2022-002207,18/12/2022 22:42,S1036,C00595,P2090,Web,Transferencia,Promo 15%,1,117.69,0.05,117.69,17.65,100.04,72.93,0,,
2022-002208,09/08/2022 14:16,S1041,C00744,P2139,Web,Financiamiento,Cyber Week,1,20.28,0.0,20.28,2.64,17.64,12.71,0,,
2022-002209,15/12/2022 20:34,S1017,C00152,P2111,Call Center,Billetera Digital,Promo 10%,2,292.12,0.0,584.24,70.11,514.13,191.52,1,,
2022-002210,02/07/2022 00:35,S1004,C00595,P2114,Web,Transferencia,Cyber Week,2,554.0,0.0,1108.0,144.04,963.96,274.57,0,,
2022-002211,26/03/2022 20:47,S1038,C00786,P2077,Call Center,Financiamiento,Black Friday,2,794.69,0.0,1589.38,206.62,1382.76,400.81,0,,
2022-002212,18/04/2022 05:11,S1018,C00733,P2112,Web,Financiamiento,Promo 10%,1,307.5,0.15,307.5,36.9,270.6,257.82,1,,
2022-002213,05/06/2022 15:01,S1012,C00618,P2094,Web,Financiamiento,Sin Promo,4,560.63,0.2,2242.52,269.1,1973.42,392.99,1,,
2022-002214,16/12/2022 09:50,S1033,C00518,P2029,Web,Transferencia,Cyber Week,2,491.5,0.0,983.0,147.45,835.55,271.13,0,,
2022-002215,09/08/2022 15:09,S1001,C00518,P2158,Marketplace,Tarjeta,Promo 15%,1,542.39,0.0,542.39,70.51,471.88,274.83,0,,
2022-002216,17/07/2022 03:09,S1031,C00059,P2040,Call Center,Efectivo,Black Friday,2,56.52,0.05,113.04,16.96,96.08,35.66,0,,
2022-002217,17/07/2022 18:55,S1036,C00523,P2064,Web,Transferencia,Promo 15%,2,86.74,0.05,173.48,26.02,147.46,57.47,0,,
2022-002218,11/05/2022 00:41,S1016,C00662,P2065,Marketplace,Tarjeta,Black Friday,3,347.05,0.15,1041.15,124.94,916.21,269.16,0,,
2022-002219,15/11/2022 11:47,S1039,C00765,P2151,Web,Transferencia,Promo 15%,1,246.17,0.0,246.17,32.0,214.17,116.51,0,,
2022-002220,15/10/2022 19:40,S1028,C00550,P2094,Web,Tarjeta,Black Friday,1,595.67,0.15,595.67,89.35,506.32,392.99,0,,
2022-002221,06/10/2022 01:00,S1023,C00669,P2062,Web,Transferencia,2x1,1,100.7,0.1,100.7,15.11,85.59,74.21,0,,
2022-002222,27/10/2022 02:28,S1001,C00064,P2069,Web,Financiamiento,2x1,3,162.82,0.15,488.46,63.5,424.96,145.02,0,,
2022-002223,07/05/2022 22:59,S1006,C00377,P2150,Tienda,Tarjeta,Cyber Week,5,210.66,0.1,1053.3,136.93,916.37,154.53,0,,
2022-002224,23/03/2022 01:00,S1024,C00613,P2104,Tienda,Billetera Digital,Promo 15%,1,702.23,0.0,702.23,105.33,596.9,405.18,0,,
2022-002225,16/01/2022 00:12,S1035,C00510,P2004,Tienda,Transferencia,Promo 10%,2,543.65,0.0,1087.3,163.09,924.21,298.92,0,,
2022-002226,07/02/2022 07:05,S1044,C00332,P2121,Call Center,Efectivo,Cyber Week,1,334.22,0.2,334.22,43.45,290.77,207.12,0,,
2022-002227,30/05/2022 00:10,S1035,C00734,P2043,Tienda,Efectivo,2x1,2,313.61,0.0,627.22,94.08,533.14,244.5,0,,
2022-002228,04/04/2022 08:53,S1015,C00533,P2105,Call Center,Financiamiento,Promo 10%,1,608.53,0.1,608.53,73.02,535.51,320.12,0,,
2022-002229,27/02/2022 06:39,S1001,C00478,P2001,Tienda,Efectivo,Sin Promo,2,86.24,0.1,172.48,22.42,150.06,59.67,1,,
2022-002230,22/08/2022 17:41,S1034,C00141,P2156,Tienda,Tarjeta,Cyber Week,2,77.36,0.05,154.72,23.21,131.51,55.02,0,,
2022-002231,20/12/2022 03:49,S1008,C00611,P2117,Tienda,Financiamiento,2x1,2,71.57,0.15,143.14,18.61,124.53,41.82,0,,
2022-002232,19/04/2022 06:20,S1014,C00020,P2122,Marketplace,Billetera Digital,Promo 10%,5,545.3,0.2,2726.5,327.18,2399.32,324.38,0,,
2022-002233,22/04/2022 18:34,S1029,C00414,P2025,Tienda,Transferencia,Sin Promo,4,631.06,0.05,2524.24,378.64,2145.6,394.63,0,,
2022-002234,26/05/2022 17:56,S1025,C00387,P2006,Tienda,Tarjeta,2x1,1,361.81,0.1,361.81,54.27,307.54,287.52,1,,
2022-002235,30/01/2022 20:06,S1015,C00657,P2127,Call Center,Efectivo,Black Friday,2,732.66,0.0,1465.32,175.84,1289.48,361.43,0,,
2022-002236,17/01/2022 09:15,S1023,C00063,P2065,Web,Billetera Digital,Sin Promo,1,367.46,0.1,367.46,55.12,312.34,269.16,0,,
2022-002237,14/04/2022 10:18,S1011,C00097,P2028,Tienda,Efectivo,Promo 10%,2,538.37,0.1,1076.74,129.21,947.53,344.08,0,,
2022-002238,27/02/2022 13:51,S1011,C00449,P2101,Tienda,Transferencia,Black Friday,2,336.53,0.0,673.06,80.77,592.29,262.94,1,,
2022-002239,20/04/2022 06:28,S1042,C00173,P2154,Web,Efectivo,Cyber Week,1,733.21,0.0,733.21,95.32,637.89,427.53,1,,
2022-002240,29/06/2022 06:48,S1004,C00666,P2095,Web,Transferencia,Promo 10%,3,693.43,0.05,2080.29,270.44,1809.85,368.2,1,,
2022-002241,22/01/2022 05:58,S1042,C00630,P2058,Tienda,Financiamiento,2x1,1,465.91,0.0,465.91,60.57,405.34,324.41,0,,
2022-002242,27/06/2022 10:33,S1012,C00077,P2007,Web,Efectivo,2x1,1,180.23,0.15,180.23,21.63,158.6,162.45,0,,
2022-002243,14/12/2022 00:58,S1024,C00058,P2131,Tienda,Financiamiento,2x1,1,157.54,0.2,157.54,23.63,133.91,119.6,0,,
2022-002244,26/02/2022 04:06,S1028,C00492,P2045,Call Center,Efectivo,Black Friday,3,65.46,0.05,196.38,29.46,166.92,46.07,0,,
2022-002245,02/04/2022 11:38,S1032,C00693,P2018,Call Center,Transferencia,Promo 10%,1,391.86,0.0,391.86,58.78,333.08,224.11,0,,
2022-002246,15/08/2022 08:30,S1037,C00572,P2052,Web,Tarjeta,Black Friday,3,94.69,0.0,284.07,36.93,247.14,47.67,0,,
2022-002247,03/06/2022 03:02,S1045,C00275,P2005,Marketplace,Efectivo,Cyber Week,2,436.74,0.2,873.48,113.55,759.93,390.45,0,,
2022-002248,25/05/2022 00:26,S1028,C00460,P2091,Tienda,Billetera Digital,Black Friday,1,541.5,0.0,541.5,81.22,460.28,397.11,0,,
2022-002249,08/02/2022 02:12,S1004,C00325,P2077,Call Center,Transferencia,Promo 15%,2,794.69,0.0,1589.38,206.62,1382.76,400.81,0,,
2022-002250,28/09/2022 09:26,S1022,C00217,P2009,Marketplace,Financiamiento,2x1,2,523.01,0.0,1046.02,156.9,889.12,287.2,0,,
2022-002251,01/02/2022 08:28,S1015,C00768,P2079,Marketplace,Financiamiento,2x1,3,224.63,0.1,673.89,80.87,593.02,156.92,0,,
2022-002252,09/09/2022 01:48,S1014,C00105,P2101,Web,Tarjeta,Cyber Week,3,302.88,0.1,908.64,109.04,799.6,262.94,0,,
2022-002253,21/07/2022 09:55,S1043,C00460,P2126,Tienda,Transferencia,Black Friday,2,547.31,0.2,1094.62,142.3,952.32,413.19,0,,
2022-002254,14/06/2022 11:55,S1039,C00329,P2154,Tienda,Financiamiento,Promo 10%,3,733.21,0.0,2199.63,285.95,1913.68,427.53,0,,
2022-002255,27/03/2022 16:33,S1042,C00413,P2089,Web,Efectivo,Black Friday,2,699.71,0.05,1399.42,181.92,1217.5,351.93,0,,
2022-002256,17/10/2022 00:56,S1014,C00704,P2145,Web,Efectivo,Sin Promo,1,100.31,0.15,100.31,12.04,88.27,77.61,0,,
2022-002257,25/02/2022 03:16,S1040,C00011,P2042,Web,Transferencia,Sin Promo,3,401.39,0.0,1204.17,156.54,1047.63,233.31,0,,
2022-002258,11/04/2022 13:57,S1025,C00606,P2052,Tienda,Transferencia,Sin Promo,2,94.69,0.0,189.38,28.41,160.97,47.67,0,,
2022-002259,05/06/2022 01:30,S1033,C00279,P2012,Tienda,Financiamiento,Cyber Week,1,788.33,0.0,788.33,118.25,670.08,363.05,1,,
2022-002260,20/05/2022 17:16,S1025,C00647,P2013,Tienda,Financiamiento,Sin Promo,3,170.17,0.15,510.51,76.58,433.93,98.1,1,,
2022-002261,21/07/2022 09:53,S1043,C00466,P2008,Call Center,Billetera Digital,2x1,2,699.38,0.2,1398.76,181.84,1216.92,421.75,0,,
2022-002262,12/10/2022 14:45,S1036,C00270,P2038,Tienda,Efectivo,Promo 15%,5,118.96,0.15,594.8,89.22,505.58,104.22,0,,
2022-002263,18/08/2022 21:59,S1026,C00364,P2130,Marketplace,Billetera Digital,Cyber Week,1,596.1,0.15,596.1,89.42,506.68,404.15,0,,
2022-002264,07/05/2022 19:44,S1024,C00670,P2073,Tienda,Billetera Digital,Sin Promo,6,148.1,0.1,888.6,133.29,755.31,131.1,0,,
2022-002265,21/02/2022 09:59,S1015,C00766,P2045,Call Center,Financiamiento,Cyber Week,3,68.91,0.0,206.73,24.81,181.92,46.07,0,,
2022-002266,26/08/2022 15:58,S1035,C00670,P2036,Marketplace,Efectivo,Promo 15%,1,288.63,0.0,288.63,43.29,245.34,143.03,0,,
2022-002267,24/07/2022 01:03,S1033,C00761,P2160,Web,Tarjeta,2x1,1,812.22,0.0,812.22,121.83,690.39,418.28,0,,
2022-002268,06/06/2022 12:03,S1012,C00572,P2030,Call Center,Tarjeta,Promo 10%,1,514.37,0.05,514.37,61.72,452.65,418.38,0,,
2022-002269,07/12/2022 07:29,S1036,C00360,P2147,Marketplace,Efectivo,Promo 15%,2,548.18,0.0,1096.36,164.45,931.91,299.7,0,,
2022-002270,16/09/2022 05:54,S1021,C00170,P2085,Web,Transferencia,Promo 10%,2,26.37,0.15,52.74,7.91,44.83,20.07,1,,
2022-002271,18/03/2022 02:09,S1017,C00688,P2124,Web,Billetera Digital,Promo 15%,2,475.69,0.0,951.38,114.17,837.21,351.18,0,,
2022-002272,16/10/2022 20:13,S1004,C00042,P2153,Marketplace,Billetera Digital,2x1,2,407.91,0.0,815.82,106.06,709.76,293.96,0,,
2022-002273,23/08/2022 06:14,S1039,C00198,P2093,Web,Transferencia,Cyber Week,2,147.96,0.0,295.92,38.47,257.45,75.0,0,,
2022-002274,17/12/2022 22:49,S1042,C00116,P2085,Marketplace,Tarjeta,Black Friday,1,26.37,0.15,26.37,3.43,22.94,20.07,0,,
2022-002275,22/10/2022 18:18,S1004,C00108,P2085,Web,Billetera Digital,Black Friday,1,29.47,0.05,29.47,3.83,25.64,20.07,0,,
2022-002276,16/07/2022 10:25,S1015,C00474,P2006,Web,Financiamiento,Promo 10%,2,402.01,0.0,804.02,96.48,707.54,287.52,0,,
2022-002277,13/10/2022 08:27,S1018,C00554,P2144,Call Center,Transferencia,Promo 10%,1,218.0,0.2,218.0,26.16,191.84,177.43,1,,
2022-002278,03/05/2022 21:56,S1042,C00513,P2123,Call Center,Financiamiento,2x1,1,148.84,0.15,148.84,19.35,129.49,112.82,0,,
2022-002279,21/03/2022 17:13,S1035,C00165,P2047,Web,Efectivo,Promo 15%,1,365.43,0.2,365.43,54.81,310.62,295.44,0,,
2022-002280,19/07/2022 22:57,S1032,C00332,P2117,Tienda,Financiamiento,2x1,1,67.36,0.2,67.36,10.1,57.26,41.82,0,,
2022-002281,06/05/2022 09:50,S1027,C00434,P2109,Marketplace,Efectivo,Sin Promo,3,208.28,0.0,624.84,93.73,531.11,141.94,0,,
2022-002282,23/07/2022 07:08,S1040,C00437,P2119,Marketplace,Efectivo,2x1,1,648.62,0.15,648.62,84.32,564.3,363.73,0,,
2022-002283,25/07/2022 06:14,S1012,C00230,P2083,Call Center,Efectivo,Promo 10%,3,471.08,0.1,1413.24,169.59,1243.65,334.59,0,,
2022-002284,06/07/2022 16:43,S1024,C00750,P2051,Marketplace,Transferencia,Promo 15%,1,855.46,0.0,855.46,128.32,727.14,394.02,1,,
2022-002285,02/03/2022 23:45,S1040,C00596,P2089,Marketplace,Transferencia,Promo 10%,5,736.54,0.0,3682.7,478.75,3203.95,351.93,0,,
2022-002286,09/02/2022 03:49,S1032,C00641,P2078,Marketplace,Transferencia,Black Friday,2,165.66,0.0,331.32,49.7,281.62,125.47,0,,
2022-002287,02/09/2022 23:21,S1042,C00138,P2052,Tienda,Billetera Digital,Black Friday,1,75.75,0.2,75.75,9.85,65.9,47.67,1,,
2022-002288,03/06/2022 06:32,S1028,C00038,P2155,Marketplace,Financiamiento,Promo 10%,4,125.86,0.2,503.44,75.52,427.92,71.96,0,,
2022-002289,26/02/2022 13:21,S1013,C00759,P2139,Tienda,Tarjeta,2x1,1,18.25,0.1,18.25,2.19,16.06,12.71,0,,
2022-002290,09/09/2022 23:21,S1020,C00056,P2138,Call Center,Transferencia,Promo 10%,2,720.1,0.0,1440.2,216.03,1224.17,375.47,0,,
2022-002291,02/11/2022 18:14,S1018,C00519,P2149,Marketplace,Financiamiento,Cyber Week,6,224.81,0.0,1348.86,161.86,1187.0,173.08,0,,
2022-002292,15/06/2022 07:48,S1024,C00427,P2066,Call Center,Transferencia,Cyber Week,2,472.24,0.1,944.48,141.67,802.81,297.19,0,,
2022-002293,02/03/2022 13:06,S1016,C00702,P2015,Tienda,Financiamiento,Promo 15%,1,173.77,0.0,173.77,20.85,152.92,122.14,0,,
2022-002294,14/05/2022 13:25,S1005,C00160,P2040,Tienda,Billetera Digital,Promo 10%,6,50.57,0.15,303.42,39.44,263.98,35.66,0,,
2022-002295,03/09/2022 20:42,S1045,C00303,P2094,Web,Tarjeta,Promo 15%,1,595.67,0.15,595.67,77.44,518.23,392.99,0,,
2022-002296,13/10/2022 06:14,S1027,C00256,P2021,Web,Tarjeta,Sin Promo,1,373.55,0.15,373.55,56.03,317.52,239.98,1,,
2022-002297,15/09/2022 03:20,S1023,C00132,P2096,Marketplace,Efectivo,Cyber Week,1,604.2,0.05,604.2,90.63,513.57,369.96,0,,
2022-002298,01/10/2022 23:17,S1002,C00595,P2132,Web,Transferencia,Promo 10%,2,305.53,0.05,611.06,79.44,531.62,220.13,1,,
2022-002299,25/01/2022 23:08,S1003,C00721,P2041,Call Center,Tarjeta,2x1,1,46.52,0.0,46.52,6.05,40.47,34.06,0,,
2022-002300,30/10/2022 14:10,S1015,C00091,P2006,Call Center,Billetera Digital,Cyber Week,1,402.01,0.0,402.01,48.24,353.77,287.52,0,,
2022-002301,05/05/2022 16:14,S1029,C00193,P2091,Tienda,Efectivo,Sin Promo,4,487.35,0.1,1949.4,292.41,1656.99,397.11,0,,
2022-002302,09/09/2022 21:45,S1020,C00769,P2136,Tienda,Financiamiento,Promo 15%,5,131.58,0.15,657.9,98.68,559.22,99.42,0,,
2022-002303,06/08/2022 02:49,S1040,C00288,P2003,Call Center,Tarjeta,Promo 15%,3,508.72,0.0,1526.16,198.4,1327.76,261.5,0,,
2022-002304,05/01/2022 03:43,S1017,C00644,P2098,Marketplace,Tarjeta,Promo 10%,1,645.08,0.0,645.08,77.41,567.67,389.5,1,,
2022-002305,08/04/2022 02:57,S1011,C00040,P2033,Marketplace,Tarjeta,Promo 10%,1,80.36,0.0,80.36,9.64,70.72,61.26,0,,
2022-002306,26/03/2022 20:18,S1026,C00298,P2083,Call Center,Billetera Digital,Promo 10%,4,471.08,0.1,1884.32,282.65,1601.67,334.59,1,,
2022-002307,10/03/2022 04:06,S1031,C00215,P2087,Call Center,Tarjeta,Promo 15%,4,323.78,0.0,1295.12,194.27,1100.85,166.63,1,Revisar,
2022-002308,26/12/2022 22:28,S1030,C00724,P2085,Marketplace,Tarjeta,2x1,2,31.02,0.0,62.04,9.31,52.73,20.07,0,,
2022-002309,22/07/2022 13:51,S1015,C00657,P2026,Call Center,Billetera Digital,Promo 15%,2,367.94,0.2,735.88,88.31,647.57,230.43,0,,
2022-002310,17/01/2022 02:14,S1043,C00197,P2151,Tienda,Transferencia,Promo 15%,2,246.17,0.0,492.34,64.0,428.34,116.51,0,,
2022-002311,12/05/2022 14:16,S1029,C00495,P2112,Web,Financiamiento,Promo 10%,1,343.67,0.05,343.67,51.55,292.12,257.82,0,,
2022-002312,28/12/2022 19:24,S1027,C00372,P2055,Marketplace,Billetera Digital,Promo 15%,4,140.77,0.0,563.08,84.46,478.62,77.43,0,,
2022-002313,23/09/2022 11:43,S1024,C00618,P2117,Marketplace,Financiamiento,Promo 15%,3,71.57,0.15,214.71,32.21,182.5,41.82,1,,
2022-002314,29/08/2022 15:54,S1029,C00463,P2069,Call Center,Billetera Digital,Black Friday,1,153.24,0.2,153.24,22.99,130.25,145.02,0,,
2022-002315,31/10/2022 08:21,S1030,C00781,P2131,Call Center,Financiamiento,Black Friday,1,196.93,0.0,196.93,29.54,167.39,119.6,0,,
2022-002316,04/12/2022 21:52,S1033,C00419,P2075,Web,Financiamiento,2x1,2,464.04,0.2,928.08,139.21,788.87,301.87,0,Revisar,
2022-002317,09/01/2022 17:04,S1022,C00119,P2082,Tienda,Tarjeta,Promo 15%,1,239.21,0.15,239.21,35.88,203.33,152.77,0,,
2022-002318,22/04/2022 22:02,S1040,C00230,P2064,Tienda,Transferencia,Sin Promo,1,77.61,0.15,77.61,10.09,67.52,57.47,0,,
2022-002319,28/04/2022 20:44,S1006,C00450,P2069,Marketplace,Financiamiento,Cyber Week,1,191.55,0.0,191.55,24.9,166.65,145.02,0,,
2022-002320,10/03/2022 19:19,S1031,C00345,P2080,Call Center,Billetera Digital,Cyber Week,1,271.61,0.1,271.61,40.74,230.87,221.89,0,,
2022-002321,06/08/2022 00:32,S1038,C00079,P2158,Web,Transferencia,Promo 15%,4,515.27,0.05,2061.08,267.94,1793.14,274.83,1,,
2022-002322,28/08/2022 14:18,S1018,C00299,P2010,Marketplace,Tarjeta,Promo 10%,1,383.89,0.05,383.89,46.07,337.82,210.17,0,Revisar,
2022-002323,30/01/2022 03:13,S1007,C00677,P2051,Call Center,Efectivo,Cyber Week,2,855.46,0.0,1710.92,222.42,1488.5,394.02,0,,
2022-002324,14/07/2022 11:18,S1012,C00624,P2127,Tienda,Billetera Digital,Sin Promo,3,732.66,0.0,2197.98,263.76,1934.22,361.43,0,,
2022-002325,23/05/2022 12:34,S1003,C00757,P2087,Marketplace,Billetera Digital,Cyber Week,2,323.78,0.0,647.56,84.18,563.38,166.63,0,,
2022-002326,14/06/2022 14:45,S1030,C00690,P2086,Web,Transferencia,Cyber Week,1,109.2,0.0,109.2,16.38,92.82,70.05,0,Revisar,
2022-002327,29/08/2022 16:29,S1009,C00611,P2141,Marketplace,Tarjeta,2x1,3,749.24,0.1,2247.72,292.2,1955.52,384.64,1,,
2022-002328,02/08/2022 13:11,S1024,C00441,P2113,Call Center,Efectivo,2x1,3,297.65,0.0,892.95,133.94,759.01,139.53,0,,
2022-002329,14/10/2022 12:50,S1009,C00074,P2024,Web,Transferencia,Sin Promo,3,268.83,0.15,806.49,104.84,701.65,197.91,0,,
2022-002330,29/03/2022 12:02,S1017,C00180,P2149,Marketplace,Financiamiento,2x1,5,191.09,0.15,955.45,114.65,840.8,173.08,0,,
2022-002331,24/11/2022 01:52,S1019,C00272,P2004,Marketplace,Efectivo,Promo 10%,1,516.47,0.05,516.47,77.47,439.0,298.92,0,,
2022-002332,29/10/2022 23:06,S1021,C00166,P2038,Marketplace,Billetera Digital,Cyber Week,4,125.95,0.1,503.8,75.57,428.23,104.22,0,,
2022-002333,17/06/2022 05:54,S1027,C00195,P2037,Call Center,Financiamiento,Promo 15%,1,561.42,0.1,561.42,84.21,477.21,405.23,1,,
2022-002334,27/10/2022 20:31,S1019,C00320,P2017,Tienda,Efectivo,Cyber Week,2,280.3,0.0,560.6,84.09,476.51,182.13,0,,
2022-002335,23/06/2022 09:48,S1003,C00603,P2073,Tienda,Billetera Digital,Promo 15%,1,164.56,0.0,164.56,21.39,143.17,131.1,0,,
2022-002336,25/06/2022 20:45,S1036,C00796,P2009,Marketplace,Efectivo,2x1,3,523.01,0.0,1569.03,235.35,1333.68,287.2,0,,
2022-002337,13/06/2022 17:06,S1014,C00469,P2065,Marketplace,Tarjeta,Cyber Week,4,408.29,0.0,1633.16,195.98,1437.18,269.16,0,,
2022-002338,12/12/2022 22:08,S1026,C00215,P2044,Web,Transferencia,Promo 10%,4,431.38,0.05,1725.52,258.83,1466.69,214.81,0,,
2022-002339,26/05/2022 15:11,S1027,C00522,P2057,Call Center,Efectivo,Sin Promo,1,419.8,0.0,419.8,62.97,356.83,314.68,0,,
2022-002340,31/01/2022 18:36,S1034,C00196,P2074,Call Center,Efectivo,Promo 10%,1,281.27,0.0,281.27,42.19,239.08,138.92,0,,
2022-002341,28/07/2022 02:46,S1038,C00324,P2134,Call Center,Billetera Digital,2x1,1,217.4,0.1,217.4,28.26,189.14,153.79,0,,
2022-002342,18/08/2022 05:14,S1028,C00023,P2106,Call Center,Transferencia,Black Friday,2,392.21,0.15,784.42,117.66,666.76,310.34,0,,
2022-002343,04/12/2022 07:57,S1011,C00699,P2116,Marketplace,Tarjeta,Cyber Week,2,743.9,0.0,1487.8,178.54,1309.26,358.01,0,Revisar,
2022-002344,03/02/2022 17:30,S1043,C00701,P2083,Call Center,Tarjeta,Promo 10%,1,418.74,0.2,418.74,54.44,364.3,334.59,0,,
2022-002345,13/12/2022 08:25,S1043,C00198,P2041,Marketplace,Transferencia,Promo 15%,1,37.22,0.2,37.22,4.84,32.38,34.06,0,,
2022-002346,28/09/2022 23:40,S1040,C00686,P2123,Call Center,Tarjeta,Cyber Week,1,166.35,0.05,166.35,21.63,144.72,112.82,0,,
2022-002347,13/12/2022 00:34,S1009,C00155,P2118,Tienda,Efectivo,2x1,2,65.15,0.0,130.3,16.94,113.36,45.65,0,,
2022-002348,04/10/2022 01:45,S1015,C00191,P2140,Tienda,Tarjeta,Black Friday,3,12.25,0.15,36.75,4.41,32.34,6.63,0,,
2022-002349,01/08/2022 17:40,S1004,C00196,P2069,Call Center,Financiamiento,2x1,3,162.82,0.15,488.46,63.5,424.96,145.02,0,,
2022-002350,21/08/2022 08:44,S1043,C00464,P2032,Call Center,Financiamiento,Promo 15%,4,466.57,0.0,1866.28,242.62,1623.66,330.43,0,,
2022-002351,28/06/2022 10:52,S1017,C00172,P2126,Web,Transferencia,Black Friday,1,684.14,0.0,684.14,82.1,602.04,413.19,0,,
2022-002352,11/11/2022 12:02,S1009,C00225,P2008,Marketplace,Efectivo,Promo 15%,3,743.1,0.15,2229.3,289.81,1939.49,421.75,1,,
2022-002353,26/02/2022 03:55,S1030,C00199,P2116,Call Center,Billetera Digital,Promo 10%,4,743.9,0.0,2975.6,446.34,2529.26,358.01,0,,
2022-002354,11/06/2022 13:31,S1042,C00717,P2059,Tienda,Billetera Digital,Black Friday,1,104.57,0.2,104.57,13.59,90.98,101.09,1,,
2022-002355,11/03/2022 06:59,S1024,C00602,P2076,Tienda,Efectivo,Promo 15%,2,97.52,0.0,195.04,29.26,165.78,50.2,1,,
2022-002356,05/02/2022 11:20,S1014,C00155,P2050,Marketplace,Transferencia,Cyber Week,5,246.56,0.1,1232.8,147.94,1084.86,192.16,0,,
2022-002357,26/08/2022 00:49,S1016,C00102,P2063,Tienda,Financiamiento,Promo 10%,1,70.41,0.0,70.41,8.45,61.96,34.56,0,,
2022-002358,08/01/2022 14:02,S1034,C00420,P2068,Tienda,Transferencia,Cyber Week,2,209.44,0.15,418.88,62.83,356.05,122.46,0,,
2022-002359,02/06/2022 11:07,S1017,C00470,P2104,Call Center,Efectivo,Sin Promo,3,667.12,0.05,2001.36,240.16,1761.2,405.18,0,,
2022-002360,27/05/2022 20:28,S1022,C00463,P2024,Marketplace,Efectivo,2x1,6,268.83,0.15,1612.98,241.95,1371.03,197.91,1,,
2022-002361,24/10/2022 16:30,S1003,C00631,P2009,Marketplace,Tarjeta,2x1,1,523.01,0.0,523.01,67.99,455.02,287.2,0,,
2022-002362,17/06/2022 17:24,S1036,C00710,P2154,Web,Tarjeta,Promo 10%,4,733.21,0.0,2932.84,439.93,2492.91,427.53,0,,
2022-002363,04/07/2022 18:28,S1023,C00769,P2026,Call Center,Tarjeta,Promo 10%,2,436.92,0.05,873.84,131.08,742.76,230.43,0,,
2022-002364,07/10/2022 06:34,S1005,C00565,P2066,Tienda,Billetera Digital,Cyber Week,2,472.24,0.1,944.48,122.78,821.7,297.19,1,,
2022-002365,29/10/2022 10:55,S1033,C00794,P2148,Tienda,Financiamiento,Cyber Week,3,674.81,0.0,2024.43,303.66,1720.77,390.62,1,,
2022-002366,20/06/2022 22:45,S1021,C00149,P2126,Marketplace,Transferencia,2x1,2,581.52,0.15,1163.04,174.46,988.58,413.19,1,,
2022-002367,31/05/2022 10:52,S1003,C00281,P2144,Marketplace,Efectivo,Promo 10%,2,218.0,0.2,436.0,56.68,379.32,177.43,0,,
2022-002368,04/01/2022 01:05,S1037,C00142,P2107,Web,Transferencia,Promo 10%,1,322.0,0.0,322.0,41.86,280.14,196.36,1,,
2022-002369,27/09/2022 13:40,S1027,C00311,P2147,Marketplace,Transferencia,2x1,2,548.18,0.0,1096.36,164.45,931.91,299.7,0,,
2022-002370,05/02/2022 18:16,S1015,C00216,P2113,Call Center,Billetera Digital,Cyber Week,2,238.12,0.2,476.24,57.15,419.09,139.53,0,,
2022-002371,24/01/2022 04:32,S1042,C00438,P2130,Call Center,Financiamiento,Sin Promo,4,701.29,0.0,2805.16,364.67,2440.49,404.15,1,,
2022-002372,12/11/2022 08:19,S1028,C00776,P2099,Marketplace,Tarjeta,Cyber Week,2,294.57,0.0,589.14,88.37,500.77,231.19,0,,
2022-002373,15/09/2022 01:00,S1042,C00388,P2066,Marketplace,Tarjeta,2x1,1,446.0,0.15,446.0,57.98,388.02,297.19,0,,
2022-002374,31/12/2022 01:10,S1004,C00555,P2117,Web,Transferencia,Cyber Week,3,79.99,0.05,239.97,31.2,208.77,41.82,0,,
2022-002375,22/01/2022 09:02,S1011,C00669,P2081,Web,Transferencia,Sin Promo,1,399.31,0.0,399.31,47.92,351.39,192.91,1,,
2022-002376,07/09/2022 21:23,S1015,C00432,P2109,Tienda,Financiamiento,Promo 15%,2,166.62,0.2,333.24,39.99,293.25,141.94,0,,
2022-002377,04/09/2022 11:46,S1038,C00728,P2074,Marketplace,Transferencia,Cyber Week,3,267.21,0.05,801.63,104.21,697.42,138.92,0,,
2022-002378,15/09/2022 07:19,S1005,C00395,P2080,Call Center,Financiamiento,Cyber Week,4,241.43,0.2,965.72,125.54,840.18,221.89,0,,
2022-002379,23/06/2022 03:17,S1031,C00124,P2062,Tienda,Financiamiento,2x1,5,95.11,0.15,475.55,71.33,404.22,74.21,0,,
2022-002380,18/09/2022 02:33,S1036,C00137,P2073,Call Center,Tarjeta,Cyber Week,1,139.88,0.15,139.88,20.98,118.9,131.1,0,,
2022-002381,06/07/2022 15:08,S1043,C00611,P2092,Call Center,Financiamiento,Black Friday,2,802.49,0.0,1604.98,208.65,1396.33,416.32,0,,
2022-002382,04/06/2022 01:34,S1034,C00046,P2063,Web,Financiamiento,Promo 15%,2,66.89,0.05,133.78,20.07,113.71,34.56,0,,
2022-002383,24/11/2022 00:30,S1026,C00197,P2033,Marketplace,Tarjeta,Cyber Week,1,80.36,0.0,80.36,12.05,68.31,61.26,0,,
2022-002384,01/03/2022 02:36,S1010,C00291,P2065,Marketplace,Financiamiento,Promo 10%,1,367.46,0.1,367.46,44.1,323.36,269.16,0,,
2022-002385,09/03/2022 09:29,S1004,C00530,P2043,Web,Transferencia,2x1,4,313.61,0.0,1254.44,163.08,1091.36,244.5,0,,
2022-002386,26/07/2022 02:27,S1010,C00602,P2083,Web,Financiamiento,Black Friday,2,523.42,0.0,1046.84,125.62,921.22,334.59,0,,
2022-002387,09/06/2022 20:19,S1008,C00494,P2139,Call Center,Billetera Digital,2x1,3,17.24,0.15,51.72,6.72,45.0,12.71,0,,
2022-002388,05/06/2022 19:08,S1044,C00785,P2027,Call Center,Efectivo,Sin Promo,2,265.38,0.2,530.76,69.0,461.76,230.42,0,,
2022-002389,06/08/2022 08:10,S1033,C00521,P2019,Call Center,Tarjeta,Promo 15%,1,471.27,0.0,471.27,70.69,400.58,283.84,1,,
2022-002390,15/04/2022 14:09,S1019,C00131,P2005,Web,Efectivo,Promo 15%,2,436.74,0.2,873.48,131.02,742.46,390.45,0,,
2022-002391,10/02/2022 15:21,S1003,C00009,P2082,Tienda,Tarjeta,Promo 10%,1,281.42,0.0,281.42,36.58,244.84,152.77,0,,
2022-002392,25/05/2022 14:45,S1008,C00487,P2020,Tienda,Tarjeta,2x1,2,41.96,0.15,83.92,10.91,73.01,32.33,0,,
2022-002393,15/04/2022 03:55,S1043,C00224,P2118,Call Center,Efectivo,2x1,3,65.15,0.0,195.45,25.41,170.04,45.65,1,,
2022-002394,30/11/2022 00:37,S1003,C00353,P2143,Marketplace,Efectivo,2x1,3,175.44,0.0,526.32,68.42,457.9,101.86,0,,
2022-002395,04/08/2022 05:27,S1034,C00554,P2064,Call Center,Efectivo,Promo 15%,1,91.31,0.0,91.31,13.7,77.61,57.47,0,,
2022-002396,29/08/2022 07:30,S1003,C00781,P2115,Call Center,Financiamiento,Promo 15%,2,372.57,0.0,745.14,96.87,648.27,201.2,0,,
2022-002397,14/11/2022 10:32,S1018,C00068,P2101,Marketplace,Tarjeta,Sin Promo,1,302.88,0.1,302.88,36.35,266.53,262.94,0,,
2022-002398,05/01/2022 01:17,S1004,C00170,P2091,Web,Financiamiento,Promo 10%,1,460.27,0.15,460.27,59.84,400.43,397.11,0,,
2022-002399,22/04/2022 04:38,S1011,C00580,P2108,Web,Financiamiento,Promo 15%,1,255.04,0.1,255.04,30.6,224.44,144.01,1,,
2022-002400,15/07/2022 07:32,S1014,C00225,P2021,Web,Efectivo,Promo 15%,3,439.47,0.0,1318.41,158.21,1160.2,239.98,0,,
2022-002401,11/02/2022 04:13,S1009,C00716,P2001,Web,Tarjeta,Promo 10%,2,81.45,0.15,162.9,21.18,141.72,59.67,0,,
2022-002402,02/01/2022 15:37,S1020,C00191,P2076,Marketplace,Billetera Digital,Cyber Week,4,82.89,0.15,331.56,49.73,281.83,50.2,0,,
2022-002403,13/03/2022 02:26,S1016,C00501,P2069,Tienda,Tarjeta,Sin Promo,2,191.55,0.0,383.1,45.97,337.13,145.02,1,,
2022-002404,25/03/2022 18:17,S1015,C00238,P2100,Call Center,Billetera Digital,Sin Promo,3,543.37,0.05,1630.11,195.61,1434.5,422.9,0,,
2022-002405,23/11/2022 14:14,S1039,C00618,P2103,Web,Financiamiento,Cyber Week,2,403.65,0.05,807.3,104.95,702.35,274.37,1,,
2022-002406,12/11/2022 11:03,S1019,C00555,P2073,Tienda,Efectivo,Promo 10%,2,148.1,0.1,296.2,44.43,251.77,131.1,0,,
2022-002407,17/06/2022 21:10,S1019,C00695,P2096,Tienda,Efectivo,Promo 10%,2,636.0,0.0,1272.0,190.8,1081.2,369.96,1,,
2022-002408,09/09/2022 22:14,S1017,C00746,P2032,Marketplace,Tarjeta,Promo 10%,1,466.57,0.0,466.57,55.99,410.58,330.43,0,,
2022-002409,04/07/2022 07:57,S1036,C00296,P2045,Web,Tarjeta,Cyber Week,1,58.57,0.15,58.57,8.79,49.78,46.07,0,,
2022-002410,21/03/2022 09:08,S1037,C00219,P2108,Call Center,Transferencia,2x1,3,283.38,0.0,850.14,110.52,739.62,144.01,0,,
2022-002411,20/02/2022 21:11,S1018,C00744,P2029,Web,Tarjeta,Promo 15%,2,491.5,0.0,983.0,117.96,865.04,271.13,0,,
2022-002412,14/09/2022 16:33,S1020,C00451,P2133,Tienda,Efectivo,Cyber Week,2,49.96,0.05,99.92,14.99,84.93,38.56,0,,
2022-002413,18/06/2022 05:31,S1044,C00779,P2089,Marketplace,Billetera Digital,Black Friday,1,589.23,0.2,589.23,76.6,512.63,351.93,0,,
2022-002414,14/09/2022 12:56,S1045,C00107,P2057,Web,Billetera Digital,Black Friday,1,356.83,0.15,356.83,46.39,310.44,314.68,0,,
2022-002415,03/01/2022 02:41,S1013,C00075,P2061,Call Center,Financiamiento,2x1,1,42.68,0.0,42.68,5.12,37.56,26.36,0,,
2022-002416,18/05/2022 20:54,S1002,C00042,P2100,Tienda,Financiamiento,Promo 15%,1,543.37,0.05,543.37,70.64,472.73,422.9,0,,
2022-002417,31/07/2022 12:36,S1037,C00227,P2140,Web,Financiamiento,Sin Promo,1,14.41,0.0,14.41,1.87,12.54,6.63,0,,
2022-002418,02/12/2022 11:56,S1015,C00251,P2119,Tienda,Efectivo,Black Friday,2,648.62,0.15,1297.24,155.67,1141.57,363.73,0,,
2022-002419,15/10/2022 09:35,S1036,C00317,P2076,Web,Transferencia,Cyber Week,2,97.52,0.0,195.04,29.26,165.78,50.2,0,,
2022-002420,23/08/2022 17:29,S1023,C00643,P2111,Call Center,Tarjeta,Cyber Week,3,277.51,0.05,832.53,124.88,707.65,191.52,0,,
2022-002421,05/10/2022 19:31,S1011,C00787,P2103,Marketplace,Tarjeta,Cyber Week,3,424.9,0.0,1274.7,152.96,1121.74,274.37,0,,
2022-002422,29/12/2022 21:12,S1038,C00268,P2071,Marketplace,Billetera Digital,Promo 15%,4,411.03,0.15,1644.12,213.74,1430.38,243.78,1,,
2022-002423,24/07/2022 16:09,S1027,C00710,P2069,Web,Billetera Digital,Cyber Week,2,191.55,0.0,383.1,57.47,325.63,145.02,1,,
2022-002424,06/07/2022 21:31,S1023,C00547,P2111,Tienda,Tarjeta,Black Friday,3,277.51,0.05,832.53,124.88,707.65,191.52,0,,
2022-002425,14/02/2022 05:36,S1020,C00508,P2053,Call Center,Financiamiento,Sin Promo,2,934.5,0.0,1869.0,280.35,1588.65,436.17,0,,
2022-002426,17/06/2022 08:21,S1019,C00573,P2103,Call Center,Billetera Digital,Sin Promo,1,361.16,0.15,361.16,54.17,306.99,274.37,0,,
2022-002427,11/03/2022 00:01,S1007,C00184,P2064,Web,Efectivo,Black Friday,2,91.31,0.0,182.62,23.74,158.88,57.47,0,,
2022-002428,21/02/2022 02:25,S1036,C00087,P2018,Call Center,Financiamiento,2x1,1,313.49,0.2,313.49,47.02,266.47,224.11,0,Revisar,
2022-002429,23/04/2022 16:07,S1029,C00429,P2015,Web,Financiamiento,Promo 10%,1,173.77,0.0,173.77,26.07,147.7,122.14,0,,
2022-002430,09/05/2022 18:19,S1022,C00207,P2160,Marketplace,Financiamiento,2x1,1,771.61,0.05,771.61,115.74,655.87,418.28,0,,
2022-002431,24/08/2022 23:19,S1015,C00653,P2020,Tienda,Transferencia,2x1,1,41.96,0.15,41.96,5.04,36.92,32.33,1,,
2022-002432,16/06/2022 17:51,S1018,C00672,P2144,Web,Billetera Digital,2x1,3,218.0,0.2,654.0,78.48,575.52,177.43,0,,
2022-002433,02/09/2022 01:14,S1001,C00401,P2081,Call Center,Efectivo,Black Friday,1,379.34,0.05,379.34,49.31,330.03,192.91,0,,
2022-002434,08/02/2022 14:17,S1013,C00447,P2060,Tienda,Billetera Digital,Cyber Week,1,344.93,0.1,344.93,41.39,303.54,245.82,0,,
2022-002435,19/05/2022 15:29,S1019,C00237,P2072,Call Center,Efectivo,Cyber Week,4,513.93,0.15,2055.72,308.36,1747.36,420.23,1,,
2022-002436,26/01/2022 12:52,S1039,C00244,P2106,Call Center,Billetera Digital,Sin Promo,2,415.28,0.1,830.56,107.97,722.59,310.34,0,,
2022-002437,24/03/2022 12:02,S1016,C00284,P2137,Web,Billetera Digital,Promo 10%,1,428.74,0.0,428.74,51.45,377.29,246.0,0,,
2022-002438,03/08/2022 04:39,S1041,C00690,P2021,Tienda,Tarjeta,Black Friday,1,417.5,0.05,417.5,54.27,363.23,239.98,0,,
2022-002439,22/09/2022 01:53,S1003,C00657,P2095,Tienda,Transferencia,2x1,1,583.94,0.2,583.94,75.91,508.03,368.2,0,,
2022-002440,11/06/2022 22:09,S1023,C00116,P2048,Tienda,Tarjeta,Sin Promo,3,256.13,0.2,768.39,115.26,653.13,183.57,0,Revisar,
2022-002441,24/10/2022 02:01,S1011,C00501,P2048,Call Center,Efectivo,Black Friday,5,320.16,0.0,1600.8,192.1,1408.7,183.57,0,,
2022-002442,13/06/2022 09:22,S1014,C00067,P2033,Web,Transferencia,Cyber Week,1,64.29,0.2,64.29,7.71,56.58,61.26,0,,
2022-002443,25/05/2022 08:53,S1011,C00102,P2124,Web,Billetera Digital,Cyber Week,3,380.55,0.2,1141.65,137.0,1004.65,351.18,0,,
2022-002444,11/10/2022 22:00,S1001,C00320,P2082,Tienda,Billetera Digital,Black Friday,1,281.42,0.0,281.42,36.58,244.84,152.77,0,,
2022-002445,22/10/2022 13:45,S1031,C00754,P2026,Web,Efectivo,Sin Promo,2,413.93,0.1,827.86,124.18,703.68,230.43,0,,
2022-002446,07/01/2022 12:44,S1034,C00261,P2033,Marketplace,Efectivo,Promo 15%,1,68.31,0.15,68.31,10.25,58.06,61.26,1,,
2022-002447,04/02/2022 03:46,S1037,C00765,P2037,Tienda,Efectivo,Promo 15%,1,561.42,0.1,561.42,72.98,488.44,405.23,0,,
2022-002448,03/06/2022 00:31,S1003,C00049,P2147,Marketplace,Tarjeta,Promo 10%,2,548.18,0.0,1096.36,142.53,953.83,299.7,0,,
2022-002449,17/10/2022 16:19,S1035,C00458,P2038,Tienda,Efectivo,Promo 10%,2,118.96,0.15,237.92,35.69,202.23,104.22,0,,
2022-002450,13/10/2022 19:44,S1002,C00678,P2050,Call Center,Financiamiento,2x1,3,232.86,0.15,698.58,90.82,607.76,192.16,0,,
2022-002451,19/01/2022 23:02,S1011,C00339,P2098,Marketplace,Tarjeta,Promo 10%,1,645.08,0.0,645.08,77.41,567.67,389.5,0,,
2022-002452,09/01/2022 23:34,S1013,C00158,P2104,Call Center,Billetera Digital,Promo 10%,1,632.01,0.1,632.01,75.84,556.17,405.18,0,,
2022-002453,25/08/2022 10:26,S1020,C00207,P2041,Web,Tarjeta,Black Friday,1,39.54,0.15,39.54,5.93,33.61,34.06,0,,
2022-002454,19/09/2022 07:09,S1044,C00398,P2070,Web,Billetera Digital,Cyber Week,1,614.79,0.0,614.79,79.92,534.87,281.04,0,,
2022-002455,28/12/2022 00:18,S1005,C00537,P2151,Call Center,Efectivo,Black Friday,1,196.94,0.2,196.94,25.6,171.34,116.51,0,,
2022-002456,03/01/2022 17:10,S1018,C00031,P2159,Tienda,Billetera Digital,Promo 15%,1,640.88,0.0,640.88,76.91,563.97,434.27,0,,
2022-002457,24/04/2022 08:07,S1039,C00379,P2028,Tienda,Financiamiento,Black Friday,3,598.19,0.0,1794.57,233.29,1561.28,344.08,0,,
2022-002458,29/01/2022 12:25,S1015,C00288,P2040,Call Center,Financiamiento,2x1,2,56.52,0.05,113.04,13.56,99.48,35.66,0,,
2022-002459,31/10/2022 04:58,S1043,C00199,P2015,Web,Tarjeta,Promo 10%,6,139.02,0.2,834.12,108.44,725.68,122.14,0,,
2022-002460,21/03/2022 19:19,S1009,C00151,P2126,Marketplace,Financiamiento,Promo 15%,5,649.93,0.05,3249.65,422.45,2827.2,413.19,0,,
2022-002461,03/07/2022 18:19,S1038,C00698,P2060,Web,Tarjeta,Promo 10%,2,383.25,0.0,766.5,99.65,666.85,245.82,0,,
2022-002462,07/01/2022 13:45,S1032,C00745,P2130,Call Center,Tarjeta,Black Friday,2,631.16,0.1,1262.32,189.35,1072.97,404.15,1,,
2022-002463,28/03/2022 09:41,S1024,C00049,P2153,Web,Financiamiento,Promo 15%,3,387.51,0.05,1162.53,174.38,988.15,293.96,0,,
2022-002464,27/08/2022 02:20,S1010,C00391,P2016,Marketplace,Billetera Digital,2x1,1,163.96,0.05,163.96,19.68,144.28,121.18,0,,
2022-002465,13/05/2022 13:14,S1023,C00520,P2025,Marketplace,Transferencia,Promo 10%,1,564.63,0.15,564.63,84.69,479.94,394.63,0,,
2022-002466,02/07/2022 06:28,S1034,C00095,P2013,Marketplace,Transferencia,Cyber Week,1,170.17,0.15,170.17,25.53,144.64,98.1,0,,
2022-002467,30/09/2022 05:19,S1038,C00468,P2036,Web,Financiamiento,Cyber Week,6,288.63,0.0,1731.78,225.13,1506.65,143.03,0,,
2022-002468,21/10/2022 01:46,S1004,C00786,P2043,Marketplace,Tarjeta,Sin Promo,3,250.89,0.2,752.67,97.85,654.82,244.5,0,,
2022-002469,11/06/2022 15:45,S1043,C00292,P2137,Web,Billetera Digital,Promo 15%,2,428.74,0.0,857.48,111.47,746.01,246.0,0,,
2022-002470,13/06/2022 16:44,S1042,C00642,P2112,Call Center,Financiamiento,Sin Promo,2,307.5,0.15,615.0,79.95,535.05,257.82,1,,
2022-002471,08/07/2022 02:11,S1019,C00415,P2023,Tienda,Billetera Digital,Black Friday,2,423.8,0.2,847.6,127.14,720.46,346.8,0,,
2022-002472,16/09/2022 07:37,S1030,C00285,P2117,Web,Transferencia,2x1,6,67.36,0.2,404.16,60.62,343.54,41.82,0,Revisar,
2022-002473,26/12/2022 02:12,S1017,C00187,P2088,Marketplace,Billetera Digital,2x1,1,543.32,0.05,543.32,65.2,478.12,308.2,0,,
2022-002474,08/05/2022 22:46,S1033,C00666,P2085,Marketplace,Financiamiento,Promo 10%,1,26.37,0.15,26.37,3.96,22.41,20.07,1,Revisar,
2022-002475,04/05/2022 07:31,S1009,C00081,P2119,Web,Efectivo,Promo 15%,3,686.77,0.1,2060.31,267.84,1792.47,363.73,0,,
2022-002476,04/07/2022 05:02,S1018,C00016,P2114,Call Center,Tarjeta,Promo 15%,1,554.0,0.0,554.0,66.48,487.52,274.57,0,,
2022-002477,12/06/2022 12:16,S1022,C00735,P2149,Web,Financiamiento,Promo 10%,3,179.85,0.2,539.55,80.93,458.62,173.08,0,,
2022-002478,06/10/2022 00:16,S1039,C00758,P2120,Web,Transferencia,Cyber Week,3,199.5,0.0,598.5,77.81,520.69,113.2,1,Revisar,
2022-002479,16/03/2022 16:53,S1008,C00239,P2071,Call Center,Efectivo,Cyber Week,1,483.57,0.0,483.57,62.86,420.71,243.78,1,,
2022-002480,19/09/2022 23:00,S1006,C00616,P2030,Marketplace,Financiamiento,2x1,1,514.37,0.05,514.37,66.87,447.5,418.38,1,,
2022-002481,03/04/2022 07:50,S1012,C00113,P2073,Web,Billetera Digital,Promo 15%,2,164.56,0.0,329.12,39.49,289.63,131.1,1,,
2022-002482,23/05/2022 17:05,S1030,C00225,P2146,Web,Financiamiento,Black Friday,2,295.7,0.05,591.4,88.71,502.69,242.22,0,,
2022-002483,20/10/2022 06:53,S1022,C00782,P2138,Web,Efectivo,Cyber Week,4,576.08,0.2,2304.32,345.65,1958.67,375.47,0,,
2022-002484,24/05/2022 03:17,S1036,C00055,P2084,Web,Efectivo,Promo 10%,3,9.26,0.15,27.78,4.17,23.61,8.31,0,,
2022-002485,23/12/2022 00:02,S1033,C00471,P2010,Call Center,Efectivo,Promo 15%,4,323.27,0.2,1293.08,193.96,1099.12,210.17,0,,
2022-002486,17/12/2022 21:06,S1015,C00117,P2001,Tienda,Billetera Digital,Promo 15%,1,81.45,0.15,81.45,9.77,71.68,59.67,0,,
2022-002487,24/06/2022 13:24,S1011,C00208,P2157,Web,Transferencia,Black Friday,1,178.7,0.2,178.7,21.44,157.26,118.28,0,,
2022-002488,03/05/2022 03:06,S1016,C00354,P2160,Tienda,Efectivo,Promo 15%,1,812.22,0.0,812.22,97.47,714.75,418.28,0,,
2022-002489,26/04/2022 01:01,S1015,C00143,P2127,Web,Financiamiento,2x1,1,732.66,0.0,732.66,87.92,644.74,361.43,0,,
2022-002490,17/06/2022 11:01,S1031,C00212,P2066,Marketplace,Financiamiento,Black Friday,4,524.71,0.0,2098.84,314.83,1784.01,297.19,0,,
2022-002491,14/07/2022 13:07,S1015,C00639,P2034,Call Center,Efectivo,Sin Promo,2,249.8,0.05,499.6,59.95,439.65,122.22,0,,
2022-002492,17/03/2022 13:21,S1009,C00590,P2059,Web,Billetera Digital,2x1,1,124.17,0.05,124.17,16.14,108.03,101.09,0,,
2022-002493,10/06/2022 14:03,S1011,C00788,P2074,Web,Transferencia,2x1,1,239.08,0.15,239.08,28.69,210.39,138.92,0,,
2022-002494,26/01/2022 19:04,S1004,C00614,P2050,Web,Efectivo,Sin Promo,3,246.56,0.1,739.68,96.16,643.52,192.16,0,,
2022-002495,29/03/2022 13:09,S1036,C00115,P2024,Marketplace,Financiamiento,2x1,2,316.27,0.0,632.54,94.88,537.66,197.91,1,,
2022-002496,20/04/2022 14:18,S1007,C00095,P2070,Web,Efectivo,Sin Promo,1,584.05,0.05,584.05,75.93,508.12,281.04,0,,
2022-002497,31/05/2022 14:06,S1007,C00437,P2071,Web,Financiamiento,Promo 10%,1,459.39,0.05,459.39,59.72,399.67,243.78,0,,
2022-002498,08/01/2022 08:34,S1029,C00731,P2151,Call Center,Transferencia,Black Friday,5,209.24,0.15,1046.2,156.93,889.27,116.51,0,,
2022-002499,21/09/2022 10:20,S1010,C00770,P2011,Call Center,Transferencia,Black Friday,3,333.81,0.15,1001.43,120.17,881.26,309.34,0,,
2022-002500,20/11/2022 03:17,S1029,C00028,P2044,Marketplace,Efectivo,Cyber Week,2,454.08,0.0,908.16,136.22,771.94,214.81,0,,
2022-002501,28/04/2022 03:27,S1001,C00075,P2081,Tienda,Financiamiento,2x1,1,339.41,0.15,339.41,44.12,295.29,192.91,0,,
2022-002502,12/07/2022 15:42,S1022,C00537,P2053,Web,Billetera Digital,Promo 15%,1,747.6,0.2,747.6,112.14,635.46,436.17,0,,
2022-002503,12/06/2022 11:08,S1036,C00552,P2054,Tienda,Billetera Digital,Cyber Week,1,370.62,0.2,370.62,55.59,315.03,220.6,0,,
2022-002504,21/08/2022 22:24,S1031,C00296,P2151,Call Center,Efectivo,Promo 10%,4,196.94,0.2,787.76,118.16,669.6,116.51,0,,
2022-002505,30/06/2022 02:45,S1009,C00078,P2045,Tienda,Billetera Digital,Promo 15%,3,68.91,0.0,206.73,26.87,179.86,46.07,0,,
2022-002506,07/08/2022 02:54,S1032,C00112,P2035,Call Center,Tarjeta,Cyber Week,1,770.61,0.15,770.61,115.59,655.02,418.3,1,Revisar,
2022-002507,31/01/2022 06:39,S1036,C00056,P2049,Marketplace,Financiamiento,Black Friday,4,158.27,0.0,633.08,94.96,538.12,89.45,0,,
2022-002508,23/11/2022 03:46,S1027,C00226,P2023,Marketplace,Efectivo,Black Friday,2,476.78,0.1,953.56,143.03,810.53,346.8,1,,
2022-002509,16/11/2022 03:51,S1028,C00681,P2142,Call Center,Efectivo,Promo 15%,4,419.81,0.15,1679.24,251.89,1427.35,331.65,0,,
2022-002510,07/02/2022 00:52,S1009,C00232,P2046,Call Center,Billetera Digital,Black Friday,1,308.18,0.15,308.18,40.06,268.12,192.92,0,,
2022-002511,13/06/2022 17:08,S1033,C00701,P2105,Web,Tarjeta,2x1,4,676.15,0.0,2704.6,405.69,2298.91,320.12,0,,
2022-002512,29/01/2022 06:28,S1029,C00576,P2005,Web,Efectivo,Black Friday,4,545.93,0.0,2183.72,327.56,1856.16,390.45,0,,
2022-002513,10/04/2022 12:37,S1035,C00754,P2068,Tienda,Financiamiento,Sin Promo,1,246.4,0.0,246.4,36.96,209.44,122.46,0,,
2022-002514,25/11/2022 00:33,S1042,C00118,P2077,Web,Billetera Digital,Black Friday,2,635.75,0.2,1271.5,165.3,1106.2,400.81,0,,
2022-002515,13/01/2022 06:09,S1013,C00494,P2011,Tienda,Transferencia,Cyber Week,1,333.81,0.15,333.81,40.06,293.75,309.34,1,,
2022-002516,16/01/2022 15:29,S1035,C00636,P2113,Marketplace,Billetera Digital,Promo 15%,2,297.65,0.0,595.3,89.29,506.01,139.53,0,,
2022-002517,24/04/2022 23:55,S1001,C00110,P2091,Call Center,Tarjeta,Promo 15%,1,541.5,0.0,541.5,70.39,471.11,397.11,0,,
2022-002518,22/10/2022 11:32,S1011,C00416,P2051,Tienda,Efectivo,Black Friday,1,727.14,0.15,727.14,87.26,639.88,394.02,0,,
2022-002519,22/12/2022 06:02,S1021,C00705,P2063,Web,Efectivo,Sin Promo,1,56.33,0.2,56.33,8.45,47.88,34.56,0,,
2022-002520,17/09/2022 19:59,S1037,C00758,P2040,Web,Tarjeta,Black Friday,1,47.59,0.2,47.59,6.19,41.4,35.66,0,,
2022-002521,15/12/2022 12:53,S1039,C00380,P2106,Call Center,Financiamiento,Black Friday,1,369.14,0.2,369.14,47.99,321.15,310.34,0,,
2022-002522,03/03/2022 05:44,S1037,C00068,P2040,Web,Transferencia,Sin Promo,1,56.52,0.05,56.52,7.35,49.17,35.66,0,,
2022-002523,30/01/2022 17:22,S1029,C00172,P2001,Web,Transferencia,Cyber Week,3,81.45,0.15,244.35,36.65,207.7,59.67,0,,
2022-002524,02/02/2022 08:26,S1001,C00440,P2113,Web,Tarjeta,Promo 10%,4,297.65,0.0,1190.6,154.78,1035.82,139.53,1,,
2022-002525,28/03/2022 13:18,S1027,C00259,P2051,Web,Financiamiento,Promo 15%,1,684.37,0.2,684.37,102.66,581.71,394.02,0,,
2022-002526,23/07/2022 05:31,S1013,C00619,P2098,Web,Billetera Digital,Promo 15%,3,645.08,0.0,1935.24,232.23,1703.01,389.5,0,,
2022-002527,25/01/2022 08:26,S1020,C00063,P2039,Marketplace,Transferencia,Promo 10%,2,453.15,0.05,906.3,135.94,770.36,251.05,0,,
2022-002528,27/10/2022 21:32,S1030,C00474,P2033,Marketplace,Billetera Digital,Sin Promo,1,64.29,0.2,64.29,9.64,54.65,61.26,0,,
2022-002529,26/04/2022 00:57,S1035,C00746,P2096,Marketplace,Tarjeta,Promo 15%,2,540.6,0.15,1081.2,162.18,919.02,369.96,0,,
2022-002530,30/07/2022 23:51,S1031,C00596,P2125,Tienda,Billetera Digital,Promo 15%,1,344.65,0.0,344.65,51.7,292.95,235.01,0,,
2022-002531,20/06/2022 02:05,S1033,C00568,P2007,Call Center,Tarjeta,Promo 15%,3,212.03,0.0,636.09,95.41,540.68,162.45,0,,
2022-002532,15/01/2022 11:28,S1005,C00447,P2020,Web,Financiamiento,2x1,1,49.36,0.0,49.36,6.42,42.94,32.33,0,,
2022-002533,23/02/2022 02:09,S1037,C00156,P2076,Marketplace,Transferencia,Promo 15%,2,92.64,0.05,185.28,24.09,161.19,50.2,0,,
2022-002534,21/10/2022 08:25,S1042,C00085,P2086,Tienda,Financiamiento,Sin Promo,2,92.82,0.15,185.64,24.13,161.51,70.05,0,,
2022-002535,09/05/2022 00:21,S1006,C00509,P2008,Marketplace,Transferencia,2x1,1,743.1,0.15,743.1,96.6,646.5,421.75,0,,
2022-002536,14/12/2022 18:21,S1018,C00164,P2117,Call Center,Transferencia,Cyber Week,2,75.78,0.1,151.56,18.19,133.37,41.82,0,,
2022-002537,17/04/2022 17:26,S1004,C00581,P2123,Call Center,Financiamiento,2x1,1,175.11,0.0,175.11,22.76,152.35,112.82,0,,
2022-002538,15/08/2022 04:55,S1027,C00554,P2030,Tienda,Transferencia,2x1,1,514.37,0.05,514.37,77.16,437.21,418.38,0,,
2022-002539,23/02/2022 05:23,S1033,C00577,P2003,Tienda,Efectivo,2x1,1,508.72,0.0,508.72,76.31,432.41,261.5,0,,
2022-002540,01/11/2022 07:40,S1008,C00417,P2032,Marketplace,Efectivo,Black Friday,2,466.57,0.0,933.14,121.31,811.83,330.43,1,,
2022-002541,27/10/2022 22:45,S1030,C00268,P2130,Web,Billetera Digital,Promo 10%,1,701.29,0.0,701.29,105.19,596.1,404.15,0,,
2022-002542,01/03/2022 14:38,S1020,C00060,P2039,Marketplace,Financiamiento,2x1,1,453.15,0.05,453.15,67.97,385.18,251.05,0,Revisar,
2022-002543,09/03/2022 15:40,S1015,C00292,P2087,Tienda,Efectivo,Cyber Week,1,323.78,0.0,323.78,38.85,284.93,166.63,1,,
2022-002544,20/02/2022 15:33,S1017,C00664,P2117,Tienda,Financiamiento,Promo 15%,1,79.99,0.05,79.99,9.6,70.39,41.82,0,,
2022-002545,14/05/2022 23:34,S1008,C00462,P2111,Marketplace,Efectivo,2x1,2,292.12,0.0,584.24,75.95,508.29,191.52,0,,
2022-002546,18/05/2022 05:42,S1013,C00056,P2056,Web,Billetera Digital,Promo 10%,2,798.25,0.1,1596.5,191.58,1404.92,417.23,0,,
2022-002547,18/04/2022 22:43,S1037,C00640,P2094,Web,Billetera Digital,Promo 15%,3,700.79,0.0,2102.37,273.31,1829.06,392.99,0,,
2022-002548,24/12/2022 14:27,S1009,C00388,P2077,Marketplace,Efectivo,Promo 10%,1,675.49,0.15,675.49,87.81,587.68,400.81,0,,
2022-002549,14/10/2022 17:02,S1040,C00009,P2128,Tienda,Tarjeta,Sin Promo,4,557.39,0.0,2229.56,289.84,1939.72,269.57,0,,
2022-002550,14/11/2022 21:55,S1039,C00277,P2083,Marketplace,Financiamiento,Promo 15%,2,444.91,0.15,889.82,115.68,774.14,334.59,0,,
2022-002551,08/09/2022 07:20,S1041,C00651,P2130,Call Center,Financiamiento,Sin Promo,2,596.1,0.15,1192.2,154.99,1037.21,404.15,0,,
2022-002552,29/10/2022 22:25,S1024,C00762,P2156,Call Center,Billetera Digital,Sin Promo,1,77.36,0.05,77.36,11.6,65.76,55.02,0,,
2022-002553,08/06/2022 13:16,S1043,C00598,P2122,Marketplace,Billetera Digital,2x1,3,647.54,0.05,1942.62,252.54,1690.08,324.38,0,,
2022-002554,30/04/2022 22:11,S1013,C00710,P2014,Tienda,Efectivo,Cyber Week,1,344.15,0.2,344.15,41.3,302.85,296.33,0,,
2022-002555,11/01/2022 12:29,S1024,C00642,P2138,Tienda,Tarjeta,Black Friday,2,684.1,0.05,1368.2,205.23,1162.97,375.47,1,,
2022-002556,11/01/2022 10:40,S1025,C00140,P2022,Call Center,Transferencia,2x1,3,382.44,0.15,1147.32,172.1,975.22,325.44,0,,
2022-002557,24/11/2022 10:07,S1004,C00506,P2119,Call Center,Efectivo,Sin Promo,4,763.08,0.0,3052.32,396.8,2655.52,363.73,1,,
2022-002558,15/09/2022 18:25,S1024,C00550,P2086,Tienda,Financiamiento,Black Friday,2,103.74,0.05,207.48,31.12,176.36,70.05,0,,
2022-002559,21/02/2022 14:05,S1009,C00326,P2099,Web,Efectivo,2x1,1,279.84,0.05,279.84,36.38,243.46,231.19,0,,
2022-002560,07/06/2022 02:33,S1001,C00258,P2029,Marketplace,Financiamiento,Black Friday,1,491.5,0.0,491.5,63.9,427.6,271.13,1,,
2022-002561,03/08/2022 16:21,S1007,C00192,P2038,Web,Financiamiento,Promo 15%,5,139.95,0.0,699.75,90.97,608.78,104.22,0,,
2022-002562,22/12/2022 05:49,S1021,C00374,P2154,Web,Billetera Digital,Sin Promo,2,733.21,0.0,1466.42,219.96,1246.46,427.53,0,,
2022-002563,09/09/2022 20:28,S1026,C00663,P2020,Marketplace,Efectivo,Promo 15%,2,39.49,0.2,78.98,11.85,67.13,32.33,0,,
2022-002564,11/12/2022 21:12,S1043,C00586,P2089,Tienda,Billetera Digital,Promo 15%,1,699.71,0.05,699.71,90.96,608.75,351.93,0,,
2022-002565,23/12/2022 12:39,S1044,C00715,P2044,Marketplace,Transferencia,Promo 10%,2,408.67,0.1,817.34,106.25,711.09,214.81,0,,
2022-002566,27/04/2022 02:14,S1043,C00393,P2053,Web,Financiamiento,2x1,3,934.5,0.0,2803.5,364.45,2439.05,436.17,0,Revisar,
2022-002567,05/03/2022 19:16,S1028,C00287,P2059,Call Center,Financiamiento,Sin Promo,1,117.64,0.1,117.64,17.65,99.99,101.09,0,,
2022-002568,05/03/2022 15:50,S1032,C00798,P2040,Marketplace,Transferencia,Black Friday,3,47.59,0.2,142.77,21.42,121.35,35.66,1,,
2022-002569,18/02/2022 09:51,S1043,C00162,P2019,Tienda,Tarjeta,Cyber Week,3,471.27,0.0,1413.81,183.8,1230.01,283.84,1,,
2022-002570,20/05/2022 01:19,S1002,C00238,P2086,Call Center,Tarjeta,Promo 10%,3,109.2,0.0,327.6,42.59,285.01,70.05,0,,
2022-002571,04/03/2022 01:51,S1030,C00009,P2102,Tienda,Financiamiento,Black Friday,3,500.87,0.0,1502.61,225.39,1277.22,270.07,0,,
2022-002572,23/03/2022 21:16,S1018,C00730,P2129,Web,Efectivo,Cyber Week,1,429.21,0.15,429.21,51.51,377.7,401.84,0,,
2022-002573,15/09/2022 12:01,S1030,C00334,P2136,Web,Financiamiento,Promo 10%,3,154.8,0.0,464.4,69.66,394.74,99.42,1,,
2022-002574,17/05/2022 09:24,S1039,C00149,P2062,Call Center,Billetera Digital,Cyber Week,6,95.11,0.15,570.66,74.19,496.47,74.21,0,,
2022-002575,18/03/2022 13:38,S1003,C00021,P2159,Call Center,Efectivo,2x1,1,512.7,0.2,512.7,66.65,446.05,434.27,0,,
2022-002576,20/11/2022 11:42,S1032,C00198,P2096,Marketplace,Billetera Digital,2x1,6,604.2,0.05,3625.2,543.78,3081.42,369.96,0,,
2022-002577,26/12/2022 08:51,S1045,C00655,P2028,Tienda,Tarjeta,Cyber Week,5,568.28,0.05,2841.4,369.38,2472.02,344.08,0,,
2022-002578,07/04/2022 21:22,S1025,C00504,P2097,Marketplace,Billetera Digital,Sin Promo,3,521.13,0.0,1563.39,234.51,1328.88,298.37,0,,
2022-002579,21/12/2022 18:02,S1017,C00318,P2141,Marketplace,Efectivo,Cyber Week,2,749.24,0.1,1498.48,179.82,1318.66,384.64,0,,
2022-002580,02/01/2022 23:07,S1005,C00414,P2100,Web,Tarjeta,Promo 15%,1,571.97,0.0,571.97,74.36,497.61,422.9,0,,
2022-002581,22/03/2022 12:45,S1018,C00419,P2080,Tienda,Tarjeta,Promo 15%,1,241.43,0.2,241.43,28.97,212.46,221.89,0,,
2022-002582,13/04/2022 03:37,S1002,C00137,P2093,Call Center,Financiamiento,Promo 15%,1,140.56,0.05,140.56,18.27,122.29,75.0,0,,
2022-002583,03/09/2022 00:01,S1015,C00636,P2145,Call Center,Billetera Digital,Cyber Week,2,118.01,0.0,236.02,28.32,207.7,77.61,1,Revisar,
2022-002584,19/12/2022 17:03,S1007,C00217,P2018,Web,Transferencia,Sin Promo,1,372.27,0.05,372.27,48.4,323.87,224.11,0,,
2022-002585,01/06/2022 06:29,S1027,C00436,P2040,Web,Billetera Digital,Cyber Week,6,56.52,0.05,339.12,50.87,288.25,35.66,0,,
2022-002586,13/01/2022 10:42,S1005,C00017,P2021,Tienda,Financiamiento,Cyber Week,1,395.52,0.1,395.52,51.42,344.1,239.98,0,,
2022-002587,25/08/2022 14:28,S1001,C00265,P2116,Web,Financiamiento,Sin Promo,1,595.12,0.2,595.12,77.37,517.75,358.01,0,,
2022-002588,28/06/2022 11:21,S1005,C00476,P2122,Call Center,Efectivo,Black Friday,1,681.62,0.0,681.62,88.61,593.01,324.38,0,,
2022-002589,13/06/2022 18:34,S1015,C00695,P2052,Marketplace,Financiamiento,Promo 10%,1,89.96,0.05,89.96,10.8,79.16,47.67,0,,
2022-002590,03/08/2022 01:58,S1023,C00247,P2065,Call Center,Billetera Digital,Promo 10%,3,387.88,0.05,1163.64,174.55,989.09,269.16,1,,
2022-002591,23/01/2022 07:26,S1020,C00161,P2102,Call Center,Tarjeta,Promo 15%,2,500.87,0.0,1001.74,150.26,851.48,270.07,1,,
2022-002592,26/12/2022 12:46,S1006,C00292,P2013,Web,Financiamiento,Sin Promo,1,160.16,0.2,160.16,20.82,139.34,98.1,0,,
2022-002593,12/05/2022 01:04,S1020,C00193,P2084,Call Center,Efectivo,Sin Promo,3,8.71,0.2,26.13,3.92,22.21,8.31,0,,
2022-002594,21/03/2022 02:01,S1009,C00766,P2043,Call Center,Financiamiento,2x1,3,266.57,0.15,799.71,103.96,695.75,244.5,0,,
2022-002595,27/07/2022 11:45,S1027,C00697,P2023,Marketplace,Efectivo,Cyber Week,1,529.75,0.0,529.75,79.46,450.29,346.8,1,,
2022-002596,02/04/2022 10:06,S1028,C00652,P2073,Tienda,Financiamiento,Black Friday,1,139.88,0.15,139.88,20.98,118.9,131.1,0,,
2022-002597,24/04/2022 12:11,S1024,C00761,P2100,Call Center,Tarjeta,2x1,1,571.97,0.0,571.97,85.8,486.17,422.9,0,,
2022-002598,07/12/2022 00:26,S1017,C00289,P2125,Web,Billetera Digital,Sin Promo,1,344.65,0.0,344.65,41.36,303.29,235.01,0,,
2022-002599,20/08/2022 08:10,S1044,C00401,P2114,Call Center,Financiamiento,Black Friday,1,554.0,0.0,554.0,72.02,481.98,274.57,1,,
2022-002600,14/10/2022 14:00,S1045,C00775,P2004,Marketplace,Efectivo,2x1,1,543.65,0.0,543.65,70.67,472.98,298.92,0,,
2022-002601,11/06/2022 04:20,S1039,C00717,P2114,Marketplace,Transferencia,2x1,1,554.0,0.0,554.0,72.02,481.98,274.57,0,,
2022-002602,06/07/2022 05:41,S1035,C00020,P2051,Tienda,Billetera Digital,2x1,2,855.46,0.0,1710.92,256.64,1454.28,394.02,0,,
2022-002603,10/09/2022 09:43,S1029,C00373,P2099,Web,Transferencia,Cyber Week,1,294.57,0.0,294.57,44.19,250.38,231.19,0,,
2022-002604,26/10/2022 19:53,S1018,C00079,P2127,Web,Transferencia,Black Friday,2,622.76,0.15,1245.52,149.46,1096.06,361.43,0,,
2022-002605,02/11/2022 05:28,S1037,C00044,P2073,Marketplace,Financiamiento,Sin Promo,4,164.56,0.0,658.24,85.57,572.67,131.1,0,,
2022-002606,16/07/2022 23:35,S1027,C00200,P2057,Marketplace,Tarjeta,Promo 15%,1,356.83,0.15,356.83,53.52,303.31,314.68,0,,
2022-002607,05/09/2022 21:23,S1024,C00175,P2063,Marketplace,Tarjeta,Black Friday,4,66.89,0.05,267.56,40.13,227.43,34.56,0,,
2022-002608,01/09/2022 18:58,S1016,C00108,P2155,Web,Tarjeta,Promo 10%,1,157.33,0.0,157.33,18.88,138.45,71.96,0,,
2022-002609,12/04/2022 09:43,S1043,C00241,P2152,Marketplace,Billetera Digital,Cyber Week,3,499.51,0.0,1498.53,194.81,1303.72,338.06,0,,
2022-002610,09/12/2022 02:24,S1018,C00051,P2107,Call Center,Efectivo,Sin Promo,2,305.9,0.05,611.8,73.42,538.38,196.36,0,,
2022-002611,18/05/2022 15:10,S1010,C00247,P2109,Marketplace,Financiamiento,Sin Promo,3,197.87,0.05,593.61,71.23,522.38,141.94,0,,
2022-002612,18/03/2022 15:42,S1012,C00403,P2095,Web,Efectivo,Promo 10%,3,729.93,0.0,2189.79,262.77,1927.02,368.2,1,,
2022-002613,14/05/2022 16:22,S1016,C00489,P2073,Tienda,Tarjeta,Sin Promo,1,139.88,0.15,139.88,16.79,123.09,131.1,0,,
2022-002614,28/09/2022 03:56,S1028,C00445,P2097,Call Center,Tarjeta,Black Friday,1,442.96,0.15,442.96,66.44,376.52,298.37,0,,
2022-002615,02/10/2022 09:55,S1018,C00408,P2012,Marketplace,Efectivo,2x1,1,630.66,0.2,630.66,75.68,554.98,363.05,0,,
2022-002616,11/10/2022 23:35,S1016,C00044,P2107,Tienda,Efectivo,2x1,3,273.7,0.15,821.1,98.53,722.57,196.36,0,,
2022-002617,26/02/2022 17:45,S1030,C00523,P2156,Web,Tarjeta,Cyber Week,3,73.29,0.1,219.87,32.98,186.89,55.02,0,,
2022-002618,24/09/2022 00:39,S1009,C00020,P2138,Tienda,Transferencia,Cyber Week,1,648.09,0.1,648.09,84.25,563.84,375.47,0,,
2022-002619,22/01/2022 19:53,S1006,C00012,P2129,Web,Efectivo,Promo 15%,1,504.95,0.0,504.95,65.64,439.31,401.84,1,,
2022-002620,13/01/2022 12:22,S1044,C00586,P2114,Tienda,Tarjeta,Promo 15%,6,498.6,0.1,2991.6,388.91,2602.69,274.57,0,,
2022-002621,30/12/2022 08:03,S1030,C00115,P2021,Call Center,Billetera Digital,Black Friday,1,373.55,0.15,373.55,56.03,317.52,239.98,0,,
2022-002622,21/11/2022 06:42,S1026,C00243,P2083,Web,Tarjeta,Sin Promo,5,418.74,0.2,2093.7,314.05,1779.65,334.59,0,,
2022-002623,26/12/2022 15:06,S1027,C00487,P2004,Tienda,Efectivo,Cyber Week,2,516.47,0.05,1032.94,154.94,878.0,298.92,0,,
2022-002624,24/03/2022 10:34,S1039,C00561,P2049,Call Center,Transferencia,Promo 10%,4,150.36,0.05,601.44,78.19,523.25,89.45,0,,
2022-002625,28/02/2022 05:25,S1041,C00728,P2152,Marketplace,Billetera Digital,Black Friday,3,424.58,0.15,1273.74,165.59,1108.15,338.06,0,,
2022-002626,23/07/2022 05:46,S1006,C00575,P2063,Marketplace,Billetera Digital,Black Friday,1,56.33,0.2,56.33,7.32,49.01,34.56,0,Revisar,
2022-002627,15/05/2022 21:17,S1037,C00010,P2035,Marketplace,Billetera Digital,Sin Promo,4,770.61,0.15,3082.44,400.72,2681.72,418.3,0,,
2022-002628,19/07/2022 00:09,S1042,C00415,P2052,Tienda,Efectivo,Promo 10%,4,94.69,0.0,378.76,49.24,329.52,47.67,0,,
2022-002629,13/05/2022 15:45,S1035,C00632,P2047,Marketplace,Financiamiento,Cyber Week,1,388.27,0.15,388.27,58.24,330.03,295.44,0,,
2022-002630,03/08/2022 14:13,S1002,C00270,P2084,Tienda,Efectivo,Sin Promo,1,8.71,0.2,8.71,1.13,7.58,8.31,0,,
2022-002631,22/10/2022 22:42,S1040,C00444,P2001,Marketplace,Efectivo,Black Friday,1,95.82,0.0,95.82,12.46,83.36,59.67,0,,
2022-002632,12/12/2022 14:25,S1044,C00374,P2062,Call Center,Transferencia,Promo 15%,1,111.89,0.0,111.89,14.55,97.34,74.21,0,,
2022-002633,28/09/2022 14:02,S1029,C00010,P2124,Marketplace,Efectivo,Promo 10%,1,404.34,0.15,404.34,60.65,343.69,351.18,0,,
2022-002634,26/04/2022 00:50,S1040,C00087,P2026,Marketplace,Billetera Digital,2x1,2,459.92,0.0,919.84,119.58,800.26,230.43,0,,
2022-002635,11/05/2022 03:25,S1019,C00719,P2145,Tienda,Efectivo,Cyber Week,4,112.11,0.05,448.44,67.27,381.17,77.61,0,,
2022-002636,06/07/2022 13:13,S1040,C00734,P2102,Call Center,Tarjeta,Black Friday,2,500.87,0.0,1001.74,130.23,871.51,270.07,1,,
2022-002637,07/01/2022 11:45,S1020,C00023,P2012,Web,Transferencia,Sin Promo,4,788.33,0.0,3153.32,473.0,2680.32,363.05,0,,
2022-002638,23/04/2022 13:26,S1014,C00451,P2045,Marketplace,Efectivo,Cyber Week,1,55.13,0.2,55.13,6.62,48.51,46.07,1,,
2022-002639,31/08/2022 18:44,S1038,C00225,P2058,Tienda,Billetera Digital,Promo 10%,2,419.32,0.1,838.64,109.02,729.62,324.41,0,Revisar,
2022-002640,10/08/2022 22:16,S1036,C00601,P2044,Web,Efectivo,Promo 15%,1,431.38,0.05,431.38,64.71,366.67,214.81,1,,
2022-002641,03/11/2022 15:06,S1028,C00531,P2099,Call Center,Efectivo,Promo 10%,3,279.84,0.05,839.52,125.93,713.59,231.19,0,,
2022-002642,01/08/2022 19:37,S1008,C00552,P2113,Web,Financiamiento,Promo 15%,1,238.12,0.2,238.12,30.96,207.16,139.53,0,,
2022-002643,11/05/2022 04:28,S1017,C00321,P2096,Marketplace,Transferencia,Cyber Week,2,572.4,0.1,1144.8,137.38,1007.42,369.96,0,,
2022-002644,15/10/2022 01:11,S1026,C00613,P2066,Web,Billetera Digital,Sin Promo,1,419.77,0.2,419.77,62.97,356.8,297.19,0,Revisar,
2022-002645,21/08/2022 18:06,S1012,C00586,P2127,Call Center,Efectivo,Black Friday,1,732.66,0.0,732.66,87.92,644.74,361.43,0,,
2022-002646,05/07/2022 00:38,S1032,C00788,P2136,Marketplace,Transferencia,2x1,1,147.06,0.05,147.06,22.06,125.0,99.42,0,,
2022-002647,06/07/2022 07:46,S1043,C00253,P2001,Marketplace,Efectivo,Black Friday,1,76.66,0.2,76.66,9.97,66.69,59.67,0,,
2022-002648,16/01/2022 07:53,S1016,C00251,P2039,Tienda,Billetera Digital,2x1,1,477.0,0.0,477.0,57.24,419.76,251.05,1,,
2022-002649,07/08/2022 17:03,S1020,C00208,P2144,Tienda,Financiamiento,2x1,4,231.62,0.15,926.48,138.97,787.51,177.43,1,,
2022-002650,07/09/2022 09:21,S1005,C00426,P2008,Web,Tarjeta,Cyber Week,2,743.1,0.15,1486.2,193.21,1292.99,421.75,0,Revisar,
2022-002651,10/02/2022 02:14,S1035,C00785,P2055,Web,Billetera Digital,Promo 15%,1,126.69,0.1,126.69,19.0,107.69,77.43,0,Revisar,
2022-002652,28/08/2022 20:18,S1034,C00045,P2032,Tienda,Billetera Digital,2x1,1,466.57,0.0,466.57,69.99,396.58,330.43,0,,
2022-002653,31/12/2022 17:19,S1031,C00684,P2069,Marketplace,Efectivo,Promo 10%,3,153.24,0.2,459.72,68.96,390.76,145.02,1,,
2022-002654,25/05/2022 05:11,S1043,C00068,P2104,Web,Billetera Digital,Promo 10%,1,702.23,0.0,702.23,91.29,610.94,405.18,0,,
2022-002655,16/05/2022 04:39,S1033,C00696,P2057,Call Center,Financiamiento,2x1,1,335.84,0.2,335.84,50.38,285.46,314.68,0,,
2022-002656,22/08/2022 16:36,S1017,C00657,P2019,Marketplace,Tarjeta,Promo 10%,1,447.71,0.05,447.71,53.73,393.98,283.84,0,,
2022-002657,04/12/2022 18:58,S1001,C00419,P2128,Web,Tarjeta,Sin Promo,2,557.39,0.0,1114.78,144.92,969.86,269.57,0,,
2022-002658,27/09/2022 11:15,S1027,C00593,P2128,Web,Financiamiento,Promo 10%,2,557.39,0.0,1114.78,167.22,947.56,269.57,0,,
2022-002659,28/04/2022 21:12,S1001,C00471,P2016,Call Center,Billetera Digital,Black Friday,3,146.7,0.15,440.1,57.21,382.89,121.18,0,,
2022-002660,01/04/2022 00:34,S1011,C00004,P2003,Marketplace,Financiamiento,Promo 15%,3,406.98,0.2,1220.94,146.51,1074.43,261.5,1,,
2022-002661,17/11/2022 21:24,S1042,C00666,P2024,Marketplace,Billetera Digital,Black Friday,3,316.27,0.0,948.81,123.35,825.46,197.91,0,,
2022-002662,17/08/2022 17:17,S1031,C00465,P2056,Web,Billetera Digital,Promo 10%,1,842.59,0.05,842.59,126.39,716.2,417.23,0,,
2022-002663,24/06/2022 08:47,S1002,C00201,P2085,Tienda,Efectivo,Promo 15%,1,26.37,0.15,26.37,3.43,22.94,20.07,0,,
2022-002664,28/07/2022 02:57,S1008,C00374,P2150,Call Center,Billetera Digital,Promo 15%,4,198.96,0.15,795.84,103.46,692.38,154.53,0,,
2022-002665,16/08/2022 23:28,S1012,C00654,P2017,Tienda,Billetera Digital,Black Friday,2,238.25,0.15,476.5,57.18,419.32,182.13,0,,
2022-002666,11/08/2022 07:50,S1022,C00503,P2006,Tienda,Efectivo,Black Friday,3,341.71,0.15,1025.13,153.77,871.36,287.52,0,,
2022-002667,13/11/2022 10:34,S1015,C00544,P2014,Web,Tarjeta,Sin Promo,3,430.19,0.0,1290.57,154.87,1135.7,296.33,1,,
2022-002668,14/10/2022 12:12,S1016,C00476,P2100,Web,Transferencia,Cyber Week,3,571.97,0.0,1715.91,205.91,1510.0,422.9,0,,
2022-002669,14/02/2022 22:31,S1008,C00578,P2013,Call Center,Financiamiento,Black Friday,1,200.2,0.0,200.2,26.03,174.17,98.1,0,,
2022-002670,12/03/2022 14:36,S1018,C00391,P2018,Call Center,Transferencia,Promo 15%,2,352.67,0.1,705.34,84.64,620.7,224.11,0,,
2022-002671,15/11/2022 17:57,S1021,C00233,P2142,Tienda,Financiamiento,Black Friday,2,444.5,0.1,889.0,133.35,755.65,331.65,1,,
2022-002672,20/11/2022 05:35,S1019,C00127,P2115,Web,Tarjeta,Sin Promo,3,298.06,0.2,894.18,134.13,760.05,201.2,0,,
2022-002673,27/11/2022 04:29,S1032,C00421,P2005,Tienda,Transferencia,Promo 10%,1,545.93,0.0,545.93,81.89,464.04,390.45,0,,
2022-002674,28/07/2022 15:09,S1021,C00237,P2082,Web,Transferencia,Sin Promo,2,267.35,0.05,534.7,80.2,454.5,152.77,0,,
2022-002675,08/09/2022 11:46,S1038,C00390,P2156,Marketplace,Billetera Digital,Sin Promo,2,81.43,0.0,162.86,21.17,141.69,55.02,0,,
2022-002676,25/12/2022 14:28,S1032,C00394,P2013,Tienda,Billetera Digital,Sin Promo,2,170.17,0.15,340.34,51.05,289.29,98.1,0,,
2022-002677,16/05/2022 22:58,S1045,C00108,P2018,Call Center,Efectivo,Promo 15%,5,352.67,0.1,1763.35,229.24,1534.11,224.11,0,Revisar,
2022-002678,04/12/2022 06:21,S1017,C00070,P2007,Marketplace,Billetera Digital,2x1,2,180.23,0.15,360.46,43.26,317.2,162.45,0,,
2022-002679,28/06/2022 04:40,S1040,C00725,P2034,Web,Tarjeta,Promo 15%,2,210.36,0.2,420.72,54.69,366.03,122.22,0,,
2022-002680,22/08/2022 04:31,S1024,C00338,P2111,Marketplace,Tarjeta,Promo 10%,2,292.12,0.0,584.24,87.64,496.6,191.52,1,,
2022-002681,22/04/2022 09:19,S1041,C00274,P2057,Marketplace,Efectivo,2x1,1,419.8,0.0,419.8,54.57,365.23,314.68,0,,
2022-002682,11/07/2022 16:17,S1009,C00555,P2077,Call Center,Efectivo,Promo 15%,2,754.96,0.05,1509.92,196.29,1313.63,400.81,1,,
2022-002683,08/03/2022 14:07,S1019,C00484,P2050,Marketplace,Billetera Digital,2x1,3,219.16,0.2,657.48,98.62,558.86,192.16,0,,
2022-002684,25/01/2022 07:31,S1028,C00180,P2100,Marketplace,Billetera Digital,2x1,2,571.97,0.0,1143.94,171.59,972.35,422.9,0,,
2022-002685,17/02/2022 09:20,S1002,C00270,P2003,Tienda,Efectivo,Black Friday,1,483.28,0.05,483.28,62.83,420.45,261.5,0,,
2022-002686,31/07/2022 03:06,S1024,C00133,P2108,Tienda,Financiamiento,Promo 15%,5,255.04,0.1,1275.2,191.28,1083.92,144.01,0,,
2022-002687,21/07/2022 15:00,S1043,C00362,P2082,Marketplace,Financiamiento,Promo 10%,2,267.35,0.05,534.7,69.51,465.19,152.77,1,,
2022-002688,16/02/2022 16:43,S1004,C00443,P2036,Marketplace,Efectivo,Promo 15%,1,288.63,0.0,288.63,37.52,251.11,143.03,0,,
2022-002689,05/08/2022 18:13,S1009,C00562,P2070,Tienda,Efectivo,Promo 10%,2,614.79,0.0,1229.58,159.85,1069.73,281.04,0,,
2022-002690,11/04/2022 14:05,S1014,C00069,P2007,Marketplace,Efectivo,Promo 15%,5,169.62,0.2,848.1,101.77,746.33,162.45,0,,
2022-002691,30/09/2022 16:13,S1042,C00477,P2037,Call Center,Efectivo,Promo 15%,3,592.61,0.05,1777.83,231.12,1546.71,405.23,1,,
2022-002692,06/01/2022 17:16,S1026,C00209,P2072,Tienda,Tarjeta,Cyber Week,5,483.7,0.2,2418.5,362.77,2055.73,420.23,0,,
2022-002693,01/04/2022 19:01,S1004,C00086,P2012,Marketplace,Financiamiento,2x1,2,670.08,0.15,1340.16,174.22,1165.94,363.05,0,,
2022-002694,01/08/2022 02:37,S1002,C00541,P2071,Tienda,Transferencia,Black Friday,1,459.39,0.05,459.39,59.72,399.67,243.78,1,,
2022-002695,24/11/2022 22:07,S1022,C00246,P2060,Web,Tarjeta,Black Friday,1,364.09,0.05,364.09,54.61,309.48,245.82,0,,
2022-002696,01/04/2022 16:04,S1001,C00055,P2072,Marketplace,Transferencia,Promo 10%,1,513.93,0.15,513.93,66.81,447.12,420.23,0,,
2022-002697,20/01/2022 21:13,S1035,C00637,P2137,Marketplace,Financiamiento,2x1,1,364.43,0.15,364.43,54.66,309.77,246.0,0,,
2022-002698,09/01/2022 02:14,S1008,C00594,P2102,Call Center,Efectivo,Cyber Week,2,500.87,0.0,1001.74,130.23,871.51,270.07,0,,
2022-002699,28/01/2022 13:03,S1042,C00110,P2080,Marketplace,Tarjeta,2x1,2,286.7,0.05,573.4,74.54,498.86,221.89,0,,
2022-002700,25/08/2022 23:35,S1005,C00304,P2001,Tienda,Tarjeta,Promo 10%,1,95.82,0.0,95.82,12.46,83.36,59.67,1,,
2022-002701,01/12/2022 13:15,S1028,C00005,P2080,Web,Financiamiento,Cyber Week,3,241.43,0.2,724.29,108.64,615.65,221.89,1,,
2022-002702,10/12/2022 22:58,S1041,C00475,P2150,Marketplace,Efectivo,2x1,1,222.37,0.05,222.37,28.91,193.46,154.53,1,,
2022-002703,25/03/2022 21:41,S1018,C00129,P2111,Call Center,Financiamiento,2x1,1,248.3,0.15,248.3,29.8,218.5,191.52,0,,
2022-002704,23/12/2022 02:13,S1002,C00278,P2042,Tienda,Financiamiento,Sin Promo,1,401.39,0.0,401.39,52.18,349.21,233.31,0,,
2022-002705,22/12/2022 21:24,S1029,C00275,P2113,Tienda,Transferencia,Promo 15%,4,282.77,0.05,1131.08,169.66,961.42,139.53,1,,
2022-002706,09/10/2022 06:39,S1010,C00436,P2099,Tienda,Tarjeta,Cyber Week,5,279.84,0.05,1399.2,167.9,1231.3,231.19,0,,
2022-002707,21/10/2022 09:00,S1022,C00701,P2017,Tienda,Efectivo,Promo 10%,1,238.25,0.15,238.25,35.74,202.51,182.13,0,,
2022-002708,18/09/2022 20:49,S1015,C00543,P2096,Marketplace,Financiamiento,Sin Promo,1,508.8,0.2,508.8,61.06,447.74,369.96,0,,
2022-002709,02/02/2022 09:05,S1001,C00068,P2130,Marketplace,Tarjeta,Promo 15%,2,631.16,0.1,1262.32,164.1,1098.22,404.15,0,,
2022-002710,04/09/2022 03:02,S1042,C00096,P2047,Tienda,Billetera Digital,Promo 15%,2,388.27,0.15,776.54,100.95,675.59,295.44,0,,
2022-002711,25/12/2022 22:46,S1010,C00470,P2041,Marketplace,Financiamiento,Sin Promo,2,46.52,0.0,93.04,11.16,81.88,34.06,0,,
2022-002712,12/08/2022 13:16,S1001,C00335,P2045,Web,Efectivo,Promo 10%,1,62.02,0.1,62.02,8.06,53.96,46.07,1,,
2022-002713,08/07/2022 13:09,S1029,C00349,P2087,Marketplace,Billetera Digital,2x1,4,275.21,0.15,1100.84,165.13,935.71,166.63,1,,
2022-002714,14/01/2022 15:55,S1008,C00033,P2026,Web,Efectivo,Black Friday,1,367.94,0.2,367.94,47.83,320.11,230.43,1,,
2022-002715,01/04/2022 22:08,S1044,C00119,P2065,Web,Transferencia,Promo 10%,4,326.63,0.2,1306.52,169.85,1136.67,269.16,0,,
2022-002716,13/08/2022 19:11,S1015,C00344,P2009,Marketplace,Efectivo,Promo 15%,2,523.01,0.0,1046.02,125.52,920.5,287.2,0,,
2022-002717,29/11/2022 14:55,S1006,C00623,P2108,Call Center,Billetera Digital,Cyber Week,1,283.38,0.0,283.38,36.84,246.54,144.01,0,,
2022-002718,13/09/2022 09:41,S1044,C00410,P2029,Marketplace,Transferencia,Sin Promo,1,417.77,0.15,417.77,54.31,363.46,271.13,0,,
2022-002719,17/12/2022 05:29,S1011,C00499,P2150,Tienda,Tarjeta,Sin Promo,4,234.07,0.0,936.28,112.35,823.93,154.53,0,,
2022-002720,30/06/2022 01:47,S1023,C00643,P2077,Call Center,Transferencia,2x1,2,794.69,0.0,1589.38,238.41,1350.97,400.81,1,,
2022-002721,08/06/2022 12:45,S1045,C00072,P2121,Marketplace,Billetera Digital,Sin Promo,3,355.11,0.15,1065.33,138.49,926.84,207.12,1,,
2022-002722,07/01/2022 11:39,S1002,C00211,P2052,Tienda,Billetera Digital,Cyber Week,2,94.69,0.0,189.38,24.62,164.76,47.67,0,,
2022-002723,15/12/2022 15:18,S1001,C00441,P2004,Marketplace,Transferencia,2x1,2,516.47,0.05,1032.94,134.28,898.66,298.92,0,,
2022-002724,10/02/2022 21:25,S1017,C00087,P2157,Call Center,Financiamiento,Promo 10%,1,201.04,0.1,201.04,24.12,176.92,118.28,0,,
2022-002725,21/11/2022 10:45,S1013,C00322,P2085,Web,Efectivo,Promo 10%,1,31.02,0.0,31.02,3.72,27.3,20.07,0,,
2022-002726,16/08/2022 16:07,S1009,C00013,P2089,Call Center,Efectivo,Promo 10%,1,662.89,0.1,662.89,86.18,576.71,351.93,0,,
2022-002727,23/10/2022 05:23,S1033,C00280,P2103,Call Center,Efectivo,Black Friday,1,339.92,0.2,339.92,50.99,288.93,274.37,0,,
2022-002728,12/11/2022 02:42,S1028,C00664,P2135,Web,Financiamiento,Promo 15%,1,152.93,0.0,152.93,22.94,129.99,71.27,0,Revisar,
2022-002729,09/10/2022 23:15,S1024,C00044,P2021,Marketplace,Tarjeta,Promo 15%,2,439.47,0.0,878.94,131.84,747.1,239.98,0,,
2022-002730,01/03/2022 21:51,S1042,C00062,P2115,Tienda,Transferencia,2x1,1,372.57,0.0,372.57,48.43,324.14,201.2,0,,
2022-002731,02/08/2022 00:57,S1015,C00570,P2121,Call Center,Efectivo,Black Friday,2,334.22,0.2,668.44,80.21,588.23,207.12,0,,
2022-002732,19/05/2022 12:56,S1008,C00527,P2059,Call Center,Efectivo,2x1,5,124.17,0.05,620.85,80.71,540.14,101.09,0,,
2022-002733,09/01/2022 20:49,S1018,C00695,P2092,Marketplace,Billetera Digital,Sin Promo,2,682.12,0.15,1364.24,163.71,1200.53,416.32,0,,
2022-002734,13/10/2022 03:23,S1008,C00442,P2075,Call Center,Efectivo,2x1,2,580.05,0.0,1160.1,150.81,1009.29,301.87,0,,
2022-002735,06/07/2022 07:27,S1030,C00375,P2013,Marketplace,Billetera Digital,2x1,2,170.17,0.15,340.34,51.05,289.29,98.1,0,,
2022-002736,17/09/2022 21:41,S1031,C00528,P2043,Marketplace,Financiamiento,Sin Promo,2,313.61,0.0,627.22,94.08,533.14,244.5,0,,
2022-002737,27/02/2022 23:00,S1021,C00079,P2018,Marketplace,Transferencia,Cyber Week,2,391.86,0.0,783.72,117.56,666.16,224.11,0,,
2022-002738,19/07/2022 02:20,S1012,C00048,P2076,Marketplace,Efectivo,Promo 15%,4,97.52,0.0,390.08,46.81,343.27,50.2,0,,
2022-002739,09/05/2022 17:23,S1025,C00800,P2055,Web,Financiamiento,Cyber Week,2,140.77,0.0,281.54,42.23,239.31,77.43,0,,
2022-002740,10/02/2022 05:09,S1036,C00344,P2081,Call Center,Financiamiento,Promo 15%,1,399.31,0.0,399.31,59.9,339.41,192.91,0,,
2022-002741,07/02/2022 22:36,S1016,C00083,P2114,Call Center,Transferencia,Promo 15%,1,498.6,0.1,498.6,59.83,438.77,274.57,0,,
2022-002742,31/10/2022 19:34,S1004,C00494,P2079,Web,Efectivo,Black Friday,3,249.59,0.0,748.77,97.34,651.43,156.92,0,,
2022-002743,24/11/2022 01:02,S1005,C00398,P2001,Tienda,Transferencia,Promo 15%,4,95.82,0.0,383.28,49.83,333.45,59.67,0,,
2022-002744,28/02/2022 15:57,S1040,C00502,P2101,Marketplace,Transferencia,Sin Promo,1,336.53,0.0,336.53,43.75,292.78,262.94,0,,
2022-002745,18/10/2022 02:26,S1045,C00316,P2017,Marketplace,Efectivo,Promo 15%,2,280.3,0.0,560.6,72.88,487.72,182.13,0,,
2022-002746,06/03/2022 23:56,S1027,C00264,P2150,Tienda,Efectivo,Promo 10%,3,222.37,0.05,667.11,100.07,567.04,154.53,0,,
2022-002747,30/04/2022 08:59,S1002,C00338,P2062,Call Center,Transferencia,Promo 10%,5,111.89,0.0,559.45,72.73,486.72,74.21,0,,
2022-002748,10/07/2022 07:05,S1033,C00456,P2084,Call Center,Transferencia,Black Friday,4,10.89,0.0,43.56,6.53,37.03,8.31,1,,
2022-002749,05/10/2022 00:43,S1028,C00182,P2027,Web,Billetera Digital,Promo 10%,2,265.38,0.2,530.76,79.61,451.15,230.42,1,,
2022-002750,27/12/2022 04:22,S1039,C00217,P2148,Call Center,Billetera Digital,2x1,2,674.81,0.0,1349.62,175.45,1174.17,390.62,1,,
2022-002751,16/06/2022 23:02,S1017,C00604,P2011,Web,Financiamiento,Promo 10%,2,333.81,0.15,667.62,80.11,587.51,309.34,0,,
2022-002752,06/08/2022 09:00,S1009,C00426,P2154,Call Center,Efectivo,Black Friday,1,696.55,0.05,696.55,90.55,606.0,427.53,1,,
2022-002753,21/09/2022 09:00,S1006,C00687,P2099,Call Center,Financiamiento,Sin Promo,4,235.66,0.2,942.64,122.54,820.1,231.19,0,,
2022-002754,13/09/2022 23:55,S1021,C00533,P2098,Marketplace,Transferencia,Sin Promo,2,612.83,0.05,1225.66,183.85,1041.81,389.5,0,,
2022-002755,18/12/2022 23:23,S1041,C00614,P2107,Tienda,Financiamiento,Cyber Week,1,322.0,0.0,322.0,41.86,280.14,196.36,0,,
2022-002756,04/11/2022 14:33,S1023,C00079,P2036,Tienda,Tarjeta,Sin Promo,1,259.77,0.1,259.77,38.97,220.8,143.03,0,,
2022-002757,10/11/2022 08:25,S1035,C00212,P2083,Web,Financiamiento,Promo 15%,3,444.91,0.15,1334.73,200.21,1134.52,334.59,0,,
2022-002758,18/08/2022 18:48,S1028,C00129,P2087,Call Center,Efectivo,Sin Promo,1,323.78,0.0,323.78,48.57,275.21,166.63,0,,
2022-002759,15/11/2022 11:04,S1037,C00660,P2103,Marketplace,Financiamiento,2x1,2,361.16,0.15,722.32,93.9,628.42,274.37,0,,
2022-002760,04/02/2022 16:42,S1041,C00698,P2027,Call Center,Efectivo,Promo 15%,2,331.73,0.0,663.46,86.25,577.21,230.42,1,,
2022-002761,11/06/2022 20:09,S1022,C00751,P2012,Call Center,Tarjeta,Black Friday,1,709.5,0.1,709.5,106.42,603.08,363.05,1,,
2022-002762,14/09/2022 11:04,S1017,C00049,P2086,Marketplace,Efectivo,Cyber Week,1,109.2,0.0,109.2,13.1,96.1,70.05,0,,
2022-002763,02/01/2022 13:16,S1040,C00047,P2151,Marketplace,Billetera Digital,Cyber Week,1,233.86,0.05,233.86,30.4,203.46,116.51,0,,
2022-002764,14/03/2022 15:55,S1040,C00005,P2139,Marketplace,Tarjeta,2x1,2,16.22,0.2,32.44,4.22,28.22,12.71,1,,
2022-002765,24/12/2022 00:52,S1043,C00509,P2122,Web,Tarjeta,2x1,1,545.3,0.2,545.3,70.89,474.41,324.38,0,,
2022-002766,01/08/2022 16:19,S1028,C00594,P2012,Web,Billetera Digital,Sin Promo,1,630.66,0.2,630.66,94.6,536.06,363.05,0,,
2022-002767,18/07/2022 19:56,S1033,C00545,P2007,Tienda,Efectivo,2x1,1,201.43,0.05,201.43,30.21,171.22,162.45,0,,
2022-002768,20/06/2022 08:10,S1035,C00526,P2117,Web,Tarjeta,Promo 15%,2,67.36,0.2,134.72,20.21,114.51,41.82,1,,
2022-002769,21/10/2022 06:12,S1019,C00778,P2081,Call Center,Tarjeta,2x1,1,399.31,0.0,399.31,59.9,339.41,192.91,0,,
2022-002770,02/01/2022 15:30,S1030,C00430,P2126,Tienda,Billetera Digital,Promo 15%,2,615.73,0.1,1231.46,184.72,1046.74,413.19,0,,
2022-002771,21/04/2022 01:12,S1037,C00683,P2156,Web,Financiamiento,Black Friday,1,81.43,0.0,81.43,10.59,70.84,55.02,0,,
2022-002772,05/08/2022 16:07,S1035,C00642,P2071,Call Center,Financiamiento,Promo 15%,1,435.21,0.1,435.21,65.28,369.93,243.78,1,,
2022-002773,31/07/2022 01:40,S1037,C00624,P2069,Call Center,Transferencia,Promo 15%,5,181.97,0.05,909.85,118.28,791.57,145.02,0,,
2022-002774,02/07/2022 16:20,S1019,C00770,P2079,Marketplace,Transferencia,Sin Promo,3,212.15,0.15,636.45,95.47,540.98,156.92,0,,
2022-002775,13/06/2022 23:15,S1008,C00285,P2136,Call Center,Efectivo,Promo 15%,2,147.06,0.05,294.12,38.24,255.88,99.42,0,,
2022-002776,31/05/2022 01:25,S1020,C00268,P2003,Tienda,Tarjeta,Cyber Week,1,432.41,0.15,432.41,64.86,367.55,261.5,0,,
2022-002777,13/06/2022 11:50,S1007,C00499,P2089,Web,Transferencia,2x1,2,736.54,0.0,1473.08,191.5,1281.58,351.93,0,,
2022-002778,30/05/2022 13:05,S1042,C00391,P2047,Web,Tarjeta,Black Friday,3,388.27,0.15,1164.81,151.43,1013.38,295.44,0,,
2022-002779,20/03/2022 10:29,S1029,C00420,P2097,Marketplace,Tarjeta,Promo 15%,5,521.13,0.0,2605.65,390.85,2214.8,298.37,0,,
2022-002780,28/08/2022 11:01,S1043,C00228,P2140,Call Center,Financiamiento,Sin Promo,2,14.41,0.0,28.82,3.75,25.07,6.63,0,,
2022-002781,10/12/2022 04:19,S1036,C00239,P2046,Tienda,Tarjeta,Promo 15%,2,308.18,0.15,616.36,92.45,523.91,192.92,1,,
2022-002782,07/07/2022 22:55,S1025,C00488,P2149,Tienda,Efectivo,Cyber Week,1,213.57,0.05,213.57,32.04,181.53,173.08,0,,
2022-002783,09/01/2022 10:01,S1043,C00651,P2083,Marketplace,Tarjeta,Sin Promo,2,444.91,0.15,889.82,115.68,774.14,334.59,0,,
2022-002784,09/06/2022 12:13,S1028,C00201,P2085,Web,Efectivo,Cyber Week,2,31.02,0.0,62.04,9.31,52.73,20.07,0,,
2022-002785,12/01/2022 14:47,S1006,C00260,P2105,Tienda,Financiamiento,Promo 15%,4,608.53,0.1,2434.12,316.44,2117.68,320.12,0,,
2022-002786,07/06/2022 22:42,S1011,C00332,P2006,Marketplace,Billetera Digital,Sin Promo,1,381.91,0.05,381.91,45.83,336.08,287.52,1,,
2022-002787,26/04/2022 23:51,S1027,C00430,P2091,Web,Financiamiento,Promo 15%,1,487.35,0.1,487.35,73.1,414.25,397.11,0,,
2022-002788,13/03/2022 05:59,S1003,C00122,P2021,Tienda,Financiamiento,Sin Promo,1,439.47,0.0,439.47,57.13,382.34,239.98,0,,
2022-002789,24/04/2022 08:34,S1018,C00192,P2008,Marketplace,Efectivo,Promo 15%,1,699.38,0.2,699.38,83.93,615.45,421.75,0,,
2022-002790,28/11/2022 23:09,S1007,C00679,P2087,Call Center,Financiamiento,Cyber Week,4,291.4,0.1,1165.6,151.53,1014.07,166.63,0,,
2022-002791,10/12/2022 22:07,S1037,C00331,P2146,Tienda,Transferencia,Promo 15%,1,311.26,0.0,311.26,40.46,270.8,242.22,0,,
2022-002792,30/10/2022 19:58,S1011,C00178,P2113,Call Center,Financiamiento,Cyber Week,1,253.0,0.15,253.0,30.36,222.64,139.53,0,,
2022-002793,11/06/2022 03:48,S1013,C00272,P2118,Call Center,Tarjeta,Cyber Week,1,55.38,0.15,55.38,6.65,48.73,45.65,0,,
2022-002794,27/01/2022 20:33,S1044,C00514,P2137,Web,Tarjeta,2x1,2,407.3,0.05,814.6,105.9,708.7,246.0,0,,
2022-002795,30/10/2022 18:14,S1028,C00344,P2158,Call Center,Billetera Digital,Black Friday,5,515.27,0.05,2576.35,386.45,2189.9,274.83,0,,
2022-002796,25/04/2022 00:38,S1021,C00226,P2119,Marketplace,Financiamiento,Black Friday,1,648.62,0.15,648.62,97.29,551.33,363.73,0,,
2022-002797,14/12/2022 06:34,S1003,C00512,P2160,Tienda,Tarjeta,2x1,2,812.22,0.0,1624.44,211.18,1413.26,418.28,0,,
2022-002798,16/06/2022 09:30,S1020,C00026,P2103,Web,Transferencia,2x1,4,403.65,0.05,1614.6,242.19,1372.41,274.37,0,,
2022-002799,27/02/2022 05:38,S1027,C00092,P2005,Call Center,Tarjeta,Promo 10%,4,545.93,0.0,2183.72,327.56,1856.16,390.45,0,,
2022-002800,26/07/2022 21:36,S1020,C00485,P2114,Web,Efectivo,Black Friday,2,526.3,0.05,1052.6,157.89,894.71,274.57,0,,
2022-002801,13/09/2022 23:15,S1030,C00099,P2145,Call Center,Transferencia,Promo 15%,2,118.01,0.0,236.02,35.4,200.62,77.61,0,,
2022-002802,12/10/2022 02:10,S1036,C00515,P2119,Call Center,Tarjeta,2x1,2,648.62,0.15,1297.24,194.59,1102.65,363.73,0,,
2022-002803,30/11/2022 08:01,S1019,C00598,P2133,Call Center,Tarjeta,2x1,1,52.59,0.0,52.59,7.89,44.7,38.56,0,,
2022-002804,23/05/2022 06:16,S1037,C00494,P2085,Tienda,Transferencia,Promo 15%,1,24.82,0.2,24.82,3.23,21.59,20.07,0,,
2022-002805,14/02/2022 15:11,S1005,C00104,P2085,Marketplace,Transferencia,Sin Promo,1,24.82,0.2,24.82,3.23,21.59,20.07,0,,
2022-002806,05/04/2022 15:39,S1032,C00610,P2132,Web,Billetera Digital,2x1,1,321.61,0.0,321.61,48.24,273.37,220.13,1,,
2022-002807,02/11/2022 10:24,S1042,C00660,P2120,Marketplace,Tarjeta,Cyber Week,3,199.5,0.0,598.5,77.81,520.69,113.2,1,,
2022-002808,21/10/2022 04:10,S1013,C00248,P2056,Call Center,Billetera Digital,Sin Promo,3,753.9,0.15,2261.7,271.4,1990.3,417.23,0,,
2022-002809,01/11/2022 18:25,S1015,C00263,P2105,Web,Tarjeta,Black Friday,2,642.34,0.05,1284.68,154.16,1130.52,320.12,0,,
2022-002810,08/10/2022 07:00,S1027,C00798,P2026,Call Center,Transferencia,Cyber Week,2,413.93,0.1,827.86,124.18,703.68,230.43,0,,
2022-002811,09/06/2022 06:19,S1044,C00097,P2115,Call Center,Tarjeta,Cyber Week,3,316.68,0.15,950.04,123.51,826.53,201.2,0,,
2022-002812,25/05/2022 04:24,S1001,C00744,P2132,Marketplace,Tarjeta,Promo 10%,1,321.61,0.0,321.61,41.81,279.8,220.13,0,,
2022-002813,22/12/2022 04:30,S1029,C00186,P2100,Marketplace,Efectivo,Promo 15%,1,571.97,0.0,571.97,85.8,486.17,422.9,0,,
2022-002814,24/06/2022 14:01,S1009,C00568,P2089,Web,Financiamiento,Cyber Week,1,736.54,0.0,736.54,95.75,640.79,351.93,0,,
2022-002815,15/02/2022 07:33,S1006,C00104,P2053,Marketplace,Transferencia,Sin Promo,2,934.5,0.0,1869.0,242.97,1626.03,436.17,0,,
2022-002816,22/10/2022 12:48,S1039,C00611,P2097,Marketplace,Efectivo,2x1,1,521.13,0.0,521.13,67.75,453.38,298.37,0,,
2022-002817,04/01/2022 13:23,S1031,C00268,P2095,Tienda,Billetera Digital,Promo 15%,1,656.94,0.1,656.94,98.54,558.4,368.2,1,,
2022-002818,27/09/2022 06:15,S1039,C00064,P2035,Web,Financiamiento,Sin Promo,2,861.27,0.05,1722.54,223.93,1498.61,418.3,0,,
2022-002819,20/07/2022 06:51,S1042,C00652,P2062,Web,Billetera Digital,Promo 10%,1,111.89,0.0,111.89,14.55,97.34,74.21,0,,
2022-002820,29/09/2022 03:50,S1036,C00331,P2058,Web,Financiamiento,2x1,3,465.91,0.0,1397.73,209.66,1188.07,324.41,0,,
2022-002821,20/08/2022 09:00,S1025,C00315,P2085,Web,Financiamiento,2x1,1,29.47,0.05,29.47,4.42,25.05,20.07,1,,
2022-002822,08/08/2022 15:58,S1016,C00374,P2021,Marketplace,Billetera Digital,Black Friday,1,395.52,0.1,395.52,47.46,348.06,239.98,0,,
2022-002823,25/10/2022 23:06,S1043,C00382,P2085,Call Center,Billetera Digital,2x1,3,24.82,0.2,74.46,9.68,64.78,20.07,1,,
2022-002824,28/12/2022 16:40,S1013,C00167,P2022,Web,Billetera Digital,Promo 15%,3,404.94,0.1,1214.82,145.78,1069.04,325.44,0,,
2022-002825,07/11/2022 22:13,S1038,C00586,P2149,Web,Financiamiento,2x1,1,224.81,0.0,224.81,29.23,195.58,173.08,0,,
2022-002826,23/11/2022 18:01,S1042,C00413,P2098,Call Center,Financiamiento,Black Friday,1,516.06,0.2,516.06,67.09,448.97,389.5,0,,
2022-002827,30/12/2022 21:58,S1041,C00650,P2114,Marketplace,Efectivo,2x1,5,554.0,0.0,2770.0,360.1,2409.9,274.57,1,,
2022-002828,05/08/2022 15:59,S1015,C00405,P2077,Web,Tarjeta,Promo 10%,2,794.69,0.0,1589.38,190.73,1398.65,400.81,0,,
2022-002829,23/07/2022 04:29,S1001,C00458,P2157,Web,Tarjeta,2x1,4,189.87,0.15,759.48,98.73,660.75,118.28,0,,
2022-002830,02/11/2022 00:32,S1018,C00592,P2156,Tienda,Efectivo,Black Friday,1,81.43,0.0,81.43,9.77,71.66,55.02,1,,
2022-002831,01/10/2022 08:04,S1017,C00196,P2125,Marketplace,Tarjeta,Black Friday,1,344.65,0.0,344.65,41.36,303.29,235.01,0,,
2022-002832,23/02/2022 14:29,S1031,C00651,P2069,Tienda,Efectivo,Promo 10%,1,172.4,0.1,172.4,25.86,146.54,145.02,0,,
2022-002833,11/03/2022 19:34,S1016,C00573,P2147,Web,Billetera Digital,Black Friday,1,548.18,0.0,548.18,65.78,482.4,299.7,1,,
2022-002834,11/11/2022 23:27,S1042,C00532,P2039,Tienda,Tarjeta,Promo 15%,4,477.0,0.0,1908.0,248.04,1659.96,251.05,0,,
2022-002835,09/12/2022 08:46,S1036,C00796,P2020,Tienda,Transferencia,2x1,2,44.42,0.1,88.84,13.33,75.51,32.33,0,,
2022-002836,14/05/2022 03:09,S1032,C00467,P2147,Tienda,Tarjeta,Cyber Week,4,493.36,0.1,1973.44,296.02,1677.42,299.7,0,,
2022-002837,07/08/2022 00:26,S1011,C00375,P2131,Web,Efectivo,Cyber Week,2,157.54,0.2,315.08,37.81,277.27,119.6,0,,
2022-002838,30/06/2022 02:10,S1003,C00042,P2027,Web,Financiamiento,Cyber Week,1,331.73,0.0,331.73,43.12,288.61,230.42,0,,
2022-002839,15/03/2022 11:19,S1045,C00323,P2038,Web,Efectivo,Promo 15%,4,132.95,0.05,531.8,69.13,462.67,104.22,0,,
2022-002840,23/11/2022 20:02,S1022,C00501,P2016,Call Center,Tarjeta,Promo 10%,6,172.59,0.0,1035.54,155.33,880.21,121.18,0,,
2022-002841,23/01/2022 15:08,S1013,C00126,P2044,Marketplace,Tarjeta,Sin Promo,1,454.08,0.0,454.08,54.49,399.59,214.81,0,,
2022-002842,03/09/2022 22:20,S1002,C00543,P2087,Tienda,Financiamiento,Promo 10%,4,307.59,0.05,1230.36,159.95,1070.41,166.63,1,,
2022-002843,11/11/2022 19:03,S1020,C00706,P2078,Call Center,Transferencia,Promo 10%,1,149.09,0.1,149.09,22.36,126.73,125.47,0,,
2022-002844,29/09/2022 14:24,S1002,C00695,P2093,Tienda,Billetera Digital,Promo 10%,1,147.96,0.0,147.96,19.23,128.73,75.0,0,,
2022-002845,10/10/2022 03:23,S1045,C00381,P2033,Web,Tarjeta,Promo 15%,3,72.32,0.1,216.96,28.2,188.76,61.26,0,,
2022-002846,15/08/2022 08:13,S1026,C00358,P2072,Tienda,Billetera Digital,Cyber Week,2,604.62,0.0,1209.24,181.39,1027.85,420.23,0,,
2022-002847,12/02/2022 10:12,S1034,C00045,P2054,Tienda,Efectivo,Black Friday,3,416.95,0.1,1250.85,187.63,1063.22,220.6,0,,
2022-002848,05/11/2022 05:38,S1026,C00483,P2058,Marketplace,Financiamiento,Promo 10%,1,465.91,0.0,465.91,69.89,396.02,324.41,0,,
2022-002849,21/01/2022 17:33,S1022,C00782,P2013,Marketplace,Financiamiento,Promo 15%,1,200.2,0.0,200.2,30.03,170.17,98.1,0,,
2022-002850,17/06/2022 23:47,S1002,C00463,P2011,Web,Tarjeta,Promo 10%,2,353.45,0.1,706.9,91.9,615.0,309.34,0,,
2022-002851,25/08/2022 08:18,S1023,C00264,P2046,Web,Efectivo,Black Friday,2,362.57,0.0,725.14,108.77,616.37,192.92,0,,
2022-002852,30/03/2022 04:55,S1037,C00668,P2128,Web,Transferencia,Promo 15%,2,473.78,0.15,947.56,123.18,824.38,269.57,0,,
2022-002853,27/02/2022 10:48,S1017,C00385,P2017,Web,Billetera Digital,Cyber Week,2,224.24,0.2,448.48,53.82,394.66,182.13,0,,
2022-002854,08/09/2022 13:23,S1028,C00533,P2151,Tienda,Billetera Digital,Black Friday,1,209.24,0.15,209.24,31.39,177.85,116.51,0,,
2022-002855,09/06/2022 13:08,S1001,C00400,P2156,Tienda,Tarjeta,2x1,2,77.36,0.05,154.72,20.11,134.61,55.02,1,,
2022-002856,21/10/2022 06:19,S1028,C00540,P2092,Call Center,Efectivo,2x1,3,802.49,0.0,2407.47,361.12,2046.35,416.32,0,,
2022-002857,03/11/2022 19:03,S1017,C00719,P2083,Marketplace,Transferencia,Cyber Week,1,418.74,0.2,418.74,50.25,368.49,334.59,1,,
2022-002858,07/07/2022 23:36,S1033,C00767,P2038,Marketplace,Billetera Digital,Promo 10%,1,111.96,0.2,111.96,16.79,95.17,104.22,0,,
2022-002859,10/09/2022 13:08,S1012,C00313,P2041,Call Center,Financiamiento,Sin Promo,1,37.22,0.2,37.22,4.47,32.75,34.06,0,,
2022-002860,25/10/2022 01:58,S1023,C00413,P2009,Call Center,Efectivo,Sin Promo,3,523.01,0.0,1569.03,235.35,1333.68,287.2,1,,
2022-002861,09/02/2022 08:15,S1044,C00004,P2098,Tienda,Transferencia,Promo 10%,3,580.57,0.1,1741.71,226.42,1515.29,389.5,0,,
2022-002862,02/05/2022 04:00,S1044,C00086,P2040,Call Center,Billetera Digital,2x1,3,59.49,0.0,178.47,23.2,155.27,35.66,0,,
2022-002863,10/01/2022 04:12,S1021,C00230,P2160,Call Center,Tarjeta,Sin Promo,1,812.22,0.0,812.22,121.83,690.39,418.28,0,,
2022-002864,13/12/2022 07:16,S1037,C00447,P2072,Marketplace,Efectivo,Sin Promo,6,604.62,0.0,3627.72,471.6,3156.12,420.23,0,,
2022-002865,27/03/2022 06:20,S1033,C00047,P2159,Tienda,Billetera Digital,Promo 10%,3,608.84,0.05,1826.52,273.98,1552.54,434.27,0,,
2022-002866,18/07/2022 10:03,S1010,C00692,P2043,Call Center,Efectivo,Promo 10%,1,297.93,0.05,297.93,35.75,262.18,244.5,0,,
2022-002867,14/07/2022 03:26,S1037,C00342,P2143,Web,Efectivo,Sin Promo,1,157.9,0.1,157.9,20.53,137.37,101.86,0,,
2022-002868,02/02/2022 17:18,S1031,C00773,P2130,Tienda,Billetera Digital,Black Friday,1,666.23,0.05,666.23,99.93,566.3,404.15,0,,
2022-002869,12/06/2022 16:56,S1015,C00312,P2137,Tienda,Transferencia,Sin Promo,4,428.74,0.0,1714.96,205.8,1509.16,246.0,0,,
2022-002870,07/12/2022 23:11,S1023,C00135,P2074,Tienda,Billetera Digital,Cyber Week,2,281.27,0.0,562.54,84.38,478.16,138.92,0,,
2022-002871,03/01/2022 12:06,S1001,C00646,P2015,Web,Transferencia,Promo 10%,1,165.08,0.05,165.08,21.46,143.62,122.14,0,,
2022-002872,26/04/2022 13:16,S1045,C00449,P2112,Call Center,Financiamiento,Promo 10%,2,361.76,0.0,723.52,94.06,629.46,257.82,0,,
2022-002873,04/04/2022 09:36,S1044,C00208,P2073,Tienda,Efectivo,Cyber Week,1,139.88,0.15,139.88,18.18,121.7,131.1,0,,
2022-002874,27/09/2022 13:42,S1018,C00727,P2004,Tienda,Financiamiento,2x1,2,543.65,0.0,1087.3,130.48,956.82,298.92,0,,
2022-002875,05/08/2022 00:47,S1045,C00731,P2090,Web,Efectivo,Promo 15%,1,111.49,0.1,111.49,14.49,97.0,72.93,0,,
2022-002876,14/08/2022 16:09,S1004,C00248,P2027,Marketplace,Billetera Digital,Sin Promo,1,281.97,0.15,281.97,36.66,245.31,230.42,0,,
2022-002877,30/08/2022 03:06,S1024,C00066,P2154,Web,Efectivo,Cyber Week,2,733.21,0.0,1466.42,219.96,1246.46,427.53,0,,
2022-002878,16/12/2022 22:43,S1036,C00767,P2056,Call Center,Transferencia,Promo 10%,4,709.55,0.2,2838.2,425.73,2412.47,417.23,0,,
2022-002879,04/03/2022 11:30,S1022,C00452,P2102,Tienda,Financiamiento,Cyber Week,2,450.78,0.1,901.56,135.23,766.33,270.07,0,,
2022-002880,08/05/2022 03:35,S1031,C00272,P2010,Marketplace,Tarjeta,Sin Promo,2,404.09,0.0,808.18,121.23,686.95,210.17,0,,
2022-002881,13/05/2022 05:54,S1031,C00182,P2095,Web,Transferencia,Cyber Week,3,729.93,0.0,2189.79,328.47,1861.32,368.2,0,,
2022-002882,09/06/2022 13:15,S1043,C00621,P2103,Call Center,Efectivo,Sin Promo,4,403.65,0.05,1614.6,209.9,1404.7,274.37,1,,
2022-002883,15/04/2022 16:09,S1029,C00027,P2131,Call Center,Transferencia,Sin Promo,1,167.39,0.15,167.39,25.11,142.28,119.6,0,,
2022-002884,01/01/2022 14:55,S1013,C00551,P2074,Marketplace,Transferencia,Cyber Week,1,281.27,0.0,281.27,33.75,247.52,138.92,0,,
2022-002885,05/10/2022 12:48,S1016,C00115,P2036,Tienda,Efectivo,Promo 15%,2,230.9,0.2,461.8,55.42,406.38,143.03,0,,
2022-002886,04/03/2022 23:38,S1037,C00312,P2094,Call Center,Financiamiento,Sin Promo,6,700.79,0.0,4204.74,546.62,3658.12,392.99,0,,
2022-002887,15/01/2022 14:05,S1007,C00424,P2066,Tienda,Tarjeta,Sin Promo,1,446.0,0.15,446.0,57.98,388.02,297.19,1,,
2022-002888,06/03/2022 16:27,S1013,C00444,P2160,Tienda,Billetera Digital,Cyber Week,1,812.22,0.0,812.22,97.47,714.75,418.28,1,,
2022-002889,14/02/2022 16:34,S1006,C00700,P2091,Marketplace,Financiamiento,Black Friday,1,541.5,0.0,541.5,70.39,471.11,397.11,0,,
2022-002890,03/07/2022 15:21,S1011,C00775,P2122,Tienda,Billetera Digital,Sin Promo,1,681.62,0.0,681.62,81.79,599.83,324.38,1,,
2022-002891,29/11/2022 11:32,S1019,C00423,P2016,Call Center,Tarjeta,Cyber Week,1,172.59,0.0,172.59,25.89,146.7,121.18,0,,
2022-002892,11/10/2022 05:24,S1014,C00521,P2005,Tienda,Financiamiento,Promo 15%,4,545.93,0.0,2183.72,262.05,1921.67,390.45,0,,
2022-002893,19/05/2022 06:16,S1031,C00187,P2010,Tienda,Tarjeta,Promo 15%,1,343.48,0.15,343.48,51.52,291.96,210.17,0,,
2022-002894,12/06/2022 10:37,S1037,C00225,P2071,Web,Transferencia,Black Friday,2,459.39,0.05,918.78,119.44,799.34,243.78,0,,
2022-002895,06/03/2022 08:19,S1041,C00449,P2006,Call Center,Transferencia,Promo 10%,5,402.01,0.0,2010.05,261.31,1748.74,287.52,1,,
2022-002896,07/02/2022 02:53,S1010,C00717,P2020,Marketplace,Financiamiento,Sin Promo,2,44.42,0.1,88.84,10.66,78.18,32.33,0,,
2022-002897,23/09/2022 21:45,S1016,C00134,P2081,Marketplace,Billetera Digital,Promo 10%,3,399.31,0.0,1197.93,143.75,1054.18,192.91,0,,
2022-002898,23/05/2022 15:23,S1031,C00253,P2061,Tienda,Financiamiento,Promo 15%,1,42.68,0.0,42.68,6.4,36.28,26.36,0,,
2022-002899,12/05/2022 11:49,S1045,C00717,P2138,Tienda,Financiamiento,Promo 15%,1,720.1,0.0,720.1,93.61,626.49,375.47,0,,
2022-002900,11/06/2022 00:20,S1017,C00483,P2078,Marketplace,Transferencia,Sin Promo,2,132.53,0.2,265.06,31.81,233.25,125.47,0,,
2022-002901,20/12/2022 07:45,S1018,C00531,P2094,Tienda,Efectivo,Cyber Week,2,595.67,0.15,1191.34,142.96,1048.38,392.99,1,,
2022-002902,29/05/2022 23:19,S1040,C00798,P2089,Web,Tarjeta,Cyber Week,2,589.23,0.2,1178.46,153.2,1025.26,351.93,0,,
2022-002903,12/09/2022 19:46,S1039,C00422,P2061,Tienda,Financiamiento,Black Friday,2,36.28,0.15,72.56,9.43,63.13,26.36,0,,
2022-002904,23/10/2022 11:41,S1010,C00462,P2154,Tienda,Tarjeta,Black Friday,2,696.55,0.05,1393.1,167.17,1225.93,427.53,0,,
2022-002905,27/04/2022 00:29,S1041,C00323,P2071,Marketplace,Transferencia,Cyber Week,1,411.03,0.15,411.03,53.43,357.6,243.78,0,,
2022-002906,08/09/2022 11:09,S1001,C00506,P2023,Web,Transferencia,Cyber Week,3,529.75,0.0,1589.25,206.6,1382.65,346.8,0,,
2022-002907,10/07/2022 23:49,S1031,C00113,P2123,Call Center,Efectivo,2x1,3,140.09,0.2,420.27,63.04,357.23,112.82,0,,
2022-002908,02/09/2022 01:15,S1025,C00677,P2027,Marketplace,Efectivo,Promo 15%,1,315.14,0.05,315.14,47.27,267.87,230.42,0,,
2022-002909,09/02/2022 17:36,S1027,C00441,P2147,Tienda,Transferencia,Sin Promo,3,548.18,0.0,1644.54,246.68,1397.86,299.7,0,,
2022-002910,20/04/2022 17:14,S1031,C00655,P2113,Tienda,Billetera Digital,Promo 15%,1,253.0,0.15,253.0,37.95,215.05,139.53,0,,
2022-002911,23/07/2022 20:16,S1033,C00317,P2021,Marketplace,Tarjeta,Cyber Week,2,417.5,0.05,835.0,125.25,709.75,239.98,0,,
2022-002912,03/07/2022 06:09,S1028,C00621,P2152,Marketplace,Tarjeta,Black Friday,2,499.51,0.0,999.02,149.85,849.17,338.06,0,,
2022-002913,05/09/2022 20:46,S1041,C00489,P2145,Marketplace,Financiamiento,Cyber Week,1,118.01,0.0,118.01,15.34,102.67,77.61,0,,
2022-002914,19/07/2022 14:29,S1010,C00466,P2046,Web,Billetera Digital,Black Friday,2,344.44,0.05,688.88,82.67,606.21,192.92,1,,
2022-002915,30/03/2022 10:29,S1038,C00600,P2116,Tienda,Tarjeta,Black Friday,1,632.31,0.15,632.31,82.2,550.11,358.01,0,,
2022-002916,18/05/2022 01:16,S1028,C00031,P2045,Call Center,Efectivo,Cyber Week,3,58.57,0.15,175.71,26.36,149.35,46.07,0,,
2022-002917,20/09/2022 23:31,S1007,C00193,P2100,Tienda,Billetera Digital,Black Friday,4,514.77,0.1,2059.08,267.68,1791.4,422.9,1,,
2022-002918,02/12/2022 01:57,S1026,C00774,P2059,Web,Tarjeta,Sin Promo,1,104.57,0.2,104.57,15.69,88.88,101.09,0,,
2022-002919,08/12/2022 04:17,S1045,C00473,P2102,Marketplace,Billetera Digital,Promo 10%,2,450.78,0.1,901.56,117.2,784.36,270.07,0,,
2022-002920,18/03/2022 05:49,S1039,C00673,P2156,Web,Transferencia,2x1,1,81.43,0.0,81.43,10.59,70.84,55.02,0,,
2022-002921,13/09/2022 04:59,S1044,C00683,P2131,Web,Billetera Digital,Promo 15%,1,157.54,0.2,157.54,20.48,137.06,119.6,0,,
2022-002922,05/03/2022 15:27,S1023,C00280,P2082,Tienda,Transferencia,Sin Promo,1,267.35,0.05,267.35,40.1,227.25,152.77,0,,
2022-002923,23/05/2022 06:21,S1042,C00356,P2055,Call Center,Efectivo,Promo 10%,2,119.65,0.15,239.3,31.11,208.19,77.43,0,,
2022-002924,11/06/2022 23:41,S1018,C00198,P2143,Call Center,Transferencia,Promo 10%,2,149.12,0.15,298.24,35.79,262.45,101.86,0,,
2022-002925,13/12/2022 11:16,S1041,C00148,P2069,Marketplace,Efectivo,Sin Promo,3,191.55,0.0,574.65,74.7,499.95,145.02,0,,
2022-002926,01/11/2022 08:40,S1045,C00383,P2119,Tienda,Transferencia,Cyber Week,4,763.08,0.0,3052.32,396.8,2655.52,363.73,0,,
2022-002927,22/08/2022 02:23,S1001,C00186,P2071,Marketplace,Efectivo,Promo 15%,2,435.21,0.1,870.42,113.15,757.27,243.78,0,,
2022-002928,06/12/2022 11:59,S1026,C00762,P2053,Marketplace,Efectivo,Cyber Week,6,934.5,0.0,5607.0,841.05,4765.95,436.17,0,,
2022-002929,22/10/2022 13:15,S1024,C00753,P2132,Call Center,Financiamiento,Black Friday,1,257.29,0.2,257.29,38.59,218.7,220.13,1,,
2022-002930,07/11/2022 08:08,S1037,C00360,P2113,Web,Financiamiento,Promo 10%,1,253.0,0.15,253.0,32.89,220.11,139.53,0,,
2022-002931,27/10/2022 12:40,S1025,C00520,P2125,Tienda,Financiamiento,Cyber Week,2,344.65,0.0,689.3,103.39,585.91,235.01,0,,
2022-002932,07/03/2022 21:13,S1012,C00487,P2123,Marketplace,Tarjeta,Sin Promo,1,175.11,0.0,175.11,21.01,154.1,112.82,1,,
2022-002933,22/11/2022 02:40,S1008,C00169,P2118,Tienda,Tarjeta,Sin Promo,1,65.15,0.0,65.15,8.47,56.68,45.65,0,,
2022-002934,18/06/2022 06:50,S1035,C00468,P2083,Tienda,Efectivo,Promo 15%,1,418.74,0.2,418.74,62.81,355.93,334.59,0,,
2022-002935,23/10/2022 10:09,S1033,C00455,P2025,Marketplace,Tarjeta,Promo 10%,5,531.42,0.2,2657.1,398.56,2258.54,394.63,0,,
2022-002936,13/03/2022 04:35,S1027,C00049,P2147,Web,Tarjeta,Black Friday,1,438.54,0.2,438.54,65.78,372.76,299.7,0,,
2022-002937,08/05/2022 19:04,S1033,C00525,P2139,Call Center,Tarjeta,Cyber Week,3,17.24,0.15,51.72,7.76,43.96,12.71,0,,
2022-002938,05/06/2022 07:32,S1025,C00469,P2093,Tienda,Efectivo,2x1,2,118.37,0.2,236.74,35.51,201.23,75.0,0,,
2022-002939,27/09/2022 12:51,S1020,C00134,P2064,Web,Financiamiento,Black Friday,2,86.74,0.05,173.48,26.02,147.46,57.47,0,,
2022-002940,05/03/2022 08:11,S1011,C00275,P2027,Call Center,Billetera Digital,Promo 10%,5,331.73,0.0,1658.65,199.04,1459.61,230.42,0,,
2022-002941,12/07/2022 23:38,S1043,C00640,P2019,Web,Financiamiento,Sin Promo,1,471.27,0.0,471.27,61.27,410.0,283.84,0,,
2022-002942,24/02/2022 22:44,S1031,C00324,P2044,Marketplace,Transferencia,Cyber Week,1,431.38,0.05,431.38,64.71,366.67,214.81,0,,
2022-002943,06/10/2022 20:21,S1011,C00450,P2090,Web,Billetera Digital,Sin Promo,3,99.1,0.2,297.3,35.68,261.62,72.93,0,,
2022-002944,16/08/2022 23:13,S1025,C00597,P2051,Call Center,Efectivo,Black Friday,1,727.14,0.15,727.14,109.07,618.07,394.02,0,,
2022-002945,19/02/2022 08:07,S1027,C00154,P2015,Tienda,Transferencia,Black Friday,3,165.08,0.05,495.24,74.29,420.95,122.14,0,,
2022-002946,22/07/2022 06:09,S1021,C00645,P2067,Marketplace,Transferencia,Sin Promo,1,582.45,0.0,582.45,87.37,495.08,420.88,0,,
2022-002947,07/09/2022 00:33,S1041,C00320,P2002,Marketplace,Transferencia,Cyber Week,1,290.16,0.0,290.16,37.72,252.44,134.76,0,,
2022-002948,23/09/2022 04:44,S1041,C00088,P2140,Tienda,Tarjeta,Black Friday,4,14.41,0.0,57.64,7.49,50.15,6.63,0,,
2022-002949,08/12/2022 20:13,S1001,C00017,P2086,Web,Billetera Digital,Promo 15%,3,98.28,0.1,294.84,38.33,256.51,70.05,0,,
2022-002950,11/03/2022 19:28,S1036,C00683,P2147,Web,Transferencia,Black Friday,1,520.77,0.05,520.77,78.12,442.65,299.7,0,,
2022-002951,01/07/2022 07:58,S1025,C00263,P2046,Call Center,Transferencia,Sin Promo,2,362.57,0.0,725.14,108.77,616.37,192.92,0,,
2022-002952,01/05/2022 07:52,S1001,C00681,P2024,Tienda,Financiamiento,2x1,3,300.46,0.05,901.38,117.18,784.2,197.91,0,,
2022-002953,15/12/2022 17:57,S1021,C00189,P2017,Call Center,Efectivo,Promo 10%,1,238.25,0.15,238.25,35.74,202.51,182.13,0,,
2022-002954,21/02/2022 20:51,S1030,C00348,P2019,Call Center,Tarjeta,Sin Promo,3,471.27,0.0,1413.81,212.07,1201.74,283.84,0,,
2022-002955,20/06/2022 12:16,S1038,C00408,P2106,Web,Financiamiento,Promo 10%,3,461.42,0.0,1384.26,179.95,1204.31,310.34,1,,
2022-002956,28/02/2022 06:55,S1039,C00772,P2113,Web,Financiamiento,2x1,1,297.65,0.0,297.65,38.69,258.96,139.53,0,,
2022-002957,09/02/2022 16:59,S1007,C00607,P2104,Call Center,Billetera Digital,Cyber Week,1,702.23,0.0,702.23,91.29,610.94,405.18,1,,
2022-002958,19/04/2022 01:00,S1040,C00277,P2144,Web,Tarjeta,Sin Promo,1,218.0,0.2,218.0,28.34,189.66,177.43,0,,
2022-002959,09/07/2022 18:50,S1034,C00268,P2012,Web,Tarjeta,2x1,1,748.91,0.05,748.91,112.34,636.57,363.05,0,,
2022-002960,19/05/2022 16:20,S1006,C00608,P2127,Web,Transferencia,2x1,5,732.66,0.0,3663.3,476.23,3187.07,361.43,0,,
2022-002961,19/05/2022 17:24,S1034,C00196,P2014,Marketplace,Tarjeta,2x1,1,430.19,0.0,430.19,64.53,365.66,296.33,0,,
2022-002962,10/03/2022 20:57,S1021,C00658,P2056,Marketplace,Efectivo,2x1,2,886.94,0.0,1773.88,266.08,1507.8,417.23,0,,
2022-002963,16/11/2022 23:08,S1023,C00712,P2036,Call Center,Efectivo,Cyber Week,1,288.63,0.0,288.63,43.29,245.34,143.03,1,,
2022-002964,18/01/2022 22:37,S1021,C00261,P2145,Tienda,Efectivo,Promo 15%,1,106.21,0.1,106.21,15.93,90.28,77.61,1,,
2022-002965,26/12/2022 11:40,S1029,C00731,P2084,Tienda,Billetera Digital,Black Friday,1,9.8,0.1,9.8,1.47,8.33,8.31,0,,
2022-002966,04/10/2022 09:34,S1041,C00541,P2062,Marketplace,Financiamiento,Cyber Week,1,106.3,0.05,106.3,13.82,92.48,74.21,1,,
2022-002967,03/10/2022 02:53,S1025,C00701,P2027,Marketplace,Transferencia,Promo 10%,3,315.14,0.05,945.42,141.81,803.61,230.42,0,,
2022-002968,11/06/2022 09:28,S1022,C00382,P2084,Marketplace,Tarjeta,Promo 15%,1,9.26,0.15,9.26,1.39,7.87,8.31,1,,
2022-002969,07/12/2022 11:51,S1016,C00537,P2107,Marketplace,Tarjeta,Black Friday,1,257.6,0.2,257.6,30.91,226.69,196.36,0,,
2022-002970,25/01/2022 04:15,S1033,C00330,P2068,Call Center,Transferencia,Black Friday,3,209.44,0.15,628.32,94.25,534.07,122.46,1,,
2022-002971,02/11/2022 08:50,S1010,C00276,P2116,Tienda,Efectivo,Promo 15%,1,743.9,0.0,743.9,89.27,654.63,358.01,1,,
2022-002972,10/02/2022 11:02,S1037,C00582,P2102,Tienda,Financiamiento,Cyber Week,4,500.87,0.0,2003.48,260.45,1743.03,270.07,0,,
2022-002973,10/01/2022 20:47,S1034,C00515,P2031,Marketplace,Financiamiento,Promo 15%,1,203.6,0.0,203.6,30.54,173.06,111.43,0,,
2022-002974,23/09/2022 09:22,S1028,C00709,P2105,Tienda,Tarjeta,Promo 15%,1,676.15,0.0,676.15,101.42,574.73,320.12,0,,
2022-002975,12/01/2022 10:39,S1039,C00427,P2125,Marketplace,Transferencia,Black Friday,3,344.65,0.0,1033.95,134.41,899.54,235.01,0,,
2022-002976,17/07/2022 19:14,S1041,C00138,P2022,Call Center,Transferencia,Promo 10%,3,449.93,0.0,1349.79,175.47,1174.32,325.44,0,,
2022-002977,28/07/2022 00:41,S1009,C00007,P2020,Web,Transferencia,2x1,1,44.42,0.1,44.42,5.77,38.65,32.33,0,,
2022-002978,10/03/2022 11:30,S1045,C00398,P2159,Tienda,Efectivo,Black Friday,2,640.88,0.0,1281.76,166.63,1115.13,434.27,0,,
2022-002979,23/12/2022 17:07,S1026,C00374,P2084,Tienda,Tarjeta,Black Friday,2,9.26,0.15,18.52,2.78,15.74,8.31,0,,
2022-002980,29/03/2022 03:53,S1018,C00400,P2045,Marketplace,Efectivo,Cyber Week,3,65.46,0.05,196.38,23.57,172.81,46.07,1,,
2022-002981,10/07/2022 02:10,S1030,C00627,P2051,Marketplace,Billetera Digital,Promo 15%,2,855.46,0.0,1710.92,256.64,1454.28,394.02,0,,
2022-002982,12/01/2022 11:13,S1022,C00069,P2140,Tienda,Financiamiento,Sin Promo,1,14.41,0.0,14.41,2.16,12.25,6.63,0,,
2022-002983,12/05/2022 02:35,S1033,C00635,P2099,Marketplace,Financiamiento,2x1,2,250.38,0.15,500.76,75.11,425.65,231.19,1,,
2022-002984,05/12/2022 14:06,S1007,C00389,P2011,Tienda,Tarjeta,Cyber Week,4,314.18,0.2,1256.72,163.37,1093.35,309.34,0,,
2022-002985,22/03/2022 09:00,S1002,C00253,P2119,Call Center,Financiamiento,Sin Promo,1,724.93,0.05,724.93,94.24,630.69,363.73,0,,
2022-002986,05/07/2022 11:11,S1004,C00218,P2081,Call Center,Billetera Digital,Promo 15%,5,399.31,0.0,1996.55,259.55,1737.0,192.91,0,,
2022-002987,23/05/2022 13:49,S1004,C00199,P2157,Marketplace,Billetera Digital,Black Friday,2,223.38,0.0,446.76,58.08,388.68,118.28,0,,
2022-002988,09/05/2022 11:13,S1006,C00092,P2043,Web,Efectivo,Black Friday,1,266.57,0.15,266.57,34.65,231.92,244.5,0,,
2022-002989,15/02/2022 08:48,S1028,C00539,P2153,Web,Transferencia,Cyber Week,4,346.72,0.15,1386.88,208.03,1178.85,293.96,1,,
2022-002990,15/12/2022 10:09,S1041,C00051,P2082,Web,Billetera Digital,2x1,3,239.21,0.15,717.63,93.29,624.34,152.77,1,,
2022-002991,16/06/2022 20:55,S1015,C00404,P2120,Marketplace,Transferencia,Black Friday,1,159.6,0.2,159.6,19.15,140.45,113.2,0,,
2022-002992,06/06/2022 00:43,S1010,C00348,P2029,Marketplace,Financiamiento,Promo 15%,4,442.35,0.1,1769.4,212.33,1557.07,271.13,0,,
2022-002993,11/05/2022 14:45,S1005,C00481,P2060,Web,Transferencia,Black Friday,1,306.6,0.2,306.6,39.86,266.74,245.82,1,,
2022-002994,15/09/2022 17:59,S1035,C00388,P2045,Call Center,Efectivo,2x1,2,58.57,0.15,117.14,17.57,99.57,46.07,0,,
2022-002995,08/12/2022 23:15,S1038,C00191,P2028,Call Center,Transferencia,Black Friday,2,568.28,0.05,1136.56,147.75,988.81,344.08,0,,
2022-002996,16/04/2022 16:29,S1027,C00742,P2047,Web,Transferencia,Promo 10%,2,456.79,0.0,913.58,137.04,776.54,295.44,0,,
2022-002997,27/02/2022 20:29,S1014,C00106,P2136,Call Center,Tarjeta,2x1,1,139.32,0.1,139.32,16.72,122.6,99.42,0,,
2022-002998,03/10/2022 20:48,S1027,C00005,P2132,Call Center,Financiamiento,2x1,2,305.53,0.05,611.06,91.66,519.4,220.13,0,,
2022-002999,22/12/2022 14:34,S1022,C00791,P2049,Tienda,Billetera Digital,Sin Promo,3,134.53,0.15,403.59,60.54,343.05,89.45,0,,
2022-003000,08/04/2022 13:16,S1044,C00499,P2001,Marketplace,Efectivo,Promo 15%,1,76.66,0.2,76.66,9.97,66.69,59.67,0,,
2022-003001,03/12/2022 23:36,S1042,C00499,P2145,Call Center,Financiamiento,Black Friday,2,118.01,0.0,236.02,30.68,205.34,77.61,0,,
2022-003002,08/01/2022 19:19,S1014,C00484,P2088,Call Center,Transferencia,Black Friday,3,543.32,0.05,1629.96,195.6,1434.36,308.2,0,,
2022-003003,14/01/2022 22:52,S1041,C00374,P2045,Call Center,Efectivo,Cyber Week,1,58.57,0.15,58.57,7.61,50.96,46.07,0,,
2022-003004,30/11/2022 15:08,S1035,C00440,P2051,Marketplace,Transferencia,2x1,2,727.14,0.15,1454.28,218.14,1236.14,394.02,0,,
2022-003005,04/09/2022 04:02,S1032,C00676,P2106,Call Center,Financiamiento,Sin Promo,1,461.42,0.0,461.42,69.21,392.21,310.34,0,Revisar,
2022-003006,06/07/2022 00:39,S1013,C00721,P2012,Marketplace,Transferencia,Promo 15%,2,788.33,0.0,1576.66,189.2,1387.46,363.05,0,,
2022-003007,25/05/2022 01:18,S1032,C00614,P2046,Marketplace,Financiamiento,Promo 15%,2,290.06,0.2,580.12,87.02,493.1,192.92,0,,
2022-003008,09/07/2022 14:10,S1036,C00447,P2092,Call Center,Transferencia,Promo 15%,6,802.49,0.0,4814.94,722.24,4092.7,416.32,1,,
2022-003009,09/10/2022 09:47,S1014,C00312,P2069,Marketplace,Financiamiento,2x1,1,162.82,0.15,162.82,19.54,143.28,145.02,1,,
2022-003010,29/07/2022 07:39,S1025,C00558,P2006,Marketplace,Efectivo,Sin Promo,1,402.01,0.0,402.01,60.3,341.71,287.52,1,,
2022-003011,20/06/2022 00:57,S1017,C00437,P2052,Web,Tarjeta,Cyber Week,6,94.69,0.0,568.14,68.18,499.96,47.67,0,,
2022-003012,24/03/2022 17:07,S1005,C00579,P2143,Web,Billetera Digital,Cyber Week,4,166.67,0.05,666.68,86.67,580.01,101.86,1,,
2022-003013,23/12/2022 05:12,S1005,C00521,P2044,Marketplace,Billetera Digital,Black Friday,2,408.67,0.1,817.34,106.25,711.09,214.81,0,,
2022-003014,31/01/2022 20:13,S1035,C00276,P2153,Web,Financiamiento,2x1,2,407.91,0.0,815.82,122.37,693.45,293.96,0,,
2022-003015,01/05/2022 14:55,S1044,C00692,P2080,Tienda,Efectivo,2x1,4,241.43,0.2,965.72,125.54,840.18,221.89,0,,
2022-003016,15/12/2022 11:08,S1012,C00147,P2132,Marketplace,Efectivo,Cyber Week,1,321.61,0.0,321.61,38.59,283.02,220.13,0,,
2022-003017,24/01/2022 02:03,S1018,C00665,P2043,Call Center,Tarjeta,2x1,5,282.25,0.1,1411.25,169.35,1241.9,244.5,0,,
2022-003018,25/04/2022 17:24,S1029,C00503,P2122,Call Center,Billetera Digital,Promo 15%,2,545.3,0.2,1090.6,163.59,927.01,324.38,0,,
2022-003019,23/05/2022 17:52,S1035,C00199,P2048,Tienda,Billetera Digital,Sin Promo,1,320.16,0.0,320.16,48.02,272.14,183.57,0,,
2022-003020,09/04/2022 15:35,S1017,C00277,P2141,Call Center,Efectivo,Promo 15%,2,832.49,0.0,1664.98,199.8,1465.18,384.64,0,,
2022-003021,01/04/2022 12:32,S1004,C00486,P2125,Tienda,Transferencia,2x1,1,327.42,0.05,327.42,42.56,284.86,235.01,0,,
2022-003022,01/09/2022 19:18,S1014,C00571,P2091,Web,Efectivo,Sin Promo,1,487.35,0.1,487.35,58.48,428.87,397.11,0,,
2022-003023,09/12/2022 01:40,S1041,C00604,P2158,Web,Efectivo,Cyber Week,1,542.39,0.0,542.39,70.51,471.88,274.83,0,,
2022-003024,24/10/2022 00:40,S1027,C00573,P2136,Call Center,Transferencia,Promo 10%,1,123.84,0.2,123.84,18.58,105.26,99.42,0,,
2022-003025,10/08/2022 20:54,S1017,C00458,P2070,Marketplace,Billetera Digital,Promo 15%,4,614.79,0.0,2459.16,295.1,2164.06,281.04,0,,
2022-003026,10/10/2022 00:08,S1038,C00415,P2104,Marketplace,Billetera Digital,Black Friday,1,667.12,0.05,667.12,86.73,580.39,405.18,0,,
2022-003027,02/03/2022 23:28,S1012,C00570,P2101,Marketplace,Financiamiento,Promo 15%,2,302.88,0.1,605.76,72.69,533.07,262.94,0,,
2022-003028,07/05/2022 02:28,S1011,C00592,P2084,Web,Billetera Digital,2x1,6,9.8,0.1,58.8,7.06,51.74,8.31,0,,
2022-003029,18/02/2022 09:34,S1003,C00464,P2047,Marketplace,Tarjeta,Sin Promo,2,456.79,0.0,913.58,118.77,794.81,295.44,1,,
2022-003030,16/03/2022 01:00,S1043,C00146,P2122,Web,Billetera Digital,Cyber Week,3,545.3,0.2,1635.9,212.67,1423.23,324.38,0,,
2022-003031,08/07/2022 21:56,S1002,C00617,P2129,Call Center,Billetera Digital,Promo 15%,5,479.7,0.05,2398.5,311.81,2086.69,401.84,0,,
2022-003032,22/04/2022 20:53,S1013,C00442,P2091,Web,Billetera Digital,Cyber Week,5,541.5,0.0,2707.5,324.9,2382.6,397.11,0,,
2022-003033,04/09/2022 13:00,S1008,C00418,P2114,Marketplace,Efectivo,Black Friday,4,470.9,0.15,1883.6,244.87,1638.73,274.57,0,,
2022-003034,03/06/2022 14:00,S1043,C00480,P2026,Call Center,Efectivo,Promo 15%,1,390.93,0.15,390.93,50.82,340.11,230.43,1,,
2022-003035,09/10/2022 22:56,S1028,C00539,P2059,Web,Tarjeta,Cyber Week,3,130.71,0.0,392.13,58.82,333.31,101.09,0,,
2022-003036,18/08/2022 17:17,S1040,C00157,P2019,Tienda,Financiamiento,Black Friday,3,400.58,0.15,1201.74,156.23,1045.51,283.84,0,,
2022-003037,08/02/2022 14:36,S1034,C00519,P2137,Marketplace,Transferencia,Promo 10%,1,428.74,0.0,428.74,64.31,364.43,246.0,0,,
2022-003038,06/08/2022 16:08,S1030,C00469,P2045,Marketplace,Transferencia,Cyber Week,2,68.91,0.0,137.82,20.67,117.15,46.07,1,,
2022-003039,19/09/2022 08:57,S1026,C00061,P2043,Call Center,Billetera Digital,Cyber Week,2,313.61,0.0,627.22,94.08,533.14,244.5,0,,
2022-003040,29/12/2022 17:44,S1034,C00784,P2153,Marketplace,Billetera Digital,Sin Promo,2,407.91,0.0,815.82,122.37,693.45,293.96,0,,
2022-003041,27/09/2022 15:52,S1002,C00075,P2037,Call Center,Financiamiento,Promo 15%,2,561.42,0.1,1122.84,145.97,976.87,405.23,0,,
2022-003042,03/10/2022 13:57,S1019,C00238,P2127,Tienda,Transferencia,Sin Promo,4,732.66,0.0,2930.64,439.6,2491.04,361.43,0,,
2022-003043,14/07/2022 06:01,S1003,C00469,P2141,Call Center,Transferencia,Promo 10%,2,665.99,0.2,1331.98,173.16,1158.82,384.64,1,,
2022-003044,25/05/2022 03:39,S1040,C00444,P2078,Web,Tarjeta,Cyber Week,3,157.38,0.05,472.14,61.38,410.76,125.47,0,,
2022-003045,26/01/2022 05:07,S1010,C00417,P2126,Marketplace,Tarjeta,Cyber Week,1,684.14,0.0,684.14,82.1,602.04,413.19,0,,
2022-003046,24/08/2022 03:43,S1033,C00329,P2136,Marketplace,Efectivo,Cyber Week,2,154.8,0.0,309.6,46.44,263.16,99.42,0,,
2022-003047,22/08/2022 02:02,S1013,C00796,P2107,Call Center,Transferencia,2x1,6,322.0,0.0,1932.0,231.84,1700.16,196.36,0,,
2022-003048,21/02/2022 10:35,S1040,C00003,P2114,Marketplace,Transferencia,Sin Promo,2,554.0,0.0,1108.0,144.04,963.96,274.57,0,,
2022-003049,26/10/2022 07:37,S1019,C00295,P2098,Tienda,Tarjeta,Sin Promo,1,645.08,0.0,645.08,96.76,548.32,389.5,1,,
2022-003050,15/06/2022 18:36,S1045,C00213,P2003,Call Center,Efectivo,Sin Promo,1,483.28,0.05,483.28,62.83,420.45,261.5,0,,
2022-003051,02/09/2022 02:05,S1018,C00405,P2039,Tienda,Financiamiento,Promo 15%,2,405.45,0.15,810.9,97.31,713.59,251.05,0,,
2022-003052,08/04/2022 03:21,S1027,C00773,P2039,Marketplace,Financiamiento,Sin Promo,4,453.15,0.05,1812.6,271.89,1540.71,251.05,0,,
2022-003053,30/04/2022 00:14,S1043,C00204,P2111,Call Center,Efectivo,2x1,1,292.12,0.0,292.12,37.98,254.14,191.52,0,,
2022-003054,01/05/2022 21:41,S1021,C00735,P2030,Tienda,Tarjeta,Sin Promo,2,460.22,0.15,920.44,138.07,782.37,418.38,0,,
2022-003055,05/12/2022 10:32,S1006,C00137,P2076,Web,Tarjeta,Black Friday,2,92.64,0.05,185.28,24.09,161.19,50.2,0,,
2022-003056,22/03/2022 05:47,S1013,C00265,P2044,Marketplace,Tarjeta,Sin Promo,5,385.97,0.15,1929.85,231.58,1698.27,214.81,0,,
2022-003057,09/02/2022 07:35,S1039,C00004,P2070,Marketplace,Billetera Digital,2x1,2,614.79,0.0,1229.58,159.85,1069.73,281.04,0,,
2022-003058,28/01/2022 06:13,S1029,C00758,P2047,Tienda,Transferencia,Promo 10%,4,456.79,0.0,1827.16,274.07,1553.09,295.44,0,,
2022-003059,05/10/2022 01:30,S1045,C00557,P2063,Call Center,Tarjeta,Sin Promo,3,56.33,0.2,168.99,21.97,147.02,34.56,0,,
2022-003060,31/12/2022 01:07,S1034,C00512,P2034,Marketplace,Transferencia,Sin Promo,6,262.95,0.0,1577.7,236.66,1341.04,122.22,0,,
2022-003061,11/06/2022 08:49,S1032,C00200,P2080,Tienda,Billetera Digital,Promo 15%,4,256.52,0.15,1026.08,153.91,872.17,221.89,0,,
2022-003062,18/11/2022 14:47,S1011,C00364,P2032,Call Center,Financiamiento,Black Friday,1,466.57,0.0,466.57,55.99,410.58,330.43,0,,
2022-003063,26/12/2022 09:58,S1025,C00579,P2104,Call Center,Financiamiento,Black Friday,3,561.78,0.2,1685.34,252.8,1432.54,405.18,0,,
2022-003064,02/08/2022 01:48,S1035,C00403,P2101,Marketplace,Financiamiento,Promo 10%,3,336.53,0.0,1009.59,151.44,858.15,262.94,0,,
2022-003065,30/08/2022 12:44,S1029,C00537,P2121,Web,Efectivo,Promo 15%,1,417.78,0.0,417.78,62.67,355.11,207.12,0,,
2022-003066,14/05/2022 02:04,S1044,C00622,P2119,Call Center,Tarjeta,Cyber Week,1,763.08,0.0,763.08,99.2,663.88,363.73,0,,
2022-003067,22/06/2022 09:23,S1016,C00632,P2093,Web,Financiamiento,2x1,4,125.77,0.15,503.08,60.37,442.71,75.0,0,,
2022-003068,01/03/2022 10:55,S1018,C00233,P2117,Tienda,Financiamiento,Sin Promo,2,67.36,0.2,134.72,16.17,118.55,41.82,0,,
2022-003069,12/10/2022 00:46,S1018,C00391,P2035,Call Center,Transferencia,Promo 15%,5,815.94,0.1,4079.7,489.56,3590.14,418.3,0,,
2022-003070,22/01/2022 20:16,S1040,C00589,P2120,Call Center,Transferencia,Sin Promo,1,189.52,0.05,189.52,24.64,164.88,113.2,0,,
2022-003071,19/05/2022 10:32,S1027,C00183,P2103,Marketplace,Efectivo,Black Friday,1,424.9,0.0,424.9,63.73,361.17,274.37,0,,
2022-003072,16/03/2022 14:43,S1035,C00280,P2068,Tienda,Billetera Digital,Black Friday,2,209.44,0.15,418.88,62.83,356.05,122.46,0,,
2022-003073,25/12/2022 12:37,S1017,C00245,P2109,Marketplace,Tarjeta,Promo 10%,3,208.28,0.0,624.84,74.98,549.86,141.94,0,,
2022-003074,09/12/2022 18:38,S1034,C00397,P2113,Web,Financiamiento,Black Friday,2,238.12,0.2,476.24,71.44,404.8,139.53,0,,
2022-003075,13/11/2022 16:10,S1016,C00637,P2092,Marketplace,Tarjeta,2x1,1,802.49,0.0,802.49,96.3,706.19,416.32,1,,
2022-003076,16/10/2022 18:22,S1007,C00280,P2133,Tienda,Financiamiento,2x1,1,52.59,0.0,52.59,6.84,45.75,38.56,1,,
2022-003077,03/10/2022 02:51,S1034,C00551,P2105,Tienda,Financiamiento,Black Friday,2,676.15,0.0,1352.3,202.84,1149.46,320.12,0,,
2022-003078,16/05/2022 08:00,S1006,C00596,P2159,Call Center,Efectivo,Cyber Week,2,576.79,0.1,1153.58,149.97,1003.61,434.27,0,,
2022-003079,02/11/2022 23:41,S1022,C00479,P2073,Call Center,Tarjeta,Cyber Week,3,156.33,0.05,468.99,70.35,398.64,131.1,0,,
2022-003080,10/06/2022 09:09,S1044,C00391,P2142,Tienda,Transferencia,Sin Promo,1,469.2,0.05,469.2,61.0,408.2,331.65,0,,
2022-003081,11/09/2022 15:44,S1003,C00468,P2037,Call Center,Transferencia,Sin Promo,1,530.23,0.15,530.23,68.93,461.3,405.23,1,,
2022-003082,02/10/2022 00:13,S1016,C00213,P2087,Call Center,Billetera Digital,Promo 15%,1,307.59,0.05,307.59,36.91,270.68,166.63,0,,
2022-003083,17/09/2022 10:20,S1025,C00252,P2022,Call Center,Financiamiento,Sin Promo,5,449.93,0.0,2249.65,337.45,1912.2,325.44,0,,
2022-003084,17/11/2022 15:34,S1001,C00725,P2075,Tienda,Financiamiento,2x1,4,551.05,0.05,2204.2,286.55,1917.65,301.87,0,,
2022-003085,09/03/2022 03:21,S1039,C00692,P2066,Web,Billetera Digital,Promo 10%,2,524.71,0.0,1049.42,136.42,913.0,297.19,0,,
2022-003086,28/10/2022 04:16,S1013,C00003,P2025,Web,Tarjeta,Promo 15%,1,664.27,0.0,664.27,79.71,584.56,394.63,0,,
2022-003087,20/08/2022 06:26,S1028,C00056,P2085,Call Center,Billetera Digital,Promo 10%,3,27.92,0.1,83.76,12.56,71.2,20.07,0,,
2022-003088,05/08/2022 16:53,S1020,C00540,P2140,Tienda,Billetera Digital,Cyber Week,4,14.41,0.0,57.64,8.65,48.99,6.63,0,,
2022-003089,22/02/2022 06:12,S1023,C00568,P2027,Marketplace,Billetera Digital,Black Friday,2,331.73,0.0,663.46,99.52,563.94,230.42,0,,
2022-003090,27/05/2022 16:56,S1042,C00643,P2120,Call Center,Billetera Digital,Cyber Week,2,159.6,0.2,319.2,41.5,277.7,113.2,0,,
2022-003091,04/10/2022 01:03,S1025,C00081,P2017,Web,Transferencia,2x1,1,238.25,0.15,238.25,35.74,202.51,182.13,0,,
2022-003092,01/02/2022 19:22,S1043,C00578,P2095,Tienda,Billetera Digital,Black Friday,1,729.93,0.0,729.93,94.89,635.04,368.2,0,,
2022-003093,18/03/2022 13:01,S1004,C00237,P2157,Tienda,Tarjeta,2x1,2,189.87,0.15,379.74,49.37,330.37,118.28,1,,
2022-003094,28/03/2022 01:43,S1040,C00351,P2100,Web,Financiamiento,Sin Promo,3,543.37,0.05,1630.11,211.91,1418.2,422.9,0,,
2022-003095,10/07/2022 12:16,S1001,C00663,P2157,Tienda,Transferencia,Sin Promo,2,201.04,0.1,402.08,52.27,349.81,118.28,0,,
2022-003096,13/08/2022 13:47,S1034,C00677,P2088,Call Center,Efectivo,Black Friday,3,543.32,0.05,1629.96,244.49,1385.47,308.2,0,,
2022-003097,27/06/2022 19:43,S1009,C00582,P2025,Web,Financiamiento,Sin Promo,4,531.42,0.2,2125.68,276.34,1849.34,394.63,0,,
2022-003098,04/07/2022 08:51,S1008,C00445,P2094,Call Center,Efectivo,Promo 10%,6,665.75,0.05,3994.5,519.28,3475.22,392.99,0,,
2022-003099,13/11/2022 05:23,S1022,C00583,P2124,Marketplace,Transferencia,Sin Promo,1,380.55,0.2,380.55,57.08,323.47,351.18,0,,
2022-003100,11/01/2022 14:05,S1032,C00213,P2095,Call Center,Billetera Digital,2x1,2,729.93,0.0,1459.86,218.98,1240.88,368.2,0,,
2022-003101,29/11/2022 20:20,S1044,C00552,P2147,Web,Transferencia,Sin Promo,2,548.18,0.0,1096.36,142.53,953.83,299.7,0,,
2022-003102,27/01/2022 23:17,S1003,C00682,P2007,Marketplace,Billetera Digital,Promo 15%,1,201.43,0.05,201.43,26.19,175.24,162.45,0,,
2022-003103,28/05/2022 08:46,S1012,C00004,P2045,Web,Tarjeta,Sin Promo,4,55.13,0.2,220.52,26.46,194.06,46.07,0,,
2022-003104,09/08/2022 02:15,S1042,C00010,P2023,Marketplace,Financiamiento,Sin Promo,1,423.8,0.2,423.8,55.09,368.71,346.8,1,,
2022-003105,01/10/2022 22:10,S1030,C00604,P2129,Call Center,Tarjeta,2x1,2,429.21,0.15,858.42,128.76,729.66,401.84,0,,
2022-003106,17/10/2022 08:55,S1021,C00732,P2042,Tienda,Transferencia,Promo 15%,2,361.25,0.1,722.5,108.38,614.12,233.31,0,,
2022-003107,09/11/2022 01:51,S1008,C00563,P2085,Web,Tarjeta,Promo 15%,2,31.02,0.0,62.04,8.07,53.97,20.07,0,,
2022-003108,08/01/2022 04:36,S1020,C00192,P2115,Tienda,Efectivo,2x1,2,335.31,0.1,670.62,100.59,570.03,201.2,0,,
2022-003109,15/05/2022 13:24,S1037,C00333,P2051,Tienda,Tarjeta,Promo 15%,1,855.46,0.0,855.46,111.21,744.25,394.02,1,,
2022-003110,26/01/2022 04:18,S1028,C00573,P2050,Marketplace,Financiamiento,Promo 15%,4,246.56,0.1,986.24,147.94,838.3,192.16,0,,
2022-003111,04/09/2022 07:38,S1045,C00464,P2133,Tienda,Billetera Digital,Promo 15%,4,47.33,0.1,189.32,24.61,164.71,38.56,0,,
2022-003112,06/09/2022 11:11,S1002,C00356,P2088,Web,Billetera Digital,Promo 15%,1,571.92,0.0,571.92,74.35,497.57,308.2,0,,
2022-003113,16/08/2022 05:57,S1016,C00311,P2103,Web,Tarjeta,Promo 15%,1,424.9,0.0,424.9,50.99,373.91,274.37,1,,
2022-003114,13/03/2022 19:31,S1026,C00247,P2108,Marketplace,Tarjeta,Sin Promo,1,283.38,0.0,283.38,42.51,240.87,144.01,0,,
2022-003115,18/06/2022 05:42,S1034,C00469,P2009,Tienda,Financiamiento,Black Friday,1,523.01,0.0,523.01,78.45,444.56,287.2,0,,
2022-003116,31/08/2022 12:34,S1012,C00606,P2003,Tienda,Efectivo,Black Friday,1,508.72,0.0,508.72,61.05,447.67,261.5,1,,
2022-003117,21/12/2022 04:22,S1024,C00701,P2127,Marketplace,Tarjeta,Black Friday,4,622.76,0.15,2491.04,373.66,2117.38,361.43,0,,
2022-003118,03/07/2022 03:22,S1024,C00039,P2095,Web,Tarjeta,Cyber Week,3,729.93,0.0,2189.79,328.47,1861.32,368.2,0,,
2022-003119,10/09/2022 09:24,S1028,C00652,P2064,Marketplace,Transferencia,Sin Promo,2,91.31,0.0,182.62,27.39,155.23,57.47,0,,
2022-003120,08/08/2022 21:08,S1025,C00766,P2052,Web,Efectivo,Promo 10%,2,75.75,0.2,151.5,22.72,128.78,47.67,0,,
2022-003121,28/07/2022 22:45,S1045,C00432,P2051,Call Center,Billetera Digital,Black Friday,1,684.37,0.2,684.37,88.97,595.4,394.02,0,,
2022-003122,16/05/2022 16:18,S1044,C00420,P2094,Web,Tarjeta,Black Friday,1,665.75,0.05,665.75,86.55,579.2,392.99,0,,
2022-003123,12/12/2022 13:27,S1016,C00475,P2007,Tienda,Financiamiento,Sin Promo,1,212.03,0.0,212.03,25.44,186.59,162.45,0,,
2022-003124,31/07/2022 07:14,S1030,C00605,P2121,Call Center,Tarjeta,Promo 10%,1,417.78,0.0,417.78,62.67,355.11,207.12,0,,
2022-003125,05/03/2022 07:24,S1018,C00436,P2090,Marketplace,Billetera Digital,Sin Promo,2,111.49,0.1,222.98,26.76,196.22,72.93,0,,
2022-003126,27/11/2022 11:23,S1029,C00087,P2148,Tienda,Billetera Digital,Promo 10%,2,539.85,0.2,1079.7,161.96,917.74,390.62,0,,
2022-003127,19/07/2022 21:03,S1009,C00428,P2006,Call Center,Transferencia,Promo 10%,1,402.01,0.0,402.01,52.26,349.75,287.52,0,,
2022-003128,29/06/2022 07:05,S1006,C00295,P2072,Marketplace,Billetera Digital,Promo 15%,1,604.62,0.0,604.62,78.6,526.02,420.23,0,,
2022-003129,04/08/2022 20:05,S1014,C00718,P2058,Tienda,Billetera Digital,Black Friday,3,465.91,0.0,1397.73,167.73,1230.0,324.41,0,,
2022-003130,25/02/2022 10:41,S1010,C00759,P2073,Tienda,Billetera Digital,2x1,1,164.56,0.0,164.56,19.75,144.81,131.1,0,,
2022-003131,09/10/2022 21:04,S1013,C00366,P2147,Web,Efectivo,Cyber Week,2,520.77,0.05,1041.54,124.98,916.56,299.7,0,,
2022-003132,07/03/2022 07:13,S1031,C00021,P2157,Web,Efectivo,Promo 10%,1,223.38,0.0,223.38,33.51,189.87,118.28,1,,
2022-003133,23/09/2022 19:07,S1002,C00608,P2153,Tienda,Billetera Digital,2x1,2,407.91,0.0,815.82,106.06,709.76,293.96,0,,
2022-003134,16/03/2022 11:48,S1029,C00476,P2125,Web,Financiamiento,Sin Promo,1,292.95,0.15,292.95,43.94,249.01,235.01,0,,
2022-003135,03/01/2022 00:52,S1036,C00695,P2017,Call Center,Financiamiento,2x1,3,280.3,0.0,840.9,126.13,714.77,182.13,0,,
2022-003136,05/06/2022 17:00,S1040,C00277,P2022,Web,Financiamiento,Sin Promo,1,427.43,0.05,427.43,55.57,371.86,325.44,1,,
2022-003137,24/03/2022 16:53,S1003,C00442,P2080,Call Center,Financiamiento,Promo 10%,1,256.52,0.15,256.52,33.35,223.17,221.89,0,,
2022-003138,15/09/2022 01:03,S1020,C00264,P2156,Web,Billetera Digital,Sin Promo,1,77.36,0.05,77.36,11.6,65.76,55.02,0,,
2022-003139,27/09/2022 05:21,S1002,C00566,P2052,Tienda,Billetera Digital,2x1,1,75.75,0.2,75.75,9.85,65.9,47.67,0,,
2022-003140,17/02/2022 22:09,S1008,C00023,P2119,Web,Transferencia,2x1,3,686.77,0.1,2060.31,267.84,1792.47,363.73,0,,
2022-003141,26/01/2022 22:58,S1024,C00369,P2019,Tienda,Billetera Digital,Cyber Week,2,471.27,0.0,942.54,141.38,801.16,283.84,0,,
2022-003142,12/03/2022 03:47,S1040,C00510,P2104,Call Center,Efectivo,2x1,1,632.01,0.1,632.01,82.16,549.85,405.18,0,,
2022-003143,28/09/2022 06:19,S1001,C00645,P2148,Tienda,Financiamiento,Black Friday,2,573.59,0.15,1147.18,149.13,998.05,390.62,0,,
2022-003144,18/07/2022 00:24,S1007,C00175,P2135,Call Center,Billetera Digital,Cyber Week,1,122.34,0.2,122.34,15.9,106.44,71.27,0,,
2022-003145,02/02/2022 05:48,S1004,C00203,P2129,Marketplace,Efectivo,Promo 15%,2,504.95,0.0,1009.9,131.29,878.61,401.84,0,,
2022-003146,06/10/2022 09:41,S1029,C00548,P2087,Tienda,Financiamiento,Black Friday,1,291.4,0.1,291.4,43.71,247.69,166.63,0,,
2022-003147,13/12/2022 16:22,S1013,C00311,P2003,Marketplace,Tarjeta,Cyber Week,2,508.72,0.0,1017.44,122.09,895.35,261.5,0,,
2022-003148,09/11/2022 16:36,S1041,C00565,P2116,Tienda,Efectivo,Sin Promo,6,706.7,0.05,4240.2,551.23,3688.97,358.01,0,,
2022-003149,13/10/2022 02:16,S1018,C00425,P2116,Tienda,Billetera Digital,Black Friday,2,743.9,0.0,1487.8,178.54,1309.26,358.01,0,,
2022-003150,13/05/2022 09:22,S1017,C00420,P2088,Tienda,Transferencia,Black Friday,4,543.32,0.05,2173.28,260.79,1912.49,308.2,0,,
2022-003151,09/04/2022 09:17,S1001,C00510,P2141,Marketplace,Billetera Digital,2x1,1,665.99,0.2,665.99,86.58,579.41,384.64,1,,
2022-003152,23/08/2022 23:05,S1026,C00245,P2066,Web,Tarjeta,Promo 10%,1,524.71,0.0,524.71,78.71,446.0,297.19,0,,
2022-003153,10/12/2022 18:21,S1027,C00621,P2159,Call Center,Financiamiento,Promo 15%,2,608.84,0.05,1217.68,182.65,1035.03,434.27,0,,
2022-003154,13/06/2022 23:18,S1022,C00243,P2146,Call Center,Transferencia,Promo 10%,2,280.13,0.1,560.26,84.04,476.22,242.22,1,,
2022-003155,13/01/2022 19:20,S1016,C00350,P2025,Tienda,Efectivo,2x1,2,597.84,0.1,1195.68,143.48,1052.2,394.63,0,,
2022-003156,30/03/2022 23:23,S1043,C00633,P2068,Web,Financiamiento,Sin Promo,3,209.44,0.15,628.32,81.68,546.64,122.46,0,,
2022-003157,03/08/2022 19:08,S1020,C00299,P2110,Marketplace,Tarjeta,Promo 15%,2,416.72,0.0,833.44,125.02,708.42,314.95,0,,
2022-003158,07/09/2022 19:40,S1009,C00505,P2094,Web,Financiamiento,Promo 10%,5,700.79,0.0,3503.95,455.51,3048.44,392.99,1,,
2022-003159,09/02/2022 10:19,S1027,C00250,P2085,Call Center,Transferencia,2x1,3,31.02,0.0,93.06,13.96,79.1,20.07,0,,
2022-003160,19/05/2022 17:29,S1015,C00553,P2034,Marketplace,Efectivo,Promo 10%,2,262.95,0.0,525.9,63.11,462.79,122.22,0,Revisar,
2022-003161,12/09/2022 19:49,S1010,C00227,P2101,Tienda,Transferencia,Cyber Week,1,336.53,0.0,336.53,40.38,296.15,262.94,0,,
2022-003162,02/09/2022 14:52,S1030,C00698,P2034,Marketplace,Tarjeta,2x1,2,262.95,0.0,525.9,78.88,447.02,122.22,0,,
2022-003163,21/05/2022 14:35,S1019,C00016,P2068,Tienda,Transferencia,2x1,1,246.4,0.0,246.4,36.96,209.44,122.46,0,,
2022-003164,31/05/2022 14:47,S1014,C00498,P2140,Tienda,Billetera Digital,Black Friday,5,14.41,0.0,72.05,8.65,63.4,6.63,1,,
2022-003165,06/09/2022 18:36,S1015,C00794,P2121,Call Center,Transferencia,Cyber Week,2,334.22,0.2,668.44,80.21,588.23,207.12,0,,
2022-003166,11/06/2022 12:30,S1014,C00606,P2137,Web,Transferencia,Promo 15%,2,428.74,0.0,857.48,102.9,754.58,246.0,0,,
2022-003167,05/08/2022 14:37,S1036,C00389,P2029,Web,Billetera Digital,Black Friday,2,442.35,0.1,884.7,132.71,751.99,271.13,0,,
2022-003168,26/08/2022 05:53,S1017,C00028,P2139,Call Center,Financiamiento,Black Friday,1,17.24,0.15,17.24,2.07,15.17,12.71,0,,
2022-003169,23/01/2022 15:46,S1005,C00620,P2106,Marketplace,Transferencia,Sin Promo,2,461.42,0.0,922.84,119.97,802.87,310.34,0,,
2022-003170,22/09/2022 05:57,S1014,C00639,P2033,Call Center,Billetera Digital,Black Friday,2,80.36,0.0,160.72,19.29,141.43,61.26,0,,
2022-003171,02/05/2022 22:25,S1041,C00695,P2038,Call Center,Efectivo,Promo 10%,1,139.95,0.0,139.95,18.19,121.76,104.22,0,,
2022-003172,28/11/2022 09:12,S1033,C00046,P2058,Call Center,Efectivo,Black Friday,2,419.32,0.1,838.64,125.8,712.84,324.41,0,,
2022-003173,09/08/2022 03:09,S1028,C00557,P2084,Call Center,Transferencia,2x1,1,10.89,0.0,10.89,1.63,9.26,8.31,0,,
2022-003174,25/11/2022 20:11,S1039,C00712,P2147,Web,Financiamiento,Cyber Week,1,548.18,0.0,548.18,71.26,476.92,299.7,0,,
2022-003175,28/12/2022 11:07,S1005,C00558,P2111,Web,Financiamiento,Promo 10%,3,262.91,0.1,788.73,102.53,686.2,191.52,0,,
2022-003176,29/04/2022 22:49,S1031,C00763,P2099,Call Center,Tarjeta,Sin Promo,1,250.38,0.15,250.38,37.56,212.82,231.19,1,,
2022-003177,09/02/2022 05:24,S1015,C00568,P2125,Marketplace,Financiamiento,Cyber Week,3,327.42,0.05,982.26,117.87,864.39,235.01,0,,
2022-003178,27/10/2022 15:47,S1043,C00265,P2046,Tienda,Billetera Digital,Sin Promo,1,326.31,0.1,326.31,42.42,283.89,192.92,0,,
2022-003179,25/01/2022 21:44,S1010,C00648,P2120,Marketplace,Billetera Digital,Promo 15%,1,189.52,0.05,189.52,22.74,166.78,113.2,0,,
2022-003180,23/06/2022 11:19,S1039,C00251,P2002,Tienda,Tarjeta,Sin Promo,5,290.16,0.0,1450.8,188.6,1262.2,134.76,0,,
2022-003181,23/09/2022 09:47,S1021,C00700,P2152,Call Center,Transferencia,Cyber Week,4,499.51,0.0,1998.04,299.71,1698.33,338.06,1,,
2022-003182,22/03/2022 00:09,S1032,C00507,P2097,Web,Efectivo,Promo 15%,4,521.13,0.0,2084.52,312.68,1771.84,298.37,1,,
2022-003183,12/12/2022 20:01,S1028,C00732,P2036,Web,Tarjeta,2x1,2,274.2,0.05,548.4,82.26,466.14,143.03,0,,
2022-003184,22/03/2022 03:58,S1021,C00340,P2091,Marketplace,Financiamiento,Black Friday,1,514.42,0.05,514.42,77.16,437.26,397.11,0,,
2022-003185,24/01/2022 16:17,S1021,C00734,P2028,Call Center,Tarjeta,Sin Promo,1,538.37,0.1,538.37,80.76,457.61,344.08,0,,
2022-003186,17/02/2022 07:46,S1044,C00273,P2031,Tienda,Efectivo,Promo 15%,2,203.6,0.0,407.2,52.94,354.26,111.43,0,,
2022-003187,12/01/2022 14:49,S1043,C00142,P2011,Call Center,Financiamiento,Promo 15%,1,392.72,0.0,392.72,51.05,341.67,309.34,0,,
2022-003188,08/06/2022 20:56,S1044,C00696,P2044,Call Center,Transferencia,Promo 10%,2,363.26,0.2,726.52,94.45,632.07,214.81,0,,
2022-003189,11/12/2022 12:57,S1019,C00685,P2137,Web,Transferencia,2x1,1,428.74,0.0,428.74,64.31,364.43,246.0,0,,
2022-003190,11/12/2022 09:35,S1041,C00705,P2087,Tienda,Efectivo,Black Friday,1,307.59,0.05,307.59,39.99,267.6,166.63,0,,
2022-003191,25/12/2022 20:51,S1014,C00586,P2152,Call Center,Transferencia,Promo 15%,4,499.51,0.0,1998.04,239.76,1758.28,338.06,0,Revisar,
2022-003192,24/11/2022 20:25,S1031,C00608,P2093,Web,Tarjeta,Promo 15%,2,147.96,0.0,295.92,44.39,251.53,75.0,1,,
2022-003193,05/02/2022 12:32,S1030,C00348,P2012,Web,Efectivo,Sin Promo,4,788.33,0.0,3153.32,473.0,2680.32,363.05,0,,
2022-003194,24/07/2022 09:58,S1030,C00705,P2005,Web,Efectivo,Black Friday,3,545.93,0.0,1637.79,245.67,1392.12,390.45,0,,
2022-003195,23/08/2022 10:10,S1011,C00358,P2060,Marketplace,Efectivo,Promo 10%,1,306.6,0.2,306.6,36.79,269.81,245.82,1,,
2022-003196,16/03/2022 21:35,S1004,C00027,P2068,Call Center,Billetera Digital,2x1,3,246.4,0.0,739.2,96.1,643.1,122.46,0,,
2022-003197,21/12/2022 23:25,S1003,C00123,P2095,Tienda,Transferencia,2x1,3,620.44,0.15,1861.32,241.97,1619.35,368.2,0,,
2022-003198,08/03/2022 09:31,S1009,C00143,P2038,Call Center,Transferencia,Black Friday,2,111.96,0.2,223.92,29.11,194.81,104.22,0,,
2022-003199,18/03/2022 18:33,S1018,C00743,P2013,Marketplace,Tarjeta,Black Friday,1,160.16,0.2,160.16,19.22,140.94,98.1,0,,
2022-003200,29/07/2022 16:24,S1020,C00621,P2027,Tienda,Tarjeta,Sin Promo,2,265.38,0.2,530.76,79.61,451.15,230.42,0,,
